{
  "args": {
    "n_iter": 100,
    "n_mc": 500,
    "seed": 20260425,
    "n_jobs": -1
  },
  "elapsed_seconds": 56.75156903266907,
  "n_cells": 30,
  "n_rows": 3000,
  "by_cell": {
    "A/-0.0050/n500/a_50pc_50y": {
      "n_iter": 100,
      "detection_rate": 0.15,
      "median_pval": 0.382,
      "median_outside": 3.0,
      "median_b_hat": -0.004938123782542772,
      "median_wall_ms": 56.0
    },
    "A/-0.0050/n500/c_20pc_25y": {
      "n_iter": 100,
      "detection_rate": 0.03,
      "median_pval": 0.652,
      "median_outside": 2.0,
      "median_b_hat": -0.005021720619297615,
      "median_wall_ms": 113.0
    },
    "A/-0.0050/n500/zero": {
      "n_iter": 100,
      "detection_rate": 0.03,
      "median_pval": 0.644,
      "median_outside": 2.0,
      "median_b_hat": -0.005080923587123614,
      "median_wall_ms": 115.0
    },
    "A/-0.0050/n2500/a_50pc_50y": {
      "n_iter": 100,
      "detection_rate": 1.0,
      "median_pval": 0.0,
      "median_outside": 12.0,
      "median_b_hat": -0.004965571854748944,
      "median_wall_ms": 201.5
    },
    "A/-0.0050/n2500/c_20pc_25y": {
      "n_iter": 100,
      "detection_rate": 0.1,
      "median_pval": 0.449,
      "median_outside": 4.0,
      "median_b_hat": -0.0049472818622627234,
      "median_wall_ms": 145.0
    },
    "A/-0.0050/n2500/zero": {
      "n_iter": 100,
      "detection_rate": 0.09,
      "median_pval": 0.604,
      "median_outside": 3.0,
      "median_b_hat": -0.004988264343740108,
      "median_wall_ms": 144.5
    },
    "A/-0.0050/n10000/a_50pc_50y": {
      "n_iter": 100,
      "detection_rate": 1.0,
      "median_pval": 0.0,
      "median_outside": 13.0,
      "median_b_hat": -0.004996436768541253,
      "median_wall_ms": 459.5
    },
    "A/-0.0050/n10000/c_20pc_25y": {
      "n_iter": 100,
      "detection_rate": 0.32,
      "median_pval": 0.093,
      "median_outside": 7.0,
      "median_b_hat": -0.004998439859201224,
      "median_wall_ms": 453.0
    },
    "A/-0.0050/n10000/zero": {
      "n_iter": 100,
      "detection_rate": 0.03,
      "median_pval": 0.711,
      "median_outside": 3.0,
      "median_b_hat": -0.004993696216350614,
      "median_wall_ms": 300.0
    },
    "A/+0.0000/n500/a_50pc_50y": {
      "n_iter": 100,
      "detection_rate": 0.11,
      "median_pval": 0.461,
      "median_outside": 3.0,
      "median_b_hat": 8.709318874745812e-05,
      "median_wall_ms": 71.0
    },
    "A/+0.0000/n500/c_20pc_25y": {
      "n_iter": 100,
      "detection_rate": 0.01,
      "median_pval": 0.705,
      "median_outside": 2.0,
      "median_b_hat": -0.00011151547475320576,
      "median_wall_ms": 64.0
    },
    "A/+0.0000/n500/zero": {
      "n_iter": 100,
      "detection_rate": 0.03,
      "median_pval": 0.725,
      "median_outside": 2.0,
      "median_b_hat": -1.282121086077044e-05,
      "median_wall_ms": 70.5
    },
    "A/+0.0000/n2500/a_50pc_50y": {
      "n_iter": 100,
      "detection_rate": 1.0,
      "median_pval": 0.0,
      "median_outside": 13.0,
      "median_b_hat": -4.294197111244215e-05,
      "median_wall_ms": 166.0
    },
    "A/+0.0000/n2500/c_20pc_25y": {
      "n_iter": 100,
      "detection_rate": 0.07,
      "median_pval": 0.421,
      "median_outside": 4.0,
      "median_b_hat": -2.8169289941486145e-05,
      "median_wall_ms": 182.0
    },
    "A/+0.0000/n2500/zero": {
      "n_iter": 100,
      "detection_rate": 0.05,
      "median_pval": 0.448,
      "median_outside": 4.0,
      "median_b_hat": 1.5376322889865652e-05,
      "median_wall_ms": 140.0
    },
    "A/+0.0000/n10000/a_50pc_50y": {
      "n_iter": 100,
      "detection_rate": 1.0,
      "median_pval": 0.0,
      "median_outside": 14.0,
      "median_b_hat": 8.907879749798619e-06,
      "median_wall_ms": 333.5
    },
    "A/+0.0000/n10000/c_20pc_25y": {
      "n_iter": 100,
      "detection_rate": 0.4,
      "median_pval": 0.079,
      "median_outside": 7.0,
      "median_b_hat": -8.581512999897683e-06,
      "median_wall_ms": 314.0
    },
    "A/+0.0000/n10000/zero": {
      "n_iter": 100,
      "detection_rate": 0.05,
      "median_pval": 0.52,
      "median_outside": 4.0,
      "median_b_hat": 5.875550315733688e-06,
      "median_wall_ms": 492.5
    },
    "A/+0.0050/n500/a_50pc_50y": {
      "n_iter": 100,
      "detection_rate": 0.06,
      "median_pval": 0.376,
      "median_outside": 3.0,
      "median_b_hat": 0.004936313691063952,
      "median_wall_ms": 63.0
    },
    "A/+0.0050/n500/c_20pc_25y": {
      "n_iter": 100,
      "detection_rate": 0.05,
      "median_pval": 0.643,
      "median_outside": 2.0,
      "median_b_hat": 0.005038428016827421,
      "median_wall_ms": 63.0
    },
    "A/+0.0050/n500/zero": {
      "n_iter": 100,
      "detection_rate": 0.02,
      "median_pval": 0.646,
      "median_outside": 2.0,
      "median_b_hat": 0.005037310587946726,
      "median_wall_ms": 63.5
    },
    "A/+0.0050/n2500/a_50pc_50y": {
      "n_iter": 100,
      "detection_rate": 0.99,
      "median_pval": 0.0,
      "median_outside": 12.0,
      "median_b_hat": 0.004959840746661085,
      "median_wall_ms": 159.5
    },
    "A/+0.0050/n2500/c_20pc_25y": {
      "n_iter": 100,
      "detection_rate": 0.13,
      "median_pval": 0.41,
      "median_outside": 4.0,
      "median_b_hat": 0.004984966602760216,
      "median_wall_ms": 179.5
    },
    "A/+0.0050/n2500/zero": {
      "n_iter": 100,
      "detection_rate": 0.04,
      "median_pval": 0.613,
      "median_outside": 3.0,
      "median_b_hat": 0.004973188257737807,
      "median_wall_ms": 189.5
    },
    "A/+0.0050/n10000/a_50pc_50y": {
      "n_iter": 100,
      "detection_rate": 1.0,
      "median_pval": 0.0,
      "median_outside": 13.0,
      "median_b_hat": 0.004993693049781799,
      "median_wall_ms": 429.5
    },
    "A/+0.0050/n10000/c_20pc_25y": {
      "n_iter": 100,
      "detection_rate": 0.24,
      "median_pval": 0.157,
      "median_outside": 6.0,
      "median_b_hat": 0.005013591383275059,
      "median_wall_ms": 465.0
    },
    "A/+0.0050/n10000/zero": {
      "n_iter": 100,
      "detection_rate": 0.02,
      "median_pval": 0.508,
      "median_outside": 4.0,
      "median_b_hat": 0.005006949349842565,
      "median_wall_ms": 428.0
    },
    "B/real/n500/zero": {
      "n_iter": 100,
      "detection_rate": 0.73,
      "median_pval": 0.015,
      "median_outside": 7.0,
      "median_b_hat": 0.0014810696773780857,
      "median_wall_ms": 57.0
    },
    "B/real/n2500/zero": {
      "n_iter": 100,
      "detection_rate": 1.0,
      "median_pval": 0.0,
      "median_outside": 30.0,
      "median_b_hat": 0.0015461982976901494,
      "median_wall_ms": 143.0
    },
    "B/real/n10000/zero": {
      "n_iter": 100,
      "detection_rate": 1.0,
      "median_pval": 0.0,
      "median_outside": 55.0,
      "median_b_hat": 0.0015398210448210842,
      "median_wall_ms": 486.0
    }
  }
}