category,count,share
large,71762,0.39245732911136266
rural,40944,0.22391757313251628
medium,38693,0.21160713797421973
small,31454,0.17201795978190132
