nb,na,n,width,category,env_overlap_frac,share_corpus,cum_n,cum_share_corpus
101,200,9517,100,century,1.0,0.08679751199314156,9517,0.08679751199314156
1,100,7326,100,century,1.0,0.06681502289185196,16843,0.15361253488499352
101,300,4666,200,multi_century,1.0,0.04255513197015851,21509,0.19616766685515202
1,300,4259,300,multi_century,1.0,0.03884318625394451,25768,0.23501085310909656
151,300,3335,150,multi_century,1.0,0.03041606624956679,29103,0.26542691935866336
201,300,3253,100,century,1.0,0.02966820495047699,32356,0.2950951243091403
1,79,3202,79,other,1.0,0.029203071703482117,35558,0.32429819601262244
1,200,3118,200,multi_century,1.0,0.02843696988490232,38676,0.35273516589752474
1,50,2948,50,half_century,1.0,0.02688652572825274,41624,0.3796216916257775
151,250,2469,100,other,1.0,0.02251792131039892,44093,0.40213961293617645
171,230,1790,60,other,1.0,0.01632526494354559,45883,0.41846487787972203
71,130,1581,60,other,1.0,0.014419130656841106,47464,0.4328840085365631
101,150,1527,50,half_century,1.0,0.01392663663061124,48991,0.44681064516717434
151,200,1492,50,half_century,1.0,0.013607427539536325,50483,0.4604180727067107
51,100,1352,50,half_century,1.0,0.01233059117523667,51835,0.47274866388194736
301,500,1249,200,multi_century,0.25,0.011391204421501924,53084,0.4841398683034493
301,400,1170,100,century,0.5,0.010670703901647118,54254,0.4948105722050964
1,150,1167,150,multi_century,1.0,0.010643343122412127,55421,0.5054539153275085
51,150,1068,100,other,1.0,0.00974043740765737,56489,0.5151943527351659
101,250,1066,150,multi_century,1.0,0.009722196888167375,57555,0.5249165496233332
51,200,1031,150,multi_century,1.0,0.009402987797092461,58586,0.5343195374204257
201,250,1024,50,half_century,1.0,0.00933914597887748,59610,0.5436586833993032
43,70,948,28,other,1.0,0.008646006238257665,60558,0.5523046896375609
171,300,905,130,other,1.0,0.008253835069222771,61463,0.5605585247067837
-50,-1,866,50,other,1.0,0.007898144939167868,62329,0.5684566696459515
71,200,756,130,other,1.0,0.006894916367218139,63085,0.5753515860131696
212,217,713,6,reign:Caracallan,1.0,0.006502745198183244,63798,0.5818543312113529
-30,30,701,61,bc_ad_boundary,1.0,0.006393302081243273,64499,0.5882476332925962
31,70,684,40,other,1.0,0.006238257665578316,65183,0.5944858909581745
131,170,668,40,other,1.0,0.006092333509658355,65851,0.6005782244678328
151,230,603,80,other,1.0,0.005499516626233515,66454,0.6060777410940663
171,250,582,80,other,1.0,0.005307991171588567,67036,0.611385732265655
71,100,571,30,other,1.0,0.005207668314393594,67607,0.6165934005800485
71,150,570,80,other,1.0,0.005198548054648596,68177,0.6217919486346971
301,600,559,300,multi_century,0.1667,0.005098225197453623,68736,0.6268901738321507
201,400,522,200,multi_century,0.75,0.004760775586888715,69258,0.6316509494190394
-27,14,517,42,reign:Augustan,1.0,0.004715174288163727,69775,0.6363661237072031
-100,-1,506,100,other,0.5,0.004614851430968754,70281,0.640980975138172
101,230,460,130,other,1.0,0.004195319482698867,70741,0.6451762946208708
122,300,455,179,other,1.0,0.00414971818397388,71196,0.6493260128048447
171,200,451,30,other,1.0,0.00411323714499389,71647,0.6534392499498386
1,70,440,70,other,1.0,0.004012914287798917,72087,0.6574521642376375
1,30,437,30,other,1.0,0.003985553508563924,72524,0.6614377177462014
71,300,431,230,other,1.0,0.0039308319500939385,72955,0.6653685496962953
131,200,415,70,other,1.0,0.003784907794173978,73370,0.6691534574904693
51,300,390,250,multi_century,1.0,0.0035569013005490395,73760,0.6727103587910184
201,270,364,70,other,1.0,0.003319774547179104,74124,0.6760301333381975
-30,117,355,148,bc_ad_boundary,1.0,0.003237692209474126,74479,0.6792678255476716
151,270,347,120,other,1.0,0.0031647301315141456,74826,0.6824325556791857
123,123,332,1,year_precise,1.0,0.0030279262353391824,75158,0.6854604819145249
107,275,320,169,other,1.0,0.002918483118399212,75478,0.6883789650329242
-13,97,315,111,bc_ad_boundary,1.0,0.002872881819674224,75793,0.6912518468525983
101,130,310,30,other,1.0,0.0028272805209492366,76103,0.6940791273735476
117,138,293,22,reign:Hadrianic,1.0,0.0026722361052842784,76396,0.6967513634788319
122,138,291,17,other,1.0,0.0026539955857942834,76687,0.6994053590646262
138,161,288,24,reign:Antonine-Pius,1.0,0.002626634806559291,76975,0.7020319938711854
-50,50,285,101,bc_ad_boundary,1.0,0.002599274027324298,77260,0.7046312678985097
222,235,283,14,other,1.0,0.002581033507834303,77543,0.7072123014063441
-30,-1,275,30,other,1.0,0.002508071429874323,77818,0.7097203728362184
69,86,271,18,other,1.0,0.0024715903908943326,78089,0.7121919632271128
-70,-31,248,40,other,0.5,0.002261824416759389,78337,0.7144537876438721
201,230,234,30,other,1.0,0.002134140780329424,78571,0.7165879284242015
1,600,227,600,multi_century,0.5833,0.002070298962114441,78798,0.718658227386316
78,79,217,2,other,1.0,0.001979096364664466,79015,0.7206373237509804
-20,30,214,51,bc_ad_boundary,1.0,0.001951735585429473,79229,0.7225890593364099
-30,50,206,81,bc_ad_boundary,1.0,0.0018787735074694927,79435,0.7244678328438794
1,355,199,355,other,0.9859,0.00181493168925451,79634,0.7262827645331339
171,270,197,100,other,1.0,0.001796691169764515,79831,0.7280794557028984
211,222,192,12,other,1.0,0.0017510898710395271,80023,0.7298305455739379
51,79,187,29,other,1.0,0.0017054885723145395,80210,0.7315360341462525
77,79,186,3,other,1.0,0.001696368312569542,80396,0.733232402458822
107,250,184,144,other,1.0,0.0016781277930795469,80580,0.7349105302519016
251,300,183,50,half_century,1.0,0.0016690075333345494,80763,0.7365795377852361
31,100,179,70,other,1.0,0.0016325264943545593,80942,0.7382120642795906
51,130,179,80,other,1.0,0.0016325264943545593,81121,0.7398445907739453
51,90,179,40,other,1.0,0.0016325264943545593,81300,0.7414771172682998
231,270,171,40,other,1.0,0.001559564416394579,81471,0.7430366816846944
76,78,166,3,other,1.0,0.0015139631176695912,81637,0.744550644802364
213,214,166,2,other,1.0,0.0015139631176695912,81803,0.7460646079200336
301,350,165,50,half_century,1.0,0.0015048428579245937,81968,0.7475694507779581
43,300,163,258,other,1.0,0.0014866023384345986,82131,0.7490560531163928
1,130,158,130,other,1.0,0.001441001039709611,82289,0.7504970541561024
107,270,151,164,other,1.0,0.0013771592214946282,82440,0.751874213377597
51,250,148,200,multi_century,1.0,0.0013497984422596355,82588,0.7532240118198567
-30,14,146,45,bc_ad_boundary,1.0,0.0013315579227696406,82734,0.7545555697426263
69,96,146,28,reign:Flavian,1.0,0.0013315579227696406,82880,0.7558871276653959
253,259,140,7,other,1.0,0.0012768363642996553,83020,0.7571639640296955
131,230,140,100,other,1.0,0.0012768363642996553,83160,0.7584408003939952
-20,50,139,71,bc_ad_boundary,1.0,0.0012677161045546578,83299,0.7597085164985499
14,37,137,24,reign:Tiberian,1.0,0.0012494755850646626,83436,0.7609579920836146
193,235,133,43,reign:Severan-dynasty,1.0,0.0012129945460846725,83569,0.7621709866296992
238,244,133,7,other,1.0,0.0012129945460846725,83702,0.7633839811757839
211,217,132,7,reign:Caracallan,1.0,0.001203874286339675,83834,0.7645878554621236
131,250,131,120,other,1.0,0.0011947540265946773,83965,0.7657826094887182
293,305,120,13,other,1.0,0.0010944311693997044,84085,0.7668770406581179
-50,30,119,81,bc_ad_boundary,1.0,0.001085310909654707,84204,0.7679623515677727
69,97,118,29,reign:Flavian,1.0,0.0010761906499097095,84322,0.7690385422176823
98,117,115,20,reign:Trajanic,1.0,0.0010488298706747168,84437,0.7700873720883571
117,161,115,45,other,1.0,0.0010488298706747168,84552,0.7711362019590318
131,300,113,170,other,1.0,0.0010305893511847217,84665,0.7721667913102165
271,330,110,60,other,1.0,0.0010032285719497292,84775,0.7731700198821663
107,200,107,94,other,1.0,0.0009758677927147365,84882,0.774145887674881
213,217,103,5,reign:Caracallan,1.0,0.0009393867537347463,84985,0.7750852744286157
1,400,102,400,multi_century,0.875,0.0009302664939897489,85087,0.7760155409226055
76,79,102,4,other,1.0,0.0009302664939897489,85189,0.7769458074165952
128,128,102,1,year_precise,1.0,0.0009302664939897489,85291,0.777876073910585
-27,37,100,65,bc_ad_boundary,1.0,0.0009120259744997538,85391,0.7787880998850847
-100,100,99,201,bc_ad_boundary,0.7512,0.0009029057147547562,85490,0.7796910055998395
-25,25,96,51,bc_ad_boundary,1.0,0.0008755449355197636,85586,0.7805665505353593
79,79,96,1,year_precise,1.0,0.0008755449355197636,85682,0.7814420954708791
41,54,95,14,reign:Claudian,1.0,0.0008664246757747661,85777,0.7823085201466538
161,180,94,20,reign:Aurelian-Marcus,1.0,0.0008573044160297685,85871,0.7831658245626836
85,300,94,216,other,1.0,0.0008573044160297685,85965,0.7840231289787133
101,170,92,70,other,1.0,0.0008390638965397734,86057,0.784862192875253
71,75,91,5,other,1.0,0.000829943636794776,86148,0.7856921365120478
101,270,91,170,other,1.0,0.000829943636794776,86239,0.7865220801488426
-41,-40,90,2,other,1.0,0.0008208233770497784,86329,0.7873429035258924
1,250,90,250,multi_century,1.0,0.0008208233770497784,86419,0.7881637269029422
251,350,89,100,other,1.0,0.0008117031173047808,86508,0.788975430020247
301,450,88,150,multi_century,0.3333,0.0008025828575597833,86596,0.7897780128778068
-200,-1,88,200,other,0.25,0.0008025828575597833,86684,0.7905805957353665
-7,9,85,17,bc_ad_boundary,1.0,0.0007752220783247907,86769,0.7913558178136914
71,250,84,180,other,1.0,0.0007661018185797932,86853,0.7921219196322711
213,213,82,1,year_precise,1.0,0.0007478612990897981,86935,0.792869780931361
101,400,82,300,multi_century,0.8333,0.0007478612990897981,87017,0.7936176422304507
1,25,81,25,other,1.0,0.0007387410393448005,87098,0.7943563832697955
41,80,80,40,other,1.0,0.000729620779599803,87178,0.7950860040493953
-30,100,80,131,bc_ad_boundary,1.0,0.000729620779599803,87258,0.7958156248289951
131,270,77,140,other,1.0,0.0007022600003648104,87335,0.7965178848293599
54,96,74,43,other,1.0,0.0006748992211298178,87409,0.7971927840504898
-50,100,73,151,bc_ad_boundary,1.0,0.0006657789613848203,87482,0.7978585630118746
-90,-1,72,90,other,0.5556,0.0006566587016398227,87554,0.7985152217135144
-27,68,72,96,bc_ad_boundary,1.0,0.0006566587016398227,87626,0.7991718804151542
201,201,71,1,year_precise,1.0,0.0006475384418948251,87697,0.7998194188570491
193,211,70,19,reign:Septimius-Severus,1.0,0.0006384181821498276,87767,0.8004578370391989
161,200,70,40,other,1.0,0.0006384181821498276,87837,0.8010962552213488
-100,-31,69,70,other,0.2857,0.00062929792240483,87906,0.8017255531437535
201,350,69,150,multi_century,1.0,0.00062929792240483,87975,0.8023548510661583
198,211,69,14,other,1.0,0.00062929792240483,88044,0.8029841489885632
180,192,68,13,reign:Commodan,1.0,0.0006201776626598326,88112,0.803604326651223
198,209,68,12,other,1.0,0.0006201776626598326,88180,0.8042245043138828
69,117,68,49,other,1.0,0.0006201776626598326,88248,0.8048446819765427
117,200,65,84,other,1.0,0.0005928168834248399,88313,0.8054374988599675
98,138,64,41,other,1.0,0.0005836966236798424,88377,0.8060211954836474
161,169,63,9,other,1.0,0.0005745763639348449,88440,0.8065957718475822
-10,10,63,21,bc_ad_boundary,1.0,0.0005745763639348449,88503,0.8071703482115171
244,249,63,6,other,1.0,0.0005745763639348449,88566,0.8077449245754519
-27,50,62,78,bc_ad_boundary,1.0,0.0005654561041898473,88628,0.8083103806796418
51,70,61,20,other,1.0,0.0005563358444448498,88689,0.8088667165240866
14,68,60,55,other,1.0,0.0005472155846998522,88749,0.8094139321087864
-30,20,60,51,bc_ad_boundary,1.0,0.0005472155846998522,88809,0.8099611476934863
80,300,59,221,other,1.0,0.0005380953249548547,88868,0.8104992430184411
-25,-1,59,25,other,1.0,0.0005380953249548547,88927,0.811037338343396
-30,68,59,99,bc_ad_boundary,1.0,0.0005380953249548547,88986,0.8115754336683508
41,68,58,28,other,1.0,0.0005289750652098572,89044,0.8121044087335607
235,238,58,4,other,1.0,0.0005289750652098572,89102,0.8126333837987706
-40,-1,58,40,other,1.0,0.0005289750652098572,89160,0.8131623588639805
139,161,56,23,reign:Antonine-Pius,1.0,0.0005107345457198621,89216,0.8136730934097003
43,410,56,368,other,0.837,0.0005107345457198621,89272,0.8141838279554202
216,216,55,1,year_precise,1.0,0.0005016142859748646,89327,0.814685442241395
251,400,55,150,multi_century,0.6667,0.0005016142859748646,89382,0.8151870565273699
30,101,54,72,other,1.0,0.000492494026229867,89436,0.8156795505535998
76,100,53,25,other,1.0,0.0004833737664848695,89489,0.8161629243200846
69,79,52,11,reign:Vespasianic,1.0,0.00047425350673987196,89541,0.8166371778268245
-50,-26,52,25,other,1.0,0.00047425350673987196,89593,0.8171114313335643
238,238,52,1,year_precise,1.0,0.00047425350673987196,89645,0.8175856848403042
125,128,52,4,other,1.0,0.00047425350673987196,89697,0.8180599383470442
54,68,52,15,reign:Neronian,1.0,0.00047425350673987196,89749,0.818534191853784
-50,14,51,65,bc_ad_boundary,1.0,0.00046513324699487443,89800,0.8189993251007789
271,300,50,30,other,1.0,0.0004560129872498769,89850,0.8194553380880287
236,236,50,1,year_precise,1.0,0.0004560129872498769,89900,0.8199113510752786
-16,71,50,88,bc_ad_boundary,1.0,0.0004560129872498769,89950,0.8203673640625285
305,306,50,2,other,1.0,0.0004560129872498769,90000,0.8208233770497784
331,370,50,40,other,0.5,0.0004560129872498769,90050,0.8212793900370282
121,200,50,80,other,1.0,0.0004560129872498769,90100,0.8217354030242782
251,253,49,3,other,1.0,0.0004468927275048793,90149,0.822182295751783
81,96,48,16,reign:Domitianic,1.0,0.0004377724677598818,90197,0.8226200682195429
1,75,48,75,other,1.0,0.0004377724677598818,90245,0.8230578406873028
331,400,47,70,other,0.2857,0.00042865220801488425,90292,0.8234864928953176
71,170,47,100,other,1.0,0.00042865220801488425,90339,0.8239151451033325
271,400,46,130,other,0.6154,0.0004195319482698867,90385,0.8243346770516025
-50,-31,46,20,other,1.0,0.0004195319482698867,90431,0.8247542089998723
301,330,46,30,other,1.0,0.0004195319482698867,90477,0.8251737409481422
39,70,45,32,other,1.0,0.0004104116885248892,90522,0.8255841526366671
201,259,45,59,other,1.0,0.0004104116885248892,90567,0.825994564325192
122,200,45,79,other,1.0,0.0004104116885248892,90612,0.8264049760137169
31,50,44,20,other,1.0,0.00040129142877989166,90656,0.8268062674424967
191,250,44,60,other,1.0,0.00040129142877989166,90700,0.8272075588712766
237,237,44,1,year_precise,1.0,0.00040129142877989166,90744,0.8276088503000566
-20,20,44,41,bc_ad_boundary,1.0,0.00040129142877989166,90788,0.8280101417288365
301,410,44,110,other,0.4545,0.00040129142877989166,90832,0.8284114331576163
74,77,44,4,other,1.0,0.00040129142877989166,90876,0.8288127245863962
31,60,43,30,other,1.0,0.0003921711690348941,90919,0.8292048957554311
197,211,43,15,other,1.0,0.0003921711690348941,90962,0.829597066924466
236,238,43,3,other,1.0,0.0003921711690348941,91005,0.8299892380935009
197,197,43,1,year_precise,1.0,0.0003921711690348941,91048,0.8303814092625358
250,250,43,1,year_precise,1.0,0.0003921711690348941,91091,0.8307735804315707
209,211,42,3,other,1.0,0.0003830509092898966,91133,0.8311566313408606
117,275,42,159,other,1.0,0.0003830509092898966,91175,0.8315396822501505
282,283,42,2,other,1.0,0.0003830509092898966,91217,0.8319227331594404
151,170,42,20,other,1.0,0.0003830509092898966,91259,0.8323057840687302
71,79,42,9,other,1.0,0.0003830509092898966,91301,0.8326888349780202
-13,43,42,57,bc_ad_boundary,1.0,0.0003830509092898966,91343,0.8330718858873101
26,75,41,50,other,1.0,0.00037393064954489906,91384,0.833445816536855
161,161,41,1,year_precise,1.0,0.00037393064954489906,91425,0.8338197471863998
211,211,40,1,year_precise,1.0,0.0003648103897999015,91465,0.8341845575761998
301,430,40,130,other,0.3846,0.0003648103897999015,91505,0.8345493679659997
201,330,40,130,other,1.0,0.0003648103897999015,91545,0.8349141783557996
151,275,40,125,other,1.0,0.0003648103897999015,91585,0.8352789887455995
41,100,39,60,other,1.0,0.00035569013005490394,91624,0.8356346788756543
161,300,39,140,other,1.0,0.00035569013005490394,91663,0.8359903690057093
218,222,39,5,other,1.0,0.00035569013005490394,91702,0.8363460591357642
249,251,39,3,other,1.0,0.00035569013005490394,91741,0.8367017492658191
151,220,39,70,other,1.0,0.00035569013005490394,91780,0.837057439395874
151,235,38,85,other,1.0,0.0003465698703099064,91818,0.8374040092661839
37,41,38,5,reign:Caligulan,1.0,0.0003465698703099064,91856,0.8377505791364938
71,230,38,160,other,1.0,0.0003465698703099064,91894,0.8380971490068038
41,60,37,20,other,1.0,0.0003374496105649089,91931,0.8384345986173686
85,115,37,31,other,1.0,0.0003374496105649089,91968,0.8387720482279335
202,202,37,1,year_precise,1.0,0.0003374496105649089,92005,0.8391094978384984
151,260,36,110,other,1.0,0.00032832935081991135,92041,0.8394378271893184
-20,10,36,31,bc_ad_boundary,1.0,0.00032832935081991135,92077,0.8397661565401383
142,161,36,20,other,1.0,0.00032832935081991135,92113,0.8400944858909581
51,120,36,70,other,1.0,0.00032832935081991135,92149,0.8404228152417781
197,209,36,13,other,1.0,0.00032832935081991135,92185,0.840751144592598
62,79,36,18,other,1.0,0.00032832935081991135,92221,0.8410794739434179
-30,10,36,41,bc_ad_boundary,1.0,0.00032832935081991135,92257,0.8414078032942378
270,275,36,6,other,1.0,0.00032832935081991135,92293,0.8417361326450578
201,275,35,75,other,1.0,0.0003192090910749138,92328,0.8420553417361326
231,300,35,70,other,1.0,0.0003192090910749138,92363,0.8423745508272076
176,300,35,125,other,1.0,0.0003192090910749138,92398,0.8426937599182824
117,150,35,34,other,1.0,0.0003192090910749138,92433,0.8430129690093574
162,162,35,1,year_precise,1.0,0.0003192090910749138,92468,0.8433321781004323
244,247,34,4,other,1.0,0.0003100888313299163,92502,0.8436422669317623
180,250,34,71,other,1.0,0.0003100888313299163,92536,0.8439523557630921
164,164,34,1,year_precise,1.0,0.0003100888313299163,92570,0.844262444594422
-25,50,34,76,bc_ad_boundary,1.0,0.0003100888313299163,92604,0.844572533425752
244,244,34,1,year_precise,1.0,0.0003100888313299163,92638,0.8448826222570819
91,150,33,60,other,1.0,0.00030096857158491876,92671,0.8451835908286668
69,78,33,10,reign:Vespasianic,1.0,0.00030096857158491876,92704,0.8454845594002517
75,75,33,1,year_precise,1.0,0.00030096857158491876,92737,0.8457855279718366
212,212,33,1,year_precise,1.0,0.00030096857158491876,92770,0.8460864965434216
-50,-27,33,24,other,1.0,0.00030096857158491876,92803,0.8463874651150065
41,79,33,39,other,1.0,0.00030096857158491876,92836,0.8466884336865914
139,139,33,1,year_precise,1.0,0.00030096857158491876,92869,0.8469894022581763
181,300,33,120,other,1.0,0.00030096857158491876,92902,0.8472903708297612
70,74,33,5,other,1.0,0.00030096857158491876,92935,0.8475913394013461
198,198,33,1,year_precise,1.0,0.00030096857158491876,92968,0.847892307972931
195,195,32,1,year_precise,1.0,0.0002918483118399212,93000,0.848184156284771
241,241,32,1,year_precise,1.0,0.0002918483118399212,93032,0.8484760045966109
217,218,32,2,other,1.0,0.0002918483118399212,93064,0.8487678529084508
101,260,32,160,other,1.0,0.0002918483118399212,93096,0.8490597012202907
14,50,32,37,other,1.0,0.0002918483118399212,93128,0.8493515495321307
61,80,32,20,other,1.0,0.0002918483118399212,93160,0.8496433978439706
-3,-3,31,1,year_precise,1.0,0.00028272805209492364,93191,0.8499261258960655
196,196,31,1,year_precise,1.0,0.00028272805209492364,93222,0.8502088539481605
230,230,31,1,year_precise,1.0,0.00028272805209492364,93253,0.8504915820002553
41,70,31,30,other,1.0,0.00028272805209492364,93284,0.8507743100523503
122,367,31,246,other,0.9309,0.00028272805209492364,93315,0.8510570381044452
227,227,31,1,year_precise,1.0,0.00028272805209492364,93346,0.8513397661565402
108,109,31,2,other,1.0,0.00028272805209492364,93377,0.8516224942086351
239,239,30,1,year_precise,1.0,0.0002736077923499261,93407,0.851896102000985
41,41,30,1,year_precise,1.0,0.0002736077923499261,93437,0.852169709793335
138,138,30,1,year_precise,1.0,0.0002736077923499261,93467,0.8524433175856848
76,150,30,75,other,1.0,0.0002736077923499261,93497,0.8527169253780348
166,166,30,1,year_precise,1.0,0.0002736077923499261,93527,0.8529905331703846
76,125,30,50,other,1.0,0.0002736077923499261,93557,0.8532641409627346
31,150,30,120,other,1.0,0.0002736077923499261,93587,0.8535377487550846
193,193,30,1,year_precise,1.0,0.0002736077923499261,93617,0.8538113565474345
70,86,29,17,other,1.0,0.0002644875326049286,93646,0.8540758440800394
135,135,29,1,year_precise,1.0,0.0002644875326049286,93675,0.8543403316126443
218,218,29,1,year_precise,1.0,0.0002644875326049286,93704,0.8546048191452492
42,100,29,59,other,1.0,0.0002644875326049286,93733,0.8548693066778542
191,200,29,10,other,1.0,0.0002644875326049286,93762,0.8551337942104591
253,260,29,8,other,1.0,0.0002644875326049286,93791,0.8553982817430641
1,330,29,330,other,1.0,0.0002644875326049286,93820,0.855662769275669
253,268,29,16,other,1.0,0.0002644875326049286,93849,0.8559272568082739
217,217,29,1,year_precise,1.0,0.0002644875326049286,93878,0.8561917443408789
225,225,28,1,year_precise,1.0,0.00025536727285993104,93906,0.8564471116137388
71,120,28,50,other,1.0,0.00025536727285993104,93934,0.8567024788865987
89,96,28,8,other,1.0,0.00025536727285993104,93962,0.8569578461594586
220,220,28,1,year_precise,1.0,0.00025536727285993104,93990,0.8572132134323186
-10,30,28,41,bc_ad_boundary,1.0,0.00025536727285993104,94018,0.8574685807051785
209,209,28,1,year_precise,1.0,0.00025536727285993104,94046,0.8577239479780384
71,220,27,150,other,1.0,0.0002462470131149335,94073,0.8579701949911533
77,78,27,2,other,1.0,0.0002462470131149335,94100,0.8582164420042683
51,75,27,25,other,1.0,0.0002462470131149335,94127,0.8584626890173832
215,216,27,2,other,1.0,0.0002462470131149335,94154,0.8587089360304981
180,275,27,96,other,1.0,0.0002462470131149335,94181,0.8589551830436131
-70,30,27,101,bc_ad_boundary,0.802,0.0002462470131149335,94208,0.859201430056728
131,150,27,20,other,1.0,0.0002462470131149335,94235,0.8594476770698429
31,32,27,2,other,1.0,0.0002462470131149335,94262,0.8596939240829579
205,205,27,1,year_precise,1.0,0.0002462470131149335,94289,0.8599401710960728
271,350,27,80,other,1.0,0.0002462470131149335,94316,0.8601864181091877
107,107,27,1,year_precise,1.0,0.0002462470131149335,94343,0.8604326651223027
251,330,27,80,other,1.0,0.0002462470131149335,94370,0.8606789121354176
284,305,27,22,reign:Tetrarchic,1.0,0.0002462470131149335,94397,0.8609251591485325
104,120,27,17,other,1.0,0.0002462470131149335,94424,0.8611714061616474
268,270,27,3,other,1.0,0.0002462470131149335,94451,0.8614176531747624
306,307,27,2,other,1.0,0.0002462470131149335,94478,0.8616639001878773
42,69,26,28,other,1.0,0.00023712675336993598,94504,0.8619010269412473
106,270,26,165,other,1.0,0.00023712675336993598,94530,0.8621381536946172
-8,-7,26,2,other,1.0,0.00023712675336993598,94556,0.8623752804479872
158,158,26,1,year_precise,1.0,0.00023712675336993598,94582,0.8626124072013571
31,79,26,49,other,1.0,0.00023712675336993598,94608,0.8628495339547271
167,167,26,1,year_precise,1.0,0.00023712675336993598,94634,0.8630866607080969
65,117,25,53,other,1.0,0.00022800649362493845,94659,0.8633146672017219
286,305,25,20,other,1.0,0.00022800649362493845,94684,0.8635426736953469
106,200,25,95,other,1.0,0.00022800649362493845,94709,0.8637706801889717
200,200,25,1,year_precise,1.0,0.00022800649362493845,94734,0.8639986866825967
-70,-1,25,70,other,0.7143,0.00022800649362493845,94759,0.8642266931762217
182,182,25,1,year_precise,1.0,0.00022800649362493845,94784,0.8644546996698466
70,101,25,32,other,1.0,0.00022800649362493845,94809,0.8646827061634715
224,224,25,1,year_precise,1.0,0.00022800649362493845,94834,0.8649107126570965
-27,100,25,128,bc_ad_boundary,1.0,0.00022800649362493845,94859,0.8651387191507214
151,400,25,250,multi_century,0.8,0.00022800649362493845,94884,0.8653667256443464
-150,-1,25,150,other,0.3333,0.00022800649362493845,94909,0.8655947321379713
214,214,25,1,year_precise,1.0,0.00022800649362493845,94934,0.8658227386315962
219,219,25,1,year_precise,1.0,0.00022800649362493845,94959,0.8660507451252212
241,244,25,4,other,1.0,0.00022800649362493845,94984,0.8662787516188462
121,150,24,30,other,1.0,0.0002188862338799409,95008,0.866497637852726
223,223,24,1,year_precise,1.0,0.0002188862338799409,95032,0.8667165240866059
-27,30,24,58,bc_ad_boundary,1.0,0.0002188862338799409,95056,0.8669354103204859
14,54,24,41,other,1.0,0.0002188862338799409,95080,0.8671542965543658
276,282,24,7,other,1.0,0.0002188862338799409,95104,0.8673731827882458
250,251,24,2,other,1.0,0.0002188862338799409,95128,0.8675920690221257
-100,-27,24,74,other,0.3243,0.0002188862338799409,95152,0.8678109552560057
210,210,24,1,year_precise,1.0,0.0002188862338799409,95176,0.8680298414898856
145,145,24,1,year_precise,1.0,0.0002188862338799409,95200,0.8682487277237656
306,337,23,32,reign:Constantinian,1.0,0.00020976597413494336,95223,0.8684584936979005
193,217,23,25,other,1.0,0.00020976597413494336,95246,0.8686682596720354
31,130,23,100,other,1.0,0.00020976597413494336,95269,0.8688780256461704
312,337,23,26,other,1.0,0.00020976597413494336,95292,0.8690877916203054
14,150,23,137,other,1.0,0.00020976597413494336,95315,0.8692975575944403
26,50,23,25,other,1.0,0.00020976597413494336,95338,0.8695073235685752
74,79,23,6,other,1.0,0.00020976597413494336,95361,0.8697170895427102
229,229,23,1,year_precise,1.0,0.00020976597413494336,95384,0.8699268555168451
-20,-1,23,20,other,1.0,0.00020976597413494336,95407,0.87013662149098
80,200,23,121,other,1.0,0.00020976597413494336,95430,0.8703463874651151
240,240,23,1,year_precise,1.0,0.00020976597413494336,95453,0.87055615343925
252,252,23,1,year_precise,1.0,0.00020976597413494336,95476,0.8707659194133849
151,225,22,75,other,1.0,0.00020064571438994583,95498,0.8709665651277748
81,200,22,120,other,1.0,0.00020064571438994583,95520,0.8711672108421648
47,47,22,1,year_precise,1.0,0.00020064571438994583,95542,0.8713678565565547
-80,-31,22,50,other,0.4,0.00020064571438994583,95564,0.8715685022709446
101,140,22,40,other,1.0,0.00020064571438994583,95586,0.8717691479853347
180,400,22,221,other,0.7738,0.00020064571438994583,95608,0.8719697936997246
142,143,22,2,other,1.0,0.00020064571438994583,95630,0.8721704394141145
70,92,22,23,other,1.0,0.00020064571438994583,95652,0.8723710851285045
176,200,22,25,other,1.0,0.00020064571438994583,95674,0.8725717308428944
228,228,22,1,year_precise,1.0,0.00020064571438994583,95696,0.8727723765572843
120,300,22,181,other,1.0,0.00020064571438994583,95718,0.8729730222716743
1,14,22,14,other,1.0,0.00020064571438994583,95740,0.8731736679860642
197,198,22,2,other,1.0,0.00020064571438994583,95762,0.8733743137004542
121,121,22,1,year_precise,1.0,0.00020064571438994583,95784,0.8735749594148441
204,204,22,1,year_precise,1.0,0.00020064571438994583,95806,0.8737756051292341
207,207,22,1,year_precise,1.0,0.00020064571438994583,95828,0.8739762508436241
1,60,22,60,other,1.0,0.00020064571438994583,95850,0.874176896558014
31,300,22,270,other,1.0,0.00020064571438994583,95872,0.8743775422724039
235,235,22,1,year_precise,1.0,0.00020064571438994583,95894,0.8745781879867939
50,79,22,30,other,1.0,0.00020064571438994583,95916,0.8747788337011838
98,98,21,1,year_precise,1.0,0.0001915254546449483,95937,0.8749703591558288
81,150,21,70,other,1.0,0.0001915254546449483,95958,0.8751618846104737
138,200,21,63,other,1.0,0.0001915254546449483,95979,0.8753534100651187
234,234,21,1,year_precise,1.0,0.0001915254546449483,96000,0.8755449355197636
-12,9,21,22,bc_ad_boundary,1.0,0.0001915254546449483,96021,0.8757364609744086
1,500,21,500,multi_century,0.7,0.0001915254546449483,96042,0.8759279864290535
107,150,21,44,other,1.0,0.0001915254546449483,96063,0.8761195118836984
-2,14,21,17,bc_ad_boundary,1.0,0.0001915254546449483,96084,0.8763110373383434
193,250,21,58,other,1.0,0.0001915254546449483,96105,0.8765025627929883
194,194,21,1,year_precise,1.0,0.0001915254546449483,96126,0.8766940882476333
-50,-21,21,30,other,1.0,0.0001915254546449483,96147,0.8768856137022782
275,276,21,2,other,1.0,0.0001915254546449483,96168,0.8770771391569232
46,46,21,1,year_precise,1.0,0.0001915254546449483,96189,0.8772686646115682
163,167,21,5,other,1.0,0.0001915254546449483,96210,0.8774601900662131
161,250,21,90,other,1.0,0.0001915254546449483,96231,0.8776517155208581
307,310,21,4,other,1.0,0.0001915254546449483,96252,0.877843240975503
39,63,21,25,other,1.0,0.0001915254546449483,96273,0.8780347664301479
259,259,21,1,year_precise,1.0,0.0001915254546449483,96294,0.8782262918847928
198,199,21,2,other,1.0,0.0001915254546449483,96315,0.8784178173394378
195,235,20,41,other,1.0,0.00018240519489995074,96335,0.8786002225343378
198,210,20,13,other,1.0,0.00018240519489995074,96355,0.8787826277292378
31,200,20,170,other,1.0,0.00018240519489995074,96375,0.8789650329241376
180,230,20,51,other,1.0,0.00018240519489995074,96395,0.8791474381190376
97,97,20,1,year_precise,1.0,0.00018240519489995074,96415,0.8793298433139376
176,250,20,75,other,1.0,0.00018240519489995074,96435,0.8795122485088376
226,226,20,1,year_precise,1.0,0.00018240519489995074,96455,0.8796946537037375
157,157,20,1,year_precise,1.0,0.00018240519489995074,96475,0.8798770588986374
-2,-2,20,1,year_precise,1.0,0.00018240519489995074,96495,0.8800594640935374
253,253,20,1,year_precise,1.0,0.00018240519489995074,96515,0.8802418692884373
201,600,20,400,multi_century,0.375,0.00018240519489995074,96535,0.8804242744833373
163,163,20,1,year_precise,1.0,0.00018240519489995074,96555,0.8806066796782372
80,80,20,1,year_precise,1.0,0.00018240519489995074,96575,0.8807890848731372
138,150,20,13,other,1.0,0.00018240519489995074,96595,0.8809714900680371
138,367,20,230,other,0.9261,0.00018240519489995074,96615,0.8811538952629371
-15,150,20,166,bc_ad_boundary,1.0,0.00018240519489995074,96635,0.8813363004578371
186,186,19,1,year_precise,1.0,0.0001732849351549532,96654,0.881509585392992
69,130,19,62,other,1.0,0.0001732849351549532,96673,0.881682870328147
73,77,19,5,other,1.0,0.0001732849351549532,96692,0.8818561552633019
43,43,19,1,year_precise,1.0,0.0001732849351549532,96711,0.8820294401984569
307,312,19,6,other,1.0,0.0001732849351549532,96730,0.8822027251336118
161,211,19,51,other,1.0,0.0001732849351549532,96749,0.8823760100687668
312,324,19,13,other,1.0,0.0001732849351549532,96768,0.8825492950039218
199,199,19,1,year_precise,1.0,0.0001732849351549532,96787,0.8827225799390767
51,80,19,30,other,1.0,0.0001732849351549532,96806,0.8828958648742317
1,68,19,68,other,1.0,0.0001732849351549532,96825,0.8830691498093866
284,284,19,1,year_precise,1.0,0.0001732849351549532,96844,0.8832424347445416
101,600,19,500,multi_century,0.5,0.0001732849351549532,96863,0.8834157196796965
208,208,19,1,year_precise,1.0,0.0001732849351549532,96882,0.8835890046148515
138,300,19,163,other,1.0,0.0001732849351549532,96901,0.8837622895500064
245,245,19,1,year_precise,1.0,0.0001732849351549532,96920,0.8839355744851614
249,249,19,1,year_precise,1.0,0.0001732849351549532,96939,0.8841088594203163
61,70,19,10,other,1.0,0.0001732849351549532,96958,0.8842821443554713
-40,-21,19,20,other,1.0,0.0001732849351549532,96977,0.8844554292906261
101,350,19,250,multi_century,1.0,0.0001732849351549532,96996,0.8846287142257812
81,100,19,20,other,1.0,0.0001732849351549532,97015,0.884801999160936
144,145,19,2,other,1.0,0.0001732849351549532,97034,0.884975284096091
231,231,19,1,year_precise,1.0,0.0001732849351549532,97053,0.8851485690312461
144,144,19,1,year_precise,1.0,0.0001732849351549532,97072,0.885321853966401
221,221,19,1,year_precise,1.0,0.0001732849351549532,97091,0.885495138901556
90,91,19,2,other,1.0,0.0001732849351549532,97110,0.8856684238367108
71,131,19,61,other,1.0,0.0001732849351549532,97129,0.8858417087718659
147,147,19,1,year_precise,1.0,0.0001732849351549532,97148,0.8860149937070207
-17,-11,18,7,other,1.0,0.00016416467540995567,97166,0.8861791583824308
236,237,18,2,other,1.0,0.00016416467540995567,97184,0.8863433230578407
243,243,18,1,year_precise,1.0,0.00016416467540995567,97202,0.8865074877332506
247,248,18,2,other,1.0,0.00016416467540995567,97220,0.8866716524086606
150,150,18,1,year_precise,1.0,0.00016416467540995567,97238,0.8868358170840706
222,222,18,1,year_precise,1.0,0.00016416467540995567,97256,0.8869999817594805
168,275,18,108,other,1.0,0.00016416467540995567,97274,0.8871641464348905
161,162,18,2,other,1.0,0.00016416467540995567,97292,0.8873283111103004
61,150,18,90,other,1.0,0.00016416467540995567,97310,0.8874924757857103
69,150,18,82,other,1.0,0.00016416467540995567,97328,0.8876566404611204
51,230,18,180,other,1.0,0.00016416467540995567,97346,0.8878208051365303
1,40,18,40,other,1.0,0.00016416467540995567,97364,0.8879849698119402
114,300,18,187,other,1.0,0.00016416467540995567,97382,0.8881491344873502
134,134,18,1,year_precise,1.0,0.00016416467540995567,97400,0.8883132991627601
135,136,18,2,other,1.0,0.00016416467540995567,97418,0.8884774638381701
31,170,18,140,other,1.0,0.00016416467540995567,97436,0.8886416285135801
121,180,18,60,other,1.0,0.00016416467540995567,97454,0.88880579318899
175,225,18,51,other,1.0,0.00016416467540995567,97472,0.8889699578644
4,14,18,11,other,1.0,0.00016416467540995567,97490,0.88913412253981
91,130,18,40,other,1.0,0.00016416467540995567,97508,0.8892982872152199
200,201,18,2,other,1.0,0.00016416467540995567,97526,0.8894624518906299
222,250,18,29,other,1.0,0.00016416467540995567,97544,0.8896266165660398
-11,-4,18,8,other,1.0,0.00016416467540995567,97562,0.8897907812414497
32,33,17,2,other,1.0,0.00015504441566495814,97579,0.8899458256571147
44,45,17,2,other,1.0,0.00015504441566495814,97596,0.8901008700727797
180,200,17,21,other,1.0,0.00015504441566495814,97613,0.8902559144884447
45,60,17,16,other,1.0,0.00015504441566495814,97630,0.8904109589041096
138,192,17,55,reign:Antonine-broad,1.0,0.00015504441566495814,97647,0.8905660033197745
212,222,17,11,other,1.0,0.00015504441566495814,97664,0.8907210477354395
140,140,17,1,year_precise,1.0,0.00015504441566495814,97681,0.8908760921511044
215,215,17,1,year_precise,1.0,0.00015504441566495814,97698,0.8910311365667695
96,98,17,3,other,1.0,0.00015504441566495814,97715,0.8911861809824344
205,208,17,4,other,1.0,0.00015504441566495814,97732,0.8913412253980993
83,300,17,218,other,1.0,0.00015504441566495814,97749,0.8914962698137643
74,74,17,1,year_precise,1.0,0.00015504441566495814,97766,0.8916513142294292
173,173,17,1,year_precise,1.0,0.00015504441566495814,97783,0.8918063586450942
-60,-21,17,40,other,0.75,0.00015504441566495814,97800,0.8919614030607592
71,114,17,44,other,1.0,0.00015504441566495814,97817,0.8921164474764242
14,29,17,16,other,1.0,0.00015504441566495814,97834,0.8922714918920891
247,247,17,1,year_precise,1.0,0.00015504441566495814,97851,0.892426536307754
152,152,17,1,year_precise,1.0,0.00015504441566495814,97868,0.892581580723419
56,56,17,1,year_precise,1.0,0.00015504441566495814,97885,0.8927366251390839
-80,-41,17,40,other,0.25,0.00015504441566495814,97902,0.892891669554749
-60,-31,17,30,other,0.6667,0.00015504441566495814,97919,0.8930467139704139
14,14,17,1,year_precise,1.0,0.00015504441566495814,97936,0.8932017583860788
-80,30,17,111,bc_ad_boundary,0.7297,0.00015504441566495814,97953,0.8933568028017438
76,76,17,1,year_precise,1.0,0.00015504441566495814,97970,0.8935118472174087
105,105,17,1,year_precise,1.0,0.00015504441566495814,97987,0.8936668916330737
201,260,17,60,other,1.0,0.00015504441566495814,98004,0.8938219360487387
181,181,17,1,year_precise,1.0,0.00015504441566495814,98021,0.8939769804644037
102,117,17,16,other,1.0,0.00015504441566495814,98038,0.8941320248800686
191,191,17,1,year_precise,1.0,0.00015504441566495814,98055,0.8942870692957335
126,126,17,1,year_precise,1.0,0.00015504441566495814,98072,0.8944421137113985
317,337,17,21,other,1.0,0.00015504441566495814,98089,0.8945971581270634
-40,20,17,61,bc_ad_boundary,1.0,0.00015504441566495814,98106,0.8947522025427285
-27,54,17,82,bc_ad_boundary,1.0,0.00015504441566495814,98123,0.8949072469583934
1,51,16,51,other,1.0,0.0001459241559199606,98139,0.8950531711143134
161,192,16,32,other,1.0,0.0001459241559199606,98155,0.8951990952702333
161,230,16,70,other,1.0,0.0001459241559199606,98171,0.8953450194261533
308,324,16,17,other,1.0,0.0001459241559199606,98187,0.8954909435820733
188,188,16,1,year_precise,1.0,0.0001459241559199606,98203,0.8956368677379932
106,117,16,12,other,1.0,0.0001459241559199606,98219,0.8957827918939132
317,324,16,8,other,1.0,0.0001459241559199606,98235,0.8959287160498332
150,300,16,151,other,1.0,0.0001459241559199606,98251,0.8960746402057531
79,81,16,3,other,1.0,0.0001459241559199606,98267,0.896220564361673
251,251,16,1,year_precise,1.0,0.0001459241559199606,98283,0.8963664885175929
242,242,16,1,year_precise,1.0,0.0001459241559199606,98299,0.8965124126735129
90,140,16,51,other,1.0,0.0001459241559199606,98315,0.8966583368294329
72,79,16,8,other,1.0,0.0001459241559199606,98331,0.8968042609853528
171,275,16,105,other,1.0,0.0001459241559199606,98347,0.8969501851412728
73,73,16,1,year_precise,1.0,0.0001459241559199606,98363,0.8970961092971927
276,276,16,1,year_precise,1.0,0.0001459241559199606,98379,0.8972420334531127
153,153,16,1,year_precise,1.0,0.0001459241559199606,98395,0.8973879576090327
71,140,16,70,other,1.0,0.0001459241559199606,98411,0.8975338817649526
51,51,16,1,year_precise,1.0,0.0001459241559199606,98427,0.8976798059208726
254,254,16,1,year_precise,1.0,0.0001459241559199606,98443,0.8978257300767926
180,185,16,6,other,1.0,0.0001459241559199606,98459,0.8979716542327125
206,206,16,1,year_precise,1.0,0.0001459241559199606,98475,0.8981175783886325
201,500,16,300,multi_century,0.5,0.0001459241559199606,98491,0.8982635025445525
100,100,16,1,year_precise,1.0,0.0001459241559199606,98507,0.8984094267004724
189,189,16,1,year_precise,1.0,0.0001459241559199606,98523,0.8985553508563924
1,170,16,170,other,1.0,0.0001459241559199606,98539,0.8987012750123123
72,74,16,3,other,1.0,0.0001459241559199606,98555,0.8988471991682323
101,330,16,230,other,1.0,0.0001459241559199606,98571,0.8989931233241523
199,200,16,2,other,1.0,0.0001459241559199606,98587,0.8991390474800722
98,99,16,2,other,1.0,0.0001459241559199606,98603,0.8992849716359922
91,140,15,50,other,1.0,0.00013680389617496305,98618,0.8994217755321672
301,700,15,400,multi_century,0.125,0.00013680389617496305,98633,0.8995585794283422
246,246,15,1,year_precise,1.0,0.00013680389617496305,98648,0.899695383324517
231,250,15,20,other,1.0,0.00013680389617496305,98663,0.899832187220692
168,168,15,1,year_precise,1.0,0.00013680389617496305,98678,0.899968991116867
211,212,15,2,other,1.0,0.00013680389617496305,98693,0.900105795013042
101,125,15,25,other,1.0,0.00013680389617496305,98708,0.900242598909217
213,222,15,10,other,1.0,0.00013680389617496305,98723,0.9003794028053919
324,337,15,14,other,1.0,0.00013680389617496305,98738,0.9005162067015668
69,100,15,32,other,1.0,0.00013680389617496305,98753,0.9006530105977418
70,89,15,20,other,1.0,0.00013680389617496305,98768,0.9007898144939168
81,130,15,50,other,1.0,0.00013680389617496305,98783,0.9009266183900918
126,150,15,25,other,1.0,0.00013680389617496305,98798,0.9010634222862667
1,10,15,10,other,1.0,0.00013680389617496305,98813,0.9012002261824417
1,20,15,20,other,1.0,0.00013680389617496305,98828,0.9013370300786167
26,100,15,75,other,1.0,0.00013680389617496305,98843,0.9014738339747916
307,337,14,31,reign:Constantinian,1.0,0.00012768363642996552,98857,0.9016015176112215
21,50,14,30,other,1.0,0.00012768363642996552,98871,0.9017292012476515
43,100,14,58,other,1.0,0.00012768363642996552,98885,0.9018568848840814
306,312,14,7,other,1.0,0.00012768363642996552,98899,0.9019845685205115
252,253,14,2,other,1.0,0.00012768363642996552,98913,0.9021122521569415
148,148,14,1,year_precise,1.0,0.00012768363642996552,98927,0.9022399357933714
149,149,14,1,year_precise,1.0,0.00012768363642996552,98941,0.9023676194298014
77,77,14,1,year_precise,1.0,0.00012768363642996552,98955,0.9024953030662314
232,232,14,1,year_precise,1.0,0.00012768363642996552,98969,0.9026229867026613
254,268,14,15,other,1.0,0.00012768363642996552,98983,0.9027506703390913
151,151,14,1,year_precise,1.0,0.00012768363642996552,98997,0.9028783539755212
275,275,14,1,year_precise,1.0,0.00012768363642996552,99011,0.9030060376119512
18,19,14,2,other,1.0,0.00012768363642996552,99025,0.9031337212483812
14,70,14,57,other,1.0,0.00012768363642996552,99039,0.9032614048848111
69,69,14,1,year_precise,1.0,0.00012768363642996552,99053,0.9033890885212411
265,265,14,1,year_precise,1.0,0.00012768363642996552,99067,0.903516772157671
14,100,14,87,other,1.0,0.00012768363642996552,99081,0.903644455794101
256,258,14,3,other,1.0,0.00012768363642996552,99095,0.903772139430531
151,350,14,200,multi_century,1.0,0.00012768363642996552,99109,0.9038998230669609
71,90,14,20,other,1.0,0.00012768363642996552,99123,0.9040275067033909
101,180,14,80,other,1.0,0.00012768363642996552,99137,0.9041551903398208
201,220,14,20,other,1.0,0.00012768363642996552,99151,0.9042828739762508
1,230,14,230,other,1.0,0.00012768363642996552,99165,0.9044105576126809
101,500,14,400,multi_century,0.625,0.00012768363642996552,99179,0.9045382412491108
102,102,14,1,year_precise,1.0,0.00012768363642996552,99193,0.9046659248855408
96,117,14,22,reign:Nervan-Trajanic,1.0,0.00012768363642996552,99207,0.9047936085219707
98,130,14,33,other,1.0,0.00012768363642996552,99221,0.9049212921584007
176,225,14,50,other,1.0,0.00012768363642996552,99235,0.9050489757948307
108,270,14,163,other,1.0,0.00012768363642996552,99249,0.9051766594312606
121,170,14,50,other,1.0,0.00012768363642996552,99263,0.9053043430676906
120,260,14,141,other,1.0,0.00012768363642996552,99277,0.9054320267041205
195,211,14,17,other,1.0,0.00012768363642996552,99291,0.9055597103405505
1,41,14,41,other,1.0,0.00012768363642996552,99305,0.9056873939769805
183,185,14,3,other,1.0,0.00012768363642996552,99319,0.9058150776134104
187,187,14,1,year_precise,1.0,0.00012768363642996552,99333,0.9059427612498404
324,326,14,3,other,1.0,0.00012768363642996552,99347,0.9060704448862703
337,361,14,25,other,0.56,0.00012768363642996552,99361,0.9061981285227003
284,313,13,30,other,1.0,0.00011856337668496799,99374,0.9063166918993852
301,370,13,70,other,0.7143,0.00011856337668496799,99387,0.9064352552760703
122,123,13,2,other,1.0,0.00011856337668496799,99400,0.9065538186527552
190,190,13,1,year_precise,1.0,0.00011856337668496799,99413,0.9066723820294402
106,275,13,170,other,1.0,0.00011856337668496799,99426,0.9067909454061251
229,230,13,2,other,1.0,0.00011856337668496799,99439,0.9069095087828102
212,213,13,2,other,1.0,0.00011856337668496799,99452,0.9070280721594951
172,172,13,1,year_precise,1.0,0.00011856337668496799,99465,0.90714663553618
76,77,13,2,other,1.0,0.00011856337668496799,99478,0.9072651989128651
141,160,13,20,other,1.0,0.00011856337668496799,99491,0.90738376228955
146,146,13,1,year_precise,1.0,0.00011856337668496799,99504,0.907502325666235
175,175,13,1,year_precise,1.0,0.00011856337668496799,99517,0.9076208890429199
337,350,13,14,other,1.0,0.00011856337668496799,99530,0.907739452419605
305,305,13,1,year_precise,1.0,0.00011856337668496799,99543,0.9078580157962899
97,105,13,9,other,1.0,0.00011856337668496799,99556,0.9079765791729748
179,179,13,1,year_precise,1.0,0.00011856337668496799,99569,0.9080951425496598
-12,14,13,27,bc_ad_boundary,1.0,0.00011856337668496799,99582,0.9082137059263448
165,165,13,1,year_precise,1.0,0.00011856337668496799,99595,0.9083322693030298
-30,37,13,68,bc_ad_boundary,1.0,0.00011856337668496799,99608,0.9084508326797147
261,261,13,1,year_precise,1.0,0.00011856337668496799,99621,0.9085693960563996
260,268,13,9,other,1.0,0.00011856337668496799,99634,0.9086879594330847
258,260,13,3,other,1.0,0.00011856337668496799,99647,0.9088065228097696
169,169,13,1,year_precise,1.0,0.00011856337668496799,99660,0.9089250861864546
-20,-10,13,11,other,1.0,0.00011856337668496799,99673,0.9090436495631395
63,70,13,8,other,1.0,0.00011856337668496799,99686,0.9091622129398246
132,132,13,1,year_precise,1.0,0.00011856337668496799,99699,0.9092807763165095
-70,-41,13,30,other,0.3333,0.00011856337668496799,99712,0.9093993396931944
-27,69,13,97,bc_ad_boundary,1.0,0.00011856337668496799,99725,0.9095179030698795
161,170,13,10,other,1.0,0.00011856337668496799,99738,0.9096364664465644
120,120,13,1,year_precise,1.0,0.00011856337668496799,99751,0.9097550298232494
-30,70,13,101,bc_ad_boundary,1.0,0.00011856337668496799,99764,0.9098735931999343
119,138,13,20,other,1.0,0.00011856337668496799,99777,0.9099921565766192
159,159,13,1,year_precise,1.0,0.00011856337668496799,99790,0.9101107199533043
193,230,13,38,other,1.0,0.00011856337668496799,99803,0.9102292833299892
138,140,12,3,other,1.0,0.00010944311693997045,99815,0.9103387264469293
-50,25,12,76,bc_ad_boundary,1.0,0.00010944311693997045,99827,0.9104481695638692
172,174,12,3,other,1.0,0.00010944311693997045,99839,0.9105576126808091
203,203,12,1,year_precise,1.0,0.00010944311693997045,99851,0.9106670557977491
76,200,12,125,other,1.0,0.00010944311693997045,99863,0.910776498914689
-50,70,12,121,bc_ad_boundary,1.0,0.00010944311693997045,99875,0.9108859420316291
79,300,12,222,other,1.0,0.00010944311693997045,99887,0.910995385148569
140,141,12,2,other,1.0,0.00010944311693997045,99899,0.911104828265509
-10,20,12,31,bc_ad_boundary,1.0,0.00010944311693997045,99911,0.9112142713824489
174,174,12,1,year_precise,1.0,0.00010944311693997045,99923,0.911323714499389
41,96,12,56,other,1.0,0.00010944311693997045,99935,0.9114331576163289
33,34,12,2,other,1.0,0.00010944311693997045,99947,0.9115426007332689
-45,-45,12,1,year_precise,1.0,0.00010944311693997045,99959,0.9116520438502088
136,138,12,3,other,1.0,0.00010944311693997045,99971,0.9117614869671489
233,233,12,1,year_precise,1.0,0.00010944311693997045,99983,0.9118709300840888
208,211,12,4,other,1.0,0.00010944311693997045,99995,0.9119803732010288
138,180,12,43,other,1.0,0.00010944311693997045,100007,0.9120898163179687
75,300,12,226,other,1.0,0.00010944311693997045,100019,0.9121992594349088
50,54,12,5,other,1.0,0.00010944311693997045,100031,0.9123087025518487
161,275,12,115,other,1.0,0.00010944311693997045,100043,0.9124181456687886
55,55,12,1,year_precise,1.0,0.00010944311693997045,100055,0.9125275887857286
57,57,12,1,year_precise,1.0,0.00010944311693997045,100067,0.9126370319026685
283,284,12,2,other,1.0,0.00010944311693997045,100079,0.9127464750196086
122,122,12,1,year_precise,1.0,0.00010944311693997045,100091,0.9128559181365485
161,222,12,62,other,1.0,0.00010944311693997045,100103,0.9129653612534885
161,235,12,75,other,1.0,0.00010944311693997045,100115,0.9130748043704284
161,217,12,57,other,1.0,0.00010944311693997045,100127,0.9131842474873685
350,353,12,4,other,0.25,0.00010944311693997045,100139,0.9132936906043084
-100,50,12,151,bc_ad_boundary,0.6689,0.00010944311693997045,100151,0.9134031337212484
43,200,12,158,other,1.0,0.00010944311693997045,100163,0.9135125768381883
70,79,12,10,reign:Vespasianic,1.0,0.00010944311693997045,100175,0.9136220199551284
-60,-41,12,20,other,0.5,0.00010944311693997045,100187,0.9137314630720683
121,140,12,20,other,1.0,0.00010944311693997045,100199,0.9138409061890083
151,600,12,450,multi_century,0.4444,0.00010944311693997045,100211,0.9139503493059482
81,120,12,40,other,1.0,0.00010944311693997045,100223,0.9140597924228882
270,270,12,1,year_precise,1.0,0.00010944311693997045,100235,0.9141692355398282
160,160,12,1,year_precise,1.0,0.00010944311693997045,100247,0.9142786786567682
159,160,12,2,other,1.0,0.00010944311693997045,100259,0.9143881217737081
249,250,12,2,other,1.0,0.00010944311693997045,100271,0.914497564890648
180,220,12,41,other,1.0,0.00010944311693997045,100283,0.9146070080075881
141,141,12,1,year_precise,1.0,0.00010944311693997045,100295,0.914716451124528
142,142,12,1,year_precise,1.0,0.00010944311693997045,100307,0.914825894241468
98,102,12,5,other,1.0,0.00010944311693997045,100319,0.9149353373584079
212,250,12,39,other,1.0,0.00010944311693997045,100331,0.915044780475348
37,37,12,1,year_precise,1.0,0.00010944311693997045,100343,0.9151542235922879
63,68,11,6,other,1.0,0.00010032285719497291,100354,0.9152545464494829
-2,2,11,5,bc_ad_boundary,1.0,0.00010032285719497291,100365,0.9153548693066779
58,58,11,1,year_precise,1.0,0.00010032285719497291,100376,0.9154551921638728
131,160,11,30,other,1.0,0.00010032285719497291,100387,0.9155555150210678
48,48,11,1,year_precise,1.0,0.00010032285719497291,100398,0.9156558378782628
61,79,11,19,other,1.0,0.00010032285719497291,100409,0.9157561607354577
155,155,11,1,year_precise,1.0,0.00010032285719497291,100420,0.9158564835926527
182,185,11,4,other,1.0,0.00010032285719497291,100431,0.9159568064498477
337,340,11,4,other,1.0,0.00010032285719497291,100442,0.9160571293070426
98,150,11,53,other,1.0,0.00010032285719497291,100453,0.9161574521642376
97,101,11,5,other,1.0,0.00010032285719497291,100464,0.9162577750214326
235,236,11,2,other,1.0,0.00010032285719497291,100475,0.9163580978786275
-50,20,11,71,bc_ad_boundary,1.0,0.00010032285719497291,100486,0.9164584207358225
202,205,11,4,other,1.0,0.00010032285719497291,100497,0.9165587435930175
137,137,11,1,year_precise,1.0,0.00010032285719497291,100508,0.9166590664502126
184,184,11,1,year_precise,1.0,0.00010032285719497291,100519,0.9167593893074075
313,316,11,4,other,1.0,0.00010032285719497291,100530,0.9168597121646025
191,220,11,30,other,1.0,0.00010032285719497291,100541,0.9169600350217975
131,180,11,50,other,1.0,0.00010032285719497291,100552,0.9170603578789924
101,117,11,17,other,1.0,0.00010032285719497291,100563,0.9171606807361874
145,161,11,17,other,1.0,0.00010032285719497291,100574,0.9172610035933824
195,217,11,23,other,1.0,0.00010032285719497291,100585,0.9173613264505773
166,169,11,4,other,1.0,0.00010032285719497291,100596,0.9174616493077723
71,74,11,4,other,1.0,0.00010032285719497291,100607,0.9175619721649673
71,71,11,1,year_precise,1.0,0.00010032285719497291,100618,0.9176622950221622
116,117,11,2,other,1.0,0.00010032285719497291,100629,0.9177626178793572
271,274,11,4,other,1.0,0.00010032285719497291,100640,0.9178629407365522
260,269,11,10,other,1.0,0.00010032285719497291,100651,0.9179632635937471
196,197,11,2,other,1.0,0.00010032285719497291,100662,0.9180635864509421
71,77,11,7,other,1.0,0.00010032285719497291,100673,0.9181639093081371
247,249,11,3,other,1.0,0.00010032285719497291,100684,0.918264232165332
101,101,11,1,year_precise,1.0,0.00010032285719497291,100695,0.918364555022527
100,200,11,101,other,1.0,0.00010032285719497291,100706,0.918464877879722
102,116,11,15,other,1.0,0.00010032285719497291,100717,0.9185652007369169
9,56,11,48,other,1.0,0.00010032285719497291,100728,0.9186655235941119
-50,-44,11,7,other,1.0,0.00010032285719497291,100739,0.9187658464513069
51,170,10,120,other,1.0,9.120259744997537e-05,100749,0.9188570490487569
283,283,10,1,year_precise,1.0,9.120259744997537e-05,100759,0.9189482516462069
124,124,10,1,year_precise,1.0,9.120259744997537e-05,100769,0.9190394542436569
18,18,10,1,year_precise,1.0,9.120259744997537e-05,100779,0.9191306568411068
185,185,10,1,year_precise,1.0,9.120259744997537e-05,100789,0.9192218594385568
163,164,10,2,other,1.0,9.120259744997537e-05,100799,0.9193130620360068
49,49,10,1,year_precise,1.0,9.120259744997537e-05,100809,0.9194042646334568
131,132,10,2,other,1.0,9.120259744997537e-05,100819,0.9194954672309067
40,40,10,1,year_precise,1.0,9.120259744997537e-05,100829,0.9195866698283567
-15,-15,10,1,year_precise,1.0,9.120259744997537e-05,100839,0.9196778724258067
129,129,10,1,year_precise,1.0,9.120259744997537e-05,100849,0.9197690750232567
192,192,10,1,year_precise,1.0,9.120259744997537e-05,100859,0.9198602776207067
274,400,10,127,other,0.6063,9.120259744997537e-05,100869,0.9199514802181566
119,119,10,1,year_precise,1.0,9.120259744997537e-05,100879,0.9200426828156066
131,260,10,130,other,1.0,9.120259744997537e-05,100889,0.9201338854130565
14,20,10,7,other,1.0,9.120259744997537e-05,100899,0.9202250880105065
-30,-20,10,11,other,1.0,9.120259744997537e-05,100909,0.9203162906079565
1,151,10,151,other,1.0,9.120259744997537e-05,100919,0.9204074932054065
195,198,10,4,other,1.0,9.120259744997537e-05,100929,0.9204986958028565
1,71,10,71,other,1.0,9.120259744997537e-05,100939,0.9205898984003065
151,175,10,25,other,1.0,9.120259744997537e-05,100949,0.9206811009977565
151,180,10,30,other,1.0,9.120259744997537e-05,100959,0.9207723035952063
-13,-12,10,2,other,1.0,9.120259744997537e-05,100969,0.9208635061926563
116,116,10,1,year_precise,1.0,9.120259744997537e-05,100979,0.9209547087901063
115,115,10,1,year_precise,1.0,9.120259744997537e-05,100989,0.9210459113875563
1,42,10,42,other,1.0,9.120259744997537e-05,100999,0.9211371139850063
112,112,10,1,year_precise,1.0,9.120259744997537e-05,101009,0.9212283165824563
110,125,10,16,other,1.0,9.120259744997537e-05,101019,0.9213195191799063
133,133,10,1,year_precise,1.0,9.120259744997537e-05,101029,0.9214107217773562
69,200,10,132,other,1.0,9.120259744997537e-05,101039,0.9215019243748062
14,41,10,28,other,1.0,9.120259744997537e-05,101049,0.9215931269722561
62,75,10,14,other,1.0,9.120259744997537e-05,101059,0.9216843295697061
120,121,10,2,other,1.0,9.120259744997537e-05,101069,0.9217755321671561
83,83,10,1,year_precise,1.0,9.120259744997537e-05,101079,0.9218667347646061
178,178,10,1,year_precise,1.0,9.120259744997537e-05,101089,0.9219579373620561
1,270,10,270,other,1.0,9.120259744997537e-05,101099,0.922049139959506
78,84,10,7,other,1.0,9.120259744997537e-05,101109,0.922140342556956
177,180,10,4,other,1.0,9.120259744997537e-05,101119,0.922231545154406
81,140,10,60,other,1.0,9.120259744997537e-05,101129,0.922322747751856
91,250,10,160,other,1.0,9.120259744997537e-05,101139,0.922413950349306
176,230,10,55,other,1.0,9.120259744997537e-05,101149,0.922505152946756
140,144,10,5,other,1.0,9.120259744997537e-05,101159,0.9225963555442059
350,350,10,1,year_precise,1.0,9.120259744997537e-05,101169,0.9226875581416559
35,36,10,2,other,1.0,9.120259744997537e-05,101179,0.9227787607391058
23,23,10,1,year_precise,1.0,9.120259744997537e-05,101189,0.9228699633365558
331,500,10,170,other,0.1176,9.120259744997537e-05,101199,0.9229611659340058
340,350,10,11,other,1.0,9.120259744997537e-05,101209,0.9230523685314558
333,337,9,5,other,1.0,8.208233770497784e-05,101218,0.9231344508691608
42,54,9,13,reign:Claudian,1.0,8.208233770497784e-05,101227,0.9232165332068657
41,120,9,80,other,1.0,8.208233770497784e-05,101236,0.9232986155445707
139,140,9,2,other,1.0,8.208233770497784e-05,101245,0.9233806978822757
101,120,9,20,other,1.0,8.208233770497784e-05,101254,0.9234627802199806
1,350,9,350,multi_century,1.0,8.208233770497784e-05,101263,0.9235448625576856
147,161,9,15,other,1.0,8.208233770497784e-05,101272,0.9236269448953907
222,270,9,49,other,1.0,8.208233770497784e-05,101281,0.9237090272330956
96,96,9,1,year_precise,1.0,8.208233770497784e-05,101290,0.9237911095708006
221,222,9,2,other,1.0,8.208233770497784e-05,101299,0.9238731919085056
215,217,9,3,other,1.0,8.208233770497784e-05,101308,0.9239552742462105
344,344,9,1,year_precise,1.0,8.208233770497784e-05,101317,0.9240373565839155
-42,-42,9,1,year_precise,1.0,8.208233770497784e-05,101326,0.9241194389216205
38,38,9,1,year_precise,1.0,8.208233770497784e-05,101335,0.9242015212593254
101,102,9,2,other,1.0,8.208233770497784e-05,101344,0.9242836035970304
103,103,9,1,year_precise,1.0,8.208233770497784e-05,101353,0.9243656859347354
180,270,9,91,other,1.0,8.208233770497784e-05,101362,0.9244477682724404
255,255,9,1,year_precise,1.0,8.208233770497784e-05,101371,0.9245298506101454
171,260,9,90,other,1.0,8.208233770497784e-05,101380,0.9246119329478504
71,330,9,260,other,1.0,8.208233770497784e-05,101389,0.9246940152855553
211,250,9,40,other,1.0,8.208233770497784e-05,101398,0.9247760976232603
224,235,9,12,other,1.0,8.208233770497784e-05,101407,0.9248581799609653
239,240,9,2,other,1.0,8.208233770497784e-05,101416,0.9249402622986702
-40,-11,9,30,other,1.0,8.208233770497784e-05,101425,0.9250223446363752
141,200,9,60,other,1.0,8.208233770497784e-05,101434,0.9251044269740802
85,85,9,1,year_precise,1.0,8.208233770497784e-05,101443,0.9251865093117853
85,92,9,8,other,1.0,8.208233770497784e-05,101452,0.9252685916494902
83,96,9,14,other,1.0,8.208233770497784e-05,101461,0.9253506739871952
88,88,9,1,year_precise,1.0,8.208233770497784e-05,101470,0.9254327563249002
141,300,9,160,other,1.0,8.208233770497784e-05,101479,0.9255148386626051
248,248,9,1,year_precise,1.0,8.208233770497784e-05,101488,0.9255969210003101
128,138,9,11,other,1.0,8.208233770497784e-05,101497,0.9256790033380151
181,250,9,70,other,1.0,8.208233770497784e-05,101506,0.92576108567572
274,275,9,2,other,1.0,8.208233770497784e-05,101515,0.925843168013425
-2,-1,9,2,other,1.0,8.208233770497784e-05,101524,0.92592525035113
194,250,9,57,other,1.0,8.208233770497784e-05,101533,0.926007332688835
269,271,9,3,other,1.0,8.208233770497784e-05,101542,0.92608941502654
62,62,9,1,year_precise,1.0,8.208233770497784e-05,101551,0.926171497364245
118,118,9,1,year_precise,1.0,8.208233770497784e-05,101560,0.9262535797019499
-27,41,9,69,bc_ad_boundary,1.0,8.208233770497784e-05,101569,0.9263356620396549
151,152,9,2,other,1.0,8.208233770497784e-05,101578,0.9264177443773599
114,114,9,1,year_precise,1.0,8.208233770497784e-05,101587,0.9264998267150648
1,37,9,37,other,1.0,8.208233770497784e-05,101596,0.9265819090527698
107,230,9,124,other,1.0,8.208233770497784e-05,101605,0.9266639913904748
197,275,9,79,other,1.0,8.208233770497784e-05,101614,0.9267460737281797
109,110,9,2,other,1.0,8.208233770497784e-05,101623,0.9268281560658848
14,23,9,10,other,1.0,8.208233770497784e-05,101632,0.9269102384035898
193,300,9,108,other,1.0,8.208233770497784e-05,101641,0.9269923207412947
133,134,9,2,other,1.0,8.208233770497784e-05,101650,0.9270744030789997
154,154,9,1,year_precise,1.0,8.208233770497784e-05,101659,0.9271564854167047
158,159,9,2,other,1.0,8.208233770497784e-05,101668,0.9272385677544096
55,70,9,16,other,1.0,8.208233770497784e-05,101677,0.9273206500921146
54,100,9,47,other,1.0,8.208233770497784e-05,101686,0.9274027324298196
61,61,9,1,year_precise,1.0,8.208233770497784e-05,101695,0.9274848147675245
285,305,9,21,reign:Tetrarchic,1.0,8.208233770497784e-05,101704,0.9275668971052295
126,275,9,150,other,1.0,8.208233770497784e-05,101713,0.9276489794429346
-5,40,9,46,bc_ad_boundary,1.0,8.208233770497784e-05,101722,0.9277310617806395
-80,-1,9,80,other,0.625,8.208233770497784e-05,101731,0.9278131441183445
42,150,9,109,other,1.0,8.208233770497784e-05,101740,0.9278952264560495
45,45,9,1,year_precise,1.0,8.208233770497784e-05,101749,0.9279773087937544
164,165,9,2,other,1.0,8.208233770497784e-05,101758,0.9280593911314594
312,312,9,1,year_precise,1.0,8.208233770497784e-05,101767,0.9281414734691644
317,326,9,10,other,1.0,8.208233770497784e-05,101776,0.9282235558068693
345,345,9,1,year_precise,1.0,8.208233770497784e-05,101785,0.9283056381445743
-20,100,9,121,bc_ad_boundary,1.0,8.208233770497784e-05,101794,0.9283877204822794
78,78,8,1,year_precise,1.0,7.29620779599803e-05,101802,0.9284606825602393
205,207,8,3,other,1.0,7.29620779599803e-05,101810,0.9285336446381993
231,260,8,30,other,1.0,7.29620779599803e-05,101818,0.9286066067161592
180,180,8,1,year_precise,1.0,7.29620779599803e-05,101826,0.9286795687941193
79,100,8,22,other,1.0,7.29620779599803e-05,101834,0.9287525308720792
180,183,8,4,other,1.0,7.29620779599803e-05,101842,0.9288254929500392
65,65,8,1,year_precise,1.0,7.29620779599803e-05,101850,0.9288984550279992
161,163,8,3,other,1.0,7.29620779599803e-05,101858,0.9289714171059592
-15,15,8,31,bc_ad_boundary,1.0,7.29620779599803e-05,101866,0.9290443791839191
61,100,8,40,other,1.0,7.29620779599803e-05,101874,0.9291173412618792
117,180,8,64,other,1.0,7.29620779599803e-05,101882,0.9291903033398391
194,195,8,2,other,1.0,7.29620779599803e-05,101890,0.9292632654177991
82,82,8,1,year_precise,1.0,7.29620779599803e-05,101898,0.9293362274957591
68,68,8,1,year_precise,1.0,7.29620779599803e-05,101906,0.9294091895737191
71,116,8,46,other,1.0,7.29620779599803e-05,101914,0.929482151651679
170,170,8,1,year_precise,1.0,7.29620779599803e-05,101922,0.9295551137296391
171,210,8,40,other,1.0,7.29620779599803e-05,101930,0.929628075807599
-51,-1,8,51,other,0.9804,7.29620779599803e-05,101938,0.929701037885559
1,260,8,260,other,1.0,7.29620779599803e-05,101946,0.929773999963519
81,117,8,37,other,1.0,7.29620779599803e-05,101954,0.929846962041479
-31,-1,8,31,other,1.0,7.29620779599803e-05,101962,0.9299199241194389
106,106,8,1,year_precise,1.0,7.29620779599803e-05,101970,0.929992886197399
71,80,8,10,other,1.0,7.29620779599803e-05,101978,0.9300658482753589
237,238,8,2,other,1.0,7.29620779599803e-05,101986,0.9301388103533189
-50,150,8,201,bc_ad_boundary,1.0,7.29620779599803e-05,101994,0.9302117724312788
142,200,8,59,other,1.0,7.29620779599803e-05,102002,0.9302847345092389
99,100,8,2,other,1.0,7.29620779599803e-05,102010,0.9303576965871988
141,170,8,30,other,1.0,7.29620779599803e-05,102018,0.9304306586651588
85,120,8,36,other,1.0,7.29620779599803e-05,102026,0.9305036207431188
-25,30,8,56,bc_ad_boundary,1.0,7.29620779599803e-05,102034,0.9305765828210787
-11,-11,8,1,year_precise,1.0,7.29620779599803e-05,102042,0.9306495448990387
91,110,8,20,other,1.0,7.29620779599803e-05,102050,0.9307225069769987
222,223,8,2,other,1.0,7.29620779599803e-05,102058,0.9307954690549587
6,6,8,1,year_precise,1.0,7.29620779599803e-05,102066,0.9308684311329186
218,235,8,18,other,1.0,7.29620779599803e-05,102074,0.9309413932108787
-10,14,8,25,bc_ad_boundary,1.0,7.29620779599803e-05,102082,0.9310143552888386
35,35,8,1,year_precise,1.0,7.29620779599803e-05,102090,0.9310873173667986
39,114,8,76,other,1.0,7.29620779599803e-05,102098,0.9311602794447585
329,329,8,1,year_precise,1.0,7.29620779599803e-05,102106,0.9312332415227186
331,700,8,370,other,0.0541,7.29620779599803e-05,102114,0.9313062036006785
40,41,8,2,other,1.0,7.29620779599803e-05,102122,0.9313791656786385
99,99,8,1,year_precise,1.0,7.29620779599803e-05,102130,0.9314521277565985
216,217,8,2,other,1.0,7.29620779599803e-05,102138,0.9315250898345585
31,250,8,220,other,1.0,7.29620779599803e-05,102146,0.9315980519125184
9,69,8,61,other,1.0,7.29620779599803e-05,102154,0.9316710139904785
42,42,8,1,year_precise,1.0,7.29620779599803e-05,102162,0.9317439760684384
305,310,8,6,other,1.0,7.29620779599803e-05,102170,0.9318169381463984
305,311,8,7,other,1.0,7.29620779599803e-05,102178,0.9318899002243584
162,166,8,5,other,1.0,7.29620779599803e-05,102186,0.9319628623023184
185,191,8,7,other,1.0,7.29620779599803e-05,102194,0.9320358243802783
54,79,8,26,other,1.0,7.29620779599803e-05,102202,0.9321087864582384
-90,-31,8,60,other,0.3333,7.29620779599803e-05,102210,0.9321817485361983
127,127,8,1,year_precise,1.0,7.29620779599803e-05,102218,0.9322547106141583
-7,20,8,28,bc_ad_boundary,1.0,7.29620779599803e-05,102226,0.9323276726921182
51,125,8,75,other,1.0,7.29620779599803e-05,102234,0.9324006347700783
185,192,8,8,other,1.0,7.29620779599803e-05,102242,0.9324735968480382
312,315,8,4,other,1.0,7.29620779599803e-05,102250,0.9325465589259982
158,161,8,4,other,1.0,7.29620779599803e-05,102258,0.9326195210039582
61,62,8,2,other,1.0,7.29620779599803e-05,102266,0.9326924830819182
52,52,8,1,year_precise,1.0,7.29620779599803e-05,102274,0.9327654451598781
70,70,8,1,year_precise,1.0,7.29620779599803e-05,102282,0.9328384072378382
167,275,8,109,other,1.0,7.29620779599803e-05,102290,0.9329113693157981
114,117,8,4,other,1.0,7.29620779599803e-05,102298,0.9329843313937581
1,43,8,43,other,1.0,7.29620779599803e-05,102306,0.9330572934717181
164,166,8,3,other,1.0,7.29620779599803e-05,102314,0.9331302555496781
165,166,8,2,other,1.0,7.29620779599803e-05,102322,0.933203217627638
70,130,8,61,other,1.0,7.29620779599803e-05,102330,0.9332761797055981
1,33,8,33,other,1.0,7.29620779599803e-05,102338,0.933349141783558
274,274,8,1,year_precise,1.0,7.29620779599803e-05,102346,0.933422103861518
-27,10,8,38,bc_ad_boundary,1.0,7.29620779599803e-05,102354,0.933495065939478
107,167,8,61,other,1.0,7.29620779599803e-05,102362,0.933568028017438
110,110,8,1,year_precise,1.0,7.29620779599803e-05,102370,0.9336409900953979
198,217,8,20,other,1.0,7.29620779599803e-05,102378,0.9337139521733578
108,200,8,93,other,1.0,7.29620779599803e-05,102386,0.9337869142513179
107,117,8,11,other,1.0,7.29620779599803e-05,102394,0.9338598763292778
-20,40,8,61,bc_ad_boundary,1.0,7.29620779599803e-05,102402,0.9339328384072378
14,19,8,6,other,1.0,7.29620779599803e-05,102410,0.9340058004851978
14,30,8,17,other,1.0,7.29620779599803e-05,102418,0.9340787625631578
183,183,8,1,year_precise,1.0,7.29620779599803e-05,102426,0.9341517246411177
257,257,8,1,year_precise,1.0,7.29620779599803e-05,102434,0.9342246867190778
64,74,8,11,other,1.0,7.29620779599803e-05,102442,0.9342976487970377
162,163,8,2,other,1.0,7.29620779599803e-05,102450,0.9343706108749977
14,75,8,62,other,1.0,7.29620779599803e-05,102458,0.9344435729529577
305,309,7,5,other,1.0,6.384181821498276e-05,102465,0.9345074147711727
38,41,7,4,reign:Caligulan,1.0,6.384181821498276e-05,102472,0.9345712565893877
31,80,7,50,other,1.0,6.384181821498276e-05,102479,0.9346350984076026
341,341,7,1,year_precise,1.0,6.384181821498276e-05,102486,0.9346989402258177
30,70,7,41,other,1.0,6.384181821498276e-05,102493,0.9347627820440326
40,80,7,41,other,1.0,6.384181821498276e-05,102500,0.9348266238622476
324,324,7,1,year_precise,1.0,6.384181821498276e-05,102507,0.9348904656804626
337,337,7,1,year_precise,1.0,6.384181821498276e-05,102514,0.9349543074986776
337,342,7,6,other,1.0,6.384181821498276e-05,102521,0.9350181493168925
-27,200,7,228,bc_ad_boundary,1.0,6.384181821498276e-05,102528,0.9350819911351075
180,191,7,12,reign:Commodan,1.0,6.384181821498276e-05,102535,0.9351458329533225
171,400,7,230,other,0.7826,6.384181821498276e-05,102542,0.9352096747715375
244,246,7,3,other,1.0,6.384181821498276e-05,102549,0.9352735165897524
177,192,7,16,other,1.0,6.384181821498276e-05,102556,0.9353373584079675
176,180,7,5,other,1.0,6.384181821498276e-05,102563,0.9354012002261824
177,177,7,1,year_precise,1.0,6.384181821498276e-05,102570,0.9354650420443974
100,300,7,201,other,1.0,6.384181821498276e-05,102577,0.9355288838626125
81,81,7,1,year_precise,1.0,6.384181821498276e-05,102584,0.9355927256808274
175,177,7,3,other,1.0,6.384181821498276e-05,102591,0.9356565674990424
212,300,7,89,other,1.0,6.384181821498276e-05,102598,0.9357204093172573
98,200,7,103,other,1.0,6.384181821498276e-05,102605,0.9357842511354724
176,176,7,1,year_precise,1.0,6.384181821498276e-05,102612,0.9358480929536873
5,6,7,2,other,1.0,6.384181821498276e-05,102619,0.9359119347719023
221,250,7,30,other,1.0,6.384181821498276e-05,102626,0.9359757765901173
211,235,7,25,other,1.0,6.384181821498276e-05,102633,0.9360396184083323
101,175,7,75,other,1.0,6.384181821498276e-05,102640,0.9361034602265472
101,171,7,71,other,1.0,6.384181821498276e-05,102647,0.9361673020447623
71,400,7,330,other,0.8485,6.384181821498276e-05,102654,0.9362311438629772
256,256,7,1,year_precise,1.0,6.384181821498276e-05,102661,0.9362949856811922
150,200,7,51,other,1.0,6.384181821498276e-05,102668,0.9363588274994071
170,230,7,61,other,1.0,6.384181821498276e-05,102675,0.9364226693176222
169,170,7,2,other,1.0,6.384181821498276e-05,102682,0.9364865111358371
150,250,7,101,other,1.0,6.384181821498276e-05,102689,0.9365503529540521
-12,-12,7,1,year_precise,1.0,6.384181821498276e-05,102696,0.9366141947722672
75,79,7,5,other,1.0,6.384181821498276e-05,102703,0.9366780365904821
201,225,7,25,other,1.0,6.384181821498276e-05,102710,0.936741878408697
171,330,7,160,other,1.0,6.384181821498276e-05,102717,0.9368057202269121
73,74,7,2,other,1.0,6.384181821498276e-05,102724,0.9368695620451271
201,215,7,15,other,1.0,6.384181821498276e-05,102731,0.936933403863342
103,111,7,9,other,1.0,6.384181821498276e-05,102738,0.936997245681557
201,210,7,10,other,1.0,6.384181821498276e-05,102745,0.937061087499772
117,270,7,154,other,1.0,6.384181821498276e-05,102752,0.937124929317987
272,275,7,4,other,1.0,6.384181821498276e-05,102759,0.9371887711362019
-31,14,7,46,bc_ad_boundary,1.0,6.384181821498276e-05,102766,0.937252612954417
197,300,7,104,other,1.0,6.384181821498276e-05,102773,0.9373164547726319
1,125,7,125,other,1.0,6.384181821498276e-05,102780,0.9373802965908469
71,78,7,8,other,1.0,6.384181821498276e-05,102787,0.9374441384090619
108,170,7,63,other,1.0,6.384181821498276e-05,102794,0.9375079802272769
117,300,7,184,other,1.0,6.384181821498276e-05,102801,0.9375718220454918
131,275,7,145,other,1.0,6.384181821498276e-05,102808,0.9376356638637069
118,200,7,83,other,1.0,6.384181821498276e-05,102815,0.9376995056819218
15,40,7,26,other,1.0,6.384181821498276e-05,102822,0.9377633475001368
68,69,7,2,other,1.0,6.384181821498276e-05,102829,0.9378271893183517
195,215,7,21,other,1.0,6.384181821498276e-05,102836,0.9378910311365668
70,100,7,31,other,1.0,6.384181821498276e-05,102843,0.9379548729547817
-70,50,7,121,bc_ad_boundary,0.8347,6.384181821498276e-05,102850,0.9380187147729967
269,270,7,2,other,1.0,6.384181821498276e-05,102857,0.9380825565912118
-30,1,7,32,bc_ad_boundary,1.0,6.384181821498276e-05,102864,0.9381463984094267
196,211,7,16,other,1.0,6.384181821498276e-05,102871,0.9382102402276417
-30,200,7,231,bc_ad_boundary,1.0,6.384181821498276e-05,102878,0.9382740820458567
160,162,7,3,other,1.0,6.384181821498276e-05,102885,0.9383379238640717
271,271,7,1,year_precise,1.0,6.384181821498276e-05,102892,0.9384017656822866
122,400,7,279,other,0.8208,6.384181821498276e-05,102899,0.9384656075005016
286,286,7,1,year_precise,1.0,6.384181821498276e-05,102906,0.9385294493187166
286,293,7,8,other,1.0,6.384181821498276e-05,102913,0.9385932911369316
20,20,7,1,year_precise,1.0,6.384181821498276e-05,102920,0.9386571329551465
125,126,7,2,other,1.0,6.384181821498276e-05,102927,0.9387209747733616
51,400,7,350,multi_century,0.8571,6.384181821498276e-05,102934,0.9387848165915765
134,135,7,2,other,1.0,6.384181821498276e-05,102941,0.9388486584097915
54,70,7,17,other,1.0,6.384181821498276e-05,102948,0.9389125002280065
192,193,7,2,other,1.0,6.384181821498276e-05,102955,0.9389763420462215
151,500,7,350,multi_century,0.5714,6.384181821498276e-05,102962,0.9390401838644364
54,54,7,1,year_precise,1.0,6.384181821498276e-05,102969,0.9391040256826514
285,286,7,2,other,1.0,6.384181821498276e-05,102976,0.9391678675008664
282,282,7,1,year_precise,1.0,6.384181821498276e-05,102983,0.9392317093190814
123,124,7,2,other,1.0,6.384181821498276e-05,102990,0.9392955511372963
313,313,7,1,year_precise,1.0,6.384181821498276e-05,102997,0.9393593929555114
50,100,7,51,other,1.0,6.384181821498276e-05,103004,0.9394232347737264
48,49,7,2,other,1.0,6.384181821498276e-05,103011,0.9394870765919413
300,313,7,14,other,1.0,6.384181821498276e-05,103018,0.9395509184101564
299,299,7,1,year_precise,1.0,6.384181821498276e-05,103025,0.9396147602283713
45,70,7,26,other,1.0,6.384181821498276e-05,103032,0.9396786020465863
45,46,7,2,other,1.0,6.384181821498276e-05,103039,0.9397424438648013
19,19,7,1,year_precise,1.0,6.384181821498276e-05,103046,0.9398062856830163
320,320,7,1,year_precise,1.0,6.384181821498276e-05,103053,0.9398701275012312
26,26,7,1,year_precise,1.0,6.384181821498276e-05,103060,0.9399339693194462
129,130,7,2,other,1.0,6.384181821498276e-05,103067,0.9399978111376612
-20,70,7,91,bc_ad_boundary,1.0,6.384181821498276e-05,103074,0.9400616529558762
128,129,7,2,other,1.0,6.384181821498276e-05,103081,0.9401254947740911
308,312,7,5,other,1.0,6.384181821498276e-05,103088,0.9401893365923062
-16,-16,7,1,year_precise,1.0,6.384181821498276e-05,103095,0.9402531784105211
327,327,6,1,year_precise,1.0,5.472155846998522e-05,103101,0.9403078999689911
327,328,6,2,other,1.0,5.472155846998522e-05,103107,0.9403626215274611
-5,-1,6,5,other,1.0,5.472155846998522e-05,103113,0.9404173430859311
69,76,6,8,other,1.0,5.472155846998522e-05,103119,0.940472064644401
-5,-5,6,1,year_precise,1.0,5.472155846998522e-05,103125,0.9405267862028711
339,339,6,1,year_precise,1.0,5.472155846998522e-05,103131,0.9405815077613411
47,54,6,8,other,1.0,5.472155846998522e-05,103137,0.9406362293198111
176,177,6,2,other,1.0,5.472155846998522e-05,103143,0.940690950878281
101,160,6,60,other,1.0,5.472155846998522e-05,103149,0.940745672436751
3,3,6,1,year_precise,1.0,5.472155846998522e-05,103155,0.940800393995221
3,4,6,2,other,1.0,5.472155846998522e-05,103161,0.940855115553691
226,250,6,25,other,1.0,5.472155846998522e-05,103167,0.9409098371121609
-100,-30,6,71,other,0.2958,5.472155846998522e-05,103173,0.9409645586706309
177,178,6,2,other,1.0,5.472155846998522e-05,103179,0.941019280229101
180,210,6,31,other,1.0,5.472155846998522e-05,103185,0.941074001787571
97,98,6,2,other,1.0,5.472155846998522e-05,103191,0.9411287233460409
97,104,6,8,other,1.0,5.472155846998522e-05,103197,0.9411834449045109
94,94,6,1,year_precise,1.0,5.472155846998522e-05,103203,0.9412381664629809
95,95,6,1,year_precise,1.0,5.472155846998522e-05,103209,0.9412928880214508
96,130,6,35,other,1.0,5.472155846998522e-05,103215,0.9413476095799208
-71,-30,6,42,other,0.5,5.472155846998522e-05,103221,0.9414023311383908
285,285,6,1,year_precise,1.0,5.472155846998522e-05,103227,0.9414570526968608
21,21,6,1,year_precise,1.0,5.472155846998522e-05,103233,0.9415117742553308
171,350,6,180,other,1.0,5.472155846998522e-05,103239,0.9415664958138008
102,104,6,3,other,1.0,5.472155846998522e-05,103245,0.9416212173722708
11,30,6,20,other,1.0,5.472155846998522e-05,103251,0.9416759389307408
-5,4,6,10,bc_ad_boundary,1.0,5.472155846998522e-05,103257,0.9417306604892107
124,125,6,2,other,1.0,5.472155846998522e-05,103263,0.9417853820476807
326,400,6,75,other,0.3333,5.472155846998522e-05,103269,0.9418401036061507
1,335,6,335,other,1.0,5.472155846998522e-05,103275,0.9418948251646206
175,176,6,2,other,1.0,5.472155846998522e-05,103281,0.9419495467230907
168,169,6,2,other,1.0,5.472155846998522e-05,103287,0.9420042682815607
281,281,6,1,year_precise,1.0,5.472155846998522e-05,103293,0.9420589898400307
281,350,6,70,other,1.0,5.472155846998522e-05,103299,0.9421137113985006
290,290,6,1,year_precise,1.0,5.472155846998522e-05,103305,0.9421684329569706
107,170,6,64,other,1.0,5.472155846998522e-05,103311,0.9422231545154406
61,75,6,15,other,1.0,5.472155846998522e-05,103317,0.9422778760739106
208,209,6,2,other,1.0,5.472155846998522e-05,103323,0.9423325976323805
211,213,6,3,other,1.0,5.472155846998522e-05,103329,0.9423873191908505
202,209,6,8,other,1.0,5.472155846998522e-05,103335,0.9424420407493206
140,158,6,19,other,1.0,5.472155846998522e-05,103341,0.9424967623077906
122,150,6,29,other,1.0,5.472155846998522e-05,103347,0.9425514838662605
64,64,6,1,year_precise,1.0,5.472155846998522e-05,103353,0.9426062054247305
191,210,6,20,other,1.0,5.472155846998522e-05,103359,0.9426609269832005
267,268,6,2,other,1.0,5.472155846998522e-05,103365,0.9427156485416704
269,269,6,1,year_precise,1.0,5.472155846998522e-05,103371,0.9427703701001404
-27,-1,6,27,other,1.0,5.472155846998522e-05,103377,0.9428250916586104
89,150,6,62,other,1.0,5.472155846998522e-05,103383,0.9428798132170805
-80,62,6,143,bc_ad_boundary,0.7902,5.472155846998522e-05,103389,0.9429345347755504
195,196,6,2,other,1.0,5.472155846998522e-05,103395,0.9429892563340204
195,197,6,3,other,1.0,5.472155846998522e-05,103401,0.9430439778924904
109,109,6,1,year_precise,1.0,5.472155846998522e-05,103407,0.9430986994509604
295,295,6,1,year_precise,1.0,5.472155846998522e-05,103413,0.9431534210094303
10,30,6,21,other,1.0,5.472155846998522e-05,103419,0.9432081425679003
251,252,6,2,other,1.0,5.472155846998522e-05,103425,0.9432628641263703
251,313,6,63,other,1.0,5.472155846998522e-05,103431,0.9433175856848403
61,200,6,140,other,1.0,5.472155846998522e-05,103437,0.9433723072433103
317,320,6,4,other,1.0,5.472155846998522e-05,103443,0.9434270288017803
121,250,6,130,other,1.0,5.472155846998522e-05,103449,0.9434817503602503
122,126,6,5,other,1.0,5.472155846998522e-05,103455,0.9435364719187203
42,70,6,29,other,1.0,5.472155846998522e-05,103461,0.9435911934771902
164,169,6,6,other,1.0,5.472155846998522e-05,103467,0.9436459150356602
166,180,6,15,other,1.0,5.472155846998522e-05,103473,0.9437006365941302
-15,60,6,76,bc_ad_boundary,1.0,5.472155846998522e-05,103479,0.9437553581526001
111,130,6,20,other,1.0,5.472155846998522e-05,103485,0.9438100797110702
161,220,6,60,other,1.0,5.472155846998522e-05,103491,0.9438648012695402
157,158,6,2,other,1.0,5.472155846998522e-05,103497,0.9439195228280102
53,53,6,1,year_precise,1.0,5.472155846998522e-05,103503,0.9439742443864801
193,194,6,2,other,1.0,5.472155846998522e-05,103509,0.9440289659449501
193,200,6,8,other,1.0,5.472155846998522e-05,103515,0.9440836875034201
41,150,6,110,other,1.0,5.472155846998522e-05,103521,0.9441384090618901
1,54,6,54,other,1.0,5.472155846998522e-05,103527,0.94419313062036
151,330,6,180,other,1.0,5.472155846998522e-05,103533,0.94424785217883
117,130,6,14,other,1.0,5.472155846998522e-05,103539,0.9443025737373001
258,258,6,1,year_precise,1.0,5.472155846998522e-05,103545,0.9443572952957701
80,150,6,71,other,1.0,5.472155846998522e-05,103551,0.94441201685424
80,161,6,82,other,1.0,5.472155846998522e-05,103557,0.94446673841271
121,130,6,10,other,1.0,5.472155846998522e-05,103563,0.94452145997118
311,311,6,1,year_precise,1.0,5.472155846998522e-05,103569,0.94457618152965
39,39,6,1,year_precise,1.0,5.472155846998522e-05,103575,0.9446309030881199
195,250,6,56,other,1.0,5.472155846998522e-05,103581,0.9446856246465899
262,262,6,1,year_precise,1.0,5.472155846998522e-05,103587,0.9447403462050599
-15,10,6,26,bc_ad_boundary,1.0,5.472155846998522e-05,103593,0.94479506776353
201,204,6,4,other,1.0,5.472155846998522e-05,103599,0.9448497893219999
-80,-46,6,35,other,0.1429,5.472155846998522e-05,103605,0.9449045108804699
303,303,6,1,year_precise,1.0,5.472155846998522e-05,103611,0.9449592324389399
117,250,6,134,other,1.0,5.472155846998522e-05,103617,0.9450139539974098
-13,-13,6,1,year_precise,1.0,5.472155846998522e-05,103623,0.9450686755558798
-31,30,6,62,bc_ad_boundary,1.0,5.472155846998522e-05,103629,0.9451233971143498
-30,-14,6,17,other,1.0,5.472155846998522e-05,103635,0.9451781186728198
9,42,6,34,other,1.0,5.472155846998522e-05,103641,0.9452328402312898
309,309,6,1,year_precise,1.0,5.472155846998522e-05,103647,0.9452875617897598
-12,4,6,17,bc_ad_boundary,1.0,5.472155846998522e-05,103653,0.9453422833482298
117,117,6,1,year_precise,1.0,5.472155846998522e-05,103659,0.9453970049066998
156,156,6,1,year_precise,1.0,5.472155846998522e-05,103665,0.9454517264651697
156,158,6,3,other,1.0,5.472155846998522e-05,103671,0.9455064480236397
1,1,6,1,year_precise,1.0,5.472155846998522e-05,103677,0.9455611695821097
307,308,6,2,other,1.0,5.472155846998522e-05,103683,0.9456158911405796
114,150,6,37,other,1.0,5.472155846998522e-05,103689,0.9456706126990496
114,200,6,87,other,1.0,5.472155846998522e-05,103695,0.9457253342575197
79,96,6,18,other,1.0,5.472155846998522e-05,103701,0.9457800558159897
201,313,6,113,other,1.0,5.472155846998522e-05,103707,0.9458347773744596
-100,30,6,131,bc_ad_boundary,0.6183,5.472155846998522e-05,103713,0.9458894989329296
138,160,6,23,reign:Antonine-Pius,1.0,5.472155846998522e-05,103719,0.9459442204913996
138,217,6,80,other,1.0,5.472155846998522e-05,103725,0.9459989420498696
138,222,6,85,other,1.0,5.472155846998522e-05,103731,0.9460536636083395
26,175,6,150,other,1.0,5.472155846998522e-05,103737,0.9461083851668095
-10,50,6,61,bc_ad_boundary,1.0,5.472155846998522e-05,103743,0.9461631067252796
333,333,6,1,year_precise,1.0,5.472155846998522e-05,103749,0.9462178282837496
335,337,6,3,other,1.0,5.472155846998522e-05,103755,0.9462725498422195
326,333,6,8,other,1.0,5.472155846998522e-05,103761,0.9463272714006895
66,66,6,1,year_precise,1.0,5.472155846998522e-05,103767,0.9463819929591595
130,200,6,71,other,1.0,5.472155846998522e-05,103773,0.9464367145176295
131,131,6,1,year_precise,1.0,5.472155846998522e-05,103779,0.9464914360760994
331,350,6,20,other,1.0,5.472155846998522e-05,103785,0.9465461576345694
331,470,6,140,other,0.1429,5.472155846998522e-05,103791,0.9466008791930394
131,171,6,41,other,1.0,5.472155846998522e-05,103797,0.9466556007515095
-130,-1,6,130,other,0.3846,5.472155846998522e-05,103803,0.9467103223099794
347,347,6,1,year_precise,1.0,5.472155846998522e-05,103809,0.9467650438684494
136,136,6,1,year_precise,1.0,5.472155846998522e-05,103815,0.9468197654269194
342,342,5,1,year_precise,1.0,4.5601298724987684e-05,103820,0.9468653667256444
135,138,5,4,other,1.0,4.5601298724987684e-05,103825,0.9469109680243694
346,400,5,55,other,0.0909,4.5601298724987684e-05,103830,0.9469565693230944
30,79,5,50,other,1.0,4.5601298724987684e-05,103835,0.9470021706218194
331,600,5,270,other,0.0741,4.5601298724987684e-05,103840,0.9470477719205443
331,430,5,100,other,0.2,4.5601298724987684e-05,103845,0.9470933732192692
4,4,5,1,year_precise,1.0,4.5601298724987684e-05,103850,0.9471389745179942
175,200,5,26,other,1.0,4.5601298724987684e-05,103855,0.9471845758167192
-50,200,5,251,bc_ad_boundary,1.0,4.5601298724987684e-05,103860,0.9472301771154442
238,239,5,2,other,1.0,4.5601298724987684e-05,103865,0.9472757784141692
14,300,5,287,other,1.0,4.5601298724987684e-05,103870,0.9473213797128942
336,336,5,1,year_precise,1.0,4.5601298724987684e-05,103875,0.9473669810116192
326,327,5,2,other,1.0,4.5601298724987684e-05,103880,0.9474125823103442
15,20,5,6,other,1.0,4.5601298724987684e-05,103885,0.9474581836090692
126,175,5,50,other,1.0,4.5601298724987684e-05,103890,0.9475037849077942
151,161,5,11,other,1.0,4.5601298724987684e-05,103895,0.9475493862065192
24,37,5,14,other,1.0,4.5601298724987684e-05,103900,0.9475949875052442
255,258,5,4,other,1.0,4.5601298724987684e-05,103905,0.9476405888039692
255,256,5,2,other,1.0,4.5601298724987684e-05,103910,0.9476861901026942
202,204,5,3,other,1.0,4.5601298724987684e-05,103915,0.9477317914014192
156,157,5,2,other,1.0,4.5601298724987684e-05,103920,0.947777392700144
-10,-1,5,10,other,1.0,4.5601298724987684e-05,103925,0.947822993998869
150,151,5,2,other,1.0,4.5601298724987684e-05,103930,0.947868595297594
119,168,5,50,other,1.0,4.5601298724987684e-05,103935,0.947914196596319
119,120,5,2,other,1.0,4.5601298724987684e-05,103940,0.947959797895044
148,149,5,2,other,1.0,4.5601298724987684e-05,103945,0.948005399193769
121,123,5,3,other,1.0,4.5601298724987684e-05,103950,0.948051000492494
81,85,5,5,other,1.0,4.5601298724987684e-05,103955,0.948096601791219
121,122,5,2,other,1.0,4.5601298724987684e-05,103960,0.948142203089944
118,138,5,21,reign:Hadrianic,1.0,4.5601298724987684e-05,103965,0.948187804388669
117,217,5,101,other,1.0,4.5601298724987684e-05,103970,0.948233405687394
306,306,5,1,year_precise,1.0,4.5601298724987684e-05,103975,0.948279006986119
257,260,5,4,other,1.0,4.5601298724987684e-05,103980,0.948324608284844
87,87,5,1,year_precise,1.0,4.5601298724987684e-05,103985,0.948370209583569
200,300,5,101,other,1.0,4.5601298724987684e-05,103990,0.9484158108822939
-15,50,5,66,bc_ad_boundary,1.0,4.5601298724987684e-05,103995,0.9484614121810189
51,350,5,300,multi_century,1.0,4.5601298724987684e-05,104000,0.9485070134797439
197,217,5,21,other,1.0,4.5601298724987684e-05,104005,0.9485526147784689
83,410,5,328,other,0.8171,4.5601298724987684e-05,104010,0.9485982160771939
17,43,5,27,other,1.0,4.5601298724987684e-05,104015,0.9486438173759189
120,160,5,41,other,1.0,4.5601298724987684e-05,104020,0.9486894186746438
120,150,5,31,other,1.0,4.5601298724987684e-05,104025,0.9487350199733688
120,140,5,21,other,1.0,4.5601298724987684e-05,104030,0.9487806212720938
313,400,5,88,other,0.4318,4.5601298724987684e-05,104035,0.9488262225708188
313,314,5,2,other,1.0,4.5601298724987684e-05,104040,0.9488718238695438
-33,-33,5,1,year_precise,1.0,4.5601298724987684e-05,104045,0.9489174251682688
59,59,5,1,year_precise,1.0,4.5601298724987684e-05,104050,0.9489630264669938
253,256,5,4,other,1.0,4.5601298724987684e-05,104055,0.9490086277657188
253,254,5,2,other,1.0,4.5601298724987684e-05,104060,0.9490542290644438
251,450,5,200,multi_century,0.5,4.5601298724987684e-05,104065,0.9490998303631687
142,300,5,159,other,1.0,4.5601298724987684e-05,104070,0.9491454316618937
259,268,5,10,other,1.0,4.5601298724987684e-05,104075,0.9491910329606187
297,297,5,1,year_precise,1.0,4.5601298724987684e-05,104080,0.9492366342593437
41,50,5,10,other,1.0,4.5601298724987684e-05,104085,0.9492822355580687
194,230,5,37,other,1.0,4.5601298724987684e-05,104090,0.9493278368567937
193,275,5,83,other,1.0,4.5601298724987684e-05,104095,0.9493734381555187
193,270,5,78,other,1.0,4.5601298724987684e-05,104100,0.9494190394542437
193,195,5,3,other,1.0,4.5601298724987684e-05,104105,0.9494646407529687
161,190,5,30,other,1.0,4.5601298724987684e-05,104110,0.9495102420516937
-17,2,5,20,bc_ad_boundary,1.0,4.5601298724987684e-05,104115,0.9495558433504186
161,175,5,15,other,1.0,4.5601298724987684e-05,104120,0.9496014446491436
1,69,5,69,other,1.0,4.5601298724987684e-05,104125,0.9496470459478686
111,111,5,1,year_precise,1.0,4.5601298724987684e-05,104130,0.9496926472465936
165,169,5,5,other,1.0,4.5601298724987684e-05,104135,0.9497382485453185
291,310,5,20,other,1.0,4.5601298724987684e-05,104140,0.9497838498440435
113,113,5,1,year_precise,1.0,4.5601298724987684e-05,104145,0.9498294511427685
163,165,5,3,other,1.0,4.5601298724987684e-05,104150,0.9498750524414935
43,44,5,2,other,1.0,4.5601298724987684e-05,104155,0.9499206537402185
37,68,5,32,other,1.0,4.5601298724987684e-05,104160,0.9499662550389435
142,230,5,89,other,1.0,4.5601298724987684e-05,104165,0.9500118563376685
121,300,5,180,other,1.0,4.5601298724987684e-05,104170,0.9500574576363935
71,180,5,110,other,1.0,4.5601298724987684e-05,104175,0.9501030589351185
-42,50,5,93,bc_ad_boundary,1.0,4.5601298724987684e-05,104180,0.9501486602338435
60,60,5,1,year_precise,1.0,4.5601298724987684e-05,104185,0.9501942615325685
59,101,5,43,other,1.0,4.5601298724987684e-05,104190,0.9502398628312935
251,270,5,20,other,1.0,4.5601298724987684e-05,104195,0.9502854641300185
317,317,5,1,year_precise,1.0,4.5601298724987684e-05,104200,0.9503310654287435
41,300,5,260,other,1.0,4.5601298724987684e-05,104205,0.9503766667274683
41,200,5,160,other,1.0,4.5601298724987684e-05,104210,0.9504222680261933
264,264,5,1,year_precise,1.0,4.5601298724987684e-05,104215,0.9504678693249183
86,86,5,1,year_precise,1.0,4.5601298724987684e-05,104220,0.9505134706236433
287,287,5,1,year_precise,1.0,4.5601298724987684e-05,104225,0.9505590719223683
168,200,5,33,other,1.0,4.5601298724987684e-05,104230,0.9506046732210933
90,110,5,21,other,1.0,4.5601298724987684e-05,104235,0.9506502745198183
90,90,5,1,year_precise,1.0,4.5601298724987684e-05,104240,0.9506958758185433
268,268,5,1,year_precise,1.0,4.5601298724987684e-05,104245,0.9507414771172683
264,265,5,2,other,1.0,4.5601298724987684e-05,104250,0.9507870784159933
161,260,5,100,other,1.0,4.5601298724987684e-05,104255,0.9508326797147183
-20,-5,5,16,other,1.0,4.5601298724987684e-05,104260,0.9508782810134433
106,107,5,2,other,1.0,4.5601298724987684e-05,104265,0.9509238823121683
1,101,5,101,other,1.0,4.5601298724987684e-05,104270,0.9509694836108933
167,200,5,34,other,1.0,4.5601298724987684e-05,104275,0.9510150849096183
91,100,5,10,other,1.0,4.5601298724987684e-05,104280,0.9510606862083432
-28,-28,5,1,year_precise,1.0,4.5601298724987684e-05,104285,0.9511062875070682
191,192,5,2,other,1.0,4.5601298724987684e-05,104290,0.9511518888057932
91,200,5,110,other,1.0,4.5601298724987684e-05,104295,0.9511974901045182
7,7,5,1,year_precise,1.0,4.5601298724987684e-05,104300,0.9512430914032431
185,260,5,76,other,1.0,4.5601298724987684e-05,104305,0.9512886927019681
92,97,5,6,other,1.0,4.5601298724987684e-05,104310,0.9513342940006931
71,104,5,34,other,1.0,4.5601298724987684e-05,104315,0.9513798952994181
71,83,5,13,other,1.0,4.5601298724987684e-05,104320,0.9514254965981431
71,122,5,52,other,1.0,4.5601298724987684e-05,104325,0.9514710978968681
217,230,5,14,other,1.0,4.5601298724987684e-05,104330,0.9515166991955931
32,32,5,1,year_precise,1.0,4.5601298724987684e-05,104335,0.9515623004943181
10,14,5,5,other,1.0,4.5601298724987684e-05,104340,0.9516079017930431
211,300,5,90,other,1.0,4.5601298724987684e-05,104345,0.9516535030917681
210,211,5,2,other,1.0,4.5601298724987684e-05,104350,0.951699104390493
318,318,5,1,year_precise,1.0,4.5601298724987684e-05,104355,0.951744705689218
51,71,5,21,other,1.0,4.5601298724987684e-05,104360,0.951790306987943
107,300,5,194,other,1.0,4.5601298724987684e-05,104365,0.951835908286668
171,190,5,20,other,1.0,4.5601298724987684e-05,104370,0.951881509585393
171,171,5,1,year_precise,1.0,4.5601298724987684e-05,104375,0.951927110884118
103,117,5,15,other,1.0,4.5601298724987684e-05,104380,0.951972712182843
45,55,5,11,other,1.0,4.5601298724987684e-05,104385,0.952018313481568
283,285,5,3,other,1.0,4.5601298724987684e-05,104390,0.952063914780293
175,180,5,6,other,1.0,4.5601298724987684e-05,104395,0.952109516079018
101,220,5,120,other,1.0,4.5601298724987684e-05,104400,0.9521551173777429
226,235,5,10,other,1.0,4.5601298724987684e-05,104405,0.9522007186764679
14,40,5,27,other,1.0,4.5601298724987684e-05,104410,0.9522463199751929
139,165,5,27,other,1.0,4.5601298724987684e-05,104415,0.9522919212739179
124,194,5,71,other,1.0,4.5601298724987684e-05,104420,0.9523375225726428
126,127,5,2,other,1.0,4.5601298724987684e-05,104425,0.9523831238713678
-43,14,5,58,bc_ad_boundary,1.0,4.5601298724987684e-05,104430,0.9524287251700928
214,215,5,2,other,1.0,4.5601298724987684e-05,104435,0.9524743264688178
213,250,5,38,other,1.0,4.5601298724987684e-05,104440,0.9525199277675428
212,215,5,4,other,1.0,4.5601298724987684e-05,104445,0.9525655290662678
15,100,5,86,other,1.0,4.5601298724987684e-05,104450,0.9526111303649928
245,249,5,5,other,1.0,4.5601298724987684e-05,104455,0.9526567316637178
245,247,5,3,other,1.0,4.5601298724987684e-05,104460,0.9527023329624428
-23,14,5,38,bc_ad_boundary,1.0,4.5601298724987684e-05,104465,0.9527479342611678
-23,-23,5,1,year_precise,1.0,4.5601298724987684e-05,104470,0.9527935355598928
101,367,5,267,other,0.9363,4.5601298724987684e-05,104475,0.9528391368586178
96,97,5,2,other,1.0,4.5601298724987684e-05,104480,0.9528847381573428
97,130,5,34,other,1.0,4.5601298724987684e-05,104485,0.9529303394560678
50,150,5,101,other,1.0,4.5601298724987684e-05,104490,0.9529759407547927
98,101,5,4,other,1.0,4.5601298724987684e-05,104495,0.9530215420535176
180,190,5,11,other,1.0,4.5601298724987684e-05,104500,0.9530671433522426
179,180,5,2,other,1.0,4.5601298724987684e-05,104505,0.9531127446509676
276,300,5,25,other,1.0,4.5601298724987684e-05,104510,0.9531583459496926
50,50,5,1,year_precise,1.0,4.5601298724987684e-05,104515,0.9532039472484176
-25,100,5,126,bc_ad_boundary,1.0,4.5601298724987684e-05,104520,0.9532495485471426
-100,-41,5,60,other,0.1667,4.5601298724987684e-05,104525,0.9532951498458676
241,242,5,2,other,1.0,4.5601298724987684e-05,104530,0.9533407511445926
226,275,5,50,other,1.0,4.5601298724987684e-05,104535,0.9533863524433176
14,69,5,56,other,1.0,4.5601298724987684e-05,104540,0.9534319537420426
14,42,5,29,other,1.0,4.5601298724987684e-05,104545,0.9534775550407676
70,83,5,14,other,1.0,4.5601298724987684e-05,104550,0.9535231563394926
48,54,5,7,other,1.0,4.5601298724987684e-05,104555,0.9535687576382176
101,131,5,31,other,1.0,4.5601298724987684e-05,104560,0.9536143589369426
176,220,5,45,other,1.0,4.5601298724987684e-05,104565,0.9536599602356675
-46,-46,5,1,year_precise,1.0,4.5601298724987684e-05,104570,0.9537055615343925
69,81,5,13,other,1.0,4.5601298724987684e-05,104575,0.9537511628331174
231,330,5,100,other,1.0,4.5601298724987684e-05,104580,0.9537967641318424
230,300,5,71,other,1.0,4.5601298724987684e-05,104585,0.9538423654305674
67,67,5,1,year_precise,1.0,4.5601298724987684e-05,104590,0.9538879667292924
130,130,5,1,year_precise,1.0,4.5601298724987684e-05,104595,0.9539335680280174
-7,-7,5,1,year_precise,1.0,4.5601298724987684e-05,104600,0.9539791693267424
-8,-8,5,1,year_precise,1.0,4.5601298724987684e-05,104605,0.9540247706254674
331,331,5,1,year_precise,1.0,4.5601298724987684e-05,104610,0.9540703719241924
31,37,5,7,other,1.0,4.5601298724987684e-05,104615,0.9541159732229174
29,30,5,2,other,1.0,4.5601298724987684e-05,104620,0.9541615745216424
-200,-31,5,170,other,0.1176,4.5601298724987684e-05,104625,0.9542071758203674
29,29,5,1,year_precise,1.0,4.5601298724987684e-05,104630,0.9542527771190924
69,114,4,46,other,1.0,3.648103897999015e-05,104634,0.9542892581580723
69,74,4,6,other,1.0,3.648103897999015e-05,104638,0.9543257391970523
69,70,4,2,other,1.0,3.648103897999015e-05,104642,0.9543622202360323
65,250,4,186,other,1.0,3.648103897999015e-05,104646,0.9543987012750124
238,300,4,63,other,1.0,3.648103897999015e-05,104650,0.9544351823139923
15,15,4,1,year_precise,1.0,3.648103897999015e-05,104654,0.9544716633529723
331,450,4,120,other,0.1667,3.648103897999015e-05,104658,0.9545081443919523
331,360,4,30,other,0.6667,3.648103897999015e-05,104662,0.9545446254309323
131,133,4,3,other,1.0,3.648103897999015e-05,104666,0.9545811064699122
346,346,4,1,year_precise,1.0,3.648103897999015e-05,104670,0.9546175875088923
98,100,4,3,other,1.0,3.648103897999015e-05,104674,0.9546540685478723
-27,96,4,124,bc_ad_boundary,1.0,3.648103897999015e-05,104678,0.9546905495868523
-27,70,4,98,bc_ad_boundary,1.0,3.648103897999015e-05,104682,0.9547270306258322
98,161,4,64,other,1.0,3.648103897999015e-05,104686,0.9547635116648122
98,114,4,17,other,1.0,3.648103897999015e-05,104690,0.9547999927037922
179,300,4,122,other,1.0,3.648103897999015e-05,104694,0.9548364737427721
50,70,4,21,other,1.0,3.648103897999015e-05,104698,0.9548729547817522
178,180,4,3,other,1.0,3.648103897999015e-05,104702,0.9549094358207322
182,184,4,3,other,1.0,3.648103897999015e-05,104706,0.9549459168597122
97,117,4,21,reign:Nervan-Trajanic,1.0,3.648103897999015e-05,104710,0.9549823978986921
181,200,4,20,other,1.0,3.648103897999015e-05,104714,0.9550188789376721
51,60,4,10,other,1.0,3.648103897999015e-05,104718,0.9550553599766521
51,52,4,2,other,1.0,3.648103897999015e-05,104722,0.9550918410156322
50,125,4,76,other,1.0,3.648103897999015e-05,104726,0.9551283220546121
49,50,4,2,other,1.0,3.648103897999015e-05,104730,0.9551648030935921
47,48,4,2,other,1.0,3.648103897999015e-05,104734,0.9552012841325721
46,70,4,25,other,1.0,3.648103897999015e-05,104738,0.9552377651715521
279,280,4,2,other,1.0,3.648103897999015e-05,104742,0.955274246210532
4,19,4,16,other,1.0,3.648103897999015e-05,104746,0.955310727249512
-20,14,4,35,bc_ad_boundary,1.0,3.648103897999015e-05,104750,0.9553472082884921
2,14,4,13,other,1.0,3.648103897999015e-05,104754,0.9553836893274721
171,220,4,50,other,1.0,3.648103897999015e-05,104758,0.955420170366452
21,40,4,20,other,1.0,3.648103897999015e-05,104762,0.955456651405432
-71,30,4,102,bc_ad_boundary,0.7941,3.648103897999015e-05,104766,0.955493132444412
191,230,4,40,other,1.0,3.648103897999015e-05,104770,0.955529613483392
186,192,4,7,other,1.0,3.648103897999015e-05,104774,0.955566094522372
92,105,4,14,other,1.0,3.648103897999015e-05,104778,0.955602575561352
19,20,4,2,other,1.0,3.648103897999015e-05,104782,0.955639056600332
51,77,4,27,other,1.0,3.648103897999015e-05,104786,0.955675537639312
171,180,4,10,other,1.0,3.648103897999015e-05,104790,0.9557120186782919
169,180,4,12,other,1.0,3.648103897999015e-05,104794,0.9557484997172719
169,171,4,3,other,1.0,3.648103897999015e-05,104798,0.955784980756252
45,69,4,25,other,1.0,3.648103897999015e-05,104802,0.955821461795232
288,288,4,1,year_precise,1.0,3.648103897999015e-05,104806,0.9558579428342119
104,105,4,2,other,1.0,3.648103897999015e-05,104810,0.9558944238731919
271,370,4,100,other,0.8,3.648103897999015e-05,104814,0.9559309049121719
270,271,4,2,other,1.0,3.648103897999015e-05,104818,0.9559673859511519
90,114,4,25,other,1.0,3.648103897999015e-05,104822,0.9560038669901318
90,100,4,11,other,1.0,3.648103897999015e-05,104826,0.9560403480291119
90,96,4,7,other,1.0,3.648103897999015e-05,104830,0.9560768290680919
91,115,4,25,other,1.0,3.648103897999015e-05,104834,0.9561133101070719
268,269,4,2,other,1.0,3.648103897999015e-05,104838,0.9561497911460518
267,267,4,1,year_precise,1.0,3.648103897999015e-05,104842,0.9561862721850318
161,270,4,110,other,1.0,3.648103897999015e-05,104846,0.9562227532240118
-20,-2,4,19,other,1.0,3.648103897999015e-05,104850,0.9562592342629919
167,250,4,84,other,1.0,3.648103897999015e-05,104854,0.9562957153019718
107,108,4,2,other,1.0,3.648103897999015e-05,104858,0.9563321963409518
108,108,4,1,year_precise,1.0,3.648103897999015e-05,104862,0.9563686773799318
293,337,4,45,other,1.0,3.648103897999015e-05,104866,0.9564051584189117
291,320,4,30,other,1.0,3.648103897999015e-05,104870,0.9564416394578917
290,294,4,5,other,1.0,3.648103897999015e-05,104874,0.9564781204968718
301,301,4,1,year_precise,1.0,3.648103897999015e-05,104878,0.9565146015358518
163,180,4,18,other,1.0,3.648103897999015e-05,104882,0.9565510825748317
163,166,4,4,other,1.0,3.648103897999015e-05,104886,0.9565875636138117
-17,-17,4,1,year_precise,1.0,3.648103897999015e-05,104890,0.9566240446527917
42,43,4,2,other,1.0,3.648103897999015e-05,104894,0.9566605256917717
44,44,4,1,year_precise,1.0,3.648103897999015e-05,104898,0.9566970067307516
108,150,4,43,other,1.0,3.648103897999015e-05,104902,0.9567334877697317
91,101,4,11,other,1.0,3.648103897999015e-05,104906,0.9567699688087117
86,89,4,4,other,1.0,3.648103897999015e-05,104910,0.9568064498476917
85,200,4,116,other,1.0,3.648103897999015e-05,104914,0.9568429308866716
194,300,4,107,other,1.0,3.648103897999015e-05,104918,0.9568794119256516
263,263,4,1,year_precise,1.0,3.648103897999015e-05,104922,0.9569158929646316
156,165,4,10,other,1.0,3.648103897999015e-05,104926,0.9569523740036117
161,164,4,4,other,1.0,3.648103897999015e-05,104930,0.9569888550425916
110,260,4,151,other,1.0,3.648103897999015e-05,104934,0.9570253360815716
110,140,4,31,other,1.0,3.648103897999015e-05,104938,0.9570618171205516
-15,30,4,46,bc_ad_boundary,1.0,3.648103897999015e-05,104942,0.9570982981595316
83,150,4,68,other,1.0,3.648103897999015e-05,104946,0.9571347791985115
198,202,4,5,other,1.0,3.648103897999015e-05,104950,0.9571712602374916
85,96,4,12,other,1.0,3.648103897999015e-05,104954,0.9572077412764716
84,84,4,1,year_precise,1.0,3.648103897999015e-05,104958,0.9572442223154516
196,222,4,27,other,1.0,3.648103897999015e-05,104962,0.9572807033544315
196,198,4,3,other,1.0,3.648103897999015e-05,104966,0.9573171843934115
54,66,4,13,other,1.0,3.648103897999015e-05,104970,0.9573536654323915
54,65,4,12,other,1.0,3.648103897999015e-05,104974,0.9573901464713716
112,113,4,2,other,1.0,3.648103897999015e-05,104978,0.9574266275103515
157,161,4,5,other,1.0,3.648103897999015e-05,104982,0.9574631085493315
115,117,4,3,other,1.0,3.648103897999015e-05,104986,0.9574995895883115
41,90,4,50,other,1.0,3.648103897999015e-05,104990,0.9575360706272915
41,71,4,31,other,1.0,3.648103897999015e-05,104994,0.9575725516662714
41,69,4,29,other,1.0,3.648103897999015e-05,104998,0.9576090327052514
23,30,4,8,other,1.0,3.648103897999015e-05,105002,0.9576455137442315
114,115,4,2,other,1.0,3.648103897999015e-05,105006,0.9576819947832115
115,140,4,26,other,1.0,3.648103897999015e-05,105010,0.9577184758221914
154,161,4,8,other,1.0,3.648103897999015e-05,105014,0.9577549568611714
117,192,4,76,other,1.0,3.648103897999015e-05,105018,0.9577914379001514
40,63,4,24,other,1.0,3.648103897999015e-05,105022,0.9578279189391314
302,302,4,1,year_precise,1.0,3.648103897999015e-05,105026,0.9578643999781113
117,170,4,54,other,1.0,3.648103897999015e-05,105030,0.9579008810170914
201,202,4,2,other,1.0,3.648103897999015e-05,105034,0.9579373620560714
198,300,4,103,other,1.0,3.648103897999015e-05,105038,0.9579738430950513
198,222,4,25,other,1.0,3.648103897999015e-05,105042,0.9580103241340313
-30,-10,4,21,other,1.0,3.648103897999015e-05,105046,0.9580468051730113
-30,-11,4,20,other,1.0,3.648103897999015e-05,105050,0.9580832862119913
-30,-21,4,10,other,1.0,3.648103897999015e-05,105054,0.9581197672509713
-30,-30,4,1,year_precise,1.0,3.648103897999015e-05,105058,0.9581562482899513
255,259,4,5,other,1.0,3.648103897999015e-05,105062,0.9581927293289313
120,250,4,131,other,1.0,3.648103897999015e-05,105066,0.9582292103679113
-14,-14,4,1,year_precise,1.0,3.648103897999015e-05,105070,0.9582656914068912
117,235,4,119,other,1.0,3.648103897999015e-05,105074,0.9583021724458712
151,193,4,43,other,1.0,3.648103897999015e-05,105078,0.9583386534848513
151,190,4,40,other,1.0,3.648103897999015e-05,105082,0.9583751345238313
151,160,4,10,other,1.0,3.648103897999015e-05,105086,0.9584116155628112
-90,-41,4,50,other,0.2,3.648103897999015e-05,105090,0.9584480966017912
-100,200,4,301,bc_ad_boundary,0.8339,3.648103897999015e-05,105094,0.9584845776407712
307,324,4,18,other,1.0,3.648103897999015e-05,105098,0.9585210586797512
202,203,4,2,other,1.0,3.648103897999015e-05,105102,0.9585575397187311
80,81,4,2,other,1.0,3.648103897999015e-05,105106,0.9585940207577112
251,500,4,250,multi_century,0.4,3.648103897999015e-05,105110,0.9586305017966912
80,90,4,11,other,1.0,3.648103897999015e-05,105114,0.9586669828356712
149,150,4,2,other,1.0,3.648103897999015e-05,105118,0.9587034638746511
146,147,4,2,other,1.0,3.648103897999015e-05,105122,0.9587399449136311
39,56,4,18,other,1.0,3.648103897999015e-05,105126,0.9587764259526111
310,311,4,2,other,1.0,3.648103897999015e-05,105130,0.9588129069915912
309,313,4,5,other,1.0,3.648103897999015e-05,105134,0.9588493880305711
309,310,4,2,other,1.0,3.648103897999015e-05,105138,0.9588858690695511
26,27,4,2,other,1.0,3.648103897999015e-05,105142,0.9589223501085311
-36,-31,4,6,other,1.0,3.648103897999015e-05,105146,0.9589588311475111
201,217,4,17,other,1.0,3.648103897999015e-05,105150,0.958995312186491
60,79,4,20,other,1.0,3.648103897999015e-05,105154,0.959031793225471
60,75,4,16,other,1.0,3.648103897999015e-05,105158,0.9590682742644511
60,70,4,11,other,1.0,3.648103897999015e-05,105162,0.9591047553034311
203,205,4,3,other,1.0,3.648103897999015e-05,105166,0.959141236342411
203,204,4,2,other,1.0,3.648103897999015e-05,105170,0.959177717381391
10,62,4,53,other,1.0,3.648103897999015e-05,105174,0.959214198420371
10,20,4,11,other,1.0,3.648103897999015e-05,105178,0.959250679459351
145,160,4,16,other,1.0,3.648103897999015e-05,105182,0.959287160498331
145,147,4,3,other,1.0,3.648103897999015e-05,105186,0.959323641537311
145,146,4,2,other,1.0,3.648103897999015e-05,105190,0.959360122576291
38,39,4,2,other,1.0,3.648103897999015e-05,105194,0.959396603615271
37,200,4,164,other,1.0,3.648103897999015e-05,105198,0.9594330846542509
-1,-1,4,1,year_precise,1.0,3.648103897999015e-05,105202,0.9594695656932309
143,143,4,1,year_precise,1.0,3.648103897999015e-05,105206,0.959506046732211
211,275,4,65,other,1.0,3.648103897999015e-05,105210,0.959542527771191
211,230,4,20,other,1.0,3.648103897999015e-05,105214,0.9595790088101709
76,175,4,100,other,1.0,3.648103897999015e-05,105218,0.9596154898491509
75,200,4,126,other,1.0,3.648103897999015e-05,105222,0.9596519708881309
209,210,4,2,other,1.0,3.648103897999015e-05,105226,0.9596884519271108
208,212,4,5,other,1.0,3.648103897999015e-05,105230,0.9597249329660908
-39,-39,4,1,year_precise,1.0,3.648103897999015e-05,105234,0.9597614140050709
205,210,4,6,other,1.0,3.648103897999015e-05,105238,0.9597978950440509
60,200,4,141,other,1.0,3.648103897999015e-05,105242,0.9598343760830308
-10,-8,4,3,other,1.0,3.648103897999015e-05,105246,0.9598708571220108
-10,-10,4,1,year_precise,1.0,3.648103897999015e-05,105250,0.9599073381609908
122,130,4,9,other,1.0,3.648103897999015e-05,105254,0.9599438191999708
121,160,4,40,other,1.0,3.648103897999015e-05,105258,0.9599803002389508
142,145,4,4,other,1.0,3.648103897999015e-05,105262,0.9600167812779308
141,161,4,21,other,1.0,3.648103897999015e-05,105266,0.9600532623169108
123,137,4,15,other,1.0,3.648103897999015e-05,105270,0.9600897433558908
36,37,4,2,other,1.0,3.648103897999015e-05,105274,0.9601262243948707
35,55,4,21,other,1.0,3.648103897999015e-05,105278,0.9601627054338507
60,90,4,31,other,1.0,3.648103897999015e-05,105282,0.9601991864728308
-50,-25,4,26,other,1.0,3.648103897999015e-05,105286,0.9602356675118108
72,75,4,4,other,1.0,3.648103897999015e-05,105290,0.9602721485507907
212,235,4,24,other,1.0,3.648103897999015e-05,105294,0.9603086295897707
244,248,4,5,other,1.0,3.648103897999015e-05,105298,0.9603451106287507
244,245,4,2,other,1.0,3.648103897999015e-05,105302,0.9603815916677307
-40,30,4,71,bc_ad_boundary,1.0,3.648103897999015e-05,105306,0.9604180727067106
-43,-31,4,13,other,1.0,3.648103897999015e-05,105310,0.9604545537456907
-44,14,4,59,bc_ad_boundary,1.0,3.648103897999015e-05,105314,0.9604910347846707
222,224,4,3,other,1.0,3.648103897999015e-05,105318,0.9605275158236507
71,96,4,26,other,1.0,3.648103897999015e-05,105322,0.9605639968626306
221,240,4,20,other,1.0,3.648103897999015e-05,105326,0.9606004779016106
219,220,4,2,other,1.0,3.648103897999015e-05,105330,0.9606369589405906
13,14,4,2,other,1.0,3.648103897999015e-05,105334,0.9606734399795707
71,410,4,340,other,0.8235,3.648103897999015e-05,105338,0.9607099210185506
63,65,4,3,other,1.0,3.648103897999015e-05,105342,0.9607464020575306
63,63,4,1,year_precise,1.0,3.648103897999015e-05,105346,0.9607828830965106
34,34,4,1,year_precise,1.0,3.648103897999015e-05,105350,0.9608193641354906
33,33,4,1,year_precise,1.0,3.648103897999015e-05,105354,0.9608558451744705
122,410,4,289,other,0.7924,3.648103897999015e-05,105358,0.9608923262134506
141,142,4,2,other,1.0,3.648103897999015e-05,105362,0.9609288072524306
140,161,4,22,other,1.0,3.648103897999015e-05,105366,0.9609652882914106
31,230,4,200,other,1.0,3.648103897999015e-05,105370,0.9610017693303905
-100,14,4,115,bc_ad_boundary,0.5652,3.648103897999015e-05,105374,0.9610382503693705
-100,-26,4,75,other,0.3333,3.648103897999015e-05,105378,0.9610747314083505
323,323,4,1,year_precise,1.0,3.648103897999015e-05,105382,0.9611112124473306
322,322,4,1,year_precise,1.0,3.648103897999015e-05,105386,0.9611476934863105
321,370,4,50,other,0.6,3.648103897999015e-05,105390,0.9611841745252905
71,260,4,190,other,1.0,3.648103897999015e-05,105394,0.9612206555642705
227,310,4,84,other,1.0,3.648103897999015e-05,105398,0.9612571366032504
70,90,4,21,other,1.0,3.648103897999015e-05,105402,0.9612936176422304
70,85,4,16,other,1.0,3.648103897999015e-05,105406,0.9613300986812104
14,79,4,66,other,1.0,3.648103897999015e-05,105410,0.9613665797201905
70,80,4,11,reign:Vespasianic,1.0,3.648103897999015e-05,105414,0.9614030607591704
65,80,4,16,other,1.0,3.648103897999015e-05,105418,0.9614395417981504
65,70,4,6,other,1.0,3.648103897999015e-05,105422,0.9614760228371304
326,337,4,12,other,1.0,3.648103897999015e-05,105426,0.9615125038761104
-4,-3,4,2,other,1.0,3.648103897999015e-05,105430,0.9615489849150903
139,141,4,3,other,1.0,3.648103897999015e-05,105434,0.9615854659540704
-10,15,4,26,bc_ad_boundary,1.0,3.648103897999015e-05,105438,0.9616219469930504
27,28,4,2,other,1.0,3.648103897999015e-05,105442,0.9616584280320304
27,27,4,1,year_precise,1.0,3.648103897999015e-05,105446,0.9616949090710103
26,200,4,175,other,1.0,3.648103897999015e-05,105450,0.9617313901099903
69,300,4,232,other,1.0,3.648103897999015e-05,105454,0.9617678711489703
138,170,4,33,other,1.0,3.648103897999015e-05,105458,0.9618043521879504
-9,37,4,47,bc_ad_boundary,1.0,3.648103897999015e-05,105462,0.9618408332269303
-9,-8,4,2,other,1.0,3.648103897999015e-05,105466,0.9618773142659103
-49,-49,4,1,year_precise,1.0,3.648103897999015e-05,105470,0.9619137953048903
68,71,4,4,other,1.0,3.648103897999015e-05,105474,0.9619502763438703
-5,-4,4,2,other,1.0,3.648103897999015e-05,105478,0.9619867573828502
350,352,4,3,other,0.3333,3.648103897999015e-05,105482,0.9620232384218302
349,349,4,1,year_precise,1.0,3.648103897999015e-05,105486,0.9620597194608103
339,500,4,162,other,0.0741,3.648103897999015e-05,105490,0.9620962004997903
338,338,4,1,year_precise,1.0,3.648103897999015e-05,105494,0.9621326815387702
-6,-6,4,1,year_precise,1.0,3.648103897999015e-05,105498,0.9621691625777502
133,135,4,3,other,1.0,3.648103897999015e-05,105502,0.9622056436167302
343,343,4,1,year_precise,1.0,3.648103897999015e-05,105506,0.9622421246557102
15,16,4,2,other,1.0,3.648103897999015e-05,105510,0.9622786056946901
-300,-1,4,300,other,0.1667,3.648103897999015e-05,105514,0.9623150867336702
341,400,4,60,other,0.1667,3.648103897999015e-05,105518,0.9623515677726502
335,335,3,1,year_precise,1.0,2.736077923499261e-05,105521,0.9623789285518851
332,332,3,1,year_precise,1.0,2.736077923499261e-05,105524,0.9624062893311202
131,140,3,10,other,1.0,2.736077923499261e-05,105527,0.9624336501103551
-130,-31,3,100,other,0.2,2.736077923499261e-05,105530,0.9624610108895901
138,145,3,8,other,1.0,2.736077923499261e-05,105533,0.9624883716688252
130,170,3,41,other,1.0,2.736077923499261e-05,105536,0.9625157324480601
31,40,3,10,other,1.0,2.736077923499261e-05,105539,0.9625430932272951
31,31,3,1,year_precise,1.0,2.736077923499261e-05,105542,0.9625704540065301
328,328,3,1,year_precise,1.0,2.736077923499261e-05,105545,0.9625978147857651
326,375,3,50,other,0.5,2.736077923499261e-05,105548,0.962625175565
326,350,3,25,other,1.0,2.736077923499261e-05,105551,0.9626525363442351
30,31,3,2,other,1.0,2.736077923499261e-05,105554,0.9626798971234701
34,35,3,2,other,1.0,2.736077923499261e-05,105557,0.9627072579027051
138,230,3,93,other,1.0,2.736077923499261e-05,105560,0.9627346186819401
238,270,3,33,other,1.0,2.736077923499261e-05,105563,0.962761979461175
238,250,3,13,other,1.0,2.736077923499261e-05,105566,0.9627893402404101
30,30,3,1,year_precise,1.0,2.736077923499261e-05,105569,0.962816701019645
14,200,3,187,other,1.0,2.736077923499261e-05,105572,0.96284406179888
68,100,3,33,other,1.0,2.736077923499261e-05,105575,0.962871422578115
130,140,3,11,other,1.0,2.736077923499261e-05,105578,0.96289878335735
130,138,3,9,other,1.0,2.736077923499261e-05,105581,0.9629261441365851
-5,14,3,20,bc_ad_boundary,1.0,2.736077923499261e-05,105584,0.96295350491582
127,140,3,14,other,1.0,2.736077923499261e-05,105587,0.962980865695055
69,138,3,70,other,1.0,2.736077923499261e-05,105590,0.96300822647429
229,235,3,7,other,1.0,2.736077923499261e-05,105593,0.963035587253525
14,51,3,38,other,1.0,2.736077923499261e-05,105596,0.9630629480327599
225,230,3,6,other,1.0,2.736077923499261e-05,105599,0.963090308811995
231,280,3,50,other,1.0,2.736077923499261e-05,105602,0.9631176695912299
231,235,3,5,other,1.0,2.736077923499261e-05,105605,0.963145030370465
230,260,3,31,other,1.0,2.736077923499261e-05,105608,0.9631723911497
34,37,3,4,other,1.0,2.736077923499261e-05,105611,0.9631997519289349
139,160,3,22,reign:Antonine-Pius,1.0,2.736077923499261e-05,105614,0.96322711270817
139,150,3,12,other,1.0,2.736077923499261e-05,105617,0.9632544734874049
-3,-2,3,2,other,1.0,2.736077923499261e-05,105620,0.9632818342666399
-5,30,3,36,bc_ad_boundary,1.0,2.736077923499261e-05,105623,0.9633091950458749
122,250,3,129,other,1.0,2.736077923499261e-05,105626,0.9633365558251099
140,170,3,31,other,1.0,2.736077923499261e-05,105629,0.9633639166043448
140,160,3,21,other,1.0,2.736077923499261e-05,105632,0.9633912773835799
140,145,3,6,other,1.0,2.736077923499261e-05,105635,0.9634186381628149
319,319,3,1,year_precise,1.0,2.736077923499261e-05,105638,0.9634459989420499
121,430,3,310,other,0.7419,2.736077923499261e-05,105641,0.9634733597212849
141,220,3,80,other,1.0,2.736077923499261e-05,105644,0.9635007205005198
141,180,3,40,other,1.0,2.736077923499261e-05,105647,0.9635280812797549
65,78,3,14,other,1.0,2.736077923499261e-05,105650,0.9635554420589898
65,68,3,4,other,1.0,2.736077923499261e-05,105653,0.9635828028382248
15,37,3,23,reign:Tiberian,1.0,2.736077923499261e-05,105656,0.9636101636174599
70,75,3,6,other,1.0,2.736077923499261e-05,105659,0.9636375243966948
69,250,3,182,other,1.0,2.736077923499261e-05,105662,0.9636648851759299
69,161,3,93,other,1.0,2.736077923499261e-05,105665,0.9636922459551648
316,500,3,185,other,0.1892,2.736077923499261e-05,105668,0.9637196067343998
312,313,3,2,other,1.0,2.736077923499261e-05,105671,0.9637469675136348
311,312,3,2,other,1.0,2.736077923499261e-05,105674,0.9637743282928698
-1,1,3,3,bc_ad_boundary,1.0,2.736077923499261e-05,105677,0.9638016890721047
-10,-9,3,2,other,1.0,2.736077923499261e-05,105680,0.9638290498513398
-11,-10,3,2,other,1.0,2.736077923499261e-05,105683,0.9638564106305748
122,125,3,4,other,1.0,2.736077923499261e-05,105686,0.9638837714098097
120,180,3,61,other,1.0,2.736077923499261e-05,105689,0.9639111321890448
-45,-27,3,19,other,1.0,2.736077923499261e-05,105692,0.9639384929682797
222,236,3,15,other,1.0,2.736077923499261e-05,105695,0.9639658537475148
222,229,3,8,other,1.0,2.736077923499261e-05,105698,0.9639932145267497
221,300,3,80,other,1.0,2.736077923499261e-05,105701,0.9640205753059847
71,110,3,40,other,1.0,2.736077923499261e-05,105704,0.9640479360852197
223,235,3,13,other,1.0,2.736077923499261e-05,105707,0.9640752968644547
239,500,3,262,other,0.4275,2.736077923499261e-05,105710,0.9641026576436897
65,90,3,26,other,1.0,2.736077923499261e-05,105713,0.9641300184229247
65,85,3,21,other,1.0,2.736077923499261e-05,105716,0.9641573792021597
315,315,3,1,year_precise,1.0,2.736077923499261e-05,105719,0.9641847399813946
313,324,3,12,other,1.0,2.736077923499261e-05,105722,0.9642121007606297
149,161,3,13,other,1.0,2.736077923499261e-05,105725,0.9642394615398646
149,151,3,3,other,1.0,2.736077923499261e-05,105728,0.9642668223190997
148,161,3,14,other,1.0,2.736077923499261e-05,105731,0.9642941830983346
147,176,3,30,other,1.0,2.736077923499261e-05,105734,0.9643215438775696
147,175,3,29,other,1.0,2.736077923499261e-05,105737,0.9643489046568047
12,14,3,3,other,1.0,2.736077923499261e-05,105740,0.9643762654360396
218,230,3,13,other,1.0,2.736077923499261e-05,105743,0.9644036262152746
14,15,3,2,other,1.0,2.736077923499261e-05,105746,0.9644309869945096
-43,-36,3,8,other,1.0,2.736077923499261e-05,105749,0.9644583477737446
-43,-43,3,1,year_precise,1.0,2.736077923499261e-05,105752,0.9644857085529795
-44,-27,3,18,other,1.0,2.736077923499261e-05,105755,0.9645130693322146
310,337,3,28,other,1.0,2.736077923499261e-05,105758,0.9645404301114495
310,324,3,15,other,1.0,2.736077923499261e-05,105761,0.9645677908906846
1,15,3,15,other,1.0,2.736077923499261e-05,105764,0.9645951516699196
1,4,3,4,other,1.0,2.736077923499261e-05,105767,0.9646225124491545
1,2,3,2,other,1.0,2.736077923499261e-05,105770,0.9646498732283896
-12,-11,3,2,other,1.0,2.736077923499261e-05,105773,0.9646772340076245
118,150,3,33,other,1.0,2.736077923499261e-05,105776,0.9647045947868595
150,230,3,81,other,1.0,2.736077923499261e-05,105779,0.9647319555660945
-50,1,3,52,bc_ad_boundary,1.0,2.736077923499261e-05,105782,0.9647593163453295
241,300,3,60,other,1.0,2.736077923499261e-05,105785,0.9647866771245646
241,250,3,10,other,1.0,2.736077923499261e-05,105788,0.9648140379037995
71,105,3,35,other,1.0,2.736077923499261e-05,105791,0.9648413986830345
71,87,3,17,other,1.0,2.736077923499261e-05,105794,0.9648687594622695
221,230,3,10,other,1.0,2.736077923499261e-05,105797,0.9648961202415045
25,29,3,5,other,1.0,2.736077923499261e-05,105800,0.9649234810207394
305,307,3,3,other,1.0,2.736077923499261e-05,105803,0.9649508417999745
-83,-31,3,53,other,0.3774,2.736077923499261e-05,105806,0.9649782025792094
152,200,3,49,other,1.0,2.736077923499261e-05,105809,0.9650055633584445
151,399,3,249,other,0.8032,2.736077923499261e-05,105812,0.9650329241376795
-14,69,3,84,bc_ad_boundary,1.0,2.736077923499261e-05,105815,0.9650602849169144
-14,50,3,65,bc_ad_boundary,1.0,2.736077923499261e-05,105818,0.9650876456961495
-14,30,3,45,bc_ad_boundary,1.0,2.736077923499261e-05,105821,0.9651150064753844
155,156,3,2,other,1.0,2.736077923499261e-05,105824,0.9651423672546194
23,37,3,15,other,1.0,2.736077923499261e-05,105827,0.9651697280338544
157,159,3,3,other,1.0,2.736077923499261e-05,105830,0.9651970888130894
-42,-41,3,2,other,1.0,2.736077923499261e-05,105833,0.9652244495923243
75,77,3,3,other,1.0,2.736077923499261e-05,105836,0.9652518103715594
218,224,3,7,other,1.0,2.736077923499261e-05,105839,0.9652791711507944
217,300,3,84,other,1.0,2.736077923499261e-05,105842,0.9653065319300294
72,73,3,2,other,1.0,2.736077923499261e-05,105845,0.9653338927092644
63,69,3,7,other,1.0,2.736077923499261e-05,105848,0.9653612534884993
155,159,3,5,other,1.0,2.736077923499261e-05,105851,0.9653886142677344
117,118,3,2,other,1.0,2.736077923499261e-05,105854,0.9654159750469693
115,260,3,146,other,1.0,2.736077923499261e-05,105857,0.9654433358262043
115,150,3,36,other,1.0,2.736077923499261e-05,105860,0.9654706966054393
112,138,3,27,other,1.0,2.736077923499261e-05,105863,0.9654980573846743
112,117,3,6,other,1.0,2.736077923499261e-05,105866,0.9655254181639094
-15,-8,3,8,other,1.0,2.736077923499261e-05,105869,0.9655527789431443
157,185,3,29,other,1.0,2.736077923499261e-05,105872,0.9655801397223793
115,116,3,2,other,1.0,2.736077923499261e-05,105875,0.9656075005016143
-89,-40,3,50,other,0.22,2.736077923499261e-05,105878,0.9656348612808493
22,22,3,1,year_precise,1.0,2.736077923499261e-05,105881,0.9656622220600842
301,550,3,250,multi_century,0.2,2.736077923499261e-05,105884,0.9656895828393193
15,300,3,286,other,1.0,2.736077923499261e-05,105887,0.9657169436185542
15,200,3,186,other,1.0,2.736077923499261e-05,105890,0.9657443043977892
245,246,3,2,other,1.0,2.736077923499261e-05,105893,0.9657716651770243
71,270,3,200,other,1.0,2.736077923499261e-05,105896,0.9657990259562592
-40,-31,3,10,other,1.0,2.736077923499261e-05,105899,0.9658263867354943
-40,-40,3,1,year_precise,1.0,2.736077923499261e-05,105902,0.9658537475147292
301,325,3,25,other,1.0,2.736077923499261e-05,105905,0.9658811082939642
301,320,3,20,other,1.0,2.736077923499261e-05,105908,0.9659084690731992
301,305,3,5,other,1.0,2.736077923499261e-05,105911,0.9659358298524342
298,298,3,1,year_precise,1.0,2.736077923499261e-05,105914,0.9659631906316692
1,80,3,80,other,1.0,2.736077923499261e-05,105917,0.9659905514109042
160,200,3,41,other,1.0,2.736077923499261e-05,105920,0.9660179121901392
111,150,3,40,other,1.0,2.736077923499261e-05,105923,0.9660452729693741
110,250,3,141,other,1.0,2.736077923499261e-05,105926,0.9660726337486092
160,161,3,2,other,1.0,2.736077923499261e-05,105929,0.9660999945278441
-15,-1,3,15,other,1.0,2.736077923499261e-05,105932,0.9661273553070792
43,370,3,328,other,0.939,2.736077923499261e-05,105935,0.9661547160863141
161,210,3,50,other,1.0,2.736077923499261e-05,105938,0.9661820768655491
161,209,3,49,other,1.0,2.736077923499261e-05,105941,0.9662094376447842
210,250,3,41,other,1.0,2.736077923499261e-05,105944,0.9662367984240191
214,250,3,37,other,1.0,2.736077923499261e-05,105947,0.9662641592032541
214,217,3,4,other,1.0,2.736077923499261e-05,105950,0.9662915199824891
212,230,3,19,other,1.0,2.736077923499261e-05,105953,0.9663188807617241
-17,4,3,22,bc_ad_boundary,1.0,2.736077923499261e-05,105956,0.966346241540959
161,168,3,8,other,1.0,2.736077923499261e-05,105959,0.9663736023201941
291,325,3,35,other,1.0,2.736077923499261e-05,105962,0.966400963099429
291,291,3,1,year_precise,1.0,2.736077923499261e-05,105965,0.9664283238786641
164,167,3,4,other,1.0,2.736077923499261e-05,105968,0.9664556846578991
162,180,3,19,reign:Aurelian-Marcus,1.0,2.736077923499261e-05,105971,0.966483045437134
-18,-12,3,7,other,1.0,2.736077923499261e-05,105974,0.9665104062163691
60,100,3,41,other,1.0,2.736077923499261e-05,105977,0.966537766995604
-50,-30,3,21,other,1.0,2.736077923499261e-05,105980,0.966565127774839
-50,-50,3,1,year_precise,1.0,2.736077923499261e-05,105983,0.966592488554074
-51,50,3,102,bc_ad_boundary,0.9902,2.736077923499261e-05,105986,0.966619849333309
63,300,3,238,other,1.0,2.736077923499261e-05,105989,0.966647210112544
63,79,3,17,other,1.0,2.736077923499261e-05,105992,0.966674570891779
11,11,3,1,year_precise,1.0,2.736077923499261e-05,105995,0.966701931671014
212,214,3,3,other,1.0,2.736077923499261e-05,105998,0.966729292450249
211,284,3,74,other,1.0,2.736077923499261e-05,106001,0.966756653229484
-20,200,3,221,bc_ad_boundary,1.0,2.736077923499261e-05,106004,0.9667840140087189
161,400,3,240,other,0.7917,2.736077923499261e-05,106007,0.966811374787954
296,296,3,1,year_precise,1.0,2.736077923499261e-05,106010,0.9668387355671889
166,167,3,2,other,1.0,2.736077923499261e-05,106013,0.966866096346424
165,185,3,21,other,1.0,2.736077923499261e-05,106016,0.9668934571256589
43,54,3,12,other,1.0,2.736077923499261e-05,106019,0.9669208179048939
10,90,3,81,other,1.0,2.736077923499261e-05,106022,0.966948178684129
80,89,3,10,other,1.0,2.736077923499261e-05,106025,0.9669755394633639
79,270,3,192,other,1.0,2.736077923499261e-05,106028,0.9670029002425989
-40,50,3,91,bc_ad_boundary,1.0,2.736077923499261e-05,106031,0.9670302610218339
205,211,3,7,other,1.0,2.736077923499261e-05,106034,0.9670576218010689
205,209,3,5,other,1.0,2.736077923499261e-05,106037,0.9670849825803038
204,205,3,2,other,1.0,2.736077923499261e-05,106040,0.9671123433595389
293,311,3,19,other,1.0,2.736077923499261e-05,106043,0.9671397041387739
293,306,3,14,other,1.0,2.736077923499261e-05,106046,0.9671670649180089
293,300,3,8,other,1.0,2.736077923499261e-05,106049,0.9671944256972439
106,300,3,195,other,1.0,2.736077923499261e-05,106052,0.9672217864764788
106,114,3,9,other,1.0,2.736077923499261e-05,106055,0.9672491472557139
107,130,3,24,other,1.0,2.736077923499261e-05,106058,0.9672765080349488
1,138,3,138,other,1.0,2.736077923499261e-05,106061,0.9673038688141838
1,120,3,120,other,1.0,2.736077923499261e-05,106064,0.9673312295934188
1,96,3,96,other,1.0,2.736077923499261e-05,106067,0.9673585903726538
167,175,3,9,other,1.0,2.736077923499261e-05,106070,0.9673859511518889
167,168,3,2,other,1.0,2.736077923499261e-05,106073,0.9674133119311238
285,312,3,28,other,1.0,2.736077923499261e-05,106076,0.9674406727103588
-75,-26,3,50,other,0.5,2.736077923499261e-05,106079,0.9674680334895938
-75,-31,3,45,other,0.4444,2.736077923499261e-05,106082,0.9674953942688288
168,170,3,3,other,1.0,2.736077923499261e-05,106085,0.9675227550480637
56,65,3,10,other,1.0,2.736077923499261e-05,106088,0.9675501158272988
59,68,3,10,other,1.0,2.736077923499261e-05,106091,0.9675774766065337
251,280,3,30,other,1.0,2.736077923499261e-05,106094,0.9676048373857687
251,260,3,10,other,1.0,2.736077923499261e-05,106097,0.9676321981650038
250,400,3,151,other,0.6689,2.736077923499261e-05,106100,0.9676595589442387
202,300,3,99,other,1.0,2.736077923499261e-05,106103,0.9676869197234738
-20,9,3,30,bc_ad_boundary,1.0,2.736077923499261e-05,106106,0.9677142805027087
1,220,3,220,other,1.0,2.736077923499261e-05,106109,0.9677416412819437
1,201,3,201,other,1.0,2.736077923499261e-05,106112,0.9677690020611787
169,175,3,7,other,1.0,2.736077923499261e-05,106115,0.9677963628404137
169,172,3,4,other,1.0,2.736077923499261e-05,106118,0.9678237236196486
201,235,3,35,other,1.0,2.736077923499261e-05,106121,0.9678510843988837
201,211,3,11,other,1.0,2.736077923499261e-05,106124,0.9678784451781187
79,260,3,182,other,1.0,2.736077923499261e-05,106127,0.9679058059573536
79,200,3,122,other,1.0,2.736077923499261e-05,106130,0.9679331667365887
-31,-31,3,1,year_precise,1.0,2.736077923499261e-05,106133,0.9679605275158236
-33,-1,3,33,other,1.0,2.736077923499261e-05,106136,0.9679878882950587
80,250,3,171,other,1.0,2.736077923499261e-05,106139,0.9680152490742936
168,300,3,133,other,1.0,2.736077923499261e-05,106142,0.9680426098535286
45,100,3,56,other,1.0,2.736077923499261e-05,106145,0.9680699706327636
286,310,3,25,other,1.0,2.736077923499261e-05,106148,0.9680973314119986
103,106,3,4,other,1.0,2.736077923499261e-05,106151,0.9681246921912336
103,104,3,2,other,1.0,2.736077923499261e-05,106154,0.9681520529704686
102,114,3,13,other,1.0,2.736077923499261e-05,106157,0.9681794137497036
102,106,3,5,other,1.0,2.736077923499261e-05,106160,0.9682067745289386
103,150,3,48,other,1.0,2.736077923499261e-05,106163,0.9682341353081736
1,253,3,253,other,1.0,2.736077923499261e-05,106166,0.9682614960874085
21,70,3,50,other,1.0,2.736077923499261e-05,106169,0.9682888568666436
21,60,3,40,other,1.0,2.736077923499261e-05,106172,0.9683162176458786
10,10,3,1,year_precise,1.0,2.736077923499261e-05,106175,0.9683435784251135
9,102,3,94,other,1.0,2.736077923499261e-05,106178,0.9683709392043486
9,70,3,62,other,1.0,2.736077923499261e-05,106181,0.9683982999835835
253,255,3,3,other,1.0,2.736077923499261e-05,106184,0.9684256607628186
251,320,3,70,other,1.0,2.736077923499261e-05,106187,0.9684530215420535
80,120,3,41,other,1.0,2.736077923499261e-05,106190,0.9684803823212885
80,100,3,21,other,1.0,2.736077923499261e-05,106193,0.9685077431005235
201,238,3,38,other,1.0,2.736077923499261e-05,106196,0.9685351038797585
20,50,3,31,other,1.0,2.736077923499261e-05,106199,0.9685624646589935
173,175,3,3,other,1.0,2.736077923499261e-05,106202,0.9685898254382285
-21,14,3,36,bc_ad_boundary,1.0,2.736077923499261e-05,106205,0.9686171862174635
-22,-22,3,1,year_precise,1.0,2.736077923499261e-05,106208,0.9686445469966984
101,235,3,135,other,1.0,2.736077923499261e-05,106211,0.9686719077759335
101,231,3,131,other,1.0,2.736077923499261e-05,106214,0.9686992685551684
172,180,3,9,other,1.0,2.736077923499261e-05,106217,0.9687266293344035
172,175,3,4,other,1.0,2.736077923499261e-05,106220,0.9687539901136384
280,280,3,1,year_precise,1.0,2.736077923499261e-05,106223,0.9687813508928734
175,250,3,76,other,1.0,2.736077923499261e-05,106226,0.9688087116721085
255,260,3,6,other,1.0,2.736077923499261e-05,106229,0.9688360724513434
-51,30,3,82,bc_ad_boundary,0.9878,2.736077923499261e-05,106232,0.9688634332305784
254,256,3,3,other,1.0,2.736077923499261e-05,106235,0.9688907940098134
81,160,3,80,other,1.0,2.736077923499261e-05,106238,0.9689181547890484
199,209,3,11,other,1.0,2.736077923499261e-05,106241,0.9689455155682833
198,235,3,38,other,1.0,2.736077923499261e-05,106244,0.9689728763475184
2,3,3,2,other,1.0,2.736077923499261e-05,106247,0.9690002371267533
2,2,3,1,year_precise,1.0,2.736077923499261e-05,106250,0.9690275979059884
101,107,3,7,other,1.0,2.736077923499261e-05,106253,0.9690549586852234
-25,14,3,40,bc_ad_boundary,1.0,2.736077923499261e-05,106256,0.9690823194644583
-25,-20,3,6,other,1.0,2.736077923499261e-05,106259,0.9691096802436934
-26,-1,3,26,other,1.0,2.736077923499261e-05,106262,0.9691370410229283
175,300,3,126,other,1.0,2.736077923499261e-05,106265,0.9691644018021633
197,200,3,4,other,1.0,2.736077923499261e-05,106268,0.9691917625813983
197,199,3,3,other,1.0,2.736077923499261e-05,106271,0.9692191233606333
85,130,3,46,other,1.0,2.736077923499261e-05,106274,0.9692464841398684
84,96,3,13,other,1.0,2.736077923499261e-05,106277,0.9692738449191033
-31,50,3,82,bc_ad_boundary,1.0,2.736077923499261e-05,106280,0.9693012056983383
55,56,3,2,other,1.0,2.736077923499261e-05,106283,0.9693285664775733
54,117,3,64,other,1.0,2.736077923499261e-05,106286,0.9693559272568083
54,69,3,16,reign:Neronian,1.0,2.736077923499261e-05,106289,0.9693832880360432
47,55,3,9,other,1.0,2.736077923499261e-05,106292,0.9694106488152783
46,69,3,24,other,1.0,2.736077923499261e-05,106295,0.9694380095945132
281,330,3,50,other,1.0,2.736077923499261e-05,106298,0.9694653703737482
273,275,3,3,other,1.0,2.736077923499261e-05,106301,0.9694927311529833
51,66,3,16,other,1.0,2.736077923499261e-05,106304,0.9695200919322182
100,101,3,2,other,1.0,2.736077923499261e-05,106307,0.9695474527114533
177,184,3,8,other,1.0,2.736077923499261e-05,106310,0.9695748134906882
101,151,3,51,other,1.0,2.736077923499261e-05,106313,0.9696021742699232
101,138,3,38,other,1.0,2.736077923499261e-05,106316,0.9696295350491582
101,103,3,3,other,1.0,2.736077923499261e-05,106319,0.9696568958283932
258,268,3,11,other,1.0,2.736077923499261e-05,106322,0.9696842566076281
257,268,3,12,other,1.0,2.736077923499261e-05,106325,0.9697116173868632
55,68,3,14,reign:Neronian,1.0,2.736077923499261e-05,106328,0.9697389781660982
59,67,3,9,other,1.0,2.736077923499261e-05,106331,0.9697663389453332
83,89,3,7,other,1.0,2.736077923499261e-05,106334,0.9697936997245682
198,200,3,3,other,1.0,2.736077923499261e-05,106337,0.9698210605038031
50,75,3,26,other,1.0,2.736077923499261e-05,106340,0.9698484212830382
50,63,3,14,other,1.0,2.736077923499261e-05,106343,0.9698757820622731
274,330,3,57,other,1.0,2.736077923499261e-05,106346,0.9699031428415081
6,9,3,4,other,1.0,2.736077923499261e-05,106349,0.9699305036207431
5,20,3,16,other,1.0,2.736077923499261e-05,106352,0.9699578643999781
5,5,3,1,year_precise,1.0,2.736077923499261e-05,106355,0.9699852251792132
-27,476,3,504,bc_ad_boundary,0.75,2.736077923499261e-05,106358,0.9700125859584481
-27,300,3,328,bc_ad_boundary,1.0,2.736077923499261e-05,106361,0.9700399467376831
-30,250,3,281,bc_ad_boundary,1.0,2.736077923499261e-05,106364,0.970067307516918
89,101,3,13,other,1.0,2.736077923499261e-05,106367,0.9700946682961531
87,200,3,114,other,1.0,2.736077923499261e-05,106370,0.970122029075388
194,270,3,77,other,1.0,2.736077923499261e-05,106373,0.9701493898546231
-30,51,3,82,bc_ad_boundary,1.0,2.736077923499261e-05,106376,0.970176750633858
-30,25,3,56,bc_ad_boundary,1.0,2.736077923499261e-05,106379,0.970204111413093
-30,15,3,46,bc_ad_boundary,1.0,2.736077923499261e-05,106382,0.9702314721923281
-27,150,3,178,bc_ad_boundary,1.0,2.736077923499261e-05,106385,0.970258832971563
180,217,3,38,other,1.0,2.736077923499261e-05,106388,0.970286193750798
180,211,3,32,other,1.0,2.736077923499261e-05,106391,0.970313554530033
99,101,3,3,other,1.0,2.736077923499261e-05,106394,0.970340915309268
96,150,3,55,other,1.0,2.736077923499261e-05,106397,0.970368276088503
180,300,3,121,other,1.0,2.736077923499261e-05,106400,0.970395636867738
51,54,3,4,other,1.0,2.736077923499261e-05,106403,0.970422997646973
51,220,3,170,other,1.0,2.736077923499261e-05,106406,0.970450358426208
261,300,3,40,other,1.0,2.736077923499261e-05,106409,0.970477719205443
55,60,3,6,other,1.0,2.736077923499261e-05,106412,0.9705050799846779
86,300,3,215,other,1.0,2.736077923499261e-05,106415,0.970532440763913
86,200,3,115,other,1.0,2.736077923499261e-05,106418,0.9705598015431479
50,300,3,251,other,1.0,2.736077923499261e-05,106421,0.970587162322383
271,450,3,180,other,0.4444,2.736077923499261e-05,106424,0.9706145231016179
-60,-48,3,13,other,0.2308,2.736077923499261e-05,106427,0.9706418838808529
96,120,3,25,other,1.0,2.736077923499261e-05,106430,0.970669244660088
96,104,3,9,other,1.0,2.736077923499261e-05,106433,0.9706966054393229
183,184,3,2,other,1.0,2.736077923499261e-05,106436,0.9707239662185579
97,138,3,42,other,1.0,2.736077923499261e-05,106439,0.9707513269977929
97,102,3,6,other,1.0,2.736077923499261e-05,106442,0.9707786877770279
92,200,3,109,other,1.0,2.736077923499261e-05,106445,0.9708060485562628
92,166,3,75,other,1.0,2.736077923499261e-05,106448,0.9708334093354979
92,150,3,59,other,1.0,2.736077923499261e-05,106451,0.9708607701147328
92,93,3,2,other,1.0,2.736077923499261e-05,106454,0.9708881308939679
92,92,3,1,year_precise,1.0,2.736077923499261e-05,106457,0.9709154916732029
52,54,3,3,other,1.0,2.736077923499261e-05,106460,0.9709428524524378
271,275,3,5,other,1.0,2.736077923499261e-05,106463,0.9709702132316729
270,273,3,4,other,1.0,2.736077923499261e-05,106466,0.9709975740109078
-60,-1,3,60,other,0.8333,2.736077923499261e-05,106469,0.9710249347901428
-60,-40,3,21,other,0.5238,2.736077923499261e-05,106472,0.9710522955693778
188,192,3,5,other,1.0,2.736077923499261e-05,106475,0.9710796563486128
185,190,3,6,other,1.0,2.736077923499261e-05,106478,0.9711070171278477
184,223,3,40,other,1.0,2.736077923499261e-05,106481,0.9711343779070828
184,192,3,9,other,1.0,2.736077923499261e-05,106484,0.9711617386863178
184,185,3,2,other,1.0,2.736077923499261e-05,106487,0.9711890994655528
93,93,3,1,year_precise,1.0,2.736077923499261e-05,106490,0.9712164602447878
92,250,3,159,other,1.0,2.736077923499261e-05,106493,0.9712438210240227
90,150,3,61,other,1.0,2.736077923499261e-05,106496,0.9712711818032578
9,10,3,2,other,1.0,2.736077923499261e-05,106499,0.9712985425824927
9,9,3,1,year_precise,1.0,2.736077923499261e-05,106502,0.9713259033617277
7,8,3,2,other,1.0,2.736077923499261e-05,106505,0.9713532641409627
260,260,3,1,year_precise,1.0,2.736077923499261e-05,106508,0.9713806249201977
91,120,3,30,other,1.0,2.736077923499261e-05,106511,0.9714079856994328
134,161,3,28,other,1.0,2.736077923499261e-05,106514,0.9714353464786677
133,140,3,8,other,1.0,2.736077923499261e-05,106517,0.9714627072579027
-5,1,3,7,bc_ad_boundary,1.0,2.736077923499261e-05,106520,0.9714900680371377
132,133,3,2,other,1.0,2.736077923499261e-05,106523,0.9715174288163727
138,141,3,4,other,1.0,2.736077923499261e-05,106526,0.9715447895956076
137,138,3,2,other,1.0,2.736077923499261e-05,106529,0.9715721503748427
330,330,3,1,year_precise,1.0,2.736077923499261e-05,106532,0.9715995111540777
31,71,3,41,other,1.0,2.736077923499261e-05,106535,0.9716268719333127
231,400,3,170,other,0.7059,2.736077923499261e-05,106538,0.9716542327125477
69,120,3,52,other,1.0,2.736077923499261e-05,106541,0.9716815934917826
131,400,3,270,other,0.8148,2.736077923499261e-05,106544,0.9717089542710177
341,350,3,10,other,1.0,2.736077923499261e-05,106547,0.9717363150502526
28,28,3,1,year_precise,1.0,2.736077923499261e-05,106550,0.9717636758294876
131,351,2,221,other,0.9955,1.8240519489995076e-05,106552,0.9717819163489776
326,329,2,4,other,1.0,1.8240519489995076e-05,106554,0.9718001568684677
-150,50,2,201,bc_ad_boundary,0.5025,1.8240519489995076e-05,106556,0.9718183973879576
-300,100,2,401,bc_ad_boundary,0.3766,1.8240519489995076e-05,106558,0.9718366379074476
348,348,2,1,year_precise,1.0,1.8240519489995076e-05,106560,0.9718548784269376
340,340,2,1,year_precise,1.0,1.8240519489995076e-05,106562,0.9718731189464276
339,360,2,22,other,0.5455,1.8240519489995076e-05,106564,0.9718913594659175
138,176,2,39,other,1.0,1.8240519489995076e-05,106566,0.9719095999854076
67,200,2,134,other,1.0,1.8240519489995076e-05,106568,0.9719278405048976
67,100,2,34,other,1.0,1.8240519489995076e-05,106570,0.9719460810243876
67,75,2,9,other,1.0,1.8240519489995076e-05,106572,0.9719643215438776
67,68,2,2,other,1.0,1.8240519489995076e-05,106574,0.9719825620633675
66,68,2,3,other,1.0,1.8240519489995076e-05,106576,0.9720008025828576
-150,-31,2,120,other,0.1667,1.8240519489995076e-05,106578,0.9720190431023475
-168,22,2,191,bc_ad_boundary,0.3822,1.8240519489995076e-05,106580,0.9720372836218375
345,346,2,2,other,1.0,1.8240519489995076e-05,106582,0.9720555241413276
68,250,2,183,other,1.0,1.8240519489995076e-05,106584,0.9720737646608175
235,300,2,66,other,1.0,1.8240519489995076e-05,106586,0.9720920051803076
234,236,2,3,other,1.0,1.8240519489995076e-05,106588,0.9721102456997975
138,175,2,38,other,1.0,1.8240519489995076e-05,106590,0.9721284862192875
138,158,2,21,other,1.0,1.8240519489995076e-05,106592,0.9721467267387776
138,148,2,11,other,1.0,1.8240519489995076e-05,106594,0.9721649672582675
130,132,2,3,other,1.0,1.8240519489995076e-05,106596,0.9721832077777575
92,300,2,209,other,1.0,1.8240519489995076e-05,106598,0.9722014482972475
267,300,2,34,other,1.0,1.8240519489995076e-05,106600,0.9722196888167375
263,268,2,6,other,1.0,1.8240519489995076e-05,106602,0.9722379293362275
91,105,2,15,other,1.0,1.8240519489995076e-05,106604,0.9722561698557175
91,91,2,1,year_precise,1.0,1.8240519489995076e-05,106606,0.9722744103752075
90,250,2,161,other,1.0,1.8240519489995076e-05,106608,0.9722926508946975
-28,-27,2,2,other,1.0,1.8240519489995076e-05,106610,0.9723108914141875
191,211,2,21,other,1.0,1.8240519489995076e-05,106612,0.9723291319336774
190,210,2,21,other,1.0,1.8240519489995076e-05,106614,0.9723473724531675
91,300,2,210,other,1.0,1.8240519489995076e-05,106616,0.9723656129726574
91,260,2,170,other,1.0,1.8240519489995076e-05,106618,0.9723838534921475
91,170,2,80,other,1.0,1.8240519489995076e-05,106620,0.9724020940116375
9,19,2,11,other,1.0,1.8240519489995076e-05,106622,0.9724203345311274
90,97,2,8,other,1.0,1.8240519489995076e-05,106624,0.9724385750506175
89,250,2,162,other,1.0,1.8240519489995076e-05,106626,0.9724568155701074
-27,-12,2,16,other,1.0,1.8240519489995076e-05,106628,0.9724750560895974
193,199,2,7,other,1.0,1.8240519489995076e-05,106630,0.9724932966090875
193,198,2,6,other,1.0,1.8240519489995076e-05,106632,0.9725115371285774
54,63,2,10,other,1.0,1.8240519489995076e-05,106634,0.9725297776480674
53,54,2,2,other,1.0,1.8240519489995076e-05,106636,0.9725480181675574
51,600,2,550,multi_century,0.5455,1.8240519489995076e-05,106638,0.9725662586870474
271,305,2,35,other,1.0,1.8240519489995076e-05,106640,0.9725844992065374
271,273,2,3,other,1.0,1.8240519489995076e-05,106642,0.9726027397260274
-60,-30,2,31,other,0.6774,1.8240519489995076e-05,106644,0.9726209802455174
189,191,2,3,other,1.0,1.8240519489995076e-05,106646,0.9726392207650074
186,200,2,15,other,1.0,1.8240519489995076e-05,106648,0.9726574612844974
185,270,2,86,other,1.0,1.8240519489995076e-05,106650,0.9726757018039873
185,250,2,66,other,1.0,1.8240519489995076e-05,106652,0.9726939423234774
185,230,2,46,other,1.0,1.8240519489995076e-05,106654,0.9727121828429673
185,188,2,4,other,1.0,1.8240519489995076e-05,106656,0.9727304233624574
184,191,2,8,other,1.0,1.8240519489995076e-05,106658,0.9727486638819474
93,94,2,2,other,1.0,1.8240519489995076e-05,106660,0.9727669044014373
97,120,2,24,other,1.0,1.8240519489995076e-05,106662,0.9727851449209274
97,110,2,14,other,1.0,1.8240519489995076e-05,106664,0.9728033854404173
92,130,2,39,other,1.0,1.8240519489995076e-05,106666,0.9728216259599073
19,25,2,7,other,1.0,1.8240519489995076e-05,106668,0.9728398664793974
271,326,2,56,other,1.0,1.8240519489995076e-05,106670,0.9728581069988873
271,310,2,40,other,1.0,1.8240519489995076e-05,106672,0.9728763475183774
-70,100,2,171,bc_ad_boundary,0.883,1.8240519489995076e-05,106674,0.9728945880378673
51,151,2,101,other,1.0,1.8240519489995076e-05,106676,0.9729128285573573
51,140,2,90,other,1.0,1.8240519489995076e-05,106678,0.9729310690768473
51,126,2,76,other,1.0,1.8240519489995076e-05,106680,0.9729493095963373
51,101,2,51,other,1.0,1.8240519489995076e-05,106682,0.9729675501158273
20,35,2,16,other,1.0,1.8240519489995076e-05,106684,0.9729857906353173
268,275,2,8,other,1.0,1.8240519489995076e-05,106686,0.9730040311548073
194,196,2,3,other,1.0,1.8240519489995076e-05,106688,0.9730222716742973
193,305,2,113,other,1.0,1.8240519489995076e-05,106690,0.9730405121937873
193,220,2,28,other,1.0,1.8240519489995076e-05,106692,0.9730587527132772
-29,50,2,80,bc_ad_boundary,1.0,1.8240519489995076e-05,106694,0.9730769932327673
-29,-29,2,1,year_precise,1.0,1.8240519489995076e-05,106696,0.9730952337522573
-30,300,2,331,bc_ad_boundary,1.0,1.8240519489995076e-05,106698,0.9731134742717472
50,250,2,201,other,1.0,1.8240519489995076e-05,106700,0.9731317147912373
-71,-1,2,71,other,0.7042,1.8240519489995076e-05,106702,0.9731499553107272
-71,-31,2,41,other,0.4878,1.8240519489995076e-05,106704,0.9731681958302173
-75,-1,2,75,other,0.6667,1.8240519489995076e-05,106706,0.9731864363497073
271,430,2,160,other,0.5,1.8240519489995076e-05,106708,0.9732046768691972
96,136,2,41,other,1.0,1.8240519489995076e-05,106710,0.9732229173886873
95,96,2,2,other,1.0,1.8240519489995076e-05,106712,0.9732411579081772
94,150,2,57,other,1.0,1.8240519489995076e-05,106714,0.9732593984276672
94,97,2,4,other,1.0,1.8240519489995076e-05,106716,0.9732776389471572
93,114,2,22,other,1.0,1.8240519489995076e-05,106718,0.9732958794666472
183,190,2,8,other,1.0,1.8240519489995076e-05,106720,0.9733141199861373
-27,6,2,34,bc_ad_boundary,1.0,1.8240519489995076e-05,106722,0.9733323605056272
181,350,2,170,other,1.0,1.8240519489995076e-05,106724,0.9733506010251172
98,300,2,203,other,1.0,1.8240519489995076e-05,106726,0.9733688415446072
98,260,2,163,other,1.0,1.8240519489995076e-05,106728,0.9733870820640972
97,100,2,4,other,1.0,1.8240519489995076e-05,106730,0.9734053225835871
181,235,2,55,other,1.0,1.8240519489995076e-05,106732,0.9734235631030772
181,230,2,50,other,1.0,1.8240519489995076e-05,106734,0.9734418036225672
181,182,2,2,other,1.0,1.8240519489995076e-05,106736,0.9734600441420571
180,280,2,101,other,1.0,1.8240519489995076e-05,106738,0.9734782846615472
51,62,2,12,other,1.0,1.8240519489995076e-05,106740,0.9734965251810371
51,410,2,360,other,0.8333,1.8240519489995076e-05,106742,0.9735147657005272
262,266,2,5,other,1.0,1.8240519489995076e-05,106744,0.9735330062200171
261,268,2,8,other,1.0,1.8240519489995076e-05,106746,0.9735512467395071
260,300,2,41,other,1.0,1.8240519489995076e-05,106748,0.9735694872589972
260,270,2,11,other,1.0,1.8240519489995076e-05,106750,0.9735877277784871
55,65,2,11,other,1.0,1.8240519489995076e-05,106752,0.9736059682979771
195,205,2,11,other,1.0,1.8240519489995076e-05,106754,0.9736242088174671
86,87,2,2,other,1.0,1.8240519489995076e-05,106756,0.9736424493369571
50,60,2,11,other,1.0,1.8240519489995076e-05,106758,0.9736606898564472
49,74,2,26,other,1.0,1.8240519489995076e-05,106760,0.9736789303759371
19,37,2,19,other,1.0,1.8240519489995076e-05,106762,0.9736971708954271
180,235,2,56,other,1.0,1.8240519489995076e-05,106764,0.9737154114149171
6,20,2,15,other,1.0,1.8240519489995076e-05,106766,0.9737336519344071
-26,-26,2,1,year_precise,1.0,1.8240519489995076e-05,106768,0.973751892453897
89,90,2,2,other,1.0,1.8240519489995076e-05,106770,0.9737701329733871
88,114,2,27,other,1.0,1.8240519489995076e-05,106772,0.9737883734928771
194,211,2,18,reign:Septimius-Severus,1.0,1.8240519489995076e-05,106774,0.9738066140123671
83,400,2,318,other,0.8428,1.8240519489995076e-05,106776,0.9738248545318571
196,300,2,105,other,1.0,1.8240519489995076e-05,106778,0.973843095051347
-30,41,2,72,bc_ad_boundary,1.0,1.8240519489995076e-05,106780,0.9738613355708371
196,200,2,5,other,1.0,1.8240519489995076e-05,106782,0.973879576090327
195,214,2,20,other,1.0,1.8240519489995076e-05,106784,0.973897816609817
17,300,2,284,other,1.0,1.8240519489995076e-05,106786,0.9739160571293071
-27,79,2,107,bc_ad_boundary,1.0,1.8240519489995076e-05,106788,0.973934297648797
179,500,2,322,other,0.5342,1.8240519489995076e-05,106790,0.9739525381682871
100,250,2,151,other,1.0,1.8240519489995076e-05,106792,0.973970778687777
276,325,2,50,other,1.0,1.8240519489995076e-05,106794,0.973989019207267
275,350,2,76,other,1.0,1.8240519489995076e-05,106796,0.9740072597267571
17,30,2,14,other,1.0,1.8240519489995076e-05,106798,0.974025500246247
17,17,2,1,year_precise,1.0,1.8240519489995076e-05,106800,0.974043740765737
16,70,2,55,other,1.0,1.8240519489995076e-05,106802,0.974061981285227
257,258,2,2,other,1.0,1.8240519489995076e-05,106804,0.974080221804717
198,204,2,7,other,1.0,1.8240519489995076e-05,106806,0.974098462324207
83,92,2,10,other,1.0,1.8240519489995076e-05,106808,0.974116702843697
82,270,2,189,other,1.0,1.8240519489995076e-05,106810,0.974134943363187
198,201,2,4,other,1.0,1.8240519489995076e-05,106812,0.974153183882677
197,250,2,54,other,1.0,1.8240519489995076e-05,106814,0.974171424402167
197,205,2,9,other,1.0,1.8240519489995076e-05,106816,0.9741896649216569
50,80,2,31,other,1.0,1.8240519489995076e-05,106818,0.974207905441147
50,62,2,13,other,1.0,1.8240519489995076e-05,106820,0.974226145960637
282,285,2,4,other,1.0,1.8240519489995076e-05,106822,0.9742443864801269
281,284,2,4,other,1.0,1.8240519489995076e-05,106824,0.974262626999617
272,272,2,1,year_precise,1.0,1.8240519489995076e-05,106826,0.9742808675191069
51,68,2,18,other,1.0,1.8240519489995076e-05,106828,0.974299108038597
100,230,2,131,other,1.0,1.8240519489995076e-05,106830,0.9743173485580869
100,160,2,61,other,1.0,1.8240519489995076e-05,106832,0.9743355890775769
100,151,2,52,other,1.0,1.8240519489995076e-05,106834,0.974353829597067
100,150,2,51,other,1.0,1.8240519489995076e-05,106836,0.9743720701165569
100,130,2,31,other,1.0,1.8240519489995076e-05,106838,0.9743903106360469
100,114,2,15,other,1.0,1.8240519489995076e-05,106840,0.9744085511555369
100,102,2,3,other,1.0,1.8240519489995076e-05,106842,0.9744267916750269
177,230,2,54,other,1.0,1.8240519489995076e-05,106844,0.974445032194517
98,118,2,21,reign:Trajanic,1.0,1.8240519489995076e-05,106846,0.9744632727140069
98,115,2,18,other,1.0,1.8240519489995076e-05,106848,0.9744815132334969
98,105,2,8,other,1.0,1.8240519489995076e-05,106850,0.9744997537529869
180,182,2,3,other,1.0,1.8240519489995076e-05,106852,0.9745179942724769
1,370,2,370,other,0.9459,1.8240519489995076e-05,106854,0.9745362347919668
101,225,2,125,other,1.0,1.8240519489995076e-05,106856,0.9745544753114569
101,114,2,14,other,1.0,1.8240519489995076e-05,106858,0.9745727158309468
101,110,2,10,other,1.0,1.8240519489995076e-05,106860,0.9745909563504369
101,106,2,6,other,1.0,1.8240519489995076e-05,106862,0.9746091968699269
101,197,2,97,other,1.0,1.8240519489995076e-05,106864,0.9746274373894168
197,202,2,6,other,1.0,1.8240519489995076e-05,106866,0.9746456779089069
85,86,2,2,other,1.0,1.8240519489995076e-05,106868,0.9746639184283968
84,300,2,217,other,1.0,1.8240519489995076e-05,106870,0.9746821589478868
-31,68,2,100,bc_ad_boundary,1.0,1.8240519489995076e-05,106872,0.9747003994673769
198,208,2,11,other,1.0,1.8240519489995076e-05,106874,0.9747186399868668
198,205,2,8,other,1.0,1.8240519489995076e-05,106876,0.9747368805063569
54,250,2,197,other,1.0,1.8240519489995076e-05,106878,0.9747551210258468
54,200,2,147,other,1.0,1.8240519489995076e-05,106880,0.9747733615453368
101,183,2,83,other,1.0,1.8240519489995076e-05,106882,0.9747916020648268
4,54,2,51,other,1.0,1.8240519489995076e-05,106884,0.9748098425843168
4,7,2,4,other,1.0,1.8240519489995076e-05,106886,0.9748280831038068
4,6,2,3,other,1.0,1.8240519489995076e-05,106888,0.9748463236232968
4,5,2,2,other,1.0,1.8240519489995076e-05,106890,0.9748645641427868
-51,14,2,66,bc_ad_boundary,0.9848,1.8240519489995076e-05,106892,0.9748828046622768
-51,-26,2,26,other,0.9615,1.8240519489995076e-05,106894,0.9749010451817668
-59,-49,2,11,other,0.1818,1.8240519489995076e-05,106896,0.9749192857012567
254,260,2,7,other,1.0,1.8240519489995076e-05,106898,0.9749375262207468
200,208,2,9,other,1.0,1.8240519489995076e-05,106900,0.9749557667402368
81,260,2,180,other,1.0,1.8240519489995076e-05,106902,0.9749740072597267
81,180,2,100,other,1.0,1.8240519489995076e-05,106904,0.9749922477792168
81,125,2,45,other,1.0,1.8240519489995076e-05,106906,0.9750104882987067
81,83,2,3,other,1.0,1.8240519489995076e-05,106908,0.9750287288181967
199,202,2,4,other,1.0,1.8240519489995076e-05,106910,0.9750469693376868
175,230,2,56,other,1.0,1.8240519489995076e-05,106912,0.9750652098571767
175,185,2,11,other,1.0,1.8240519489995076e-05,106914,0.9750834503766668
2,4,2,3,other,1.0,1.8240519489995076e-05,106916,0.9751016908961567
285,290,2,6,other,1.0,1.8240519489995076e-05,106918,0.9751199314156467
284,476,2,193,other,0.3472,1.8240519489995076e-05,106920,0.9751381719351367
284,302,2,19,other,1.0,1.8240519489995076e-05,106922,0.9751564124546267
173,174,2,2,other,1.0,1.8240519489995076e-05,106924,0.9751746529741167
-20,-20,2,1,year_precise,1.0,1.8240519489995076e-05,106926,0.9751928934936067
-21,-21,2,1,year_precise,1.0,1.8240519489995076e-05,106928,0.9752111340130967
-23,30,2,54,bc_ad_boundary,1.0,1.8240519489995076e-05,106930,0.9752293745325867
-23,-22,2,2,other,1.0,1.8240519489995076e-05,106932,0.9752476150520767
102,105,2,4,other,1.0,1.8240519489995076e-05,106934,0.9752658555715666
102,103,2,2,other,1.0,1.8240519489995076e-05,106936,0.9752840960910567
-24,25,2,50,bc_ad_boundary,1.0,1.8240519489995076e-05,106938,0.9753023366105467
-24,-24,2,1,year_precise,1.0,1.8240519489995076e-05,106940,0.9753205771300366
279,279,2,1,year_precise,1.0,1.8240519489995076e-05,106942,0.9753388176495267
278,278,2,1,year_precise,1.0,1.8240519489995076e-05,106944,0.9753570581690166
277,277,2,1,year_precise,1.0,1.8240519489995076e-05,106946,0.9753752986885067
4,23,2,20,other,1.0,1.8240519489995076e-05,106948,0.9753935392079967
171,235,2,65,other,1.0,1.8240519489995076e-05,106950,0.9754117797274866
171,231,2,61,other,1.0,1.8240519489995076e-05,106952,0.9754300202469767
171,222,2,52,other,1.0,1.8240519489995076e-05,106954,0.9754482607664666
171,217,2,47,other,1.0,1.8240519489995076e-05,106956,0.9754665012859566
21,80,2,60,other,1.0,1.8240519489995076e-05,106958,0.9754847418054466
198,212,2,15,other,1.0,1.8240519489995076e-05,106960,0.9755029823249366
9,100,2,92,other,1.0,1.8240519489995076e-05,106962,0.9755212228444267
9,45,2,37,other,1.0,1.8240519489995076e-05,106964,0.9755394633639166
-31,200,2,232,bc_ad_boundary,1.0,1.8240519489995076e-05,106966,0.9755577038834066
251,600,2,350,multi_century,0.2857,1.8240519489995076e-05,106968,0.9755759444028966
251,325,2,75,other,1.0,1.8240519489995076e-05,106970,0.9755941849223866
80,96,2,17,reign:Domitianic,1.0,1.8240519489995076e-05,106972,0.9756124254418765
201,280,2,80,other,1.0,1.8240519489995076e-05,106974,0.9756306659613666
21,35,2,15,other,1.0,1.8240519489995076e-05,106976,0.9756489064808566
21,23,2,3,other,1.0,1.8240519489995076e-05,106978,0.9756671470003466
285,310,2,26,other,1.0,1.8240519489995076e-05,106980,0.9756853875198366
168,270,2,103,other,1.0,1.8240519489995076e-05,106982,0.9757036280393265
289,289,2,1,year_precise,1.0,1.8240519489995076e-05,106984,0.9757218685588166
286,325,2,40,other,1.0,1.8240519489995076e-05,106986,0.9757401090783066
286,324,2,39,other,1.0,1.8240519489995076e-05,106988,0.9757583495977965
48,211,2,164,other,1.0,1.8240519489995076e-05,106990,0.9757765901172866
171,192,2,22,other,1.0,1.8240519489995076e-05,106992,0.9757948306367765
102,300,2,199,other,1.0,1.8240519489995076e-05,106994,0.9758130711562665
102,150,2,49,other,1.0,1.8240519489995076e-05,106996,0.9758313116757565
102,130,2,29,other,1.0,1.8240519489995076e-05,106998,0.9758495521952465
170,450,2,281,other,0.6441,1.8240519489995076e-05,107000,0.9758677927147366
170,250,2,81,other,1.0,1.8240519489995076e-05,107002,0.9758860332342265
170,180,2,11,other,1.0,1.8240519489995076e-05,107004,0.9759042737537165
170,175,2,6,other,1.0,1.8240519489995076e-05,107006,0.9759225142732065
103,162,2,60,other,1.0,1.8240519489995076e-05,107008,0.9759407547926965
172,173,2,2,other,1.0,1.8240519489995076e-05,107010,0.9759589953121864
171,253,2,83,other,1.0,1.8240519489995076e-05,107012,0.9759772358316765
-20,15,2,36,bc_ad_boundary,1.0,1.8240519489995076e-05,107014,0.9759954763511665
167,300,2,134,other,1.0,1.8240519489995076e-05,107016,0.9760137168706565
1,180,2,180,other,1.0,1.8240519489995076e-05,107018,0.9760319573901465
169,222,2,54,other,1.0,1.8240519489995076e-05,107020,0.9760501979096364
169,200,2,32,other,1.0,1.8240519489995076e-05,107022,0.9760684384291265
169,192,2,24,other,1.0,1.8240519489995076e-05,107024,0.9760866789486164
169,176,2,8,other,1.0,1.8240519489995076e-05,107026,0.9761049194681064
201,222,2,22,other,1.0,1.8240519489995076e-05,107028,0.9761231599875965
201,209,2,9,other,1.0,1.8240519489995076e-05,107030,0.9761414005070864
201,205,2,5,other,1.0,1.8240519489995076e-05,107032,0.9761596410265765
200,231,2,32,other,1.0,1.8240519489995076e-05,107034,0.9761778815460664
200,209,2,10,other,1.0,1.8240519489995076e-05,107036,0.9761961220655564
79,150,2,72,other,1.0,1.8240519489995076e-05,107038,0.9762143625850465
79,80,2,2,other,1.0,1.8240519489995076e-05,107040,0.9762326031045364
201,285,2,85,other,1.0,1.8240519489995076e-05,107042,0.9762508436240264
80,130,2,51,other,1.0,1.8240519489995076e-05,107044,0.9762690841435164
105,122,2,18,other,1.0,1.8240519489995076e-05,107046,0.9762873246630064
105,118,2,14,other,1.0,1.8240519489995076e-05,107048,0.9763055651824964
56,100,2,45,other,1.0,1.8240519489995076e-05,107050,0.9763238057019864
56,75,2,20,other,1.0,1.8240519489995076e-05,107052,0.9763420462214764
56,74,2,19,other,1.0,1.8240519489995076e-05,107054,0.9763602867409664
56,68,2,13,other,1.0,1.8240519489995076e-05,107056,0.9763785272604564
55,75,2,21,other,1.0,1.8240519489995076e-05,107058,0.9763967677799463
253,257,2,5,other,1.0,1.8240519489995076e-05,107060,0.9764150082994364
60,78,2,19,other,1.0,1.8240519489995076e-05,107062,0.9764332488189263
60,65,2,6,other,1.0,1.8240519489995076e-05,107064,0.9764514893384164
59,69,2,11,other,1.0,1.8240519489995076e-05,107066,0.9764697298579064
250,300,2,51,other,1.0,1.8240519489995076e-05,107068,0.9764879703773963
105,117,2,13,other,1.0,1.8240519489995076e-05,107070,0.9765062108968864
105,110,2,6,other,1.0,1.8240519489995076e-05,107072,0.9765244514163763
105,106,2,2,other,1.0,1.8240519489995076e-05,107074,0.9765426919358663
104,104,2,1,year_precise,1.0,1.8240519489995076e-05,107076,0.9765609324553564
61,90,2,30,other,1.0,1.8240519489995076e-05,107078,0.9765791729748463
293,367,2,75,other,0.7733,1.8240519489995076e-05,107080,0.9765974134943363
293,363,2,71,other,0.8169,1.8240519489995076e-05,107082,0.9766156540138263
293,361,2,69,other,0.8406,1.8240519489995076e-05,107084,0.9766338945333163
293,293,2,1,year_precise,1.0,1.8240519489995076e-05,107086,0.9766521350528063
167,270,2,104,other,1.0,1.8240519489995076e-05,107088,0.9766703755722963
167,230,2,64,other,1.0,1.8240519489995076e-05,107090,0.9766886160917863
106,250,2,145,other,1.0,1.8240519489995076e-05,107092,0.9767068566112763
106,180,2,75,other,1.0,1.8240519489995076e-05,107094,0.9767250971307663
106,138,2,33,other,1.0,1.8240519489995076e-05,107096,0.9767433376502562
106,115,2,10,other,1.0,1.8240519489995076e-05,107098,0.9767615781697463
106,111,2,6,other,1.0,1.8240519489995076e-05,107100,0.9767798186892362
1,131,2,131,other,1.0,1.8240519489995076e-05,107102,0.9767980592087263
-75,-27,2,49,other,0.4898,1.8240519489995076e-05,107104,0.9768162997282163
-78,-44,2,35,other,0.2,1.8240519489995076e-05,107106,0.9768345402477062
105,150,2,46,other,1.0,1.8240519489995076e-05,107108,0.9768527807671963
42,57,2,16,other,1.0,1.8240519489995076e-05,107110,0.9768710212866862
294,350,2,57,other,1.0,1.8240519489995076e-05,107112,0.9768892618061762
166,175,2,10,other,1.0,1.8240519489995076e-05,107114,0.9769075023256663
166,170,2,5,other,1.0,1.8240519489995076e-05,107116,0.9769257428451562
166,168,2,3,other,1.0,1.8240519489995076e-05,107118,0.9769439833646463
165,200,2,36,other,1.0,1.8240519489995076e-05,107120,0.9769622238841362
108,116,2,9,other,1.0,1.8240519489995076e-05,107122,0.9769804644036262
293,395,2,103,other,0.5631,1.8240519489995076e-05,107124,0.9769987049231162
10,43,2,34,other,1.0,1.8240519489995076e-05,107126,0.9770169454426062
202,208,2,7,other,1.0,1.8240519489995076e-05,107128,0.9770351859620962
201,305,2,105,other,1.0,1.8240519489995076e-05,107130,0.9770534264815862
80,85,2,6,other,1.0,1.8240519489995076e-05,107132,0.9770716670010762
-39,-36,2,4,other,1.0,1.8240519489995076e-05,107134,0.9770899075205662
250,270,2,21,other,1.0,1.8240519489995076e-05,107136,0.9771081480400562
61,120,2,60,other,1.0,1.8240519489995076e-05,107138,0.9771263885595461
61,96,2,36,other,1.0,1.8240519489995076e-05,107140,0.9771446290790362
-17,37,2,55,bc_ad_boundary,1.0,1.8240519489995076e-05,107142,0.9771628695985262
-17,14,2,32,bc_ad_boundary,1.0,1.8240519489995076e-05,107144,0.9771811101180161
110,130,2,21,other,1.0,1.8240519489995076e-05,107146,0.9771993506375062
290,293,2,4,other,1.0,1.8240519489995076e-05,107148,0.9772175911569961
107,400,2,294,other,0.8299,1.8240519489995076e-05,107150,0.9772358316764862
-19,-12,2,8,other,1.0,1.8240519489995076e-05,107152,0.9772540721959762
-19,-19,2,1,year_precise,1.0,1.8240519489995076e-05,107154,0.9772723127154661
-50,-15,2,36,other,1.0,1.8240519489995076e-05,107156,0.9772905532349562
-50,-40,2,11,other,1.0,1.8240519489995076e-05,107158,0.9773087937544461
16,50,2,35,other,1.0,1.8240519489995076e-05,107160,0.9773270342739361
11,20,2,10,other,1.0,1.8240519489995076e-05,107162,0.9773452747934261
11,12,2,2,other,1.0,1.8240519489995076e-05,107164,0.9773635153129161
-40,14,2,55,bc_ad_boundary,1.0,1.8240519489995076e-05,107166,0.977381755832406
-40,-30,2,11,other,1.0,1.8240519489995076e-05,107168,0.9773999963518961
162,165,2,4,other,1.0,1.8240519489995076e-05,107170,0.9774182368713861
42,200,2,159,other,1.0,1.8240519489995076e-05,107172,0.9774364773908761
110,117,2,8,other,1.0,1.8240519489995076e-05,107174,0.9774547179103661
109,161,2,53,other,1.0,1.8240519489995076e-05,107176,0.977472958429856
211,270,2,60,other,1.0,1.8240519489995076e-05,107178,0.9774911989493461
210,217,2,8,other,1.0,1.8240519489995076e-05,107180,0.9775094394688361
210,212,2,3,other,1.0,1.8240519489995076e-05,107182,0.977527679988326
208,210,2,3,other,1.0,1.8240519489995076e-05,107184,0.9775459205078161
-36,-36,2,1,year_precise,1.0,1.8240519489995076e-05,107186,0.977564161027306
-37,-12,2,26,other,1.0,1.8240519489995076e-05,107188,0.9775824015467961
214,235,2,22,other,1.0,1.8240519489995076e-05,107190,0.977600642066286
213,235,2,23,other,1.0,1.8240519489995076e-05,107192,0.977618882585776
212,280,2,69,other,1.0,1.8240519489995076e-05,107194,0.9776371231052661
212,275,2,64,other,1.0,1.8240519489995076e-05,107196,0.977655363624756
212,270,2,59,other,1.0,1.8240519489995076e-05,107198,0.977673604144246
16,17,2,2,other,1.0,1.8240519489995076e-05,107200,0.977691844663736
161,189,2,29,other,1.0,1.8240519489995076e-05,107202,0.977710085183226
-16,-15,2,2,other,1.0,1.8240519489995076e-05,107204,0.9777283257027161
298,299,2,2,other,1.0,1.8240519489995076e-05,107206,0.977746566222206
43,45,2,3,other,1.0,1.8240519489995076e-05,107208,0.977764806741696
1,90,2,90,other,1.0,1.8240519489995076e-05,107210,0.977783047261186
1,67,2,67,other,1.0,1.8240519489995076e-05,107212,0.977801287780676
1,64,2,64,other,1.0,1.8240519489995076e-05,107214,0.9778195283001659
1,63,2,63,other,1.0,1.8240519489995076e-05,107216,0.977837768819656
110,120,2,11,other,1.0,1.8240519489995076e-05,107218,0.977856009339146
160,250,2,91,other,1.0,1.8240519489995076e-05,107220,0.977874249858636
160,170,2,11,other,1.0,1.8240519489995076e-05,107222,0.977892490378126
111,114,2,4,other,1.0,1.8240519489995076e-05,107224,0.9779107308976159
110,300,2,191,other,1.0,1.8240519489995076e-05,107226,0.977928971417106
110,170,2,61,other,1.0,1.8240519489995076e-05,107228,0.977947211936596
294,305,2,12,other,1.0,1.8240519489995076e-05,107230,0.9779654524560859
294,294,2,1,year_precise,1.0,1.8240519489995076e-05,107232,0.977983692975576
43,75,2,33,other,1.0,1.8240519489995076e-05,107234,0.9780019334950659
43,68,2,26,other,1.0,1.8240519489995076e-05,107236,0.978020174014556
23,29,2,7,other,1.0,1.8240519489995076e-05,107238,0.9780384145340459
23,24,2,2,other,1.0,1.8240519489995076e-05,107240,0.9780566550535359
22,23,2,2,other,1.0,1.8240519489995076e-05,107242,0.978074895573026
301,431,2,131,other,0.3817,1.8240519489995076e-05,107244,0.9780931360925159
301,360,2,60,other,0.8333,1.8240519489995076e-05,107246,0.9781113766120059
15,110,2,96,other,1.0,1.8240519489995076e-05,107248,0.9781296171314959
15,90,2,76,other,1.0,1.8240519489995076e-05,107250,0.9781478576509859
246,260,2,15,other,1.0,1.8240519489995076e-05,107252,0.978166098170476
243,244,2,2,other,1.0,1.8240519489995076e-05,107254,0.9781843386899659
240,400,2,161,other,0.6894,1.8240519489995076e-05,107256,0.9782025792094559
240,242,2,3,other,1.0,1.8240519489995076e-05,107258,0.9782208197289459
71,350,2,280,other,1.0,1.8240519489995076e-05,107260,0.9782390602484359
71,160,2,90,other,1.0,1.8240519489995076e-05,107262,0.9782573007679258
71,138,2,68,other,1.0,1.8240519489995076e-05,107264,0.9782755412874159
-40,-35,2,6,other,1.0,1.8240519489995076e-05,107266,0.9782937818069058
300,300,2,1,year_precise,1.0,1.8240519489995076e-05,107268,0.9783120223263958
-50,27,2,78,bc_ad_boundary,1.0,1.8240519489995076e-05,107270,0.9783302628458859
156,160,2,5,other,1.0,1.8240519489995076e-05,107272,0.9783485033653758
155,160,2,6,other,1.0,1.8240519489995076e-05,107274,0.9783667438848659
116,250,2,135,other,1.0,1.8240519489995076e-05,107276,0.9783849844043558
112,119,2,8,other,1.0,1.8240519489995076e-05,107278,0.9784032249238458
-15,-10,2,6,other,1.0,1.8240519489995076e-05,107280,0.9784214654433359
159,161,2,3,other,1.0,1.8240519489995076e-05,107282,0.9784397059628258
158,195,2,38,other,1.0,1.8240519489995076e-05,107284,0.9784579464823158
158,170,2,13,other,1.0,1.8240519489995076e-05,107286,0.9784761870018058
157,200,2,44,other,1.0,1.8240519489995076e-05,107288,0.9784944275212958
1,31,2,31,other,1.0,1.8240519489995076e-05,107290,0.9785126680407858
-83,-44,2,40,other,0.175,1.8240519489995076e-05,107292,0.9785309085602758
-89,-27,2,63,other,0.381,1.8240519489995076e-05,107294,0.9785491490797658
41,114,2,74,other,1.0,1.8240519489995076e-05,107296,0.9785673895992558
-15,-5,2,11,other,1.0,1.8240519489995076e-05,107298,0.9785856301187458
113,114,2,2,other,1.0,1.8240519489995076e-05,107300,0.9786038706382357
41,48,2,8,other,1.0,1.8240519489995076e-05,107302,0.9786221111577258
41,46,2,6,other,1.0,1.8240519489995076e-05,107304,0.9786403516772157
41,43,2,3,other,1.0,1.8240519489995076e-05,107306,0.9786585921967058
40,300,2,261,other,1.0,1.8240519489995076e-05,107308,0.9786768327161958
23,68,2,46,other,1.0,1.8240519489995076e-05,107310,0.9786950732356857
156,167,2,12,other,1.0,1.8240519489995076e-05,107312,0.9787133137551758
156,162,2,7,other,1.0,1.8240519489995076e-05,107314,0.9787315542746657
-42,-30,2,13,other,1.0,1.8240519489995076e-05,107316,0.9787497947941557
75,76,2,2,other,1.0,1.8240519489995076e-05,107318,0.9787680353136458
73,79,2,7,other,1.0,1.8240519489995076e-05,107320,0.9787862758331357
215,230,2,16,other,1.0,1.8240519489995076e-05,107322,0.9788045163526258
215,220,2,6,other,1.0,1.8240519489995076e-05,107324,0.9788227568721157
217,235,2,19,other,1.0,1.8240519489995076e-05,107326,0.9788409973916057
72,72,2,1,year_precise,1.0,1.8240519489995076e-05,107328,0.9788592379110957
63,76,2,14,other,1.0,1.8240519489995076e-05,107330,0.9788774784305857
63,75,2,13,other,1.0,1.8240519489995076e-05,107332,0.9788957189500757
151,194,2,44,other,1.0,1.8240519489995076e-05,107334,0.9789139594695657
155,158,2,4,other,1.0,1.8240519489995076e-05,107336,0.9789321999890557
154,170,2,17,other,1.0,1.8240519489995076e-05,107338,0.9789504405085457
154,158,2,5,other,1.0,1.8240519489995076e-05,107340,0.9789686810280357
154,156,2,3,other,1.0,1.8240519489995076e-05,107342,0.9789869215475256
154,155,2,2,other,1.0,1.8240519489995076e-05,107344,0.9790051620670157
153,161,2,9,other,1.0,1.8240519489995076e-05,107346,0.9790234025865057
117,194,2,78,other,1.0,1.8240519489995076e-05,107348,0.9790416431059956
117,193,2,77,other,1.0,1.8240519489995076e-05,107350,0.9790598836254857
40,62,2,23,other,1.0,1.8240519489995076e-05,107352,0.9790781241449756
40,60,2,21,other,1.0,1.8240519489995076e-05,107354,0.9790963646644656
40,57,2,18,other,1.0,1.8240519489995076e-05,107356,0.9791146051839557
306,324,2,19,other,1.0,1.8240519489995076e-05,107358,0.9791328457034456
306,321,2,16,other,1.0,1.8240519489995076e-05,107360,0.9791510862229357
306,310,2,5,other,1.0,1.8240519489995076e-05,107362,0.9791693267424256
305,308,2,4,other,1.0,1.8240519489995076e-05,107364,0.9791875672619156
220,249,2,30,other,1.0,1.8240519489995076e-05,107366,0.9792058077814056
220,222,2,3,other,1.0,1.8240519489995076e-05,107368,0.9792240483008956
25,25,2,1,year_precise,1.0,1.8240519489995076e-05,107370,0.9792422888203856
308,314,2,7,other,1.0,1.8240519489995076e-05,107372,0.9792605293398756
-100,70,2,171,bc_ad_boundary,0.7076,1.8240519489995076e-05,107374,0.9792787698593656
308,309,2,2,other,1.0,1.8240519489995076e-05,107376,0.9792970103788556
308,308,2,1,year_precise,1.0,1.8240519489995076e-05,107378,0.9793152508983456
40,100,2,61,other,1.0,1.8240519489995076e-05,107380,0.9793334914178355
-80,-27,2,54,other,0.4444,1.8240519489995076e-05,107382,0.9793517319373256
-80,-42,2,39,other,0.2308,1.8240519489995076e-05,107384,0.9793699724568156
117,160,2,44,other,1.0,1.8240519489995076e-05,107386,0.9793882129763055
117,140,2,24,other,1.0,1.8240519489995076e-05,107388,0.9794064534957956
117,136,2,20,other,1.0,1.8240519489995076e-05,107390,0.9794246940152855
152,153,2,2,other,1.0,1.8240519489995076e-05,107392,0.9794429345347756
151,212,2,62,other,1.0,1.8240519489995076e-05,107394,0.9794611750542656
151,210,2,60,other,1.0,1.8240519489995076e-05,107396,0.9794794155737555
149,180,2,32,other,1.0,1.8240519489995076e-05,107398,0.9794976560932456
118,128,2,11,other,1.0,1.8240519489995076e-05,107400,0.9795158966127355
118,119,2,2,other,1.0,1.8240519489995076e-05,107402,0.9795341371322255
117,430,2,314,other,0.7452,1.8240519489995076e-05,107404,0.9795523776517155
151,192,2,42,other,1.0,1.8240519489995076e-05,107406,0.9795706181712055
150,270,2,121,other,1.0,1.8240519489995076e-05,107408,0.9795888586906956
150,235,2,86,other,1.0,1.8240519489995076e-05,107410,0.9796070992101855
25,30,2,6,other,1.0,1.8240519489995076e-05,107412,0.9796253397296755
-50,-11,2,40,other,1.0,1.8240519489995076e-05,107414,0.9796435802491655
242,243,2,2,other,1.0,1.8240519489995076e-05,107416,0.9796618207686555
241,280,2,40,other,1.0,1.8240519489995076e-05,107418,0.9796800612881454
241,260,2,20,other,1.0,1.8240519489995076e-05,107420,0.9796983018076355
71,89,2,19,other,1.0,1.8240519489995076e-05,107422,0.9797165423271255
71,73,2,3,other,1.0,1.8240519489995076e-05,107424,0.9797347828466155
71,72,2,2,other,1.0,1.8240519489995076e-05,107426,0.9797530233661055
221,235,2,15,other,1.0,1.8240519489995076e-05,107428,0.9797712638855954
145,175,2,31,other,1.0,1.8240519489995076e-05,107430,0.9797895044050855
24,24,2,1,year_precise,1.0,1.8240519489995076e-05,107432,0.9798077449245755
39,100,2,62,other,1.0,1.8240519489995076e-05,107434,0.9798259854440654
39,57,2,19,other,1.0,1.8240519489995076e-05,107436,0.9798442259635555
39,52,2,14,other,1.0,1.8240519489995076e-05,107438,0.9798624664830454
40,70,2,31,other,1.0,1.8240519489995076e-05,107440,0.9798807070025354
40,65,2,26,other,1.0,1.8240519489995076e-05,107442,0.9798989475220254
150,155,2,6,other,1.0,1.8240519489995076e-05,107444,0.9799171880415154
1,23,2,23,other,1.0,1.8240519489995076e-05,107446,0.9799354285610055
1,18,2,18,other,1.0,1.8240519489995076e-05,107448,0.9799536690804954
-12,2,2,15,bc_ad_boundary,1.0,1.8240519489995076e-05,107450,0.9799719095999854
-12,-6,2,7,other,1.0,1.8240519489995076e-05,107452,0.9799901501194754
149,200,2,52,other,1.0,1.8240519489995076e-05,107454,0.9800083906389654
120,126,2,7,other,1.0,1.8240519489995076e-05,107456,0.9800266311584553
120,125,2,6,other,1.0,1.8240519489995076e-05,107458,0.9800448716779454
118,300,2,183,other,1.0,1.8240519489995076e-05,107460,0.9800631121974354
313,317,2,5,other,1.0,1.8240519489995076e-05,107462,0.9800813527169254
313,315,2,3,other,1.0,1.8240519489995076e-05,107464,0.9800995932364154
148,158,2,11,other,1.0,1.8240519489995076e-05,107466,0.9801178337559053
147,149,2,3,other,1.0,1.8240519489995076e-05,107468,0.9801360742753954
147,148,2,2,other,1.0,1.8240519489995076e-05,107470,0.9801543147948854
146,157,2,12,other,1.0,1.8240519489995076e-05,107472,0.9801725553143753
220,221,2,2,other,1.0,1.8240519489995076e-05,107474,0.9801907958338654
219,300,2,82,other,1.0,1.8240519489995076e-05,107476,0.9802090363533553
219,222,2,4,other,1.0,1.8240519489995076e-05,107478,0.9802272768728454
12,150,2,139,other,1.0,1.8240519489995076e-05,107480,0.9802455173923353
218,250,2,33,other,1.0,1.8240519489995076e-05,107482,0.9802637579118253
68,70,2,3,other,1.0,1.8240519489995076e-05,107484,0.9802819984313154
14,17,2,4,other,1.0,1.8240519489995076e-05,107486,0.9803002389508053
223,230,2,8,other,1.0,1.8240519489995076e-05,107488,0.9803184794702953
-43,-33,2,11,other,1.0,1.8240519489995076e-05,107490,0.9803367199897853
-44,-31,2,14,other,1.0,1.8240519489995076e-05,107492,0.9803549605092753
310,312,2,3,other,1.0,1.8240519489995076e-05,107494,0.9803732010287654
308,316,2,9,other,1.0,1.8240519489995076e-05,107496,0.9803914415482553
120,200,2,81,other,1.0,1.8240519489995076e-05,107498,0.9804096820677453
145,155,2,11,other,1.0,1.8240519489995076e-05,107500,0.9804279225872353
144,160,2,17,other,1.0,1.8240519489995076e-05,107502,0.9804461631067253
143,146,2,4,other,1.0,1.8240519489995076e-05,107504,0.9804644036262152
222,225,2,4,other,1.0,1.8240519489995076e-05,107506,0.9804826441457053
71,118,2,48,other,1.0,1.8240519489995076e-05,107508,0.9805008846651952
225,227,2,3,other,1.0,1.8240519489995076e-05,107510,0.9805191251846853
14,38,2,25,reign:Tiberian,1.0,1.8240519489995076e-05,107512,0.9805373657041753
14,31,2,18,other,1.0,1.8240519489995076e-05,107514,0.9805556062236652
14,21,2,8,other,1.0,1.8240519489995076e-05,107516,0.9805738467431553
240,241,2,2,other,1.0,1.8240519489995076e-05,107518,0.9805920872626452
143,145,2,3,other,1.0,1.8240519489995076e-05,107520,0.9806103277821352
-1,11,2,13,bc_ad_boundary,1.0,1.8240519489995076e-05,107522,0.9806285683016253
314,314,2,1,year_precise,1.0,1.8240519489995076e-05,107524,0.9806468088211152
316,316,2,1,year_precise,1.0,1.8240519489995076e-05,107526,0.9806650493406052
315,350,2,36,other,1.0,1.8240519489995076e-05,107528,0.9806832898600952
39,43,2,5,other,1.0,1.8240519489995076e-05,107530,0.9807015303795852
38,54,2,17,other,1.0,1.8240519489995076e-05,107532,0.9807197708990752
312,370,2,59,other,0.661,1.8240519489995076e-05,107534,0.9807380114185652
312,360,2,49,other,0.7959,1.8240519489995076e-05,107536,0.9807562519380552
312,330,2,19,other,1.0,1.8240519489995076e-05,107538,0.9807744924575452
312,314,2,3,other,1.0,1.8240519489995076e-05,107540,0.9807927329770352
-2,10,2,13,bc_ad_boundary,1.0,1.8240519489995076e-05,107542,0.9808109734965251
-2,6,2,9,bc_ad_boundary,1.0,1.8240519489995076e-05,107544,0.9808292140160152
121,138,2,18,other,1.0,1.8240519489995076e-05,107546,0.9808474545355051
143,144,2,2,other,1.0,1.8240519489995076e-05,107548,0.9808656950549952
-11,-9,2,3,other,1.0,1.8240519489995076e-05,107550,0.9808839355744852
-12,50,2,63,bc_ad_boundary,1.0,1.8240519489995076e-05,107552,0.9809021760939751
310,315,2,6,other,1.0,1.8240519489995076e-05,107554,0.9809204166134652
310,313,2,4,other,1.0,1.8240519489995076e-05,107556,0.9809386571329551
123,150,2,28,other,1.0,1.8240519489995076e-05,107558,0.9809568976524451
37,38,2,2,other,1.0,1.8240519489995076e-05,107560,0.9809751381719352
36,36,2,1,year_precise,1.0,1.8240519489995076e-05,107562,0.9809933786914251
35,50,2,16,other,1.0,1.8240519489995076e-05,107564,0.9810116192109152
65,79,2,15,other,1.0,1.8240519489995076e-05,107566,0.9810298597304051
64,71,2,8,other,1.0,1.8240519489995076e-05,107568,0.9810481002498951
-48,-46,2,3,other,1.0,1.8240519489995076e-05,107570,0.9810663407693851
-49,30,2,80,bc_ad_boundary,1.0,1.8240519489995076e-05,107572,0.9810845812888751
-49,-1,2,49,other,1.0,1.8240519489995076e-05,107574,0.981102821808365
238,241,2,4,other,1.0,1.8240519489995076e-05,107576,0.9811210623278551
230,250,2,21,other,1.0,1.8240519489995076e-05,107578,0.9811393028473451
70,73,2,4,other,1.0,1.8240519489995076e-05,107580,0.9811575433668351
70,71,2,2,other,1.0,1.8240519489995076e-05,107582,0.9811757838863251
69,180,2,112,other,1.0,1.8240519489995076e-05,107584,0.981194024405815
317,323,2,7,other,1.0,1.8240519489995076e-05,107586,0.9812122649253051
317,321,2,5,other,1.0,1.8240519489995076e-05,107588,0.9812305054447951
-4,-4,2,1,year_precise,1.0,1.8240519489995076e-05,107590,0.981248745964285
-5,50,2,56,bc_ad_boundary,1.0,1.8240519489995076e-05,107592,0.9812669864837751
-5,25,2,31,bc_ad_boundary,1.0,1.8240519489995076e-05,107594,0.981285227003265
38,40,2,3,reign:Caligulan,1.0,1.8240519489995076e-05,107596,0.9813034675227551
123,130,2,8,other,1.0,1.8240519489995076e-05,107598,0.9813217080422451
123,125,2,3,other,1.0,1.8240519489995076e-05,107600,0.981339948561735
141,147,2,7,other,1.0,1.8240519489995076e-05,107602,0.9813581890812251
141,144,2,4,other,1.0,1.8240519489995076e-05,107604,0.981376429600715
141,143,2,3,other,1.0,1.8240519489995076e-05,107606,0.981394670120205
140,150,2,11,other,1.0,1.8240519489995076e-05,107608,0.981412910639695
140,147,2,8,other,1.0,1.8240519489995076e-05,107610,0.981431151159185
-100,-44,2,57,other,0.1228,1.8240519489995076e-05,107612,0.981449391678675
-100,-50,2,51,other,0.0196,1.8240519489995076e-05,107614,0.981467632198165
-101,100,2,202,bc_ad_boundary,0.7475,1.8240519489995076e-05,107616,0.981485872717655
121,220,2,100,other,1.0,1.8240519489995076e-05,107618,0.981504113237145
142,158,2,17,other,1.0,1.8240519489995076e-05,107620,0.981522353756635
230,270,2,41,other,1.0,1.8240519489995076e-05,107622,0.981540594276125
27,68,2,42,other,1.0,1.8240519489995076e-05,107624,0.981558834795615
26,29,2,4,other,1.0,1.8240519489995076e-05,107626,0.981577075315105
326,326,2,1,year_precise,1.0,1.8240519489995076e-05,107628,0.9815953158345949
325,325,2,1,year_precise,1.0,1.8240519489995076e-05,107630,0.981613556354085
324,361,2,38,other,0.7105,1.8240519489995076e-05,107632,0.9816317968735749
324,329,2,6,other,1.0,1.8240519489995076e-05,107634,0.981650037393065
37,54,2,18,other,1.0,1.8240519489995076e-05,107636,0.981668277912555
139,158,2,20,other,1.0,1.8240519489995076e-05,107638,0.9816865184320449
139,145,2,7,other,1.0,1.8240519489995076e-05,107640,0.981704758951535
139,143,2,5,other,1.0,1.8240519489995076e-05,107642,0.9817229994710249
125,150,2,26,other,1.0,1.8240519489995076e-05,107644,0.9817412399905149
125,136,2,12,other,1.0,1.8240519489995076e-05,107646,0.981759480510005
125,125,2,1,year_precise,1.0,1.8240519489995076e-05,107648,0.9817777210294949
124,138,2,15,other,1.0,1.8240519489995076e-05,107650,0.981795961548985
123,270,2,148,other,1.0,1.8240519489995076e-05,107652,0.9818142020684749
128,136,2,9,other,1.0,1.8240519489995076e-05,107654,0.9818324425879649
-5,20,2,26,bc_ad_boundary,1.0,1.8240519489995076e-05,107656,0.9818506831074549
-10,40,2,51,bc_ad_boundary,1.0,1.8240519489995076e-05,107658,0.9818689236269449
-10,9,2,20,bc_ad_boundary,1.0,1.8240519489995076e-05,107660,0.9818871641464348
128,133,2,6,other,1.0,1.8240519489995076e-05,107662,0.9819054046659249
127,129,2,3,other,1.0,1.8240519489995076e-05,107664,0.9819236451854149
127,128,2,2,other,1.0,1.8240519489995076e-05,107666,0.9819418857049049
31,180,2,150,other,1.0,1.8240519489995076e-05,107668,0.9819601262243949
69,140,2,72,other,1.0,1.8240519489995076e-05,107670,0.9819783667438848
228,230,2,3,other,1.0,1.8240519489995076e-05,107672,0.9819966072633749
226,227,2,2,other,1.0,1.8240519489995076e-05,107674,0.9820148477828649
69,80,2,12,reign:Vespasianic,1.0,1.8240519489995076e-05,107676,0.9820330883023548
69,75,2,7,other,1.0,1.8240519489995076e-05,107678,0.9820513288218449
231,271,2,41,other,1.0,1.8240519489995076e-05,107680,0.9820695693413348
231,238,2,8,other,1.0,1.8240519489995076e-05,107682,0.9820878098608249
231,234,2,4,other,1.0,1.8240519489995076e-05,107684,0.9821060503803148
30,45,2,16,other,1.0,1.8240519489995076e-05,107686,0.9821242908998048
337,408,2,72,other,0.1944,1.8240519489995076e-05,107688,0.9821425314192949
337,367,2,31,other,0.4516,1.8240519489995076e-05,107690,0.9821607719387848
131,183,2,53,other,1.0,1.8240519489995076e-05,107692,0.9821790124582748
334,334,2,1,year_precise,1.0,1.8240519489995076e-05,107694,0.9821972529777648
333,335,2,3,other,1.0,1.8240519489995076e-05,107696,0.9822154934972548
350,437,2,88,other,0.0114,1.8240519489995076e-05,107698,0.9822337340167447
69,90,2,22,other,1.0,1.8240519489995076e-05,107700,0.9822519745362348
130,171,2,42,other,1.0,1.8240519489995076e-05,107702,0.9822702150557248
31,68,2,38,other,1.0,1.8240519489995076e-05,107704,0.9822884555752148
126,250,2,125,other,1.0,1.8240519489995076e-05,107706,0.9823066960947048
126,135,2,10,other,1.0,1.8240519489995076e-05,107708,0.9823249366141947
126,130,2,5,other,1.0,1.8240519489995076e-05,107710,0.9823431771336848
138,250,2,113,other,1.0,1.8240519489995076e-05,107712,0.9823614176531748
138,235,2,98,other,1.0,1.8240519489995076e-05,107714,0.9823796581726647
138,193,2,56,reign:Antonine-broad,1.0,1.8240519489995076e-05,107716,0.9823978986921548
-27,-20,2,8,other,1.0,1.8240519489995076e-05,107718,0.9824161392116447
-27,-25,2,3,other,1.0,1.8240519489995076e-05,107720,0.9824343797311348
-27,-27,2,1,year_precise,1.0,1.8240519489995076e-05,107722,0.9824526202506247
91,112,2,22,other,1.0,1.8240519489995076e-05,107724,0.9824708607701147
29,37,2,9,other,1.0,1.8240519489995076e-05,107726,0.9824891012896048
136,137,2,2,other,1.0,1.8240519489995076e-05,107728,0.9825073418090947
134,138,2,5,other,1.0,1.8240519489995076e-05,107730,0.9825255823285847
-6,4,2,11,bc_ad_boundary,1.0,1.8240519489995076e-05,107732,0.9825438228480747
138,139,2,2,other,1.0,1.8240519489995076e-05,107734,0.9825620633675647
137,139,2,3,other,1.0,1.8240519489995076e-05,107736,0.9825803038870548
136,200,2,65,other,1.0,1.8240519489995076e-05,107738,0.9825985444065447
-9,-9,2,1,year_precise,1.0,1.8240519489995076e-05,107740,0.9826167849260347
233,235,2,3,other,1.0,1.8240519489995076e-05,107742,0.9826350254455247
-47,50,2,98,bc_ad_boundary,1.0,1.8240519489995076e-05,107744,0.9826532659650147
-47,-47,2,1,year_precise,1.0,1.8240519489995076e-05,107746,0.9826715064845046
69,104,2,36,other,1.0,1.8240519489995076e-05,107748,0.9826897470039947
-199,100,1,300,multi_century,0.5033,9.120259744997538e-06,107749,0.9826988672637397
341,420,1,80,other,0.125,9.120259744997538e-06,107750,0.9827079875234846
342,343,1,2,other,1.0,9.120259744997538e-06,107751,0.9827171077832296
342,350,1,9,other,1.0,9.120259744997538e-06,107752,0.9827262280429747
342,360,1,19,other,0.4737,9.120259744997538e-06,107753,0.9827353483027197
342,457,1,116,other,0.0776,9.120259744997538e-06,107754,0.9827444685624647
343,346,1,4,other,1.0,9.120259744997538e-06,107755,0.9827535888222096
343,376,1,34,other,0.2353,9.120259744997538e-06,107756,0.9827627090819546
344,400,1,57,other,0.1228,9.120259744997538e-06,107757,0.9827718293416996
350,361,1,12,other,0.0833,9.120259744997538e-06,107758,0.9827809496014447
349,350,1,2,other,1.0,9.120259744997538e-06,107759,0.9827900698611897
348,349,1,2,other,1.0,9.120259744997538e-06,107760,0.9827991901209346
347,520,1,174,other,0.023,9.120259744997538e-06,107761,0.9828083103806796
347,350,1,4,other,1.0,9.120259744997538e-06,107762,0.9828174306404246
347,349,1,3,other,1.0,9.120259744997538e-06,107763,0.9828265509001697
-181,100,1,282,bc_ad_boundary,0.5355,9.120259744997538e-06,107764,0.9828356711599147
-188,-1,1,188,other,0.266,9.120259744997538e-06,107765,0.9828447914196596
340,388,1,49,other,0.2245,9.120259744997538e-06,107766,0.9828539116794046
340,361,1,22,other,0.5,9.120259744997538e-06,107767,0.9828630319391496
340,346,1,7,other,1.0,9.120259744997538e-06,107768,0.9828721521988947
339,538,1,200,other,0.06,9.120259744997538e-06,107769,0.9828812724586397
339,340,1,2,other,1.0,9.120259744997538e-06,107770,0.9828903927183846
338,340,1,3,other,1.0,9.120259744997538e-06,107771,0.9828995129781296
338,339,1,2,other,1.0,9.120259744997538e-06,107772,0.9829086332378746
337,500,1,164,other,0.0854,9.120259744997538e-06,107773,0.9829177534976196
30,100,1,71,other,1.0,9.120259744997538e-06,107774,0.9829268737573646
-6,1,1,8,bc_ad_boundary,1.0,9.120259744997538e-06,107775,0.9829359940171096
-6,-4,1,3,other,1.0,9.120259744997538e-06,107776,0.9829451142768546
-6,-5,1,2,other,1.0,9.120259744997538e-06,107777,0.9829542345365996
-7,137,1,145,bc_ad_boundary,1.0,9.120259744997538e-06,107778,0.9829633547963446
-7,50,1,58,bc_ad_boundary,1.0,9.120259744997538e-06,107779,0.9829724750560896
-7,30,1,38,bc_ad_boundary,1.0,9.120259744997538e-06,107780,0.9829815953158346
-7,14,1,22,bc_ad_boundary,1.0,9.120259744997538e-06,107781,0.9829907155755796
131,165,1,35,other,1.0,9.120259744997538e-06,107782,0.9829998358353246
131,161,1,31,other,1.0,9.120259744997538e-06,107783,0.9830089560950696
131,700,1,570,other,0.386,9.120259744997538e-06,107784,0.9830180763548146
131,320,1,190,other,1.0,9.120259744997538e-06,107785,0.9830271966145596
131,239,1,109,other,1.0,9.120259744997538e-06,107786,0.9830363168743046
131,220,1,90,other,1.0,9.120259744997538e-06,107787,0.9830454371340496
131,210,1,80,other,1.0,9.120259744997538e-06,107788,0.9830545573937945
131,194,1,64,other,1.0,9.120259744997538e-06,107789,0.9830636776535395
131,190,1,60,other,1.0,9.120259744997538e-06,107790,0.9830727979132846
130,300,1,171,other,1.0,9.120259744997538e-06,107791,0.9830819181730296
130,250,1,121,other,1.0,9.120259744997538e-06,107792,0.9830910384327746
130,230,1,101,other,1.0,9.120259744997538e-06,107793,0.9831001586925195
130,160,1,31,other,1.0,9.120259744997538e-06,107794,0.9831092789522645
130,159,1,30,other,1.0,9.120259744997538e-06,107795,0.9831183992120096
135,260,1,126,other,1.0,9.120259744997538e-06,107796,0.9831275194717546
135,194,1,60,other,1.0,9.120259744997538e-06,107797,0.9831366397314996
135,165,1,31,other,1.0,9.120259744997538e-06,107798,0.9831457599912445
135,160,1,26,other,1.0,9.120259744997538e-06,107799,0.9831548802509895
135,140,1,6,other,1.0,9.120259744997538e-06,107800,0.9831640005107345
134,260,1,127,other,1.0,9.120259744997538e-06,107801,0.9831731207704796
134,154,1,21,other,1.0,9.120259744997538e-06,107802,0.9831822410302246
134,150,1,17,other,1.0,9.120259744997538e-06,107803,0.9831913612899695
134,137,1,4,other,1.0,9.120259744997538e-06,107804,0.9832004815497145
133,142,1,10,other,1.0,9.120259744997538e-06,107805,0.9832096018094595
-5,-3,1,3,other,1.0,9.120259744997538e-06,107806,0.9832187220692046
136,145,1,10,other,1.0,9.120259744997538e-06,107807,0.9832278423289496
-7,-6,1,2,other,1.0,9.120259744997538e-06,107808,0.9832369625886945
-8,25,1,34,bc_ad_boundary,1.0,9.120259744997538e-06,107809,0.9832460828484395
-8,16,1,25,bc_ad_boundary,1.0,9.120259744997538e-06,107810,0.9832552031081845
-8,14,1,23,bc_ad_boundary,1.0,9.120259744997538e-06,107811,0.9832643233679296
-8,4,1,13,bc_ad_boundary,1.0,9.120259744997538e-06,107812,0.9832734436276745
-8,3,1,12,bc_ad_boundary,1.0,9.120259744997538e-06,107813,0.9832825638874195
-8,2,1,11,bc_ad_boundary,1.0,9.120259744997538e-06,107814,0.9832916841471645
-8,-1,1,8,other,1.0,9.120259744997538e-06,107815,0.9833008044069095
-9,41,1,51,bc_ad_boundary,1.0,9.120259744997538e-06,107816,0.9833099246666545
-9,4,1,14,bc_ad_boundary,1.0,9.120259744997538e-06,107817,0.9833190449263995
131,158,1,28,other,1.0,9.120259744997538e-06,107818,0.9833281651861445
131,155,1,25,other,1.0,9.120259744997538e-06,107819,0.9833372854458895
131,145,1,15,other,1.0,9.120259744997538e-06,107820,0.9833464057056345
131,141,1,11,other,1.0,9.120259744997538e-06,107821,0.9833555259653795
131,136,1,6,other,1.0,9.120259744997538e-06,107822,0.9833646462251245
130,131,1,2,other,1.0,9.120259744997538e-06,107823,0.9833737664848695
129,211,1,83,other,1.0,9.120259744997538e-06,107824,0.9833828867446145
129,150,1,22,other,1.0,9.120259744997538e-06,107825,0.9833920070043595
129,145,1,17,other,1.0,9.120259744997538e-06,107826,0.9834011272641044
129,140,1,12,other,1.0,9.120259744997538e-06,107827,0.9834102475238495
128,308,1,181,other,1.0,9.120259744997538e-06,107828,0.9834193677835945
138,144,1,7,other,1.0,9.120259744997538e-06,107829,0.9834284880433395
138,143,1,6,other,1.0,9.120259744997538e-06,107830,0.9834376083030845
138,142,1,5,other,1.0,9.120259744997538e-06,107831,0.9834467285628294
137,250,1,114,other,1.0,9.120259744997538e-06,107832,0.9834558488225744
137,150,1,14,other,1.0,9.120259744997538e-06,107833,0.9834649690823195
136,300,1,165,other,1.0,9.120259744997538e-06,107834,0.9834740893420645
136,241,1,106,other,1.0,9.120259744997538e-06,107835,0.9834832096018095
136,161,1,26,other,1.0,9.120259744997538e-06,107836,0.9834923298615544
136,160,1,25,other,1.0,9.120259744997538e-06,107837,0.9835014501212994
136,146,1,11,other,1.0,9.120259744997538e-06,107838,0.9835105703810445
127,175,1,49,other,1.0,9.120259744997538e-06,107839,0.9835196906407895
126,211,1,86,other,1.0,9.120259744997538e-06,107840,0.9835288109005345
126,200,1,75,other,1.0,9.120259744997538e-06,107841,0.9835379311602794
126,140,1,15,other,1.0,9.120259744997538e-06,107842,0.9835470514200244
126,138,1,13,other,1.0,9.120259744997538e-06,107843,0.9835561716797694
126,132,1,7,other,1.0,9.120259744997538e-06,107844,0.9835652919395145
126,128,1,3,other,1.0,9.120259744997538e-06,107845,0.9835744121992595
138,244,1,107,other,1.0,9.120259744997538e-06,107846,0.9835835324590044
138,197,1,60,other,1.0,9.120259744997538e-06,107847,0.9835926527187494
138,168,1,31,other,1.0,9.120259744997538e-06,107848,0.9836017729784944
138,152,1,15,other,1.0,9.120259744997538e-06,107849,0.9836108932382395
130,147,1,18,other,1.0,9.120259744997538e-06,107850,0.9836200134979844
130,145,1,16,other,1.0,9.120259744997538e-06,107851,0.9836291337577294
130,135,1,6,other,1.0,9.120259744997538e-06,107852,0.9836382540174744
130,134,1,5,other,1.0,9.120259744997538e-06,107853,0.9836473742772194
130,133,1,4,other,1.0,9.120259744997538e-06,107854,0.9836564945369645
-4,19,1,24,bc_ad_boundary,1.0,9.120259744997538e-06,107855,0.9836656147967094
-4,14,1,19,bc_ad_boundary,1.0,9.120259744997538e-06,107856,0.9836747350564544
-5,10,1,16,bc_ad_boundary,1.0,9.120259744997538e-06,107857,0.9836838553161994
-5,2,1,8,bc_ad_boundary,1.0,9.120259744997538e-06,107858,0.9836929755759444
-10,100,1,111,bc_ad_boundary,1.0,9.120259744997538e-06,107859,0.9837020958356893
-10,70,1,81,bc_ad_boundary,1.0,9.120259744997538e-06,107860,0.9837112160954344
-10,54,1,65,bc_ad_boundary,1.0,9.120259744997538e-06,107861,0.9837203363551794
-10,35,1,46,bc_ad_boundary,1.0,9.120259744997538e-06,107862,0.9837294566149244
-10,25,1,36,bc_ad_boundary,1.0,9.120259744997538e-06,107863,0.9837385768746694
-10,6,1,17,bc_ad_boundary,1.0,9.120259744997538e-06,107864,0.9837476971344143
-10,5,1,16,bc_ad_boundary,1.0,9.120259744997538e-06,107865,0.9837568173941594
-10,3,1,14,bc_ad_boundary,1.0,9.120259744997538e-06,107866,0.9837659376539044
138,500,1,363,other,0.5868,9.120259744997538e-06,107867,0.9837750579136494
138,400,1,263,other,0.8099,9.120259744997538e-06,107868,0.9837841781733944
138,270,1,133,other,1.0,9.120259744997538e-06,107869,0.9837932984331393
127,180,1,54,other,1.0,9.120259744997538e-06,107870,0.9838024186928844
140,154,1,15,other,1.0,9.120259744997538e-06,107871,0.9838115389526294
140,143,1,4,other,1.0,9.120259744997538e-06,107872,0.9838206592123744
139,400,1,262,other,0.8092,9.120259744997538e-06,107873,0.9838297794721194
139,201,1,63,other,1.0,9.120259744997538e-06,107874,0.9838388997318643
139,180,1,42,other,1.0,9.120259744997538e-06,107875,0.9838480199916093
125,200,1,76,other,1.0,9.120259744997538e-06,107876,0.9838571402513544
125,190,1,66,other,1.0,9.120259744997538e-06,107877,0.9838662605110994
125,162,1,38,other,1.0,9.120259744997538e-06,107878,0.9838753807708444
125,138,1,14,other,1.0,9.120259744997538e-06,107879,0.9838845010305893
125,135,1,11,other,1.0,9.120259744997538e-06,107880,0.9838936212903343
124,193,1,70,other,1.0,9.120259744997538e-06,107881,0.9839027415500794
124,170,1,47,other,1.0,9.120259744997538e-06,107882,0.9839118618098244
124,150,1,27,other,1.0,9.120259744997538e-06,107883,0.9839209820695693
124,140,1,17,other,1.0,9.120259744997538e-06,107884,0.9839301023293143
125,250,1,126,other,1.0,9.120259744997538e-06,107885,0.9839392225890593
-3,2,1,6,bc_ad_boundary,1.0,9.120259744997538e-06,107886,0.9839483428488043
123,128,1,6,other,1.0,9.120259744997538e-06,107887,0.9839574631085494
123,126,1,4,other,1.0,9.120259744997538e-06,107888,0.9839665833682943
122,161,1,40,other,1.0,9.120259744997538e-06,107889,0.9839757036280393
122,160,1,39,other,1.0,9.120259744997538e-06,107890,0.9839848238877843
122,158,1,37,other,1.0,9.120259744997538e-06,107891,0.9839939441475293
122,157,1,36,other,1.0,9.120259744997538e-06,107892,0.9840030644072744
141,150,1,10,other,1.0,9.120259744997538e-06,107893,0.9840121846670193
141,146,1,6,other,1.0,9.120259744997538e-06,107894,0.9840213049267643
140,300,1,161,other,1.0,9.120259744997538e-06,107895,0.9840304251865093
140,222,1,83,other,1.0,9.120259744997538e-06,107896,0.9840395454462543
140,220,1,81,other,1.0,9.120259744997538e-06,107897,0.9840486657059994
140,200,1,61,other,1.0,9.120259744997538e-06,107898,0.9840577859657443
140,192,1,53,other,1.0,9.120259744997538e-06,107899,0.9840669062254893
140,180,1,41,other,1.0,9.120259744997538e-06,107900,0.9840760264852343
140,172,1,33,other,1.0,9.120259744997538e-06,107901,0.9840851467449793
140,163,1,24,other,1.0,9.120259744997538e-06,107902,0.9840942670047242
121,230,1,110,other,1.0,9.120259744997538e-06,107903,0.9841033872644693
121,171,1,51,other,1.0,9.120259744997538e-06,107904,0.9841125075242143
142,180,1,39,other,1.0,9.120259744997538e-06,107905,0.9841216277839593
142,170,1,29,other,1.0,9.120259744997538e-06,107906,0.9841307480437043
142,162,1,21,other,1.0,9.120259744997538e-06,107907,0.9841398683034492
142,160,1,19,other,1.0,9.120259744997538e-06,107908,0.9841489885631943
142,157,1,16,other,1.0,9.120259744997538e-06,107909,0.9841581088229393
142,146,1,5,other,1.0,9.120259744997538e-06,107910,0.9841672290826843
142,144,1,3,other,1.0,9.120259744997538e-06,107911,0.9841763493424293
141,240,1,100,other,1.0,9.120259744997538e-06,107912,0.9841854696021742
141,230,1,90,other,1.0,9.120259744997538e-06,107913,0.9841945898619193
141,190,1,50,other,1.0,9.120259744997538e-06,107914,0.9842037101216643
141,165,1,25,other,1.0,9.120259744997538e-06,107915,0.9842128303814093
123,211,1,89,other,1.0,9.120259744997538e-06,107916,0.9842219506411543
123,138,1,16,other,1.0,9.120259744997538e-06,107917,0.9842310709008992
123,134,1,12,other,1.0,9.120259744997538e-06,107918,0.9842401911606442
-2,50,1,53,bc_ad_boundary,1.0,9.120259744997538e-06,107919,0.9842493114203893
-2,4,1,7,bc_ad_boundary,1.0,9.120259744997538e-06,107920,0.9842584316801343
-3,3,1,7,bc_ad_boundary,1.0,9.120259744997538e-06,107921,0.9842675519398792
121,145,1,25,other,1.0,9.120259744997538e-06,107922,0.9842766721996242
121,133,1,13,other,1.0,9.120259744997538e-06,107923,0.9842857924593692
-10,-5,1,6,other,1.0,9.120259744997538e-06,107924,0.9842949127191143
-10,-6,1,5,other,1.0,9.120259744997538e-06,107925,0.9843040329788593
-11,50,1,62,bc_ad_boundary,1.0,9.120259744997538e-06,107926,0.9843131532386042
-11,15,1,27,bc_ad_boundary,1.0,9.120259744997538e-06,107927,0.9843222734983492
-12,20,1,33,bc_ad_boundary,1.0,9.120259744997538e-06,107928,0.9843313937580942
122,144,1,23,other,1.0,9.120259744997538e-06,107929,0.9843405140178392
122,134,1,13,other,1.0,9.120259744997538e-06,107930,0.9843496342775843
122,128,1,7,other,1.0,9.120259744997538e-06,107931,0.9843587545373292
122,124,1,3,other,1.0,9.120259744997538e-06,107932,0.9843678747970742
121,400,1,280,other,0.8214,9.120259744997538e-06,107933,0.9843769950568192
121,260,1,140,other,1.0,9.120259744997538e-06,107934,0.9843861153165642
120,168,1,49,other,1.0,9.120259744997538e-06,107935,0.9843952355763093
120,138,1,19,other,1.0,9.120259744997538e-06,107936,0.9844043558360542
120,135,1,16,other,1.0,9.120259744997538e-06,107937,0.9844134760957992
145,167,1,23,other,1.0,9.120259744997538e-06,107938,0.9844225963555442
145,157,1,13,other,1.0,9.120259744997538e-06,107939,0.9844317166152892
144,253,1,110,other,1.0,9.120259744997538e-06,107940,0.9844408368750343
144,178,1,35,other,1.0,9.120259744997538e-06,107941,0.9844499571347792
144,170,1,27,other,1.0,9.120259744997538e-06,107942,0.9844590773945242
144,146,1,3,other,1.0,9.120259744997538e-06,107943,0.9844681976542692
143,160,1,18,other,1.0,9.120259744997538e-06,107944,0.9844773179140142
143,153,1,11,other,1.0,9.120259744997538e-06,107945,0.9844864381737591
143,150,1,8,other,1.0,9.120259744997538e-06,107946,0.9844955584335042
-1,10,1,12,bc_ad_boundary,1.0,9.120259744997538e-06,107947,0.9845046786932492
-2,137,1,140,bc_ad_boundary,1.0,9.120259744997538e-06,107948,0.9845137989529942
-2,96,1,99,bc_ad_boundary,1.0,9.120259744997538e-06,107949,0.9845229192127392
-2,90,1,93,bc_ad_boundary,1.0,9.120259744997538e-06,107950,0.9845320394724841
147,162,1,16,other,1.0,9.120259744997538e-06,107951,0.9845411597322292
147,157,1,11,other,1.0,9.120259744997538e-06,107952,0.9845502799919742
147,150,1,4,other,1.0,9.120259744997538e-06,107953,0.9845594002517192
146,185,1,40,other,1.0,9.120259744997538e-06,107954,0.9845685205114642
146,170,1,25,other,1.0,9.120259744997538e-06,107955,0.9845776407712091
146,167,1,22,other,1.0,9.120259744997538e-06,107956,0.9845867610309542
146,161,1,16,other,1.0,9.120259744997538e-06,107957,0.9845958812906992
146,156,1,11,other,1.0,9.120259744997538e-06,107958,0.9846050015504442
146,149,1,4,other,1.0,9.120259744997538e-06,107959,0.9846141218101891
146,148,1,3,other,1.0,9.120259744997538e-06,107960,0.9846232420699341
145,180,1,36,other,1.0,9.120259744997538e-06,107961,0.9846323623296791
121,127,1,7,other,1.0,9.120259744997538e-06,107962,0.9846414825894242
121,125,1,5,other,1.0,9.120259744997538e-06,107963,0.9846506028491692
121,124,1,4,other,1.0,9.120259744997538e-06,107964,0.9846597231089141
120,400,1,281,other,0.8221,9.120259744997538e-06,107965,0.9846688433686591
120,170,1,51,other,1.0,9.120259744997538e-06,107966,0.9846779636284041
119,231,1,113,other,1.0,9.120259744997538e-06,107967,0.9846870838881492
119,200,1,82,other,1.0,9.120259744997538e-06,107968,0.9846962041478942
119,180,1,62,other,1.0,9.120259744997538e-06,107969,0.9847053244076391
119,161,1,43,other,1.0,9.120259744997538e-06,107970,0.9847144446673841
119,137,1,19,other,1.0,9.120259744997538e-06,107971,0.9847235649271291
119,135,1,17,other,1.0,9.120259744997538e-06,107972,0.9847326851868741
119,134,1,16,other,1.0,9.120259744997538e-06,107973,0.9847418054466192
119,130,1,12,other,1.0,9.120259744997538e-06,107974,0.9847509257063641
119,121,1,3,other,1.0,9.120259744997538e-06,107975,0.9847600459661091
149,154,1,6,other,1.0,9.120259744997538e-06,107976,0.9847691662258541
148,250,1,103,other,1.0,9.120259744997538e-06,107977,0.9847782864855991
148,170,1,23,other,1.0,9.120259744997538e-06,107978,0.9847874067453442
148,164,1,17,other,1.0,9.120259744997538e-06,107979,0.9847965270050891
148,160,1,13,other,1.0,9.120259744997538e-06,107980,0.9848056472648341
148,152,1,5,other,1.0,9.120259744997538e-06,107981,0.9848147675245791
147,192,1,46,other,1.0,9.120259744997538e-06,107982,0.9848238877843241
1,9,1,9,other,1.0,9.120259744997538e-06,107983,0.9848330080440691
1,5,1,5,other,1.0,9.120259744997538e-06,107984,0.9848421283038141
1,3,1,3,other,1.0,9.120259744997538e-06,107985,0.9848512485635591
118,198,1,81,other,1.0,9.120259744997538e-06,107986,0.9848603688233041
-12,3,1,16,bc_ad_boundary,1.0,9.120259744997538e-06,107987,0.984869489083049
-12,-1,1,12,other,1.0,9.120259744997538e-06,107988,0.984878609342794
-12,-2,1,11,other,1.0,9.120259744997538e-06,107989,0.9848877296025391
-12,-7,1,6,other,1.0,9.120259744997538e-06,107990,0.9848968498622841
-12,-8,1,5,other,1.0,9.120259744997538e-06,107991,0.9849059701220291
-13,92,1,106,bc_ad_boundary,1.0,9.120259744997538e-06,107992,0.984915090381774
-13,20,1,34,bc_ad_boundary,1.0,9.120259744997538e-06,107993,0.984924210641519
-13,-3,1,11,other,1.0,9.120259744997538e-06,107994,0.9849333309012641
-13,-7,1,7,other,1.0,9.120259744997538e-06,107995,0.9849424511610091
150,152,1,3,other,1.0,9.120259744997538e-06,107996,0.9849515714207541
120,130,1,11,other,1.0,9.120259744997538e-06,107997,0.984960691680499
120,123,1,4,other,1.0,9.120259744997538e-06,107998,0.984969811940244
117,317,1,201,other,1.0,9.120259744997538e-06,107999,0.9849789321999891
117,268,1,152,other,1.0,9.120259744997538e-06,108000,0.9849880524597341
117,239,1,123,other,1.0,9.120259744997538e-06,108001,0.9849971727194791
151,189,1,39,other,1.0,9.120259744997538e-06,108002,0.985006292979224
151,185,1,35,other,1.0,9.120259744997538e-06,108003,0.985015413238969
151,171,1,21,other,1.0,9.120259744997538e-06,108004,0.985024533498714
151,153,1,3,other,1.0,9.120259744997538e-06,108005,0.9850336537584591
150,350,1,201,other,1.0,9.120259744997538e-06,108006,0.9850427740182041
150,160,1,11,other,1.0,9.120259744997538e-06,108007,0.985051894277949
150,156,1,7,other,1.0,9.120259744997538e-06,108008,0.985061014537694
118,275,1,158,other,1.0,9.120259744997538e-06,108009,0.985070134797439
118,270,1,153,other,1.0,9.120259744997538e-06,108010,0.9850792550571841
118,230,1,113,other,1.0,9.120259744997538e-06,108011,0.985088375316929
118,222,1,105,other,1.0,9.120259744997538e-06,108012,0.985097495576674
1,24,1,24,other,1.0,9.120259744997538e-06,108013,0.985106615836419
1,13,1,13,other,1.0,9.120259744997538e-06,108014,0.985115736096164
-13,-10,1,4,other,1.0,9.120259744997538e-06,108015,0.985124856355909
-14,43,1,58,bc_ad_boundary,1.0,9.120259744997538e-06,108016,0.985133976615654
-14,37,1,52,bc_ad_boundary,1.0,9.120259744997538e-06,108017,0.985143096875399
-14,14,1,29,bc_ad_boundary,1.0,9.120259744997538e-06,108018,0.985152217135144
-14,-1,1,14,other,1.0,9.120259744997538e-06,108019,0.985161337394889
-15,100,1,116,bc_ad_boundary,1.0,9.120259744997538e-06,108020,0.985170457654634
-15,80,1,96,bc_ad_boundary,1.0,9.120259744997538e-06,108021,0.985179577914379
-15,69,1,85,bc_ad_boundary,1.0,9.120259744997538e-06,108022,0.985188698174124
151,224,1,74,other,1.0,9.120259744997538e-06,108023,0.985197818433869
151,217,1,67,other,1.0,9.120259744997538e-06,108024,0.985206938693614
118,176,1,59,other,1.0,9.120259744997538e-06,108025,0.985216058953359
118,130,1,13,other,1.0,9.120259744997538e-06,108026,0.985225179213104
118,129,1,12,other,1.0,9.120259744997538e-06,108027,0.985234299472849
118,124,1,7,other,1.0,9.120259744997538e-06,108028,0.985243419732594
118,122,1,5,other,1.0,9.120259744997538e-06,108029,0.985252539992339
117,600,1,484,other,0.4835,9.120259744997538e-06,108030,0.985261660252084
117,166,1,50,other,1.0,9.120259744997538e-06,108031,0.9852707805118289
117,137,1,21,reign:Hadrianic,1.0,9.120259744997538e-06,108032,0.985279900771574
117,135,1,19,other,1.0,9.120259744997538e-06,108033,0.985289021031319
117,131,1,15,other,1.0,9.120259744997538e-06,108034,0.985298141291064
117,125,1,9,other,1.0,9.120259744997538e-06,108035,0.9853072615508089
117,120,1,4,other,1.0,9.120259744997538e-06,108036,0.9853163818105539
152,192,1,41,other,1.0,9.120259744997538e-06,108037,0.985325502070299
152,161,1,10,other,1.0,9.120259744997538e-06,108038,0.985334622330044
152,156,1,5,other,1.0,9.120259744997538e-06,108039,0.985343742589789
151,700,1,550,multi_century,0.3636,9.120259744997538e-06,108040,0.9853528628495339
151,285,1,135,other,1.0,9.120259744997538e-06,108041,0.9853619831092789
151,280,1,130,other,1.0,9.120259744997538e-06,108042,0.985371103369024
151,271,1,121,other,1.0,9.120259744997538e-06,108043,0.985380223628769
151,259,1,109,other,1.0,9.120259744997538e-06,108044,0.985389343888514
151,245,1,95,other,1.0,9.120259744997538e-06,108045,0.9853984641482589
-13,-9,1,5,other,1.0,9.120259744997538e-06,108046,0.9854075844080039
116,222,1,107,other,1.0,9.120259744997538e-06,108047,0.9854167046677489
116,198,1,83,other,1.0,9.120259744997538e-06,108048,0.985425824927494
116,160,1,45,other,1.0,9.120259744997538e-06,108049,0.985434945187239
116,150,1,35,other,1.0,9.120259744997538e-06,108050,0.9854440654469839
115,300,1,186,other,1.0,9.120259744997538e-06,108051,0.9854531857067289
115,259,1,145,other,1.0,9.120259744997538e-06,108052,0.9854623059664739
115,250,1,136,other,1.0,9.120259744997538e-06,108053,0.985471426226219
154,167,1,14,other,1.0,9.120259744997538e-06,108054,0.985480546485964
153,300,1,148,other,1.0,9.120259744997538e-06,108055,0.9854896667457089
153,246,1,94,other,1.0,9.120259744997538e-06,108056,0.9854987870054539
153,179,1,27,other,1.0,9.120259744997538e-06,108057,0.9855079072651989
153,157,1,5,other,1.0,9.120259744997538e-06,108058,0.9855170275249439
153,156,1,4,other,1.0,9.120259744997538e-06,108059,0.9855261477846889
153,155,1,3,other,1.0,9.120259744997538e-06,108060,0.9855352680444339
152,300,1,149,other,1.0,9.120259744997538e-06,108061,0.9855443883041789
117,175,1,59,other,1.0,9.120259744997538e-06,108062,0.9855535085639239
1,47,1,47,other,1.0,9.120259744997538e-06,108063,0.9855626288236689
1,45,1,45,other,1.0,9.120259744997538e-06,108064,0.9855717490834139
1,38,1,38,other,1.0,9.120259744997538e-06,108065,0.9855808693431589
1,32,1,32,other,1.0,9.120259744997538e-06,108066,0.9855899896029039
114,203,1,90,other,1.0,9.120259744997538e-06,108067,0.9855991098626489
114,120,1,7,other,1.0,9.120259744997538e-06,108068,0.9856082301223938
113,230,1,118,other,1.0,9.120259744997538e-06,108069,0.9856173503821389
113,224,1,112,other,1.0,9.120259744997538e-06,108070,0.9856264706418839
156,215,1,60,other,1.0,9.120259744997538e-06,108071,0.9856355909016289
156,170,1,15,other,1.0,9.120259744997538e-06,108072,0.9856447111613739
155,200,1,46,other,1.0,9.120259744997538e-06,108073,0.9856538314211188
155,180,1,26,other,1.0,9.120259744997538e-06,108074,0.9856629516808638
155,165,1,11,other,1.0,9.120259744997538e-06,108075,0.9856720719406089
116,275,1,160,other,1.0,9.120259744997538e-06,108076,0.9856811922003539
116,244,1,129,other,1.0,9.120259744997538e-06,108077,0.9856903124600989
116,235,1,120,other,1.0,9.120259744997538e-06,108078,0.9856994327198438
112,300,1,189,other,1.0,9.120259744997538e-06,108079,0.9857085529795888
112,250,1,139,other,1.0,9.120259744997538e-06,108080,0.9857176732393339
112,165,1,54,other,1.0,9.120259744997538e-06,108081,0.9857267934990789
112,115,1,4,other,1.0,9.120259744997538e-06,108082,0.9857359137588239
111,300,1,190,other,1.0,9.120259744997538e-06,108083,0.9857450340185688
111,200,1,90,other,1.0,9.120259744997538e-06,108084,0.9857541542783138
111,190,1,80,other,1.0,9.120259744997538e-06,108085,0.9857632745380589
159,167,1,9,other,1.0,9.120259744997538e-06,108086,0.9857723947978039
158,200,1,43,other,1.0,9.120259744997538e-06,108087,0.9857815150575489
158,173,1,16,other,1.0,9.120259744997538e-06,108088,0.9857906353172938
158,165,1,8,other,1.0,9.120259744997538e-06,108089,0.9857997555770388
158,163,1,6,other,1.0,9.120259744997538e-06,108090,0.9858088758367838
158,160,1,3,other,1.0,9.120259744997538e-06,108091,0.9858179960965289
157,192,1,36,other,1.0,9.120259744997538e-06,108092,0.9858271163562738
157,162,1,6,other,1.0,9.120259744997538e-06,108093,0.9858362366160188
1,62,1,62,other,1.0,9.120259744997538e-06,108094,0.9858453568757638
111,118,1,8,other,1.0,9.120259744997538e-06,108095,0.9858544771355088
110,200,1,91,other,1.0,9.120259744997538e-06,108096,0.9858635973952539
110,190,1,81,other,1.0,9.120259744997538e-06,108097,0.9858727176549988
110,155,1,46,other,1.0,9.120259744997538e-06,108098,0.9858818379147438
159,200,1,42,other,1.0,9.120259744997538e-06,108099,0.9858909581744888
159,190,1,32,other,1.0,9.120259744997538e-06,108100,0.9859000784342338
-15,40,1,56,bc_ad_boundary,1.0,9.120259744997538e-06,108101,0.9859091986939787
-15,37,1,53,bc_ad_boundary,1.0,9.120259744997538e-06,108102,0.9859183189537238
-15,20,1,36,bc_ad_boundary,1.0,9.120259744997538e-06,108103,0.9859274392134688
-15,14,1,30,bc_ad_boundary,1.0,9.120259744997538e-06,108104,0.9859365594732138
-15,9,1,25,bc_ad_boundary,1.0,9.120259744997538e-06,108105,0.9859456797329588
-15,4,1,20,bc_ad_boundary,1.0,9.120259744997538e-06,108106,0.9859547999927037
-15,-6,1,10,other,1.0,9.120259744997538e-06,108107,0.9859639202524488
113,138,1,26,other,1.0,9.120259744997538e-06,108108,0.9859730405121938
113,116,1,4,other,1.0,9.120259744997538e-06,108109,0.9859821607719388
113,115,1,3,other,1.0,9.120259744997538e-06,108110,0.9859912810316838
1,65,1,65,other,1.0,9.120259744997538e-06,108111,0.9860004012914287
161,166,1,6,other,1.0,9.120259744997538e-06,108112,0.9860095215511738
161,165,1,5,other,1.0,9.120259744997538e-06,108113,0.9860186418109188
160,300,1,141,other,1.0,9.120259744997538e-06,108114,0.9860277620706638
160,260,1,101,other,1.0,9.120259744997538e-06,108115,0.9860368823304088
160,230,1,71,other,1.0,9.120259744997538e-06,108116,0.9860460025901537
160,220,1,61,other,1.0,9.120259744997538e-06,108117,0.9860551228498987
160,208,1,49,other,1.0,9.120259744997538e-06,108118,0.9860642431096438
160,205,1,46,other,1.0,9.120259744997538e-06,108119,0.9860733633693888
160,190,1,31,other,1.0,9.120259744997538e-06,108120,0.9860824836291338
160,185,1,26,other,1.0,9.120259744997538e-06,108121,0.9860916038888787
160,179,1,20,reign:Aurelian-Marcus,1.0,9.120259744997538e-06,108122,0.9861007241486237
160,167,1,8,other,1.0,9.120259744997538e-06,108123,0.9861098444083688
111,180,1,70,other,1.0,9.120259744997538e-06,108124,0.9861189646681138
111,140,1,30,other,1.0,9.120259744997538e-06,108125,0.9861280849278588
111,135,1,25,other,1.0,9.120259744997538e-06,108126,0.9861372051876037
-16,-8,1,9,other,1.0,9.120259744997538e-06,108127,0.9861463254473487
-16,-11,1,6,other,1.0,9.120259744997538e-06,108128,0.9861554457070938
-17,324,1,342,bc_ad_boundary,1.0,9.120259744997538e-06,108129,0.9861645659668388
-17,69,1,87,bc_ad_boundary,1.0,9.120259744997538e-06,108130,0.9861736862265837
-17,-3,1,15,other,1.0,9.120259744997538e-06,108131,0.9861828064863287
-17,-16,1,2,other,1.0,9.120259744997538e-06,108132,0.9861919267460737
161,176,1,16,other,1.0,9.120259744997538e-06,108133,0.9862010470058187
161,172,1,12,other,1.0,9.120259744997538e-06,108134,0.9862101672655638
161,167,1,7,other,1.0,9.120259744997538e-06,108135,0.9862192875253087
110,138,1,29,other,1.0,9.120259744997538e-06,108136,0.9862284077850537
110,129,1,20,other,1.0,9.120259744997538e-06,108137,0.9862375280447987
110,128,1,19,other,1.0,9.120259744997538e-06,108138,0.9862466483045437
1,95,1,95,other,1.0,9.120259744997538e-06,108139,0.9862557685642888
1,89,1,89,other,1.0,9.120259744997538e-06,108140,0.9862648888240337
1,81,1,81,other,1.0,9.120259744997538e-06,108141,0.9862740090837787
1,74,1,74,other,1.0,9.120259744997538e-06,108142,0.9862831293435237
109,111,1,3,other,1.0,9.120259744997538e-06,108143,0.9862922496032687
108,364,1,257,other,0.9455,9.120259744997538e-06,108144,0.9863013698630136
108,363,1,256,other,0.9492,9.120259744997538e-06,108145,0.9863104901227587
108,362,1,255,other,0.9529,9.120259744997538e-06,108146,0.9863196103825037
108,275,1,168,other,1.0,9.120259744997538e-06,108147,0.9863287306422487
108,250,1,143,other,1.0,9.120259744997538e-06,108148,0.9863378509019937
108,138,1,31,other,1.0,9.120259744997538e-06,108149,0.9863469711617386
161,312,1,152,other,1.0,9.120259744997538e-06,108150,0.9863560914214837
161,293,1,133,other,1.0,9.120259744997538e-06,108151,0.9863652116812287
161,284,1,124,other,1.0,9.120259744997538e-06,108152,0.9863743319409737
161,274,1,114,other,1.0,9.120259744997538e-06,108153,0.9863834522007187
161,257,1,97,other,1.0,9.120259744997538e-06,108154,0.9863925724604636
161,255,1,95,other,1.0,9.120259744997538e-06,108155,0.9864016927202087
161,238,1,78,other,1.0,9.120259744997538e-06,108156,0.9864108129799537
161,193,1,33,other,1.0,9.120259744997538e-06,108157,0.9864199332396987
-16,-6,1,11,other,1.0,9.120259744997538e-06,108158,0.9864290534994437
-18,14,1,33,bc_ad_boundary,1.0,9.120259744997538e-06,108159,0.9864381737591886
-18,12,1,31,bc_ad_boundary,1.0,9.120259744997538e-06,108160,0.9864472940189336
-19,85,1,105,bc_ad_boundary,1.0,9.120259744997538e-06,108161,0.9864564142786787
-19,30,1,50,bc_ad_boundary,1.0,9.120259744997538e-06,108162,0.9864655345384237
-19,20,1,40,bc_ad_boundary,1.0,9.120259744997538e-06,108163,0.9864746547981686
-19,-16,1,4,other,1.0,9.120259744997538e-06,108164,0.9864837750579136
-20,69,1,90,bc_ad_boundary,1.0,9.120259744997538e-06,108165,0.9864928953176586
-20,68,1,89,bc_ad_boundary,1.0,9.120259744997538e-06,108166,0.9865020155774037
162,164,1,3,other,1.0,9.120259744997538e-06,108167,0.9865111358371487
161,389,1,229,other,0.8297,9.120259744997538e-06,108168,0.9865202560968936
161,350,1,190,other,1.0,9.120259744997538e-06,108169,0.9865293763566386
110,114,1,5,other,1.0,9.120259744997538e-06,108170,0.9865384966163836
110,112,1,3,other,1.0,9.120259744997538e-06,108171,0.9865476168761287
110,111,1,2,other,1.0,9.120259744997538e-06,108172,0.9865567371358737
109,117,1,9,other,1.0,9.120259744997538e-06,108173,0.9865658573956186
109,113,1,5,other,1.0,9.120259744997538e-06,108174,0.9865749776553636
107,192,1,86,other,1.0,9.120259744997538e-06,108175,0.9865840979151086
107,190,1,84,other,1.0,9.120259744997538e-06,108176,0.9865932181748536
107,180,1,74,other,1.0,9.120259744997538e-06,108177,0.9866023384345987
107,175,1,69,other,1.0,9.120259744997538e-06,108178,0.9866114586943436
107,166,1,60,other,1.0,9.120259744997538e-06,108179,0.9866205789540886
107,162,1,56,other,1.0,9.120259744997538e-06,108180,0.9866296992138336
107,161,1,55,other,1.0,9.120259744997538e-06,108181,0.9866388194735786
107,138,1,32,other,1.0,9.120259744997538e-06,108182,0.9866479397333237
164,180,1,17,other,1.0,9.120259744997538e-06,108183,0.9866570599930686
164,176,1,13,other,1.0,9.120259744997538e-06,108184,0.9866661802528136
164,172,1,9,other,1.0,9.120259744997538e-06,108185,0.9866753005125586
164,170,1,7,other,1.0,9.120259744997538e-06,108186,0.9866844207723036
162,212,1,51,other,1.0,9.120259744997538e-06,108187,0.9866935410320485
162,200,1,39,other,1.0,9.120259744997538e-06,108188,0.9867026612917936
162,168,1,7,other,1.0,9.120259744997538e-06,108189,0.9867117815515386
162,167,1,6,other,1.0,9.120259744997538e-06,108190,0.9867209018112836
166,200,1,35,other,1.0,9.120259744997538e-06,108191,0.9867300220710286
166,195,1,30,other,1.0,9.120259744997538e-06,108192,0.9867391423307735
166,192,1,27,other,1.0,9.120259744997538e-06,108193,0.9867482625905186
166,177,1,12,other,1.0,9.120259744997538e-06,108194,0.9867573828502636
166,176,1,11,other,1.0,9.120259744997538e-06,108195,0.9867665031100086
166,172,1,7,other,1.0,9.120259744997538e-06,108196,0.9867756233697536
165,300,1,136,other,1.0,9.120259744997538e-06,108197,0.9867847436294985
165,282,1,118,other,1.0,9.120259744997538e-06,108198,0.9867938638892436
165,205,1,41,other,1.0,9.120259744997538e-06,108199,0.9868029841489886
165,176,1,12,other,1.0,9.120259744997538e-06,108200,0.9868121044087336
165,172,1,8,other,1.0,9.120259744997538e-06,108201,0.9868212246684785
165,167,1,3,other,1.0,9.120259744997538e-06,108202,0.9868303449282235
164,364,1,201,other,0.9303,9.120259744997538e-06,108203,0.9868394651879685
108,130,1,23,other,1.0,9.120259744997538e-06,108204,0.9868485854477136
108,118,1,11,other,1.0,9.120259744997538e-06,108205,0.9868577057074586
108,112,1,5,other,1.0,9.120259744997538e-06,108206,0.9868668259672035
1,159,1,159,other,1.0,9.120259744997538e-06,108207,0.9868759462269485
1,119,1,119,other,1.0,9.120259744997538e-06,108208,0.9868850664866935
1,117,1,117,other,1.0,9.120259744997538e-06,108209,0.9868941867464386
1,111,1,111,other,1.0,9.120259744997538e-06,108210,0.9869033070061836
1,110,1,110,other,1.0,9.120259744997538e-06,108211,0.9869124272659285
107,114,1,8,other,1.0,9.120259744997538e-06,108212,0.9869215475256735
107,111,1,5,other,1.0,9.120259744997538e-06,108213,0.9869306677854185
107,110,1,4,other,1.0,9.120259744997538e-06,108214,0.9869397880451636
167,192,1,26,other,1.0,9.120259744997538e-06,108215,0.9869489083049086
167,180,1,14,other,1.0,9.120259744997538e-06,108216,0.9869580285646535
166,300,1,135,other,1.0,9.120259744997538e-06,108217,0.9869671488243985
166,253,1,88,other,1.0,9.120259744997538e-06,108218,0.9869762690841435
166,250,1,85,other,1.0,9.120259744997538e-06,108219,0.9869853893438885
166,220,1,55,other,1.0,9.120259744997538e-06,108220,0.9869945096036336
166,217,1,52,other,1.0,9.120259744997538e-06,108221,0.9870036298633785
166,215,1,50,other,1.0,9.120259744997538e-06,108222,0.9870127501231235
103,170,1,68,other,1.0,9.120259744997538e-06,108223,0.9870218703828685
-20,37,1,58,bc_ad_boundary,1.0,9.120259744997538e-06,108224,0.9870309906426135
-20,1,1,22,bc_ad_boundary,1.0,9.120259744997538e-06,108225,0.9870401109023585
-20,-11,1,10,other,1.0,9.120259744997538e-06,108226,0.9870492311621035
-20,-15,1,6,other,1.0,9.120259744997538e-06,108227,0.9870583514218485
-20,-18,1,3,other,1.0,9.120259744997538e-06,108228,0.9870674716815935
167,314,1,148,other,1.0,9.120259744997538e-06,108229,0.9870765919413385
106,192,1,87,other,1.0,9.120259744997538e-06,108230,0.9870857122010834
106,170,1,65,other,1.0,9.120259744997538e-06,108231,0.9870948324608285
106,150,1,45,other,1.0,9.120259744997538e-06,108232,0.9871039527205735
106,121,1,16,other,1.0,9.120259744997538e-06,108233,0.9871130729803185
106,120,1,15,other,1.0,9.120259744997538e-06,108234,0.9871221932400635
106,118,1,13,other,1.0,9.120259744997538e-06,108235,0.9871313134998084
106,110,1,5,other,1.0,9.120259744997538e-06,108236,0.9871404337595535
106,108,1,3,other,1.0,9.120259744997538e-06,108237,0.9871495540192985
107,119,1,13,other,1.0,9.120259744997538e-06,108238,0.9871586742790435
1,199,1,199,other,1.0,9.120259744997538e-06,108239,0.9871677945387884
1,192,1,192,other,1.0,9.120259744997538e-06,108240,0.9871769147985334
103,125,1,23,other,1.0,9.120259744997538e-06,108241,0.9871860350582785
103,115,1,13,other,1.0,9.120259744997538e-06,108242,0.9871951553180235
103,107,1,5,other,1.0,9.120259744997538e-06,108243,0.9872042755777685
169,298,1,130,other,1.0,9.120259744997538e-06,108244,0.9872133958375134
169,211,1,43,other,1.0,9.120259744997538e-06,108245,0.9872225160972584
168,212,1,45,other,1.0,9.120259744997538e-06,108246,0.9872316363570034
168,193,1,26,other,1.0,9.120259744997538e-06,108247,0.9872407566167485
105,270,1,166,other,1.0,9.120259744997538e-06,108248,0.9872498768764935
105,193,1,89,other,1.0,9.120259744997538e-06,108249,0.9872589971362384
105,140,1,36,other,1.0,9.120259744997538e-06,108250,0.9872681173959834
105,120,1,16,other,1.0,9.120259744997538e-06,108251,0.9872772376557284
104,130,1,27,other,1.0,9.120259744997538e-06,108252,0.9872863579154735
103,300,1,198,other,1.0,9.120259744997538e-06,108253,0.9872954781752185
103,270,1,168,other,1.0,9.120259744997538e-06,108254,0.9873045984349634
102,107,1,6,other,1.0,9.120259744997538e-06,108255,0.9873137186947084
171,179,1,9,other,1.0,9.120259744997538e-06,108256,0.9873228389544534
171,174,1,4,other,1.0,9.120259744997538e-06,108257,0.9873319592141985
170,300,1,131,other,1.0,9.120259744997538e-06,108258,0.9873410794739435
170,270,1,101,other,1.0,9.120259744997538e-06,108259,0.9873501997336884
170,218,1,49,other,1.0,9.120259744997538e-06,108260,0.9873593199934334
170,210,1,41,other,1.0,9.120259744997538e-06,108261,0.9873684402531784
170,200,1,31,other,1.0,9.120259744997538e-06,108262,0.9873775605129234
170,193,1,24,other,1.0,9.120259744997538e-06,108263,0.9873866807726684
170,190,1,21,other,1.0,9.120259744997538e-06,108264,0.9873958010324134
170,172,1,3,other,1.0,9.120259744997538e-06,108265,0.9874049212921584
170,171,1,2,other,1.0,9.120259744997538e-06,108266,0.9874140415519034
103,130,1,28,other,1.0,9.120259744997538e-06,108267,0.9874231618116484
1,275,1,275,other,1.0,9.120259744997538e-06,108268,0.9874322820713934
1,235,1,235,other,1.0,9.120259744997538e-06,108269,0.9874414023311384
1,225,1,225,other,1.0,9.120259744997538e-06,108270,0.9874505225908834
171,280,1,110,other,1.0,9.120259744997538e-06,108271,0.9874596428506284
171,259,1,89,other,1.0,9.120259744997538e-06,108272,0.9874687631103733
171,240,1,70,other,1.0,9.120259744997538e-06,108273,0.9874778833701183
171,239,1,69,other,1.0,9.120259744997538e-06,108274,0.9874870036298634
171,225,1,55,other,1.0,9.120259744997538e-06,108275,0.9874961238896084
171,213,1,43,other,1.0,9.120259744997538e-06,108276,0.9875052441493534
171,212,1,42,other,1.0,9.120259744997538e-06,108277,0.9875143644090983
171,211,1,41,other,1.0,9.120259744997538e-06,108278,0.9875234846688433
103,105,1,3,other,1.0,9.120259744997538e-06,108279,0.9875326049285884
102,200,1,99,other,1.0,9.120259744997538e-06,108280,0.9875417251883334
102,175,1,74,other,1.0,9.120259744997538e-06,108281,0.9875508454480784
102,138,1,37,other,1.0,9.120259744997538e-06,108282,0.9875599657078233
102,123,1,22,other,1.0,9.120259744997538e-06,108283,0.9875690859675683
102,119,1,18,other,1.0,9.120259744997538e-06,108284,0.9875782062273134
102,111,1,10,other,1.0,9.120259744997538e-06,108285,0.9875873264870584
102,109,1,8,other,1.0,9.120259744997538e-06,108286,0.9875964467468034
101,395,1,295,other,0.8475,9.120259744997538e-06,108287,0.9876055670065483
101,360,1,260,other,0.9615,9.120259744997538e-06,108288,0.9876146872662933
101,285,1,185,other,1.0,9.120259744997538e-06,108289,0.9876238075260383
101,275,1,175,other,1.0,9.120259744997538e-06,108290,0.9876329277857834
101,271,1,171,other,1.0,9.120259744997538e-06,108291,0.9876420480455284
101,259,1,159,other,1.0,9.120259744997538e-06,108292,0.9876511683052733
2,42,1,41,other,1.0,9.120259744997538e-06,108293,0.9876602885650183
-24,14,1,39,bc_ad_boundary,1.0,9.120259744997538e-06,108294,0.9876694088247633
172,234,1,63,other,1.0,9.120259744997538e-06,108295,0.9876785290845084
172,192,1,21,other,1.0,9.120259744997538e-06,108296,0.9876876493442533
171,2230,1,2060,other,0.0874,9.120259744997538e-06,108297,0.9876967696039983
171,600,1,430,other,0.4186,9.120259744997538e-06,108298,0.9877058898637433
171,500,1,330,other,0.5455,9.120259744997538e-06,108299,0.9877150101234883
171,450,1,280,other,0.6429,9.120259744997538e-06,108300,0.9877241303832334
171,370,1,200,other,0.9,9.120259744997538e-06,108301,0.9877332506429783
171,286,1,116,other,1.0,9.120259744997538e-06,108302,0.9877423709027233
1,513,1,513,other,0.6823,9.120259744997538e-06,108303,0.9877514911624683
1,450,1,450,multi_century,0.7778,9.120259744997538e-06,108304,0.9877606114222133
1,378,1,378,other,0.9259,9.120259744997538e-06,108305,0.9877697316819583
101,217,1,117,other,1.0,9.120259744997538e-06,108306,0.9877788519417033
101,212,1,112,other,1.0,9.120259744997538e-06,108307,0.9877879722014483
101,208,1,108,other,1.0,9.120259744997538e-06,108308,0.9877970924611933
101,205,1,105,other,1.0,9.120259744997538e-06,108309,0.9878062127209383
101,201,1,101,other,1.0,9.120259744997538e-06,108310,0.9878153329806832
172,250,1,79,other,1.0,9.120259744997538e-06,108311,0.9878244532404283
-21,10,1,32,bc_ad_boundary,1.0,9.120259744997538e-06,108312,0.9878335735001733
-22,-1,1,22,other,1.0,9.120259744997538e-06,108313,0.9878426937599183
-23,-18,1,6,other,1.0,9.120259744997538e-06,108314,0.9878518140196633
-23,-20,1,4,other,1.0,9.120259744997538e-06,108315,0.9878609342794082
-23,-21,1,3,other,1.0,9.120259744997538e-06,108316,0.9878700545391533
101,2009,1,1909,other,0.131,9.120259744997538e-06,108317,0.9878791747988983
101,470,1,370,other,0.6757,9.120259744997538e-06,108318,0.9878882950586433
4,31,1,28,other,1.0,9.120259744997538e-06,108319,0.9878974153183883
4,16,1,13,other,1.0,9.120259744997538e-06,108320,0.9879065355781332
4,11,1,8,other,1.0,9.120259744997538e-06,108321,0.9879156558378782
4,10,1,7,other,1.0,9.120259744997538e-06,108322,0.9879247760976233
3,20,1,18,other,1.0,9.120259744997538e-06,108323,0.9879338963573683
175,260,1,86,other,1.0,9.120259744997538e-06,108324,0.9879430166171133
175,210,1,36,other,1.0,9.120259744997538e-06,108325,0.9879521368768582
175,192,1,18,other,1.0,9.120259744997538e-06,108326,0.9879612571366032
175,191,1,17,other,1.0,9.120259744997538e-06,108327,0.9879703773963483
175,178,1,4,other,1.0,9.120259744997538e-06,108328,0.9879794976560933
174,222,1,49,other,1.0,9.120259744997538e-06,108329,0.9879886179158383
174,217,1,44,other,1.0,9.120259744997538e-06,108330,0.9879977381755832
174,175,1,2,other,1.0,9.120259744997538e-06,108331,0.9880068584353282
173,230,1,58,other,1.0,9.120259744997538e-06,108332,0.9880159786950732
173,200,1,28,other,1.0,9.120259744997538e-06,108333,0.9880250989548183
1,700,1,700,multi_century,0.5,9.120259744997538e-06,108334,0.9880342192145632
101,135,1,35,other,1.0,9.120259744997538e-06,108335,0.9880433394743082
101,122,1,22,other,1.0,9.120259744997538e-06,108336,0.9880524597340532
101,118,1,18,other,1.0,9.120259744997538e-06,108337,0.9880615799937982
101,116,1,16,other,1.0,9.120259744997538e-06,108338,0.9880707002535433
-25,75,1,101,bc_ad_boundary,1.0,9.120259744997538e-06,108339,0.9880798205132882
-25,20,1,46,bc_ad_boundary,1.0,9.120259744997538e-06,108340,0.9880889407730332
-25,-14,1,12,other,1.0,9.120259744997538e-06,108341,0.9880980610327782
-25,-21,1,5,other,1.0,9.120259744997538e-06,108342,0.9881071812925232
-25,-23,1,3,other,1.0,9.120259744997538e-06,108343,0.9881163015522683
-25,-25,1,1,year_precise,1.0,9.120259744997538e-06,108344,0.9881254218120132
-26,100,1,127,bc_ad_boundary,1.0,9.120259744997538e-06,108345,0.9881345420717582
-26,68,1,95,bc_ad_boundary,1.0,9.120259744997538e-06,108346,0.9881436623315032
176,192,1,17,other,1.0,9.120259744997538e-06,108347,0.9881527825912482
175,275,1,101,other,1.0,9.120259744997538e-06,108348,0.9881619028509931
101,162,1,62,other,1.0,9.120259744997538e-06,108349,0.9881710231107382
4,50,1,47,other,1.0,9.120259744997538e-06,108350,0.9881801433704832
100,120,1,21,other,1.0,9.120259744997538e-06,108351,0.9881892636302282
100,110,1,11,other,1.0,9.120259744997538e-06,108352,0.9881983838899732
99,144,1,46,other,1.0,9.120259744997538e-06,108353,0.9882075041497181
178,184,1,7,other,1.0,9.120259744997538e-06,108354,0.9882166244094632
178,182,1,5,other,1.0,9.120259744997538e-06,108355,0.9882257446692082
178,179,1,2,other,1.0,9.120259744997538e-06,108356,0.9882348649289532
177,238,1,62,other,1.0,9.120259744997538e-06,108357,0.9882439851886982
177,212,1,36,other,1.0,9.120259744997538e-06,108358,0.9882531054484431
177,200,1,24,other,1.0,9.120259744997538e-06,108359,0.9882622257081882
177,182,1,6,other,1.0,9.120259744997538e-06,108360,0.9882713459679332
176,280,1,105,other,1.0,9.120259744997538e-06,108361,0.9882804662276782
176,275,1,100,other,1.0,9.120259744997538e-06,108362,0.9882895864874232
176,238,1,63,other,1.0,9.120259744997538e-06,108363,0.9882987067471681
176,235,1,60,other,1.0,9.120259744997538e-06,108364,0.9883078270069131
101,161,1,61,other,1.0,9.120259744997538e-06,108365,0.9883169472666582
101,159,1,59,other,1.0,9.120259744997538e-06,108366,0.9883260675264032
98,176,1,79,other,1.0,9.120259744997538e-06,108367,0.9883351877861482
98,107,1,10,other,1.0,9.120259744997538e-06,108368,0.9883443080458931
6,41,1,36,other,1.0,9.120259744997538e-06,108369,0.9883534283056381
180,195,1,16,other,1.0,9.120259744997538e-06,108370,0.9883625485653832
180,189,1,10,other,1.0,9.120259744997538e-06,108371,0.9883716688251282
180,184,1,5,other,1.0,9.120259744997538e-06,108372,0.9883807890848731
179,187,1,9,other,1.0,9.120259744997538e-06,108373,0.9883899093446181
178,238,1,61,other,1.0,9.120259744997538e-06,108374,0.9883990296043631
178,230,1,53,other,1.0,9.120259744997538e-06,108375,0.9884081498641081
178,203,1,26,other,1.0,9.120259744997538e-06,108376,0.9884172701238532
178,200,1,23,other,1.0,9.120259744997538e-06,108377,0.9884263903835981
178,195,1,18,other,1.0,9.120259744997538e-06,108378,0.9884355106433431
178,193,1,16,other,1.0,9.120259744997538e-06,108379,0.9884446309030881
101,104,1,4,other,1.0,9.120259744997538e-06,108380,0.9884537511628331
100,171,1,72,other,1.0,9.120259744997538e-06,108381,0.9884628714225782
100,136,1,37,other,1.0,9.120259744997538e-06,108382,0.9884719916823231
5,25,1,21,other,1.0,9.120259744997538e-06,108383,0.9884811119420681
5,10,1,6,other,1.0,9.120259744997538e-06,108384,0.9884902322018131
4,100,1,97,other,1.0,9.120259744997538e-06,108385,0.9884993524615581
97,300,1,204,other,1.0,9.120259744997538e-06,108386,0.9885084727213032
-26,-10,1,17,other,1.0,9.120259744997538e-06,108387,0.9885175929810481
-27,600,1,628,bc_ad_boundary,0.6019,9.120259744997538e-06,108388,0.9885267132407931
-27,400,1,428,bc_ad_boundary,0.8832,9.120259744997538e-06,108389,0.9885358335005381
-27,235,1,263,bc_ad_boundary,1.0,9.120259744997538e-06,108390,0.9885449537602831
-27,130,1,158,bc_ad_boundary,1.0,9.120259744997538e-06,108391,0.988554074020028
-27,120,1,148,bc_ad_boundary,1.0,9.120259744997538e-06,108392,0.9885631942797731
-27,117,1,145,bc_ad_boundary,1.0,9.120259744997538e-06,108393,0.9885723145395181
99,108,1,10,other,1.0,9.120259744997538e-06,108394,0.9885814347992631
99,105,1,7,other,1.0,9.120259744997538e-06,108395,0.9885905550590081
98,230,1,133,other,1.0,9.120259744997538e-06,108396,0.988599675318753
98,217,1,120,other,1.0,9.120259744997538e-06,108397,0.9886087955784981
98,192,1,95,other,1.0,9.120259744997538e-06,108398,0.9886179158382431
96,169,1,74,other,1.0,9.120259744997538e-06,108399,0.9886270360979881
181,260,1,80,other,1.0,9.120259744997538e-06,108400,0.988636156357733
181,212,1,32,other,1.0,9.120259744997538e-06,108401,0.988645276617478
181,205,1,25,other,1.0,9.120259744997538e-06,108402,0.9886543968772231
181,202,1,22,other,1.0,9.120259744997538e-06,108403,0.9886635171369681
181,196,1,16,other,1.0,9.120259744997538e-06,108404,0.9886726373967131
181,193,1,13,reign:Commodan,1.0,9.120259744997538e-06,108405,0.988681757656458
181,190,1,10,other,1.0,9.120259744997538e-06,108406,0.988690877916203
180,285,1,106,other,1.0,9.120259744997538e-06,108407,0.988699998175948
180,226,1,47,other,1.0,9.120259744997538e-06,108408,0.9887091184356931
6,29,1,24,other,1.0,9.120259744997538e-06,108409,0.9887182386954381
6,17,1,12,other,1.0,9.120259744997538e-06,108410,0.988727358955183
6,10,1,5,other,1.0,9.120259744997538e-06,108411,0.988736479214928
5,150,1,146,other,1.0,9.120259744997538e-06,108412,0.988745599474673
5,50,1,46,other,1.0,9.120259744997538e-06,108413,0.9887547197344181
5,29,1,25,other,1.0,9.120259744997538e-06,108414,0.9887638399941631
183,192,1,10,other,1.0,9.120259744997538e-06,108415,0.988772960253908
182,300,1,119,other,1.0,9.120259744997538e-06,108416,0.988782080513653
-27,51,1,79,bc_ad_boundary,1.0,9.120259744997538e-06,108417,0.988791200773398
-27,36,1,64,bc_ad_boundary,1.0,9.120259744997538e-06,108418,0.988800321033143
-27,29,1,57,bc_ad_boundary,1.0,9.120259744997538e-06,108419,0.9888094412928881
-27,25,1,53,bc_ad_boundary,1.0,9.120259744997538e-06,108420,0.988818561552633
-27,20,1,48,bc_ad_boundary,1.0,9.120259744997538e-06,108421,0.988827681812378
-27,1,1,29,bc_ad_boundary,1.0,9.120259744997538e-06,108422,0.988836802072123
182,200,1,19,other,1.0,9.120259744997538e-06,108423,0.988845922331868
182,192,1,11,other,1.0,9.120259744997538e-06,108424,0.988855042591613
182,183,1,2,other,1.0,9.120259744997538e-06,108425,0.988864162851358
97,222,1,126,other,1.0,9.120259744997538e-06,108426,0.988873283111103
97,150,1,54,other,1.0,9.120259744997538e-06,108427,0.988882403370848
97,99,1,3,other,1.0,9.120259744997538e-06,108428,0.988891523630593
96,217,1,122,other,1.0,9.120259744997538e-06,108429,0.988900643890338
96,200,1,105,other,1.0,9.120259744997538e-06,108430,0.988909764150083
185,274,1,90,other,1.0,9.120259744997538e-06,108431,0.988918884409828
185,202,1,18,other,1.0,9.120259744997538e-06,108432,0.988928004669573
185,193,1,9,other,1.0,9.120259744997538e-06,108433,0.988937124929318
184,400,1,217,other,0.7696,9.120259744997538e-06,108434,0.9889462451890629
184,200,1,17,other,1.0,9.120259744997538e-06,108435,0.988955365448808
184,187,1,4,other,1.0,9.120259744997538e-06,108436,0.988964485708553
183,230,1,48,other,1.0,9.120259744997538e-06,108437,0.988973605968298
93,95,1,3,other,1.0,9.120259744997538e-06,108438,0.988982726228043
92,170,1,79,other,1.0,9.120259744997538e-06,108439,0.9889918464877879
92,114,1,23,other,1.0,9.120259744997538e-06,108440,0.989000966747533
92,99,1,8,other,1.0,9.120259744997538e-06,108441,0.989010087007278
96,140,1,45,other,1.0,9.120259744997538e-06,108442,0.989019207267023
96,100,1,5,other,1.0,9.120259744997538e-06,108443,0.989028327526768
95,97,1,3,other,1.0,9.120259744997538e-06,108444,0.9890374477865129
93,130,1,38,other,1.0,9.120259744997538e-06,108445,0.989046568046258
93,108,1,16,other,1.0,9.120259744997538e-06,108446,0.989055688306003
8,13,1,6,other,1.0,9.120259744997538e-06,108447,0.989064808565748
8,8,1,1,year_precise,1.0,9.120259744997538e-06,108448,0.9890739288254929
7,11,1,5,other,1.0,9.120259744997538e-06,108449,0.9890830490852379
6,98,1,93,other,1.0,9.120259744997538e-06,108450,0.9890921693449829
6,96,1,91,other,1.0,9.120259744997538e-06,108451,0.989101289604728
189,400,1,212,other,0.7642,9.120259744997538e-06,108452,0.989110409864473
189,190,1,2,other,1.0,9.120259744997538e-06,108453,0.9891195301242179
188,190,1,3,other,1.0,9.120259744997538e-06,108454,0.9891286503839629
188,189,1,2,other,1.0,9.120259744997538e-06,108455,0.9891377706437079
186,300,1,115,other,1.0,9.120259744997538e-06,108456,0.989146890903453
186,235,1,50,other,1.0,9.120259744997538e-06,108457,0.989156011163198
186,222,1,37,other,1.0,9.120259744997538e-06,108458,0.9891651314229429
186,210,1,25,other,1.0,9.120259744997538e-06,108459,0.9891742516826879
186,189,1,4,other,1.0,9.120259744997538e-06,108460,0.9891833719424329
185,300,1,116,other,1.0,9.120259744997538e-06,108461,0.9891924922021779
185,279,1,95,other,1.0,9.120259744997538e-06,108462,0.989201612461923
6,50,1,45,other,1.0,9.120259744997538e-06,108463,0.9892107327216679
6,42,1,37,other,1.0,9.120259744997538e-06,108464,0.9892198529814129
91,114,1,24,other,1.0,9.120259744997538e-06,108465,0.9892289732411579
91,96,1,6,other,1.0,9.120259744997538e-06,108466,0.9892380935009029
90,200,1,111,other,1.0,9.120259744997538e-06,108467,0.989247213760648
191,240,1,50,other,1.0,9.120259744997538e-06,108468,0.9892563340203929
191,235,1,45,other,1.0,9.120259744997538e-06,108469,0.9892654542801379
191,225,1,35,other,1.0,9.120259744997538e-06,108470,0.9892745745398829
191,194,1,4,other,1.0,9.120259744997538e-06,108471,0.9892836947996279
190,300,1,111,other,1.0,9.120259744997538e-06,108472,0.9892928150593729
190,240,1,51,other,1.0,9.120259744997538e-06,108473,0.9893019353191179
190,212,1,23,other,1.0,9.120259744997538e-06,108474,0.9893110555788629
190,200,1,11,other,1.0,9.120259744997538e-06,108475,0.9893201758386079
190,191,1,2,other,1.0,9.120259744997538e-06,108476,0.9893292960983529
9,14,1,6,other,1.0,9.120259744997538e-06,108477,0.9893384163580978
9,12,1,4,other,1.0,9.120259744997538e-06,108478,0.9893475366178429
89,113,1,25,other,1.0,9.120259744997538e-06,108479,0.9893566568775879
89,110,1,22,other,1.0,9.120259744997538e-06,108480,0.9893657771373329
89,106,1,18,other,1.0,9.120259744997538e-06,108481,0.9893748973970778
191,300,1,110,other,1.0,9.120259744997538e-06,108482,0.9893840176568228
191,260,1,70,other,1.0,9.120259744997538e-06,108483,0.9893931379165679
-27,-10,1,18,other,1.0,9.120259744997538e-06,108484,0.9894022581763129
-27,-13,1,15,other,1.0,9.120259744997538e-06,108485,0.9894113784360579
-27,-14,1,14,other,1.0,9.120259744997538e-06,108486,0.9894204986958028
-27,-15,1,13,other,1.0,9.120259744997538e-06,108487,0.9894296189555478
-27,-18,1,10,other,1.0,9.120259744997538e-06,108488,0.9894387392152929
-27,-22,1,6,other,1.0,9.120259744997538e-06,108489,0.9894478594750379
-28,-1,1,28,other,1.0,9.120259744997538e-06,108490,0.9894569797347829
-28,-8,1,21,other,1.0,9.120259744997538e-06,108491,0.9894660999945278
-28,-12,1,17,other,1.0,9.120259744997538e-06,108492,0.9894752202542728
6,74,1,69,other,1.0,9.120259744997538e-06,108493,0.9894843405140178
6,69,1,64,other,1.0,9.120259744997538e-06,108494,0.9894934607737629
193,202,1,10,other,1.0,9.120259744997538e-06,108495,0.9895025810335079
193,201,1,9,other,1.0,9.120259744997538e-06,108496,0.9895117012932528
193,197,1,5,other,1.0,9.120259744997538e-06,108497,0.9895208215529978
193,196,1,4,other,1.0,9.120259744997538e-06,108498,0.9895299418127428
192,400,1,209,other,0.7608,9.120259744997538e-06,108499,0.9895390620724879
192,300,1,109,other,1.0,9.120259744997538e-06,108500,0.9895481823322329
192,270,1,79,other,1.0,9.120259744997538e-06,108501,0.9895573025919778
192,235,1,44,reign:Severan-dynasty,1.0,9.120259744997538e-06,108502,0.9895664228517228
192,217,1,26,other,1.0,9.120259744997538e-06,108503,0.9895755431114678
192,206,1,15,other,1.0,9.120259744997538e-06,108504,0.9895846633712128
192,195,1,4,other,1.0,9.120259744997538e-06,108505,0.9895937836309578
90,135,1,46,other,1.0,9.120259744997538e-06,108506,0.9896029038907028
89,130,1,42,other,1.0,9.120259744997538e-06,108507,0.9896120241504478
89,122,1,34,other,1.0,9.120259744997538e-06,108508,0.9896211444101928
89,119,1,31,other,1.0,9.120259744997538e-06,108509,0.9896302646699378
89,114,1,26,other,1.0,9.120259744997538e-06,108510,0.9896393849296828
88,130,1,43,other,1.0,9.120259744997538e-06,108511,0.9896485051894278
88,120,1,33,other,1.0,9.120259744997538e-06,108512,0.9896576254491728
88,100,1,13,other,1.0,9.120259744997538e-06,108513,0.9896667457089178
88,96,1,9,other,1.0,9.120259744997538e-06,108514,0.9896758659686627
87,114,1,28,other,1.0,9.120259744997538e-06,108515,0.9896849862284078
87,100,1,14,other,1.0,9.120259744997538e-06,108516,0.9896941064881528
87,90,1,4,other,1.0,9.120259744997538e-06,108517,0.9897032267478978
87,88,1,2,other,1.0,9.120259744997538e-06,108518,0.9897123470076428
194,260,1,67,other,1.0,9.120259744997538e-06,108519,0.9897214672673877
194,215,1,22,other,1.0,9.120259744997538e-06,108520,0.9897305875271327
194,197,1,4,other,1.0,9.120259744997538e-06,108521,0.9897397077868778
193,284,1,92,other,1.0,9.120259744997538e-06,108522,0.9897488280466228
193,254,1,62,other,1.0,9.120259744997538e-06,108523,0.9897579483063678
193,223,1,31,other,1.0,9.120259744997538e-06,108524,0.9897670685661127
193,222,1,30,other,1.0,9.120259744997538e-06,108525,0.9897761888258577
193,210,1,18,reign:Septimius-Severus,1.0,9.120259744997538e-06,108526,0.9897853090856028
85,410,1,326,other,0.816,9.120259744997538e-06,108527,0.9897944293453478
85,400,1,316,other,0.8418,9.120259744997538e-06,108528,0.9898035496050928
85,238,1,154,other,1.0,9.120259744997538e-06,108529,0.9898126698648377
195,200,1,6,other,1.0,9.120259744997538e-06,108530,0.9898217901245827
195,199,1,5,other,1.0,9.120259744997538e-06,108531,0.9898309103843278
-29,100,1,130,bc_ad_boundary,1.0,9.120259744997538e-06,108532,0.9898400306440728
-29,14,1,44,bc_ad_boundary,1.0,9.120259744997538e-06,108533,0.9898491509038178
-30,170,1,201,bc_ad_boundary,1.0,9.120259744997538e-06,108534,0.9898582711635627
-30,150,1,181,bc_ad_boundary,1.0,9.120259744997538e-06,108535,0.9898673914233077
-30,71,1,102,bc_ad_boundary,1.0,9.120259744997538e-06,108536,0.9898765116830527
-30,69,1,100,bc_ad_boundary,1.0,9.120259744997538e-06,108537,0.9898856319427978
-30,58,1,89,bc_ad_boundary,1.0,9.120259744997538e-06,108538,0.9898947522025427
89,97,1,9,other,1.0,9.120259744997538e-06,108539,0.9899038724622877
89,92,1,4,other,1.0,9.120259744997538e-06,108540,0.9899129927220327
89,89,1,1,year_precise,1.0,9.120259744997538e-06,108541,0.9899221129817777
88,170,1,83,other,1.0,9.120259744997538e-06,108542,0.9899312332415228
196,220,1,25,other,1.0,9.120259744997538e-06,108543,0.9899403535012677
196,217,1,22,other,1.0,9.120259744997538e-06,108544,0.9899494737610127
196,212,1,17,other,1.0,9.120259744997538e-06,108545,0.9899585940207577
196,205,1,10,other,1.0,9.120259744997538e-06,108546,0.9899677142805027
196,201,1,6,other,1.0,9.120259744997538e-06,108547,0.9899768345402477
195,363,1,169,other,0.9231,9.120259744997538e-06,108548,0.9899859547999927
195,230,1,36,other,1.0,9.120259744997538e-06,108549,0.9899950750597377
195,218,1,24,other,1.0,9.120259744997538e-06,108550,0.9900041953194827
195,213,1,19,other,1.0,9.120259744997538e-06,108551,0.9900133155792277
195,210,1,16,other,1.0,9.120259744997538e-06,108552,0.9900224358389726
86,260,1,175,other,1.0,9.120259744997538e-06,108553,0.9900315560987177
86,125,1,40,other,1.0,9.120259744997538e-06,108554,0.9900406763584627
86,120,1,35,other,1.0,9.120259744997538e-06,108555,0.9900497966182077
86,116,1,31,other,1.0,9.120259744997538e-06,108556,0.9900589168779527
86,95,1,10,other,1.0,9.120259744997538e-06,108557,0.9900680371376976
86,91,1,6,other,1.0,9.120259744997538e-06,108558,0.9900771573974427
85,94,1,10,other,1.0,9.120259744997538e-06,108559,0.9900862776571877
85,90,1,6,other,1.0,9.120259744997538e-06,108560,0.9900953979169327
85,87,1,3,other,1.0,9.120259744997538e-06,108561,0.9901045181766777
84,87,1,4,other,1.0,9.120259744997538e-06,108562,0.9901136384364226
83,250,1,168,other,1.0,9.120259744997538e-06,108563,0.9901227586961676
196,337,1,142,other,1.0,9.120259744997538e-06,108564,0.9901318789559127
196,305,1,110,other,1.0,9.120259744997538e-06,108565,0.9901409992156577
196,284,1,89,other,1.0,9.120259744997538e-06,108566,0.9901501194754027
-30,42,1,73,bc_ad_boundary,1.0,9.120259744997538e-06,108567,0.9901592397351476
-30,39,1,70,bc_ad_boundary,1.0,9.120259744997538e-06,108568,0.9901683599948926
-30,31,1,62,bc_ad_boundary,1.0,9.120259744997538e-06,108569,0.9901774802546377
-30,19,1,50,bc_ad_boundary,1.0,9.120259744997538e-06,108570,0.9901866005143827
-30,9,1,40,bc_ad_boundary,1.0,9.120259744997538e-06,108571,0.9901957207741277
196,272,1,77,other,1.0,9.120259744997538e-06,108572,0.9902048410338726
196,260,1,65,other,1.0,9.120259744997538e-06,108573,0.9902139612936176
196,230,1,35,other,1.0,9.120259744997538e-06,108574,0.9902230815533627
83,91,1,9,other,1.0,9.120259744997538e-06,108575,0.9902322018131077
83,84,1,2,other,1.0,9.120259744997538e-06,108576,0.9902413220728526
82,200,1,119,other,1.0,9.120259744997538e-06,108577,0.9902504423325976
82,150,1,69,other,1.0,9.120259744997538e-06,108578,0.9902595625923426
82,112,1,31,other,1.0,9.120259744997538e-06,108579,0.9902686828520876
82,100,1,19,other,1.0,9.120259744997538e-06,108580,0.9902778031118327
198,203,1,6,other,1.0,9.120259744997538e-06,108581,0.9902869233715776
197,268,1,72,other,1.0,9.120259744997538e-06,108582,0.9902960436313226
197,249,1,53,other,1.0,9.120259744997538e-06,108583,0.9903051638910676
197,235,1,39,other,1.0,9.120259744997538e-06,108584,0.9903142841508126
197,230,1,34,other,1.0,9.120259744997538e-06,108585,0.9903234044105577
197,214,1,18,other,1.0,9.120259744997538e-06,108586,0.9903325246703026
197,212,1,16,other,1.0,9.120259744997538e-06,108587,0.9903416449300476
85,199,1,115,other,1.0,9.120259744997538e-06,108588,0.9903507651897926
85,100,1,16,other,1.0,9.120259744997538e-06,108589,0.9903598854495376
85,95,1,11,other,1.0,9.120259744997538e-06,108590,0.9903690057092825
9,200,1,192,other,1.0,9.120259744997538e-06,108591,0.9903781259690276
9,57,1,49,other,1.0,9.120259744997538e-06,108592,0.9903872462287726
9,43,1,35,other,1.0,9.120259744997538e-06,108593,0.9903963664885176
9,41,1,33,other,1.0,9.120259744997538e-06,108594,0.9904054867482626
9,39,1,31,other,1.0,9.120259744997538e-06,108595,0.9904146070080075
9,30,1,22,other,1.0,9.120259744997538e-06,108596,0.9904237272677526
-30,-18,1,13,other,1.0,9.120259744997538e-06,108597,0.9904328475274976
-31,100,1,132,bc_ad_boundary,1.0,9.120259744997538e-06,108598,0.9904419677872426
-31,31,1,63,bc_ad_boundary,1.0,9.120259744997538e-06,108599,0.9904510880469876
198,206,1,9,other,1.0,9.120259744997538e-06,108600,0.9904602083067325
83,200,1,118,other,1.0,9.120259744997538e-06,108601,0.9904693285664776
83,165,1,83,other,1.0,9.120259744997538e-06,108602,0.9904784488262226
83,160,1,78,other,1.0,9.120259744997538e-06,108603,0.9904875690859676
83,130,1,48,other,1.0,9.120259744997538e-06,108604,0.9904966893457126
83,116,1,34,other,1.0,9.120259744997538e-06,108605,0.9905058096054575
83,101,1,19,other,1.0,9.120259744997538e-06,108606,0.9905149298652025
81,84,1,4,other,1.0,9.120259744997538e-06,108607,0.9905240501249476
81,82,1,2,other,1.0,9.120259744997538e-06,108608,0.9905331703846926
199,230,1,32,other,1.0,9.120259744997538e-06,108609,0.9905422906444376
199,217,1,19,other,1.0,9.120259744997538e-06,108610,0.9905514109041825
199,203,1,5,other,1.0,9.120259744997538e-06,108611,0.9905605311639275
199,201,1,3,other,1.0,9.120259744997538e-06,108612,0.9905696514236726
198,305,1,108,other,1.0,9.120259744997538e-06,108613,0.9905787716834176
198,270,1,73,other,1.0,9.120259744997538e-06,108614,0.9905878919431625
198,255,1,58,other,1.0,9.120259744997538e-06,108615,0.9905970122029075
198,230,1,33,other,1.0,9.120259744997538e-06,108616,0.9906061324626525
198,221,1,24,other,1.0,9.120259744997538e-06,108617,0.9906152527223976
-30,-7,1,24,other,1.0,9.120259744997538e-06,108618,0.9906243729821426
82,83,1,2,other,1.0,9.120259744997538e-06,108619,0.9906334932418875
81,400,1,320,other,0.8438,9.120259744997538e-06,108620,0.9906426135016325
81,300,1,220,other,1.0,9.120259744997538e-06,108621,0.9906517337613775
9,253,1,245,other,1.0,9.120259744997538e-06,108622,0.9906608540211225
200,250,1,51,other,1.0,9.120259744997538e-06,108623,0.9906699742808676
200,217,1,18,other,1.0,9.120259744997538e-06,108624,0.9906790945406125
200,214,1,15,other,1.0,9.120259744997538e-06,108625,0.9906882148003575
200,211,1,12,other,1.0,9.120259744997538e-06,108626,0.9906973350601025
200,210,1,11,other,1.0,9.120259744997538e-06,108627,0.9907064553198475
200,204,1,5,other,1.0,9.120259744997538e-06,108628,0.9907155755795926
200,203,1,4,other,1.0,9.120259744997538e-06,108629,0.9907246958393375
200,202,1,3,other,1.0,9.120259744997538e-06,108630,0.9907338160990825
9,23,1,15,other,1.0,9.120259744997538e-06,108631,0.9907429363588275
81,250,1,170,other,1.0,9.120259744997538e-06,108632,0.9907520566185725
81,230,1,150,other,1.0,9.120259744997538e-06,108633,0.9907611768783174
81,110,1,30,other,1.0,9.120259744997538e-06,108634,0.9907702971380625
81,101,1,21,other,1.0,9.120259744997538e-06,108635,0.9907794173978075
81,98,1,18,other,1.0,9.120259744997538e-06,108636,0.9907885376575525
81,97,1,17,reign:Domitianic,1.0,9.120259744997538e-06,108637,0.9907976579172975
81,94,1,14,other,1.0,9.120259744997538e-06,108638,0.9908067781770424
80,140,1,61,other,1.0,9.120259744997538e-06,108639,0.9908158984367875
80,125,1,46,other,1.0,9.120259744997538e-06,108640,0.9908250186965325
80,117,1,38,other,1.0,9.120259744997538e-06,108641,0.9908341389562775
80,114,1,35,other,1.0,9.120259744997538e-06,108642,0.9908432592160225
80,110,1,31,other,1.0,9.120259744997538e-06,108643,0.9908523794757674
80,98,1,19,other,1.0,9.120259744997538e-06,108644,0.9908614997355125
80,95,1,16,reign:Domitianic,1.0,9.120259744997538e-06,108645,0.9908706199952575
-36,-27,1,10,other,1.0,9.120259744997538e-06,108646,0.9908797402550025
201,271,1,71,other,1.0,9.120259744997538e-06,108647,0.9908888605147474
201,254,1,54,other,1.0,9.120259744997538e-06,108648,0.9908979807744924
201,251,1,51,other,1.0,9.120259744997538e-06,108649,0.9909071010342374
201,240,1,40,other,1.0,9.120259744997538e-06,108650,0.9909162212939825
201,234,1,34,other,1.0,9.120259744997538e-06,108651,0.9909253415537275
201,223,1,23,other,1.0,9.120259744997538e-06,108652,0.9909344618134724
201,221,1,21,other,1.0,9.120259744997538e-06,108653,0.9909435820732174
201,212,1,12,other,1.0,9.120259744997538e-06,108654,0.9909527023329624
79,90,1,12,other,1.0,9.120259744997538e-06,108655,0.9909618225927075
79,89,1,11,other,1.0,9.120259744997538e-06,108656,0.9909709428524525
78,150,1,73,other,1.0,9.120259744997538e-06,108657,0.9909800631121974
201,290,1,90,other,1.0,9.120259744997538e-06,108658,0.9909891833719424
201,283,1,83,other,1.0,9.120259744997538e-06,108659,0.9909983036316874
-31,9,1,41,bc_ad_boundary,1.0,9.120259744997538e-06,108660,0.9910074238914325
-31,-30,1,2,other,1.0,9.120259744997538e-06,108661,0.9910165441511775
-32,30,1,63,bc_ad_boundary,1.0,9.120259744997538e-06,108662,0.9910256644109224
-32,-32,1,1,year_precise,1.0,9.120259744997538e-06,108663,0.9910347846706674
-34,-34,1,1,year_precise,1.0,9.120259744997538e-06,108664,0.9910439049304124
-35,15,1,51,bc_ad_boundary,1.0,9.120259744997538e-06,108665,0.9910530251901574
-35,-11,1,25,other,1.0,9.120259744997538e-06,108666,0.9910621454499025
-35,-20,1,16,other,1.0,9.120259744997538e-06,108667,0.9910712657096474
-36,29,1,66,bc_ad_boundary,1.0,9.120259744997538e-06,108668,0.9910803859693924
-36,-1,1,36,other,1.0,9.120259744997538e-06,108669,0.9910895062291374
80,170,1,91,other,1.0,9.120259744997538e-06,108670,0.9910986264888824
10,16,1,7,other,1.0,9.120259744997538e-06,108671,0.9911077467486274
10,15,1,6,other,1.0,9.120259744997538e-06,108672,0.9911168670083724
202,212,1,11,other,1.0,9.120259744997538e-06,108673,0.9911259872681174
202,211,1,10,other,1.0,9.120259744997538e-06,108674,0.9911351075278624
201,630,1,430,other,0.3488,9.120259744997538e-06,108675,0.9911442277876074
201,560,1,360,other,0.4167,9.120259744997538e-06,108676,0.9911533480473523
201,410,1,210,other,0.7143,9.120259744997538e-06,108677,0.9911624683070974
201,375,1,175,other,0.8571,9.120259744997538e-06,108678,0.9911715885668424
201,370,1,170,other,0.8824,9.120259744997538e-06,108679,0.9911807088265874
201,367,1,167,other,0.8982,9.120259744997538e-06,108680,0.9911898290863324
201,324,1,124,other,1.0,9.120259744997538e-06,108681,0.9911989493460773
201,293,1,93,other,1.0,9.120259744997538e-06,108682,0.9912080696058224
80,84,1,5,other,1.0,9.120259744997538e-06,108683,0.9912171898655674
80,83,1,4,other,1.0,9.120259744997538e-06,108684,0.9912263101253124
79,375,1,297,other,0.9158,9.120259744997538e-06,108685,0.9912354303850573
79,91,1,13,other,1.0,9.120259744997538e-06,108686,0.9912445506448023
205,236,1,32,other,1.0,9.120259744997538e-06,108687,0.9912536709045474
205,218,1,14,other,1.0,9.120259744997538e-06,108688,0.9912627911642924
204,212,1,9,other,1.0,9.120259744997538e-06,108689,0.9912719114240374
203,263,1,61,other,1.0,9.120259744997538e-06,108690,0.9912810316837823
203,207,1,5,other,1.0,9.120259744997538e-06,108691,0.9912901519435273
203,206,1,4,other,1.0,9.120259744997538e-06,108692,0.9912992722032723
202,286,1,85,other,1.0,9.120259744997538e-06,108693,0.9913083924630174
202,284,1,83,other,1.0,9.120259744997538e-06,108694,0.9913175127227624
78,119,1,42,other,1.0,9.120259744997538e-06,108695,0.9913266329825073
10,100,1,91,other,1.0,9.120259744997538e-06,108696,0.9913357532422523
10,70,1,61,other,1.0,9.120259744997538e-06,108697,0.9913448735019973
10,69,1,60,other,1.0,9.120259744997538e-06,108698,0.9913539937617424
10,65,1,56,other,1.0,9.120259744997538e-06,108699,0.9913631140214874
10,50,1,41,other,1.0,9.120259744997538e-06,108700,0.9913722342812323
10,42,1,33,other,1.0,9.120259744997538e-06,108701,0.9913813545409773
10,17,1,8,other,1.0,9.120259744997538e-06,108702,0.9913904748007223
206,250,1,45,other,1.0,9.120259744997538e-06,108703,0.9913995950604674
206,235,1,30,other,1.0,9.120259744997538e-06,108704,0.9914087153202124
206,220,1,15,other,1.0,9.120259744997538e-06,108705,0.9914178355799573
206,215,1,10,other,1.0,9.120259744997538e-06,108706,0.9914269558397023
206,207,1,2,other,1.0,9.120259744997538e-06,108707,0.9914360760994473
-36,-35,1,2,other,1.0,9.120259744997538e-06,108708,0.9914451963591923
-37,-27,1,11,other,1.0,9.120259744997538e-06,108709,0.9914543166189373
-37,-29,1,9,other,1.0,9.120259744997538e-06,108710,0.9914634368786823
-37,-31,1,7,other,1.0,9.120259744997538e-06,108711,0.9914725571384273
-37,-36,1,2,other,1.0,9.120259744997538e-06,108712,0.9914816773981723
-37,-37,1,1,year_precise,1.0,9.120259744997538e-06,108713,0.9914907976579173
-38,14,1,53,bc_ad_boundary,1.0,9.120259744997538e-06,108714,0.9914999179176623
-38,-38,1,1,year_precise,1.0,9.120259744997538e-06,108715,0.9915090381774073
-39,20,1,60,bc_ad_boundary,1.0,9.120259744997538e-06,108716,0.9915181584371523
-39,-28,1,12,other,1.0,9.120259744997538e-06,108717,0.9915272786968973
-40,300,1,341,bc_ad_boundary,1.0,9.120259744997538e-06,108718,0.9915363989566423
77,80,1,4,other,1.0,9.120259744997538e-06,108719,0.9915455192163872
76,130,1,55,other,1.0,9.120259744997538e-06,108720,0.9915546394761323
76,81,1,6,other,1.0,9.120259744997538e-06,108721,0.9915637597358773
75,400,1,326,other,0.8466,9.120259744997538e-06,108722,0.9915728799956223
75,114,1,40,other,1.0,9.120259744997538e-06,108723,0.9915820002553672
75,112,1,38,other,1.0,9.120259744997538e-06,108724,0.9915911205151122
75,101,1,27,other,1.0,9.120259744997538e-06,108725,0.9916002407748573
75,100,1,26,other,1.0,9.120259744997538e-06,108726,0.9916093610346023
209,395,1,187,other,0.7594,9.120259744997538e-06,108727,0.9916184812943473
209,300,1,92,other,1.0,9.120259744997538e-06,108728,0.9916276015540922
209,238,1,30,other,1.0,9.120259744997538e-06,108729,0.9916367218138372
209,222,1,14,other,1.0,9.120259744997538e-06,108730,0.9916458420735823
208,600,1,393,other,0.3639,9.120259744997538e-06,108731,0.9916549623333273
207,209,1,3,other,1.0,9.120259744997538e-06,108732,0.9916640825930723
207,208,1,2,other,1.0,9.120259744997538e-06,108733,0.9916732028528172
206,263,1,58,other,1.0,9.120259744997538e-06,108734,0.9916823231125622
-40,-27,1,14,other,1.0,9.120259744997538e-06,108735,0.9916914433723072
211,310,1,100,other,1.0,9.120259744997538e-06,108736,0.9917005636320523
211,293,1,83,other,1.0,9.120259744997538e-06,108737,0.9917096838917973
211,268,1,58,other,1.0,9.120259744997538e-06,108738,0.9917188041515422
211,248,1,38,other,1.0,9.120259744997538e-06,108739,0.9917279244112872
211,240,1,30,other,1.0,9.120259744997538e-06,108740,0.9917370446710322
211,225,1,15,other,1.0,9.120259744997538e-06,108741,0.9917461649307773
211,214,1,4,other,1.0,9.120259744997538e-06,108742,0.9917552851905223
210,260,1,51,other,1.0,9.120259744997538e-06,108743,0.9917644054502672
210,213,1,4,other,1.0,9.120259744997538e-06,108744,0.9917735257100122
10,11,1,2,other,1.0,9.120259744997538e-06,108745,0.9917826459697572
78,110,1,33,other,1.0,9.120259744997538e-06,108746,0.9917917662295023
78,81,1,4,other,1.0,9.120259744997538e-06,108747,0.9918008864892472
78,80,1,3,other,1.0,9.120259744997538e-06,108748,0.9918100067489922
77,100,1,24,other,1.0,9.120259744997538e-06,108749,0.9918191270087372
77,82,1,6,other,1.0,9.120259744997538e-06,108750,0.9918282472684822
11,80,1,70,other,1.0,9.120259744997538e-06,108751,0.9918373675282272
11,79,1,69,other,1.0,9.120259744997538e-06,108752,0.9918464877879722
11,60,1,50,other,1.0,9.120259744997538e-06,108753,0.9918556080477172
11,23,1,13,other,1.0,9.120259744997538e-06,108754,0.9918647283074622
11,14,1,4,other,1.0,9.120259744997538e-06,108755,0.9918738485672072
11,13,1,3,other,1.0,9.120259744997538e-06,108756,0.9918829688269521
10,300,1,291,other,1.0,9.120259744997538e-06,108757,0.9918920890866972
10,200,1,191,other,1.0,9.120259744997538e-06,108758,0.9919012093464422
-40,40,1,81,bc_ad_boundary,1.0,9.120259744997538e-06,108759,0.9919103296061872
-40,27,1,68,bc_ad_boundary,1.0,9.120259744997538e-06,108760,0.9919194498659322
-40,10,1,51,bc_ad_boundary,1.0,9.120259744997538e-06,108761,0.9919285701256771
-40,-12,1,29,other,1.0,9.120259744997538e-06,108762,0.9919376903854221
-40,-15,1,26,other,1.0,9.120259744997538e-06,108763,0.9919468106451672
-40,-20,1,21,other,1.0,9.120259744997538e-06,108764,0.9919559309049122
-40,-25,1,16,other,1.0,9.120259744997538e-06,108765,0.9919650511646572
-40,-26,1,15,other,1.0,9.120259744997538e-06,108766,0.9919741714244021
213,249,1,37,other,1.0,9.120259744997538e-06,108767,0.9919832916841471
213,230,1,18,other,1.0,9.120259744997538e-06,108768,0.9919924119438922
213,229,1,17,other,1.0,9.120259744997538e-06,108769,0.9920015322036372
213,221,1,9,other,1.0,9.120259744997538e-06,108770,0.9920106524633822
213,220,1,8,other,1.0,9.120259744997538e-06,108771,0.9920197727231271
213,215,1,3,other,1.0,9.120259744997538e-06,108772,0.9920288929828721
212,400,1,189,other,0.7354,9.120259744997538e-06,108773,0.9920380132426172
212,305,1,94,other,1.0,9.120259744997538e-06,108774,0.9920471335023622
212,301,1,90,other,1.0,9.120259744997538e-06,108775,0.9920562537621072
212,253,1,42,other,1.0,9.120259744997538e-06,108776,0.9920653740218521
212,238,1,27,other,1.0,9.120259744997538e-06,108777,0.9920744942815971
212,223,1,12,other,1.0,9.120259744997538e-06,108778,0.9920836145413421
75,80,1,6,other,1.0,9.120259744997538e-06,108779,0.9920927348010872
11,150,1,140,other,1.0,9.120259744997538e-06,108780,0.9921018550608321
11,138,1,128,other,1.0,9.120259744997538e-06,108781,0.9921109753205771
11,100,1,90,other,1.0,9.120259744997538e-06,108782,0.9921200955803221
74,111,1,38,other,1.0,9.120259744997538e-06,108783,0.9921292158400671
74,100,1,27,other,1.0,9.120259744997538e-06,108784,0.9921383360998122
74,92,1,19,other,1.0,9.120259744997538e-06,108785,0.9921474563595571
74,82,1,9,other,1.0,9.120259744997538e-06,108786,0.9921565766193021
74,78,1,5,other,1.0,9.120259744997538e-06,108787,0.9921656968790471
74,75,1,2,other,1.0,9.120259744997538e-06,108788,0.9921748171387921
73,100,1,28,other,1.0,9.120259744997538e-06,108789,0.9921839373985372
73,96,1,24,other,1.0,9.120259744997538e-06,108790,0.9921930576582821
73,85,1,13,other,1.0,9.120259744997538e-06,108791,0.9922021779180271
73,81,1,9,other,1.0,9.120259744997538e-06,108792,0.9922112981777721
73,76,1,4,other,1.0,9.120259744997538e-06,108793,0.9922204184375171
215,231,1,17,other,1.0,9.120259744997538e-06,108794,0.992229538697262
214,326,1,113,other,1.0,9.120259744997538e-06,108795,0.9922386589570071
214,300,1,87,other,1.0,9.120259744997538e-06,108796,0.9922477792167521
214,240,1,27,other,1.0,9.120259744997538e-06,108797,0.9922568994764971
213,300,1,88,other,1.0,9.120259744997538e-06,108798,0.9922660197362421
71,151,1,81,other,1.0,9.120259744997538e-06,108799,0.992275139995987
71,139,1,69,other,1.0,9.120259744997538e-06,108800,0.9922842602557321
71,136,1,66,other,1.0,9.120259744997538e-06,108801,0.9922933805154771
13,50,1,38,other,1.0,9.120259744997538e-06,108802,0.9923025007752221
13,44,1,32,other,1.0,9.120259744997538e-06,108803,0.9923116210349671
216,270,1,55,other,1.0,9.120259744997538e-06,108804,0.992320741294712
216,230,1,15,other,1.0,9.120259744997538e-06,108805,0.992329861554457
216,219,1,4,other,1.0,9.120259744997538e-06,108806,0.9923389818142021
-40,-38,1,3,other,1.0,9.120259744997538e-06,108807,0.9923481020739471
-41,-1,1,41,other,1.0,9.120259744997538e-06,108808,0.9923572223336921
-41,-9,1,33,other,1.0,9.120259744997538e-06,108809,0.992366342593437
-41,-39,1,3,other,1.0,9.120259744997538e-06,108810,0.992375462853182
-42,-31,1,12,other,1.0,9.120259744997538e-06,108811,0.9923845831129271
-43,27,1,71,bc_ad_boundary,1.0,9.120259744997538e-06,108812,0.9923937033726721
-43,17,1,61,bc_ad_boundary,1.0,9.120259744997538e-06,108813,0.992402823632417
10,150,1,141,other,1.0,9.120259744997538e-06,108814,0.992411943892162
12,13,1,2,other,1.0,9.120259744997538e-06,108815,0.992421064151907
12,12,1,1,year_precise,1.0,9.120259744997538e-06,108816,0.9924301844116521
11,200,1,190,other,1.0,9.120259744997538e-06,108817,0.9924393046713971
71,125,1,55,other,1.0,9.120259744997538e-06,108818,0.992448424931142
218,223,1,6,other,1.0,9.120259744997538e-06,108819,0.992457545190887
218,221,1,4,other,1.0,9.120259744997538e-06,108820,0.992466665450632
218,219,1,2,other,1.0,9.120259744997538e-06,108821,0.992475785710377
217,311,1,95,other,1.0,9.120259744997538e-06,108822,0.9924849059701221
217,283,1,67,other,1.0,9.120259744997538e-06,108823,0.992494026229867
217,253,1,37,other,1.0,9.120259744997538e-06,108824,0.992503146489612
217,250,1,34,other,1.0,9.120259744997538e-06,108825,0.992512266749357
217,246,1,30,other,1.0,9.120259744997538e-06,108826,0.992521387009102
217,222,1,6,other,1.0,9.120259744997538e-06,108827,0.9925305072688471
217,221,1,5,other,1.0,9.120259744997538e-06,108828,0.992539627528592
71,221,1,151,other,1.0,9.120259744997538e-06,108829,0.992548747788337
71,212,1,142,other,1.0,9.120259744997538e-06,108830,0.992557868048082
71,85,1,15,other,1.0,9.120259744997538e-06,108831,0.992566988307827
221,246,1,26,other,1.0,9.120259744997538e-06,108832,0.9925761085675721
220,260,1,41,other,1.0,9.120259744997538e-06,108833,0.992585228827317
220,224,1,5,other,1.0,9.120259744997538e-06,108834,0.992594349087062
219,270,1,52,other,1.0,9.120259744997538e-06,108835,0.992603469346807
219,223,1,5,other,1.0,9.120259744997538e-06,108836,0.992612589606552
218,282,1,65,other,1.0,9.120259744997538e-06,108837,0.9926217098662969
218,270,1,53,other,1.0,9.120259744997538e-06,108838,0.992630830126042
13,43,1,31,other,1.0,9.120259744997538e-06,108839,0.992639950385787
13,13,1,1,year_precise,1.0,9.120259744997538e-06,108840,0.992649070645532
12,100,1,89,other,1.0,9.120259744997538e-06,108841,0.992658190905277
12,59,1,48,other,1.0,9.120259744997538e-06,108842,0.9926673111650219
12,42,1,31,other,1.0,9.120259744997538e-06,108843,0.992676431424767
12,32,1,21,other,1.0,9.120259744997538e-06,108844,0.992685551684512
12,25,1,14,other,1.0,9.120259744997538e-06,108845,0.992694671944257
12,18,1,7,other,1.0,9.120259744997538e-06,108846,0.992703792204002
-45,-11,1,35,other,1.0,9.120259744997538e-06,108847,0.9927129124637469
-45,-16,1,30,other,1.0,9.120259744997538e-06,108848,0.992722032723492
-45,-33,1,13,other,1.0,9.120259744997538e-06,108849,0.992731152983237
223,227,1,5,other,1.0,9.120259744997538e-06,108850,0.992740273242982
222,275,1,54,other,1.0,9.120259744997538e-06,108851,0.992749393502727
222,244,1,23,other,1.0,9.120259744997538e-06,108852,0.9927585137624719
222,238,1,17,other,1.0,9.120259744997538e-06,108853,0.9927676340222169
222,232,1,11,other,1.0,9.120259744997538e-06,108854,0.992776754281962
221,283,1,63,other,1.0,9.120259744997538e-06,108855,0.992785874541707
221,280,1,60,other,1.0,9.120259744997538e-06,108856,0.992794994801452
221,260,1,40,other,1.0,9.120259744997538e-06,108857,0.9928041150611969
71,109,1,39,other,1.0,9.120259744997538e-06,108858,0.9928132353209419
71,107,1,37,other,1.0,9.120259744997538e-06,108859,0.992822355580687
71,101,1,31,other,1.0,9.120259744997538e-06,108860,0.992831475840432
71,95,1,25,other,1.0,9.120259744997538e-06,108861,0.9928405961001769
71,92,1,22,other,1.0,9.120259744997538e-06,108862,0.9928497163599219
14,32,1,19,other,1.0,9.120259744997538e-06,108863,0.9928588366196669
14,16,1,3,other,1.0,9.120259744997538e-06,108864,0.9928679568794119
70,330,1,261,other,1.0,9.120259744997538e-06,108865,0.992877077139157
70,250,1,181,other,1.0,9.120259744997538e-06,108866,0.9928861973989019
70,200,1,131,other,1.0,9.120259744997538e-06,108867,0.9928953176586469
70,150,1,81,other,1.0,9.120259744997538e-06,108868,0.9929044379183919
70,122,1,53,other,1.0,9.120259744997538e-06,108869,0.9929135581781369
70,117,1,48,other,1.0,9.120259744997538e-06,108870,0.992922678437882
70,104,1,35,other,1.0,9.120259744997538e-06,108871,0.9929317986976269
223,234,1,12,other,1.0,9.120259744997538e-06,108872,0.9929409189573719
223,232,1,10,other,1.0,9.120259744997538e-06,108873,0.9929500392171169
-43,-27,1,17,other,1.0,9.120259744997538e-06,108874,0.9929591594768619
-43,-40,1,4,other,1.0,9.120259744997538e-06,108875,0.992968279736607
-44,-1,1,44,other,1.0,9.120259744997538e-06,108876,0.9929773999963519
-44,-42,1,3,other,1.0,9.120259744997538e-06,108877,0.9929865202560969
-45,14,1,60,bc_ad_boundary,1.0,9.120259744997538e-06,108878,0.9929956405158419
14,63,1,50,other,1.0,9.120259744997538e-06,108879,0.9930047607755869
14,60,1,47,other,1.0,9.120259744997538e-06,108880,0.9930138810353318
14,43,1,30,other,1.0,9.120259744997538e-06,108881,0.9930230012950769
70,81,1,12,other,1.0,9.120259744997538e-06,108882,0.9930321215548219
70,78,1,9,reign:Vespasianic,1.0,9.120259744997538e-06,108883,0.9930412418145669
226,234,1,9,other,1.0,9.120259744997538e-06,108884,0.9930503620743119
226,231,1,6,other,1.0,9.120259744997538e-06,108885,0.9930594823340568
226,229,1,4,other,1.0,9.120259744997538e-06,108886,0.9930686025938019
226,228,1,3,other,1.0,9.120259744997538e-06,108887,0.9930777228535469
225,300,1,76,other,1.0,9.120259744997538e-06,108888,0.9930868431132919
225,266,1,42,other,1.0,9.120259744997538e-06,108889,0.9930959633730368
225,260,1,36,other,1.0,9.120259744997538e-06,108890,0.9931050836327818
225,235,1,11,other,1.0,9.120259744997538e-06,108891,0.9931142038925269
224,225,1,2,other,1.0,9.120259744997538e-06,108892,0.9931233241522719
223,270,1,48,other,1.0,9.120259744997538e-06,108893,0.9931324444120169
14,33,1,20,other,1.0,9.120259744997538e-06,108894,0.9931415646717618
69,136,1,68,other,1.0,9.120259744997538e-06,108895,0.9931506849315068
230,240,1,11,other,1.0,9.120259744997538e-06,108896,0.9931598051912518
230,235,1,6,other,1.0,9.120259744997538e-06,108897,0.9931689254509969
229,267,1,39,other,1.0,9.120259744997538e-06,108898,0.9931780457107419
228,250,1,23,other,1.0,9.120259744997538e-06,108899,0.9931871659704868
228,243,1,16,other,1.0,9.120259744997538e-06,108900,0.9931962862302318
228,229,1,2,other,1.0,9.120259744997538e-06,108901,0.9932054064899768
227,333,1,107,other,1.0,9.120259744997538e-06,108902,0.9932145267497219
227,253,1,27,other,1.0,9.120259744997538e-06,108903,0.9932236470094669
227,228,1,2,other,1.0,9.120259744997538e-06,108904,0.9932327672692118
226,350,1,125,other,1.0,9.120259744997538e-06,108905,0.9932418875289568
226,305,1,80,other,1.0,9.120259744997538e-06,108906,0.9932510077887018
226,300,1,75,other,1.0,9.120259744997538e-06,108907,0.9932601280484468
70,102,1,33,other,1.0,9.120259744997538e-06,108908,0.9932692483081919
14,96,1,83,other,1.0,9.120259744997538e-06,108909,0.9932783685679368
14,81,1,68,other,1.0,9.120259744997538e-06,108910,0.9932874888276818
69,98,1,30,other,1.0,9.120259744997538e-06,108911,0.9932966090874268
69,83,1,15,other,1.0,9.120259744997538e-06,108912,0.9933057293471718
69,73,1,5,other,1.0,9.120259744997538e-06,108913,0.9933148496069168
15,50,1,36,other,1.0,9.120259744997538e-06,108914,0.9933239698666618
-48,18,1,67,bc_ad_boundary,1.0,9.120259744997538e-06,108915,0.9933330901264068
231,304,1,74,other,1.0,9.120259744997538e-06,108916,0.9933422103861518
231,274,1,44,other,1.0,9.120259744997538e-06,108917,0.9933513306458968
231,240,1,10,other,1.0,9.120259744997538e-06,108918,0.9933604509056418
231,233,1,3,other,1.0,9.120259744997538e-06,108919,0.9933695711653868
230,350,1,121,other,1.0,9.120259744997538e-06,108920,0.9933786914251318
70,77,1,8,other,1.0,9.120259744997538e-06,108921,0.9933878116848768
70,76,1,7,other,1.0,9.120259744997538e-06,108922,0.9933969319446218
69,235,1,167,other,1.0,9.120259744997538e-06,108923,0.9934060522043667
69,230,1,162,other,1.0,9.120259744997538e-06,108924,0.9934151724641118
69,192,1,124,other,1.0,9.120259744997538e-06,108925,0.9934242927238568
69,171,1,103,other,1.0,9.120259744997538e-06,108926,0.9934334129836018
232,235,1,4,other,1.0,9.120259744997538e-06,108927,0.9934425332433467
232,233,1,2,other,1.0,9.120259744997538e-06,108928,0.9934516535030917
231,350,1,120,other,1.0,9.120259744997538e-06,108929,0.9934607737628368
-45,-35,1,11,other,1.0,9.120259744997538e-06,108930,0.9934698940225818
-45,-41,1,5,other,1.0,9.120259744997538e-06,108931,0.9934790142823268
-45,-42,1,4,other,1.0,9.120259744997538e-06,108932,0.9934881345420717
-45,-43,1,3,other,1.0,9.120259744997538e-06,108933,0.9934972548018167
-45,-44,1,2,other,1.0,9.120259744997538e-06,108934,0.9935063750615618
-46,-44,1,3,other,1.0,9.120259744997538e-06,108935,0.9935154953213068
-46,-45,1,2,other,1.0,9.120259744997538e-06,108936,0.9935246155810518
-47,-25,1,23,other,1.0,9.120259744997538e-06,108937,0.9935337358407967
-47,-30,1,18,other,1.0,9.120259744997538e-06,108938,0.9935428561005417
-47,-42,1,6,other,1.0,9.120259744997538e-06,108939,0.9935519763602867
-47,-44,1,4,other,1.0,9.120259744997538e-06,108940,0.9935610966200318
69,125,1,57,other,1.0,9.120259744997538e-06,108941,0.9935702168797768
69,110,1,42,other,1.0,9.120259744997538e-06,108942,0.9935793371395217
14,405,1,392,other,0.8597,9.120259744997538e-06,108943,0.9935884573992667
14,339,1,326,other,1.0,9.120259744997538e-06,108944,0.9935975776590117
14,270,1,257,other,1.0,9.120259744997538e-06,108945,0.9936066979187568
14,101,1,88,other,1.0,9.120259744997538e-06,108946,0.9936158181785018
68,96,1,29,reign:Flavian,1.0,9.120259744997538e-06,108947,0.9936249384382467
237,250,1,14,other,1.0,9.120259744997538e-06,108948,0.9936340586979917
237,249,1,13,other,1.0,9.120259744997538e-06,108949,0.9936431789577367
236,361,1,126,other,0.9127,9.120259744997538e-06,108950,0.9936522992174817
236,250,1,15,other,1.0,9.120259744997538e-06,108951,0.9936614194772267
235,254,1,20,other,1.0,9.120259744997538e-06,108952,0.9936705397369717
235,240,1,6,other,1.0,9.120259744997538e-06,108953,0.9936796599967167
235,237,1,3,other,1.0,9.120259744997538e-06,108954,0.9936887802564617
234,238,1,5,other,1.0,9.120259744997538e-06,108955,0.9936979005162067
233,260,1,28,other,1.0,9.120259744997538e-06,108956,0.9937070207759517
233,245,1,13,other,1.0,9.120259744997538e-06,108957,0.9937161410356967
232,250,1,19,other,1.0,9.120259744997538e-06,108958,0.9937252612954417
67,150,1,84,other,1.0,9.120259744997538e-06,108959,0.9937343815551867
67,70,1,4,other,1.0,9.120259744997538e-06,108960,0.9937435018149317
65,150,1,86,other,1.0,9.120259744997538e-06,108961,0.9937526220746767
238,400,1,163,other,0.6933,9.120259744997538e-06,108962,0.9937617423344217
238,305,1,68,other,1.0,9.120259744997538e-06,108963,0.9937708625941667
238,275,1,38,other,1.0,9.120259744997538e-06,108964,0.9937799828539117
238,271,1,34,other,1.0,9.120259744997538e-06,108965,0.9937891031136566
238,268,1,31,other,1.0,9.120259744997538e-06,108966,0.9937982233734016
238,249,1,12,other,1.0,9.120259744997538e-06,108967,0.9938073436331467
238,243,1,6,other,1.0,9.120259744997538e-06,108968,0.9938164638928917
238,240,1,3,other,1.0,9.120259744997538e-06,108969,0.9938255841526367
237,276,1,40,other,1.0,9.120259744997538e-06,108970,0.9938347044123816
237,255,1,19,other,1.0,9.120259744997538e-06,108971,0.9938438246721266
15,43,1,29,other,1.0,9.120259744997538e-06,108972,0.9938529449318717
15,23,1,9,other,1.0,9.120259744997538e-06,108973,0.9938620651916167
15,19,1,5,other,1.0,9.120259744997538e-06,108974,0.9938711854513617
64,75,1,12,other,1.0,9.120259744997538e-06,108975,0.9938803057111066
239,244,1,6,other,1.0,9.120259744997538e-06,108976,0.9938894259708516
239,241,1,3,other,1.0,9.120259744997538e-06,108977,0.9938985462305967
-48,-48,1,1,year_precise,1.0,9.120259744997538e-06,108978,0.9939076664903417
-49,70,1,120,bc_ad_boundary,1.0,9.120259744997538e-06,108979,0.9939167867500867
-49,14,1,64,bc_ad_boundary,1.0,9.120259744997538e-06,108980,0.9939259070098316
-49,-6,1,44,other,1.0,9.120259744997538e-06,108981,0.9939350272695766
-49,-27,1,23,other,1.0,9.120259744997538e-06,108982,0.9939441475293216
-49,-31,1,19,other,1.0,9.120259744997538e-06,108983,0.9939532677890667
-49,-41,1,9,other,1.0,9.120259744997538e-06,108984,0.9939623880488117
-49,-42,1,8,other,1.0,9.120259744997538e-06,108985,0.9939715083085566
-49,-44,1,6,other,1.0,9.120259744997538e-06,108986,0.9939806285683016
-50,300,1,351,bc_ad_boundary,1.0,9.120259744997538e-06,108987,0.9939897488280466
68,89,1,22,other,1.0,9.120259744997538e-06,108988,0.9939988690877917
68,77,1,10,other,1.0,9.120259744997538e-06,108989,0.9940079893475366
67,193,1,127,other,1.0,9.120259744997538e-06,108990,0.9940171096072816
241,311,1,71,other,1.0,9.120259744997538e-06,108991,0.9940262298670266
241,277,1,37,other,1.0,9.120259744997538e-06,108992,0.9940353501267716
241,270,1,30,other,1.0,9.120259744997538e-06,108993,0.9940444703865166
241,243,1,3,other,1.0,9.120259744997538e-06,108994,0.9940535906462616
240,250,1,11,other,1.0,9.120259744997538e-06,108995,0.9940627109060066
240,246,1,7,other,1.0,9.120259744997538e-06,108996,0.9940718311657516
239,300,1,62,other,1.0,9.120259744997538e-06,108997,0.9940809514254966
239,254,1,16,other,1.0,9.120259744997538e-06,108998,0.9940900716852415
239,250,1,12,other,1.0,9.120259744997538e-06,108999,0.9940991919449866
65,96,1,32,other,1.0,9.120259744997538e-06,109000,0.9941083122047316
65,95,1,31,other,1.0,9.120259744997538e-06,109001,0.9941174324644766
65,75,1,11,other,1.0,9.120259744997538e-06,109002,0.9941265527242216
65,73,1,9,other,1.0,9.120259744997538e-06,109003,0.9941356729839665
65,66,1,2,other,1.0,9.120259744997538e-06,109004,0.9941447932437116
64,117,1,54,other,1.0,9.120259744997538e-06,109005,0.9941539135034566
64,79,1,16,other,1.0,9.120259744997538e-06,109006,0.9941630337632016
63,64,1,2,other,1.0,9.120259744997538e-06,109007,0.9941721540229466
62,78,1,17,other,1.0,9.120259744997538e-06,109008,0.9941812742826915
62,77,1,16,other,1.0,9.120259744997538e-06,109009,0.9941903945424365
62,74,1,13,other,1.0,9.120259744997538e-06,109010,0.9941995148021816
62,68,1,7,other,1.0,9.120259744997538e-06,109011,0.9942086350619266
62,65,1,4,other,1.0,9.120259744997538e-06,109012,0.9942177553216716
-50,75,1,126,bc_ad_boundary,1.0,9.120259744997538e-06,109013,0.9942268755814165
-50,54,1,105,bc_ad_boundary,1.0,9.120259744997538e-06,109014,0.9942359958411615
-50,10,1,61,bc_ad_boundary,1.0,9.120259744997538e-06,109015,0.9942451161009066
-50,9,1,60,bc_ad_boundary,1.0,9.120259744997538e-06,109016,0.9942542363606516
242,500,1,259,other,0.4208,9.120259744997538e-06,109017,0.9942633566203966
242,363,1,122,other,0.8934,9.120259744997538e-06,109018,0.9942724768801415
242,268,1,27,other,1.0,9.120259744997538e-06,109019,0.9942815971398865
242,246,1,5,other,1.0,9.120259744997538e-06,109020,0.9942907173996316
241,400,1,160,other,0.6875,9.120259744997538e-06,109021,0.9942998376593766
241,338,1,98,other,1.0,9.120259744997538e-06,109022,0.9943089579191215
16,30,1,15,other,1.0,9.120259744997538e-06,109023,0.9943180781788665
16,20,1,5,other,1.0,9.120259744997538e-06,109024,0.9943271984386115
16,18,1,3,other,1.0,9.120259744997538e-06,109025,0.9943363186983565
16,16,1,1,year_precise,1.0,9.120259744997538e-06,109026,0.9943454389581016
15,150,1,136,other,1.0,9.120259744997538e-06,109027,0.9943545592178465
248,249,1,2,other,1.0,9.120259744997538e-06,109028,0.9943636794775915
247,318,1,72,other,1.0,9.120259744997538e-06,109029,0.9943727997373365
247,257,1,11,other,1.0,9.120259744997538e-06,109030,0.9943819199970815
247,255,1,9,other,1.0,9.120259744997538e-06,109031,0.9943910402568266
246,247,1,2,other,1.0,9.120259744997538e-06,109032,0.9944001605165715
245,253,1,9,other,1.0,9.120259744997538e-06,109033,0.9944092807763165
244,270,1,27,other,1.0,9.120259744997538e-06,109034,0.9944184010360615
243,344,1,102,other,1.0,9.120259744997538e-06,109035,0.9944275212958065
-50,130,1,181,bc_ad_boundary,1.0,9.120259744997538e-06,109036,0.9944366415555514
63,100,1,38,other,1.0,9.120259744997538e-06,109037,0.9944457618152965
63,67,1,5,other,1.0,9.120259744997538e-06,109038,0.9944548820750415
61,69,1,9,other,1.0,9.120259744997538e-06,109039,0.9944640023347865
61,65,1,5,other,1.0,9.120259744997538e-06,109040,0.9944731225945315
60,80,1,21,other,1.0,9.120259744997538e-06,109041,0.9944822428542764
250,255,1,6,other,1.0,9.120259744997538e-06,109042,0.9944913631140215
250,252,1,3,other,1.0,9.120259744997538e-06,109043,0.9945004833737665
-50,-28,1,23,other,1.0,9.120259744997538e-06,109044,0.9945096036335115
-50,-29,1,22,other,1.0,9.120259744997538e-06,109045,0.9945187238932565
-50,-35,1,16,other,1.0,9.120259744997538e-06,109046,0.9945278441530014
-50,-41,1,10,other,1.0,9.120259744997538e-06,109047,0.9945369644127465
-50,-42,1,9,other,1.0,9.120259744997538e-06,109048,0.9945460846724915
249,307,1,59,other,1.0,9.120259744997538e-06,109049,0.9945552049322365
249,253,1,5,other,1.0,9.120259744997538e-06,109050,0.9945643251919815
248,251,1,4,other,1.0,9.120259744997538e-06,109051,0.9945734454517264
61,160,1,100,other,1.0,9.120259744997538e-06,109052,0.9945825657114714
16,45,1,30,other,1.0,9.120259744997538e-06,109053,0.9945916859712165
16,43,1,28,other,1.0,9.120259744997538e-06,109054,0.9946008062309615
59,77,1,19,other,1.0,9.120259744997538e-06,109055,0.9946099264907065
59,70,1,12,other,1.0,9.120259744997538e-06,109056,0.9946190467504514
251,310,1,60,other,1.0,9.120259744997538e-06,109057,0.9946281670101964
251,292,1,42,other,1.0,9.120259744997538e-06,109058,0.9946372872699415
251,283,1,33,other,1.0,9.120259744997538e-06,109059,0.9946464075296865
251,255,1,5,other,1.0,9.120259744997538e-06,109060,0.9946555277894314
250,600,1,351,other,0.2877,9.120259744997538e-06,109061,0.9946646480491764
250,330,1,81,other,1.0,9.120259744997538e-06,109062,0.9946737683089214
250,307,1,58,other,1.0,9.120259744997538e-06,109063,0.9946828885686665
250,280,1,31,other,1.0,9.120259744997538e-06,109064,0.9946920088284115
15,70,1,56,other,1.0,9.120259744997538e-06,109065,0.9947011290881564
15,54,1,40,other,1.0,9.120259744997538e-06,109066,0.9947102493479014
61,130,1,70,other,1.0,9.120259744997538e-06,109067,0.9947193696076464
61,110,1,50,other,1.0,9.120259744997538e-06,109068,0.9947284898673914
61,101,1,41,other,1.0,9.120259744997538e-06,109069,0.9947376101271365
61,93,1,33,other,1.0,9.120259744997538e-06,109070,0.9947467303868814
55,100,1,46,other,1.0,9.120259744997538e-06,109071,0.9947558506466264
55,85,1,31,other,1.0,9.120259744997538e-06,109072,0.9947649709063714
55,80,1,26,other,1.0,9.120259744997538e-06,109073,0.9947740911661164
55,79,1,25,other,1.0,9.120259744997538e-06,109074,0.9947832114258615
253,270,1,18,other,1.0,9.120259744997538e-06,109075,0.9947923316856064
253,263,1,11,other,1.0,9.120259744997538e-06,109076,0.9948014519453514
253,258,1,6,other,1.0,9.120259744997538e-06,109077,0.9948105722050964
251,340,1,90,other,1.0,9.120259744997538e-06,109078,0.9948196924648414
251,337,1,87,other,1.0,9.120259744997538e-06,109079,0.9948288127245863
251,331,1,81,other,1.0,9.120259744997538e-06,109080,0.9948379329843314
251,324,1,74,other,1.0,9.120259744997538e-06,109081,0.9948470532440764
60,74,1,15,other,1.0,9.120259744997538e-06,109082,0.9948561735038214
60,61,1,2,other,1.0,9.120259744997538e-06,109083,0.9948652937635664
59,200,1,142,other,1.0,9.120259744997538e-06,109084,0.9948744140233113
59,100,1,42,other,1.0,9.120259744997538e-06,109085,0.9948835342830564
59,79,1,21,other,1.0,9.120259744997538e-06,109086,0.9948926545428014
-59,14,1,74,bc_ad_boundary,0.8784,9.120259744997538e-06,109087,0.9949017748025464
-59,-30,1,30,other,0.7,9.120259744997538e-06,109088,0.9949108950622914
-60,300,1,361,bc_ad_boundary,0.9723,9.120259744997538e-06,109089,0.9949200153220363
255,257,1,3,other,1.0,9.120259744997538e-06,109090,0.9949291355817814
254,258,1,5,other,1.0,9.120259744997538e-06,109091,0.9949382558415264
254,257,1,4,other,1.0,9.120259744997538e-06,109092,0.9949473761012714
254,255,1,2,other,1.0,9.120259744997538e-06,109093,0.9949564963610164
253,337,1,85,other,1.0,9.120259744997538e-06,109094,0.9949656166207613
253,305,1,53,other,1.0,9.120259744997538e-06,109095,0.9949747368805063
253,300,1,48,other,1.0,9.120259744997538e-06,109096,0.9949838571402514
253,284,1,32,other,1.0,9.120259744997538e-06,109097,0.9949929773999964
253,275,1,23,other,1.0,9.120259744997538e-06,109098,0.9950020976597413
58,59,1,2,other,1.0,9.120259744997538e-06,109099,0.9950112179194863
57,58,1,2,other,1.0,9.120259744997538e-06,109100,0.9950203381792313
56,300,1,245,other,1.0,9.120259744997538e-06,109101,0.9950294584389764
56,57,1,2,other,1.0,9.120259744997538e-06,109102,0.9950385786987214
54,212,1,159,other,1.0,9.120259744997538e-06,109103,0.9950476989584663
54,150,1,97,other,1.0,9.120259744997538e-06,109104,0.9950568192182113
54,130,1,77,other,1.0,9.120259744997538e-06,109105,0.9950659394779563
54,90,1,37,other,1.0,9.120259744997538e-06,109106,0.9950750597377014
54,80,1,27,other,1.0,9.120259744997538e-06,109107,0.9950841799974464
54,74,1,21,other,1.0,9.120259744997538e-06,109108,0.9950933002571913
256,257,1,2,other,1.0,9.120259744997538e-06,109109,0.9951024205169363
255,272,1,18,other,1.0,9.120259744997538e-06,109110,0.9951115407766813
-51,20,1,72,bc_ad_boundary,0.9861,9.120259744997538e-06,109111,0.9951206610364263
-51,-30,1,22,other,0.9545,9.120259744997538e-06,109112,0.9951297812961714
-52,-30,1,23,other,0.913,9.120259744997538e-06,109113,0.9951389015559163
-52,-48,1,5,other,0.6,9.120259744997538e-06,109114,0.9951480218156613
-55,-43,1,13,other,0.6154,9.120259744997538e-06,109115,0.9951571420754063
-58,-21,1,38,other,0.7895,9.120259744997538e-06,109116,0.9951662623351513
-58,-27,1,32,other,0.75,9.120259744997538e-06,109117,0.9951753825948964
-59,100,1,160,bc_ad_boundary,0.9437,9.120259744997538e-06,109118,0.9951845028546413
17,19,1,3,other,1.0,9.120259744997538e-06,109119,0.9951936231143863
17,18,1,2,other,1.0,9.120259744997538e-06,109120,0.9952027433741313
16,150,1,135,other,1.0,9.120259744997538e-06,109121,0.9952118636338763
16,100,1,85,other,1.0,9.120259744997538e-06,109122,0.9952209838936212
259,288,1,30,other,1.0,9.120259744997538e-06,109123,0.9952301041533663
259,261,1,3,other,1.0,9.120259744997538e-06,109124,0.9952392244131113
259,260,1,2,other,1.0,9.120259744997538e-06,109125,0.9952483446728563
258,262,1,5,other,1.0,9.120259744997538e-06,109126,0.9952574649326013
258,259,1,2,other,1.0,9.120259744997538e-06,109127,0.9952665851923462
257,311,1,55,other,1.0,9.120259744997538e-06,109128,0.9952757054520913
257,261,1,5,other,1.0,9.120259744997538e-06,109129,0.9952848257118363
256,300,1,45,other,1.0,9.120259744997538e-06,109130,0.9952939459715813
256,270,1,15,other,1.0,9.120259744997538e-06,109131,0.9953030662313262
256,268,1,13,other,1.0,9.120259744997538e-06,109132,0.9953121864910712
55,63,1,9,other,1.0,9.120259744997538e-06,109133,0.9953213067508163
55,62,1,8,other,1.0,9.120259744997538e-06,109134,0.9953304270105613
51,270,1,220,other,1.0,9.120259744997538e-06,109135,0.9953395472703063
51,199,1,149,other,1.0,9.120259744997538e-06,109136,0.9953486675300512
262,264,1,3,other,1.0,9.120259744997538e-06,109137,0.9953577877897962
261,320,1,60,other,1.0,9.120259744997538e-06,109138,0.9953669080495412
261,285,1,25,other,1.0,9.120259744997538e-06,109139,0.9953760283092863
261,280,1,20,other,1.0,9.120259744997538e-06,109140,0.9953851485690313
261,270,1,10,other,1.0,9.120259744997538e-06,109141,0.9953942688287762
261,267,1,7,other,1.0,9.120259744997538e-06,109142,0.9954033890885212
261,262,1,2,other,1.0,9.120259744997538e-06,109143,0.9954125093482662
260,262,1,3,other,1.0,9.120259744997538e-06,109144,0.9954216296080113
260,261,1,2,other,1.0,9.120259744997538e-06,109145,0.9954307498677563
17,200,1,184,other,1.0,9.120259744997538e-06,109146,0.9954398701275012
17,114,1,98,other,1.0,9.120259744997538e-06,109147,0.9954489903872462
17,50,1,34,other,1.0,9.120259744997538e-06,109148,0.9954581106469912
17,42,1,26,other,1.0,9.120259744997538e-06,109149,0.9954672309067363
17,40,1,24,other,1.0,9.120259744997538e-06,109150,0.9954763511664813
51,96,1,46,other,1.0,9.120259744997538e-06,109151,0.9954854714262262
51,87,1,37,other,1.0,9.120259744997538e-06,109152,0.9954945916859712
51,85,1,35,other,1.0,9.120259744997538e-06,109153,0.9955037119457162
51,83,1,33,other,1.0,9.120259744997538e-06,109154,0.9955128322054612
268,283,1,16,other,1.0,9.120259744997538e-06,109155,0.9955219524652063
268,282,1,15,other,1.0,9.120259744997538e-06,109156,0.9955310727249512
266,354,1,89,other,0.9551,9.120259744997538e-06,109157,0.9955401929846962
265,300,1,36,other,1.0,9.120259744997538e-06,109158,0.9955493132444412
263,267,1,5,other,1.0,9.120259744997538e-06,109159,0.9955584335041862
262,268,1,7,other,1.0,9.120259744997538e-06,109160,0.9955675537639312
54,62,1,9,other,1.0,9.120259744997538e-06,109161,0.9955766740236762
54,60,1,7,other,1.0,9.120259744997538e-06,109162,0.9955857942834212
54,56,1,3,other,1.0,9.120259744997538e-06,109163,0.9955949145431662
53,56,1,4,other,1.0,9.120259744997538e-06,109164,0.9956040348029112
52,53,1,2,other,1.0,9.120259744997538e-06,109165,0.9956131550626561
51,330,1,280,other,1.0,9.120259744997538e-06,109166,0.9956222753224012
270,274,1,5,other,1.0,9.120259744997538e-06,109167,0.9956313955821462
270,272,1,3,other,1.0,9.120259744997538e-06,109168,0.9956405158418912
269,282,1,14,other,1.0,9.120259744997538e-06,109169,0.9956496361016361
-60,-50,1,11,other,0.0909,9.120259744997538e-06,109170,0.9956587563613811
-61,-50,1,12,other,0.0833,9.120259744997538e-06,109171,0.9956678766211262
-62,-30,1,33,other,0.6364,9.120259744997538e-06,109172,0.9956769968808712
-70,31,1,102,bc_ad_boundary,0.8039,9.120259744997538e-06,109173,0.9956861171406162
-70,-26,1,45,other,0.5556,9.120259744997538e-06,109174,0.9956952374003611
268,300,1,33,other,1.0,9.120259744997538e-06,109175,0.9957043576601061
51,194,1,144,other,1.0,9.120259744997538e-06,109176,0.9957134779198512
51,180,1,130,other,1.0,9.120259744997538e-06,109177,0.9957225981795962
51,175,1,125,other,1.0,9.120259744997538e-06,109178,0.9957317184393412
51,160,1,110,other,1.0,9.120259744997538e-06,109179,0.9957408386990861
51,138,1,88,other,1.0,9.120259744997538e-06,109180,0.9957499589588311
51,116,1,66,other,1.0,9.120259744997538e-06,109181,0.9957590792185761
51,97,1,47,other,1.0,9.120259744997538e-06,109182,0.9957681994783212
19,68,1,50,other,1.0,9.120259744997538e-06,109183,0.9957773197380662
19,31,1,13,other,1.0,9.120259744997538e-06,109184,0.9957864399978111
19,23,1,5,other,1.0,9.120259744997538e-06,109185,0.9957955602575561
18,54,1,37,other,1.0,9.120259744997538e-06,109186,0.9958046805173011
18,50,1,33,other,1.0,9.120259744997538e-06,109187,0.9958138007770462
18,30,1,13,other,1.0,9.120259744997538e-06,109188,0.9958229210367912
51,74,1,24,other,1.0,9.120259744997538e-06,109189,0.9958320412965361
271,380,1,110,other,0.7273,9.120259744997538e-06,109190,0.9958411615562811
271,320,1,50,other,1.0,9.120259744997538e-06,109191,0.9958502818160261
271,306,1,36,other,1.0,9.120259744997538e-06,109192,0.9958594020757712
271,290,1,20,other,1.0,9.120259744997538e-06,109193,0.9958685223355161
271,285,1,15,other,1.0,9.120259744997538e-06,109194,0.9958776425952611
271,280,1,10,other,1.0,9.120259744997538e-06,109195,0.9958867628550061
271,272,1,2,other,1.0,9.120259744997538e-06,109196,0.9958958831147511
270,350,1,81,other,1.0,9.120259744997538e-06,109197,0.9959050033744961
270,300,1,31,other,1.0,9.120259744997538e-06,109198,0.9959141236342411
50,168,1,119,other,1.0,9.120259744997538e-06,109199,0.9959232438939861
50,118,1,69,other,1.0,9.120259744997538e-06,109200,0.9959323641537311
50,101,1,52,other,1.0,9.120259744997538e-06,109201,0.9959414844134761
-70,-36,1,35,other,0.4286,9.120259744997538e-06,109202,0.995950604673221
-70,-47,1,24,other,0.1667,9.120259744997538e-06,109203,0.9959597249329661
-71,200,1,272,bc_ad_boundary,0.9228,9.120259744997538e-06,109204,0.9959688451927111
-71,130,1,202,bc_ad_boundary,0.896,9.120259744997538e-06,109205,0.9959779654524561
-75,51,1,127,bc_ad_boundary,0.8031,9.120259744997538e-06,109206,0.9959870857122011
-75,50,1,126,bc_ad_boundary,0.8016,9.120259744997538e-06,109207,0.995996205971946
-75,25,1,101,bc_ad_boundary,0.7525,9.120259744997538e-06,109208,0.996005326231691
-75,-21,1,55,other,0.5455,9.120259744997538e-06,109209,0.9960144464914361
271,500,1,230,other,0.3478,9.120259744997538e-06,109210,0.9960235667511811
20,33,1,14,other,1.0,9.120259744997538e-06,109211,0.9960326870109261
20,32,1,13,other,1.0,9.120259744997538e-06,109212,0.996041807270671
20,30,1,11,other,1.0,9.120259744997538e-06,109213,0.996050927530416
20,23,1,4,other,1.0,9.120259744997538e-06,109214,0.9960600477901611
275,330,1,56,other,1.0,9.120259744997538e-06,109215,0.9960691680499061
275,300,1,26,other,1.0,9.120259744997538e-06,109216,0.9960782883096511
275,290,1,16,other,1.0,9.120259744997538e-06,109217,0.996087408569396
275,282,1,8,other,1.0,9.120259744997538e-06,109218,0.996096528829141
275,278,1,4,other,1.0,9.120259744997538e-06,109219,0.9961056490888861
274,500,1,227,other,0.3392,9.120259744997538e-06,109220,0.9961147693486311
274,350,1,77,other,1.0,9.120259744997538e-06,109221,0.9961238896083761
274,305,1,32,other,1.0,9.120259744997538e-06,109222,0.996133009868121
273,274,1,2,other,1.0,9.120259744997538e-06,109223,0.996142130127866
272,279,1,8,other,1.0,9.120259744997538e-06,109224,0.996151250387611
272,274,1,3,other,1.0,9.120259744997538e-06,109225,0.9961603706473561
272,273,1,2,other,1.0,9.120259744997538e-06,109226,0.996169490907101
-70,-27,1,44,other,0.5455,9.120259744997538e-06,109227,0.996178611166846
51,65,1,15,other,1.0,9.120259744997538e-06,109228,0.996187731426591
51,61,1,11,other,1.0,9.120259744997538e-06,109229,0.996196851686336
50,200,1,151,other,1.0,9.120259744997538e-06,109230,0.9962059719460811
280,290,1,11,other,1.0,9.120259744997538e-06,109231,0.996215092205826
278,282,1,5,other,1.0,9.120259744997538e-06,109232,0.996224212465571
277,282,1,6,other,1.0,9.120259744997538e-06,109233,0.996233332725316
276,400,1,125,other,0.6,9.120259744997538e-06,109234,0.996242452985061
276,350,1,75,other,1.0,9.120259744997538e-06,109235,0.9962515732448061
276,284,1,9,other,1.0,9.120259744997538e-06,109236,0.996260693504551
276,283,1,8,other,1.0,9.120259744997538e-06,109237,0.996269813764296
276,277,1,2,other,1.0,9.120259744997538e-06,109238,0.996278934024041
50,69,1,20,other,1.0,9.120259744997538e-06,109239,0.996288054283786
50,64,1,15,other,1.0,9.120259744997538e-06,109240,0.996297174543531
50,59,1,10,other,1.0,9.120259744997538e-06,109241,0.996306294803276
50,56,1,7,other,1.0,9.120259744997538e-06,109242,0.996315415063021
50,51,1,2,other,1.0,9.120259744997538e-06,109243,0.996324535322766
49,65,1,17,other,1.0,9.120259744997538e-06,109244,0.996333655582511
49,54,1,6,other,1.0,9.120259744997538e-06,109245,0.996342775842256
49,51,1,3,other,1.0,9.120259744997538e-06,109246,0.996351896102001
47,69,1,23,other,1.0,9.120259744997538e-06,109247,0.996361016361746
47,56,1,10,other,1.0,9.120259744997538e-06,109248,0.996370136621491
47,50,1,4,other,1.0,9.120259744997538e-06,109249,0.996379256881236
46,400,1,355,other,0.8592,9.120259744997538e-06,109250,0.9963883771409809
46,60,1,15,other,1.0,9.120259744997538e-06,109251,0.9963974974007259
46,59,1,14,other,1.0,9.120259744997538e-06,109252,0.996406617660471
283,312,1,30,other,1.0,9.120259744997538e-06,109253,0.996415737920216
283,305,1,23,reign:Tetrarchic,1.0,9.120259744997538e-06,109254,0.996424858179961
283,293,1,11,other,1.0,9.120259744997538e-06,109255,0.9964339784397059
282,305,1,24,other,1.0,9.120259744997538e-06,109256,0.9964430986994509
282,293,1,12,other,1.0,9.120259744997538e-06,109257,0.996452218959196
282,284,1,3,other,1.0,9.120259744997538e-06,109258,0.996461339218941
281,380,1,100,other,0.7,9.120259744997538e-06,109259,0.996470459478686
281,367,1,87,other,0.8046,9.120259744997538e-06,109260,0.9964795797384309
281,320,1,40,other,1.0,9.120259744997538e-06,109261,0.9964886999981759
281,300,1,20,other,1.0,9.120259744997538e-06,109262,0.996497820257921
20,120,1,101,other,1.0,9.120259744997538e-06,109263,0.996506940517666
20,79,1,60,other,1.0,9.120259744997538e-06,109264,0.996516060777411
20,41,1,22,other,1.0,9.120259744997538e-06,109265,0.9965251810371559
285,287,1,3,other,1.0,9.120259744997538e-06,109266,0.9965343012969009
284,430,1,147,other,0.4558,9.120259744997538e-06,109267,0.9965434215566459
284,400,1,117,other,0.5726,9.120259744997538e-06,109268,0.996552541816391
284,375,1,92,other,0.7283,9.120259744997538e-06,109269,0.996561662076136
284,350,1,67,other,1.0,9.120259744997538e-06,109270,0.9965707823358809
284,337,1,54,other,1.0,9.120259744997538e-06,109271,0.9965799025956259
284,324,1,41,other,1.0,9.120259744997538e-06,109272,0.9965890228553709
284,310,1,27,other,1.0,9.120259744997538e-06,109273,0.996598143115116
284,288,1,5,other,1.0,9.120259744997538e-06,109274,0.9966072633748609
284,285,1,2,other,1.0,9.120259744997538e-06,109275,0.9966163836346059
283,340,1,58,other,1.0,9.120259744997538e-06,109276,0.9966255038943509
48,51,1,4,other,1.0,9.120259744997538e-06,109277,0.9966346241540959
48,50,1,3,other,1.0,9.120259744997538e-06,109278,0.996643744413841
286,287,1,2,other,1.0,9.120259744997538e-06,109279,0.9966528646735859
285,324,1,40,other,1.0,9.120259744997538e-06,109280,0.9966619849333309
-75,-41,1,35,other,0.2857,9.120259744997538e-06,109281,0.9966711051930759
-78,-21,1,58,other,0.5172,9.120259744997538e-06,109282,0.9966802254528209
-78,-27,1,52,other,0.4615,9.120259744997538e-06,109283,0.9966893457125658
-78,-31,1,48,other,0.4167,9.120259744997538e-06,109284,0.9966984659723109
-79,-41,1,39,other,0.2564,9.120259744997538e-06,109285,0.9967075862320559
-80,50,1,131,bc_ad_boundary,0.771,9.120259744997538e-06,109286,0.9967167064918009
-80,20,1,101,bc_ad_boundary,0.703,9.120259744997538e-06,109287,0.9967258267515459
-80,14,1,95,bc_ad_boundary,0.6842,9.120259744997538e-06,109288,0.9967349470112908
-80,-26,1,55,other,0.4545,9.120259744997538e-06,109289,0.9967440672710359
46,50,1,5,other,1.0,9.120259744997538e-06,109290,0.9967531875307809
46,47,1,2,other,1.0,9.120259744997538e-06,109291,0.9967623077905259
21,68,1,48,other,1.0,9.120259744997538e-06,109292,0.9967714280502709
21,67,1,47,other,1.0,9.120259744997538e-06,109293,0.9967805483100158
21,30,1,10,other,1.0,9.120259744997538e-06,109294,0.9967896685697608
45,63,1,19,other,1.0,9.120259744997538e-06,109295,0.9967987888295059
45,61,1,17,other,1.0,9.120259744997538e-06,109296,0.9968079090892509
45,54,1,10,other,1.0,9.120259744997538e-06,109297,0.9968170293489959
44,130,1,87,other,1.0,9.120259744997538e-06,109298,0.9968261496087408
44,86,1,43,other,1.0,9.120259744997538e-06,109299,0.9968352698684858
44,80,1,37,other,1.0,9.120259744997538e-06,109300,0.9968443901282309
44,70,1,27,other,1.0,9.120259744997538e-06,109301,0.9968535103879759
44,69,1,26,other,1.0,9.120259744997538e-06,109302,0.9968626306477208
290,292,1,3,other,1.0,9.120259744997538e-06,109303,0.9968717509074658
288,300,1,13,other,1.0,9.120259744997538e-06,109304,0.9968808711672108
288,293,1,6,other,1.0,9.120259744997538e-06,109305,0.9968899914269559
287,310,1,24,other,1.0,9.120259744997538e-06,109306,0.9968991116867009
287,293,1,7,other,1.0,9.120259744997538e-06,109307,0.9969082319464458
287,290,1,4,other,1.0,9.120259744997538e-06,109308,0.9969173522061908
286,312,1,27,other,1.0,9.120259744997538e-06,109309,0.9969264724659358
286,311,1,26,other,1.0,9.120259744997538e-06,109310,0.9969355927256808
293,304,1,12,other,1.0,9.120259744997538e-06,109311,0.9969447129854259
293,303,1,11,other,1.0,9.120259744997538e-06,109312,0.9969538332451708
293,297,1,5,other,1.0,9.120259744997538e-06,109313,0.9969629535049158
293,294,1,2,other,1.0,9.120259744997538e-06,109314,0.9969720737646608
292,292,1,1,year_precise,1.0,9.120259744997538e-06,109315,0.9969811940244058
291,350,1,60,other,1.0,9.120259744997538e-06,109316,0.9969903142841509
291,330,1,40,other,1.0,9.120259744997538e-06,109317,0.9969994345438958
290,430,1,141,other,0.4326,9.120259744997538e-06,109318,0.9970085548036408
290,400,1,111,other,0.5495,9.120259744997538e-06,109319,0.9970176750633858
290,395,1,106,other,0.5755,9.120259744997538e-06,109320,0.9970267953231308
290,300,1,11,other,1.0,9.120259744997538e-06,109321,0.9970359155828759
20,37,1,18,other,1.0,9.120259744997538e-06,109322,0.9970450358426208
45,90,1,46,other,1.0,9.120259744997538e-06,109323,0.9970541561023658
45,85,1,41,other,1.0,9.120259744997538e-06,109324,0.9970632763621108
45,80,1,36,other,1.0,9.120259744997538e-06,109325,0.9970723966218558
45,65,1,21,other,1.0,9.120259744997538e-06,109326,0.9970815168816007
44,54,1,11,other,1.0,9.120259744997538e-06,109327,0.9970906371413458
44,50,1,7,other,1.0,9.120259744997538e-06,109328,0.9970997574010908
43,400,1,358,other,0.8603,9.120259744997538e-06,109329,0.9971088776608358
43,330,1,288,other,1.0,9.120259744997538e-06,109330,0.9971179979205808
43,250,1,208,other,1.0,9.120259744997538e-06,109331,0.9971271181803257
43,150,1,108,other,1.0,9.120259744997538e-06,109332,0.9971362384400708
43,60,1,18,other,1.0,9.120259744997538e-06,109333,0.9971453586998158
43,50,1,8,other,1.0,9.120259744997538e-06,109334,0.9971544789595608
43,49,1,7,other,1.0,9.120259744997538e-06,109335,0.9971635992193058
43,48,1,6,other,1.0,9.120259744997538e-06,109336,0.9971727194790507
293,364,1,72,other,0.8056,9.120259744997538e-06,109337,0.9971818397387957
293,352,1,60,other,0.9667,9.120259744997538e-06,109338,0.9971909599985408
293,350,1,58,other,1.0,9.120259744997538e-06,109339,0.9972000802582858
293,330,1,38,other,1.0,9.120259744997538e-06,109340,0.9972092005180307
293,324,1,32,other,1.0,9.120259744997538e-06,109341,0.9972183207777757
293,310,1,18,other,1.0,9.120259744997538e-06,109342,0.9972274410375207
42,56,1,15,other,1.0,9.120259744997538e-06,109343,0.9972365612972658
42,50,1,9,other,1.0,9.120259744997538e-06,109344,0.9972456815570108
41,370,1,330,other,0.9394,9.120259744997538e-06,109345,0.9972548018167557
41,250,1,210,other,1.0,9.120259744997538e-06,109346,0.9972639220765007
296,312,1,17,other,1.0,9.120259744997538e-06,109347,0.9972730423362457
296,307,1,12,other,1.0,9.120259744997538e-06,109348,0.9972821625959908
296,300,1,5,other,1.0,9.120259744997538e-06,109349,0.9972912828557358
296,298,1,3,other,1.0,9.120259744997538e-06,109350,0.9973004031154807
295,350,1,56,other,1.0,9.120259744997538e-06,109351,0.9973095233752257
295,324,1,30,other,1.0,9.120259744997538e-06,109352,0.9973186436349707
295,313,1,19,other,1.0,9.120259744997538e-06,109353,0.9973277638947157
295,305,1,11,other,1.0,9.120259744997538e-06,109354,0.9973368841544608
294,318,1,25,other,1.0,9.120259744997538e-06,109355,0.9973460044142057
294,302,1,9,other,1.0,9.120259744997538e-06,109356,0.9973551246739507
293,400,1,108,other,0.537,9.120259744997538e-06,109357,0.9973642449336957
44,59,1,16,other,1.0,9.120259744997538e-06,109358,0.9973733651934407
301,343,1,43,other,1.0,9.120259744997538e-06,109359,0.9973824854531858
301,324,1,24,other,1.0,9.120259744997538e-06,109360,0.9973916057129307
301,310,1,10,other,1.0,9.120259744997538e-06,109361,0.9974007259726757
300,350,1,51,other,1.0,9.120259744997538e-06,109362,0.9974098462324207
300,302,1,3,other,1.0,9.120259744997538e-06,109363,0.9974189664921657
299,300,1,2,other,1.0,9.120259744997538e-06,109364,0.9974280867519107
298,350,1,53,other,1.0,9.120259744997538e-06,109365,0.9974372070116557
298,340,1,43,other,1.0,9.120259744997538e-06,109366,0.9974463272714007
297,400,1,104,other,0.5192,9.120259744997538e-06,109367,0.9974554475311457
297,337,1,41,other,1.0,9.120259744997538e-06,109368,0.9974645677908907
296,326,1,31,other,1.0,9.120259744997538e-06,109369,0.9974736880506356
296,313,1,18,other,1.0,9.120259744997538e-06,109370,0.9974828083103807
43,46,1,4,other,1.0,9.120259744997538e-06,109371,0.9974919285701257
42,130,1,89,other,1.0,9.120259744997538e-06,109372,0.9975010488298707
42,79,1,38,other,1.0,9.120259744997538e-06,109373,0.9975101690896157
42,60,1,19,other,1.0,9.120259744997538e-06,109374,0.9975192893493606
23,31,1,9,other,1.0,9.120259744997538e-06,109375,0.9975284096091057
23,26,1,4,other,1.0,9.120259744997538e-06,109376,0.9975375298688507
23,25,1,3,other,1.0,9.120259744997538e-06,109377,0.9975466501285957
22,25,1,4,other,1.0,9.120259744997538e-06,109378,0.9975557703883406
21,300,1,280,other,1.0,9.120259744997538e-06,109379,0.9975648906480856
21,270,1,250,other,1.0,9.120259744997538e-06,109380,0.9975740109078307
21,100,1,80,other,1.0,9.120259744997538e-06,109381,0.9975831311675757
-89,-44,1,46,other,0.1522,9.120259744997538e-06,109382,0.9975922514273207
-90,25,1,116,bc_ad_boundary,0.6552,9.120259744997538e-06,109383,0.9976013716870656
301,800,1,500,multi_century,0.1,9.120259744997538e-06,109384,0.9976104919468106
301,511,1,211,other,0.237,9.120259744997538e-06,109385,0.9976196122065556
301,499,1,199,other,0.2513,9.120259744997538e-06,109386,0.9976287324663007
301,425,1,125,other,0.4,9.120259744997538e-06,109387,0.9976378527260457
301,401,1,101,other,0.495,9.120259744997538e-06,109388,0.9976469729857906
301,380,1,80,other,0.625,9.120259744997538e-06,109389,0.9976560932455356
301,375,1,75,other,0.6667,9.120259744997538e-06,109390,0.9976652135052806
303,320,1,18,other,1.0,9.120259744997538e-06,109391,0.9976743337650257
303,305,1,3,other,1.0,9.120259744997538e-06,109392,0.9976834540247707
302,316,1,15,other,1.0,9.120259744997538e-06,109393,0.9976925742845156
-80,-30,1,51,other,0.4118,9.120259744997538e-06,109394,0.9977016945442606
-82,14,1,97,bc_ad_boundary,0.6701,9.120259744997538e-06,109395,0.9977108148040056
-85,-44,1,42,other,0.1667,9.120259744997538e-06,109396,0.9977199350637506
-88,50,1,139,bc_ad_boundary,0.7266,9.120259744997538e-06,109397,0.9977290553234957
-89,-1,1,89,other,0.5618,9.120259744997538e-06,109398,0.9977381755832406
41,130,1,90,other,1.0,9.120259744997538e-06,109399,0.9977472958429856
41,117,1,77,other,1.0,9.120259744997538e-06,109400,0.9977564161027306
41,76,1,36,other,1.0,9.120259744997538e-06,109401,0.9977655363624756
41,74,1,34,other,1.0,9.120259744997538e-06,109402,0.9977746566222206
41,65,1,25,other,1.0,9.120259744997538e-06,109403,0.9977837768819656
41,45,1,5,other,1.0,9.120259744997538e-06,109404,0.9977928971417106
41,42,1,2,other,1.0,9.120259744997538e-06,109405,0.9978020174014556
23,239,1,217,other,1.0,9.120259744997538e-06,109406,0.9978111376612006
40,85,1,46,other,1.0,9.120259744997538e-06,109407,0.9978202579209456
40,69,1,30,other,1.0,9.120259744997538e-06,109408,0.9978293781806906
40,61,1,22,other,1.0,9.120259744997538e-06,109409,0.9978384984404356
40,56,1,17,other,1.0,9.120259744997538e-06,109410,0.9978476187001806
40,50,1,11,other,1.0,9.120259744997538e-06,109411,0.9978567389599255
40,48,1,9,other,1.0,9.120259744997538e-06,109412,0.9978658592196705
40,44,1,5,other,1.0,9.120259744997538e-06,109413,0.9978749794794156
306,313,1,8,other,1.0,9.120259744997538e-06,109414,0.9978840997391606
306,311,1,6,other,1.0,9.120259744997538e-06,109415,0.9978932199989056
305,363,1,59,other,0.7797,9.120259744997538e-06,109416,0.9979023402586505
305,361,1,57,other,0.807,9.120259744997538e-06,109417,0.9979114605183955
305,352,1,48,other,0.9583,9.120259744997538e-06,109418,0.9979205807781406
305,350,1,46,other,1.0,9.120259744997538e-06,109419,0.9979297010378856
305,337,1,33,reign:Constantinian,1.0,9.120259744997538e-06,109420,0.9979388212976306
305,316,1,12,other,1.0,9.120259744997538e-06,109421,0.9979479415573755
304,304,1,1,year_precise,1.0,9.120259744997538e-06,109422,0.9979570618171205
-100,20,1,121,bc_ad_boundary,0.5868,9.120259744997538e-06,109423,0.9979661820768656
308,310,1,3,other,1.0,9.120259744997538e-06,109424,0.9979753023366106
307,392,1,86,other,0.5116,9.120259744997538e-06,109425,0.9979844225963556
307,388,1,82,other,0.5366,9.120259744997538e-06,109426,0.9979935428561005
307,329,1,23,other,1.0,9.120259744997538e-06,109427,0.9980026631158455
307,323,1,17,other,1.0,9.120259744997538e-06,109428,0.9980117833755905
307,307,1,1,year_precise,1.0,9.120259744997538e-06,109429,0.9980209036353356
306,400,1,95,other,0.4737,9.120259744997538e-06,109430,0.9980300238950806
306,383,1,78,other,0.5769,9.120259744997538e-06,109431,0.9980391441548255
306,375,1,70,other,0.6429,9.120259744997538e-06,109432,0.9980482644145705
306,367,1,62,other,0.7258,9.120259744997538e-06,109433,0.9980573846743155
306,363,1,58,other,0.7759,9.120259744997538e-06,109434,0.9980665049340606
306,361,1,56,other,0.8036,9.120259744997538e-06,109435,0.9980756251938055
306,340,1,35,other,1.0,9.120259744997538e-06,109436,0.9980847454535505
40,250,1,211,other,1.0,9.120259744997538e-06,109437,0.9980938657132955
40,200,1,161,other,1.0,9.120259744997538e-06,109438,0.9981029859730405
25,50,1,26,other,1.0,9.120259744997538e-06,109439,0.9981121062327855
25,37,1,13,other,1.0,9.120259744997538e-06,109440,0.9981212264925305
25,33,1,9,other,1.0,9.120259744997538e-06,109441,0.9981303467522755
25,31,1,7,other,1.0,9.120259744997538e-06,109442,0.9981394670120205
25,27,1,3,other,1.0,9.120259744997538e-06,109443,0.9981485872717655
24,30,1,7,other,1.0,9.120259744997538e-06,109444,0.9981577075315105
24,26,1,3,other,1.0,9.120259744997538e-06,109445,0.9981668277912555
308,313,1,6,other,1.0,9.120259744997538e-06,109446,0.9981759480510005
308,311,1,4,other,1.0,9.120259744997538e-06,109447,0.9981850683107455
-90,14,1,105,bc_ad_boundary,0.619,9.120259744997538e-06,109448,0.9981941885704905
-90,-42,1,49,other,0.1837,9.120259744997538e-06,109449,0.9982033088302354
-90,-44,1,47,other,0.1489,9.120259744997538e-06,109450,0.9982124290899805
-99,-44,1,56,other,0.125,9.120259744997538e-06,109451,0.9982215493497255
-100,79,1,180,bc_ad_boundary,0.7222,9.120259744997538e-06,109452,0.9982306696094705
-100,27,1,128,bc_ad_boundary,0.6094,9.120259744997538e-06,109453,0.9982397898692155
-100,25,1,126,bc_ad_boundary,0.6032,9.120259744997538e-06,109454,0.9982489101289604
39,60,1,22,other,1.0,9.120259744997538e-06,109455,0.9982580303887054
39,59,1,21,other,1.0,9.120259744997538e-06,109456,0.9982671506484505
39,58,1,20,other,1.0,9.120259744997538e-06,109457,0.9982762709081955
39,54,1,16,other,1.0,9.120259744997538e-06,109458,0.9982853911679405
39,51,1,13,other,1.0,9.120259744997538e-06,109459,0.9982945114276854
39,47,1,9,other,1.0,9.120259744997538e-06,109460,0.9983036316874304
310,323,1,14,other,1.0,9.120259744997538e-06,109461,0.9983127519471755
310,320,1,11,other,1.0,9.120259744997538e-06,109462,0.9983218722069205
310,310,1,1,year_precise,1.0,9.120259744997538e-06,109463,0.9983309924666655
309,318,1,10,other,1.0,9.120259744997538e-06,109464,0.9983401127264104
309,311,1,3,other,1.0,9.120259744997538e-06,109465,0.9983492329861554
308,326,1,19,other,1.0,9.120259744997538e-06,109466,0.9983583532459005
40,43,1,4,other,1.0,9.120259744997538e-06,109467,0.9983674735056455
40,42,1,3,other,1.0,9.120259744997538e-06,109468,0.9983765937653905
39,230,1,192,other,1.0,9.120259744997538e-06,109469,0.9983857140251354
25,54,1,30,other,1.0,9.120259744997538e-06,109470,0.9983948342848804
313,367,1,55,other,0.6909,9.120259744997538e-06,109471,0.9984039545446254
313,337,1,25,other,1.0,9.120259744997538e-06,109472,0.9984130748043705
312,450,1,139,other,0.2806,9.120259744997538e-06,109473,0.9984221950641154
312,363,1,52,other,0.75,9.120259744997538e-06,109474,0.9984313153238604
312,361,1,50,other,0.78,9.120259744997538e-06,109475,0.9984404355836054
312,352,1,41,other,0.9512,9.120259744997538e-06,109476,0.9984495558433504
312,340,1,29,other,1.0,9.120259744997538e-06,109477,0.9984586761030955
312,317,1,6,other,1.0,9.120259744997538e-06,109478,0.9984677963628404
312,316,1,5,other,1.0,9.120259744997538e-06,109479,0.9984769166225854
311,313,1,3,other,1.0,9.120259744997538e-06,109480,0.9984860368823304
310,400,1,91,other,0.4505,9.120259744997538e-06,109481,0.9984951571420754
24,25,1,2,other,1.0,9.120259744997538e-06,109482,0.9985042774018204
39,200,1,162,other,1.0,9.120259744997538e-06,109483,0.9985133976615654
39,80,1,42,other,1.0,9.120259744997538e-06,109484,0.9985225179213104
39,71,1,33,other,1.0,9.120259744997538e-06,109485,0.9985316381810554
39,69,1,31,other,1.0,9.120259744997538e-06,109486,0.9985407584408004
39,44,1,6,other,1.0,9.120259744997538e-06,109487,0.9985498787005453
39,42,1,4,other,1.0,9.120259744997538e-06,109488,0.9985589989602904
39,40,1,2,other,1.0,9.120259744997538e-06,109489,0.9985681192200354
38,100,1,63,other,1.0,9.120259744997538e-06,109490,0.9985772394797804
38,56,1,19,other,1.0,9.120259744997538e-06,109491,0.9985863597395254
37,100,1,64,other,1.0,9.120259744997538e-06,109492,0.9985954799992703
37,96,1,60,other,1.0,9.120259744997538e-06,109493,0.9986046002590154
37,71,1,35,other,1.0,9.120259744997538e-06,109494,0.9986137205187604
37,70,1,34,other,1.0,9.120259744997538e-06,109495,0.9986228407785054
315,319,1,5,other,1.0,9.120259744997538e-06,109496,0.9986319610382504
315,317,1,3,other,1.0,9.120259744997538e-06,109497,0.9986410812979953
315,316,1,2,other,1.0,9.120259744997538e-06,109498,0.9986502015577403
314,320,1,7,other,1.0,9.120259744997538e-06,109499,0.9986593218174854
314,319,1,6,other,1.0,9.120259744997538e-06,109500,0.9986684420772304
314,316,1,3,other,1.0,9.120259744997538e-06,109501,0.9986775623369754
313,450,1,138,other,0.2754,9.120259744997538e-06,109502,0.9986866825967203
36,41,1,6,reign:Caligulan,1.0,9.120259744997538e-06,109503,0.9986958028564653
35,70,1,36,other,1.0,9.120259744997538e-06,109504,0.9987049231162104
35,66,1,32,other,1.0,9.120259744997538e-06,109505,0.9987140433759554
35,65,1,31,other,1.0,9.120259744997538e-06,109506,0.9987231636357004
35,40,1,6,other,1.0,9.120259744997538e-06,109507,0.9987322838954453
34,62,1,29,other,1.0,9.120259744997538e-06,109508,0.9987414041551903
317,336,1,20,other,1.0,9.120259744997538e-06,109509,0.9987505244149354
317,318,1,2,other,1.0,9.120259744997538e-06,109510,0.9987596446746804
316,425,1,110,other,0.3182,9.120259744997538e-06,109511,0.9987687649344253
316,363,1,48,other,0.7292,9.120259744997538e-06,109512,0.9987778851941703
316,350,1,35,other,1.0,9.120259744997538e-06,109513,0.9987870054539153
316,317,1,2,other,1.0,9.120259744997538e-06,109514,0.9987961257136603
315,400,1,86,other,0.4186,9.120259744997538e-06,109515,0.9988052459734054
315,331,1,17,other,1.0,9.120259744997538e-06,109516,0.9988143662331503
315,320,1,6,other,1.0,9.120259744997538e-06,109517,0.9988234864928953
39,46,1,8,other,1.0,9.120259744997538e-06,109518,0.9988326067526403
-130,202,1,333,bc_ad_boundary,0.7598,9.120259744997538e-06,109519,0.9988417270123853
323,326,1,4,other,1.0,9.120259744997538e-06,109520,0.9988508472721304
321,400,1,80,other,0.375,9.120259744997538e-06,109521,0.9988599675318753
321,330,1,10,other,1.0,9.120259744997538e-06,109522,0.9988690877916203
321,323,1,3,other,1.0,9.120259744997538e-06,109523,0.9988782080513653
321,321,1,1,year_precise,1.0,9.120259744997538e-06,109524,0.9988873283111103
320,337,1,18,other,1.0,9.120259744997538e-06,109525,0.9988964485708552
320,331,1,12,other,1.0,9.120259744997538e-06,109526,0.9989055688306003
320,330,1,11,other,1.0,9.120259744997538e-06,109527,0.9989146890903453
318,331,1,14,other,1.0,9.120259744997538e-06,109528,0.9989238093500903
317,388,1,72,other,0.4722,9.120259744997538e-06,109529,0.9989329296098353
317,363,1,47,other,0.7234,9.120259744997538e-06,109530,0.9989420498695802
317,340,1,24,other,1.0,9.120259744997538e-06,109531,0.9989511701293253
37,63,1,27,other,1.0,9.120259744997538e-06,109532,0.9989602903890703
37,50,1,14,other,1.0,9.120259744997538e-06,109533,0.9989694106488153
36,105,1,70,other,1.0,9.120259744997538e-06,109534,0.9989785309085603
34,40,1,7,other,1.0,9.120259744997538e-06,109535,0.9989876511683052
34,38,1,5,other,1.0,9.120259744997538e-06,109536,0.9989967714280503
33,50,1,18,other,1.0,9.120259744997538e-06,109537,0.9990058916877953
33,40,1,8,other,1.0,9.120259744997538e-06,109538,0.9990150119475403
32,34,1,3,other,1.0,9.120259744997538e-06,109539,0.9990241322072853
31,700,1,670,other,0.4776,9.120259744997538e-06,109540,0.9990332524670302
31,500,1,470,other,0.6809,9.120259744997538e-06,109541,0.9990423727267752
31,400,1,370,other,0.8649,9.120259744997538e-06,109542,0.9990514929865203
31,260,1,230,other,1.0,9.120259744997538e-06,109543,0.9990606132462653
323,337,1,15,other,1.0,9.120259744997538e-06,109544,0.9990697335060102
323,330,1,8,other,1.0,9.120259744997538e-06,109545,0.9990788537657552
-100,-14,1,87,other,0.4253,9.120259744997538e-06,109546,0.9990879740255002
-100,-21,1,80,other,0.375,9.120259744997538e-06,109547,0.9990970942852453
-105,20,1,126,bc_ad_boundary,0.5635,9.120259744997538e-06,109548,0.9991062145449903
-110,-1,1,110,other,0.4545,9.120259744997538e-06,109549,0.9991153348047352
-125,-1,1,125,other,0.4,9.120259744997538e-06,109550,0.9991244550644802
26,125,1,100,other,1.0,9.120259744997538e-06,109551,0.9991335753242252
26,110,1,85,other,1.0,9.120259744997538e-06,109552,0.9991426955839703
31,120,1,90,other,1.0,9.120259744997538e-06,109553,0.9991518158437153
31,90,1,60,other,1.0,9.120259744997538e-06,109554,0.9991609361034602
326,328,1,3,other,1.0,9.120259744997538e-06,109555,0.9991700563632052
325,333,1,9,other,1.0,9.120259744997538e-06,109556,0.9991791766229502
325,326,1,2,other,1.0,9.120259744997538e-06,109557,0.9991882968826952
324,400,1,77,other,0.3506,9.120259744997538e-06,109558,0.9991974171424403
324,388,1,65,other,0.4154,9.120259744997538e-06,109559,0.9992065374021852
324,370,1,47,other,0.5745,9.120259744997538e-06,109560,0.9992156576619302
324,364,1,41,other,0.6585,9.120259744997538e-06,109561,0.9992247779216752
324,335,1,12,other,1.0,9.120259744997538e-06,109562,0.9992338981814202
324,333,1,10,other,1.0,9.120259744997538e-06,109563,0.9992430184411653
324,330,1,7,other,1.0,9.120259744997538e-06,109564,0.9992521387009102
324,327,1,4,other,1.0,9.120259744997538e-06,109565,0.9992612589606552
34,60,1,27,other,1.0,9.120259744997538e-06,109566,0.9992703792204002
31,43,1,13,other,1.0,9.120259744997538e-06,109567,0.9992794994801452
30,600,1,571,other,0.5622,9.120259744997538e-06,109568,0.9992886197398901
30,150,1,121,other,1.0,9.120259744997538e-06,109569,0.9992977399996352
30,130,1,101,other,1.0,9.120259744997538e-06,109570,0.9993068602593802
329,337,1,9,other,1.0,9.120259744997538e-06,109571,0.9993159805191252
328,400,1,73,other,0.3151,9.120259744997538e-06,109572,0.9993251007788702
328,330,1,3,other,1.0,9.120259744997538e-06,109573,0.9993342210386151
327,575,1,249,other,0.0964,9.120259744997538e-06,109574,0.9993433412983602
327,401,1,75,other,0.32,9.120259744997538e-06,109575,0.9993524615581052
327,337,1,11,other,1.0,9.120259744997538e-06,109576,0.9993615818178502
326,331,1,6,other,1.0,9.120259744997538e-06,109577,0.9993707020775952
27,54,1,28,other,1.0,9.120259744997538e-06,109578,0.9993798223373401
27,41,1,15,other,1.0,9.120259744997538e-06,109579,0.9993889425970852
27,40,1,14,other,1.0,9.120259744997538e-06,109580,0.9993980628568302
27,37,1,11,other,1.0,9.120259744997538e-06,109581,0.9994071831165752
26,150,1,125,other,1.0,9.120259744997538e-06,109582,0.9994163033763201
335,352,1,18,other,0.8889,9.120259744997538e-06,109583,0.9994254236360651
333,340,1,8,other,1.0,9.120259744997538e-06,109584,0.9994345438958101
333,334,1,2,other,1.0,9.120259744997538e-06,109585,0.9994436641555552
331,730,1,400,other,0.05,9.120259744997538e-06,109586,0.9994527844153002
331,570,1,240,other,0.0833,9.120259744997538e-06,109587,0.9994619046750451
331,395,1,65,other,0.3077,9.120259744997538e-06,109588,0.9994710249347901
331,378,1,48,other,0.4167,9.120259744997538e-06,109589,0.9994801451945351
331,375,1,45,other,0.4444,9.120259744997538e-06,109590,0.9994892654542802
330,500,1,171,other,0.1228,9.120259744997538e-06,109591,0.9994983857140252
31,85,1,55,other,1.0,9.120259744997538e-06,109592,0.9995075059737701
31,75,1,45,other,1.0,9.120259744997538e-06,109593,0.9995166262335151
31,69,1,39,other,1.0,9.120259744997538e-06,109594,0.9995257464932601
31,65,1,35,other,1.0,9.120259744997538e-06,109595,0.9995348667530052
31,64,1,34,other,1.0,9.120259744997538e-06,109596,0.9995439870127502
31,61,1,31,other,1.0,9.120259744997538e-06,109597,0.9995531072724951
31,45,1,15,other,1.0,9.120259744997538e-06,109598,0.9995622275322401
30,96,1,67,other,1.0,9.120259744997538e-06,109599,0.9995713477919851
30,78,1,49,other,1.0,9.120259744997538e-06,109600,0.9995804680517301
30,71,1,42,other,1.0,9.120259744997538e-06,109601,0.9995895883114752
30,54,1,25,other,1.0,9.120259744997538e-06,109602,0.9995987085712201
30,52,1,23,other,1.0,9.120259744997538e-06,109603,0.9996078288309651
30,50,1,21,other,1.0,9.120259744997538e-06,109604,0.9996169490907101
30,46,1,17,other,1.0,9.120259744997538e-06,109605,0.9996260693504551
29,100,1,72,other,1.0,9.120259744997538e-06,109606,0.9996351896102001
29,42,1,14,other,1.0,9.120259744997538e-06,109607,0.9996443098699451
29,41,1,13,other,1.0,9.120259744997538e-06,109608,0.9996534301296901
337,388,1,52,other,0.2692,9.120259744997538e-06,109609,0.9996625503894351
337,378,1,42,other,0.3333,9.120259744997538e-06,109610,0.99967167064918
337,352,1,16,other,0.875,9.120259744997538e-06,109611,0.999680790908925
337,348,1,12,other,1.0,9.120259744997538e-06,109612,0.9996899111686701
337,345,1,9,other,1.0,9.120259744997538e-06,109613,0.9996990314284151
337,338,1,2,other,1.0,9.120259744997538e-06,109614,0.9997081516881601
350,363,1,14,other,0.0714,9.120259744997538e-06,109615,0.999717271947905
-200,-27,1,174,other,0.1379,9.120259744997538e-06,109616,0.99972639220765
-201,230,1,432,bc_ad_boundary,0.6505,9.120259744997538e-06,109617,0.9997355124673951
-201,50,1,252,bc_ad_boundary,0.4008,9.120259744997538e-06,109618,0.9997446327271401
-250,-1,1,250,other,0.2,9.120259744997538e-06,109619,0.9997537529868851
-250,-31,1,220,other,0.0909,9.120259744997538e-06,109620,0.99976287324663
-260,241,1,502,bc_ad_boundary,0.5817,9.120259744997538e-06,109621,0.999771993506375
-264,100,1,365,bc_ad_boundary,0.4137,9.120259744997538e-06,109622,0.9997811137661201
-268,-1,1,268,other,0.1866,9.120259744997538e-06,109623,0.9997902340258651
-300,201,1,502,bc_ad_boundary,0.502,9.120259744997538e-06,109624,0.9997993542856101
-430,371,1,802,bc_ad_boundary,0.5,9.120259744997538e-06,109625,0.999808474545355
28,43,1,16,other,1.0,9.120259744997538e-06,109626,0.9998175948051
28,41,1,14,other,1.0,9.120259744997538e-06,109627,0.999826715064845
350,360,1,11,other,0.0909,9.120259744997538e-06,109628,0.9998358353245901
350,351,1,2,other,0.5,9.120259744997538e-06,109629,0.9998449555843351
349,388,1,40,other,0.05,9.120259744997538e-06,109630,0.99985407584408
131,179,1,49,other,1.0,9.120259744997538e-06,109631,0.999863196103825
131,176,1,46,other,1.0,9.120259744997538e-06,109632,0.99987231636357
131,166,1,36,other,1.0,9.120259744997538e-06,109633,0.9998814366233151
341,395,1,55,other,0.1818,9.120259744997538e-06,109634,0.99989055688306
341,360,1,20,other,0.5,9.120259744997538e-06,109635,0.999899677142805
-130,200,1,331,bc_ad_boundary,0.7583,9.120259744997538e-06,109636,0.99990879740255
-130,-27,1,104,other,0.2308,9.120259744997538e-06,109637,0.999917917662295
-133,27,1,161,bc_ad_boundary,0.4845,9.120259744997538e-06,109638,0.9999270379220401
-133,-27,1,107,other,0.2243,9.120259744997538e-06,109639,0.999936158181785
-133,-31,1,103,other,0.1942,9.120259744997538e-06,109640,0.99994527844153
-140,20,1,161,bc_ad_boundary,0.441,9.120259744997538e-06,109641,0.999954398701275
-171,230,1,402,bc_ad_boundary,0.699,9.120259744997538e-06,109642,0.99996351896102
-180,-1,1,180,other,0.2778,9.120259744997538e-06,109643,0.999972639220765
-370,201,1,572,bc_ad_boundary,0.4406,9.120259744997538e-06,109644,0.99998175948051
350,370,1,21,other,0.0476,9.120259744997538e-06,109645,0.999990879740255
350,367,1,18,other,0.0556,9.120259744997538e-06,109646,1.0
