nb,na,n,width,category,env_overlap_frac,share_corpus,cum_n,cum_share_corpus
301,500,15926,200,multi_century,0.25,0.08817943734808342,15926,0.08817943734808342
101,200,13303,100,century,1.0,0.07365635156609028,29229,0.16183578891417372
301,400,10847,100,century,0.5,0.06005791516480353,40076,0.22189370407897724
1,100,10807,100,century,1.0,0.05983644225924511,50883,0.28173014633822235
1,50,6572,50,half_century,1.0,0.03638799838324779,57455,0.31811814472147015
201,300,6559,100,century,1.0,0.036316019688941305,64014,0.3544341644104114
101,300,5919,200,multi_century,1.0,0.03277245320000664,69933,0.3872066176104181
1,300,4856,300,multi_century,1.0,0.02688681073479173,74789,0.4140934283452098
1,200,4611,200,multi_century,1.0,0.025530289188246433,79400,0.43962371753345625
151,300,3534,150,multi_century,1.0,0.019567131206086077,82934,0.4591908487395423
1,79,3202,79,other,1.0,0.01772890608995122,86136,0.47691975482949356
151,250,2782,100,other,1.0,0.01540344058158785,88918,0.4923231954110814
71,130,2220,60,other,1.0,0.012291746258492102,91138,0.5046149416695735
51,100,2200,50,half_century,1.0,0.012181009805712894,93338,0.5167959514752863
171,230,2096,60,other,1.0,0.011605180251261012,95434,0.5284011317265475
51,200,2064,150,multi_century,1.0,0.011428001926814278,97498,0.5398291336533617
301,350,1953,50,half_century,1.0,0.010813414613889674,99451,0.5506425482672513
151,200,1953,50,half_century,1.0,0.010813414613889674,101404,0.5614559628811411
101,150,1938,50,half_century,1.0,0.010730362274305268,103342,0.5721863251554463
291,325,1895,35,other,1.0,0.01049227890082997,105237,0.5826786040562763
51,150,1726,100,other,1.0,0.00955655587484566,106963,0.592235159931122
326,375,1636,50,other,0.5,0.009058241837339224,108599,0.6012934017684611
1,150,1324,150,multi_century,1.0,0.007330753173983578,109923,0.6086241549424447
201,250,1309,50,half_century,1.0,0.0072477008343991714,111232,0.6158718557768439
123,123,1304,1,year_precise,1.0,0.00722001672120437,112536,0.6230918724980483
-30,30,1293,61,bc_ad_boundary,1.0,0.007159111672175806,113829,0.6302509841702241
101,250,1249,150,multi_century,1.0,0.006915491476061547,115078,0.6371664756462856
251,300,1241,50,half_century,1.0,0.006871196894949864,116319,0.6440376725412355
201,400,1229,200,multi_century,0.75,0.00680475502328234,117548,0.6508424275645178
-50,-1,1116,50,other,1.0,0.0061790940650798135,118664,0.6570215216295976
31,70,1041,40,other,1.0,0.0057638323671577825,119705,0.6627853539967554
171,300,1018,130,other,1.0,0.005636485446461693,120723,0.6684218394432171
71,200,997,130,other,1.0,0.005520212171043525,121720,0.6739420516142607
43,70,950,28,other,1.0,0.005259981507012386,122670,0.679202033121273
131,170,865,40,other,1.0,0.004789351582700751,123535,0.6839913847039738
1,30,785,30,other,1.0,0.0043464057715839185,124320,0.6883377904755577
71,100,777,30,other,1.0,0.004302111190472236,125097,0.69263990166603
71,150,757,80,other,1.0,0.004191374737693028,125854,0.696831276403723
212,217,728,6,reign:Caracallan,1.0,0.004030806881163176,126582,0.7008620832848861
-100,-1,691,100,other,0.5,0.003825944443521641,127273,0.7046880277284078
-27,14,689,42,reign:Augustan,1.0,0.00381487079824372,127962,0.7085028985266515
151,230,680,80,other,1.0,0.003765039394493076,128642,0.7122679379211446
171,250,645,80,other,1.0,0.003571250602129462,129287,0.715839188523274
1,70,624,70,other,1.0,0.0034549773267112936,129911,0.7192941658499853
171,200,590,30,other,1.0,0.0032667253569866397,130501,0.722560891206972
301,600,583,300,multi_century,0.1667,0.003227967598513917,131084,0.7257888588054859
117,138,552,22,reign:Hadrianic,1.0,0.0030563260967061442,131636,0.7288451849021921
101,230,539,130,other,1.0,0.0029843474023996588,132175,0.7318295323045917
-50,50,533,101,bc_ad_boundary,1.0,0.0029511264665658967,132708,0.7347806587711576
101,130,464,30,other,1.0,0.0025690857044776286,133172,0.7373497444756352
131,200,464,70,other,1.0,0.0025690857044776286,133636,0.7399188301801128
122,300,455,179,other,1.0,0.002519254300726985,134091,0.7424380844808398
71,300,447,230,other,1.0,0.0024749597196153015,134538,0.7449130442004551
51,300,420,250,multi_century,1.0,0.0023254655083633706,134958,0.7472385097088184
138,161,405,24,reign:Antonine-Pius,1.0,0.0022424131687789643,135363,0.7494809228775975
201,230,373,30,other,1.0,0.0020652348443322313,135736,0.7515461577219297
201,270,373,70,other,1.0,0.0020652348443322313,136109,0.753611392566262
-30,-1,368,30,other,1.0,0.0020375507311374296,136477,0.7556489432973994
-30,117,355,148,bc_ad_boundary,1.0,0.001965572036830944,136832,0.7576145153342303
222,235,352,14,other,1.0,0.001948961568914063,137184,0.7595634769031444
151,270,347,120,other,1.0,0.001921277455719261,137531,0.7614847543588636
107,275,320,169,other,1.0,0.00177178324446733,137851,0.7632565376033309
-13,97,315,111,bc_ad_boundary,1.0,0.001744099131272528,138166,0.7650006367346035
-70,-31,309,40,other,0.5,0.0017108781954387655,138475,0.7667115149300422
-30,50,297,81,bc_ad_boundary,1.0,0.0016444363237712407,138772,0.7683559512538135
31,100,297,70,other,1.0,0.0016444363237712407,139069,0.7700003875775847
122,138,291,17,other,1.0,0.0016112153879374782,139360,0.7716116029655222
69,86,271,18,other,1.0,0.00150047893515827,139631,0.7731120819006805
51,130,265,80,other,1.0,0.0014672579993245077,139896,0.7745793399000049
231,270,261,40,other,1.0,0.001445110708768666,140157,0.7760244506087737
69,96,245,28,reign:Flavian,1.0,0.0013565215465452995,140402,0.777380972155319
1,600,232,600,multi_century,0.5833,0.0012845428522388143,140634,0.7786655150075578
14,50,226,37,other,1.0,0.0012513219164050518,140860,0.7799168369239629
78,79,219,2,other,1.0,0.0012125641579323288,141079,0.7811294010818951
1,130,217,130,other,1.0,0.0012014905126544082,141296,0.7823308915945496
211,222,216,12,other,1.0,0.0011959536900154478,141512,0.783526845284565
-20,30,215,51,bc_ad_boundary,1.0,0.0011904168673764874,141727,0.7847172621519415
293,305,205,13,other,1.0,0.0011350486409868832,141932,0.7858523107929284
14,37,203,24,reign:Tiberian,1.0,0.0011239749957089624,142135,0.7869762857886373
171,270,200,100,other,1.0,0.0011073645277920813,142335,0.7880836503164295
251,350,200,100,other,1.0,0.0011073645277920813,142535,0.7891910148442215
1,355,199,355,other,0.9859,0.001101827705153121,142734,0.7902928425493746
149,149,194,1,year_precise,1.0,0.0010741435919583188,142928,0.7913669861413329
51,250,193,200,multi_century,1.0,0.0010686067693193584,143121,0.7924355929106522
51,79,188,29,other,1.0,0.0010409226561245563,143309,0.7934765155667769
77,79,187,3,other,1.0,0.0010353858334855959,143496,0.7945119014002624
107,250,184,144,other,1.0,0.0010187753655687148,143680,0.7955306767658311
51,90,180,40,other,1.0,0.0009966280750128731,143860,0.796527304840844
98,117,180,20,reign:Trajanic,1.0,0.0009966280750128731,144040,0.7975239329158569
-27,68,173,96,bc_ad_boundary,1.0,0.0009578703165401503,144213,0.798481803232397
213,214,169,2,other,1.0,0.0009357230259843086,144382,0.7994175262583814
-30,14,169,45,bc_ad_boundary,1.0,0.0009357230259843086,144551,0.8003532492843657
76,78,166,3,other,1.0,0.0009191125580674275,144717,0.8012723618424331
43,300,163,258,other,1.0,0.0009025020901505462,144880,0.8021748639325836
238,244,163,7,other,1.0,0.0009025020901505462,145043,0.8030773660227342
1,25,159,25,other,1.0,0.0008803547995947045,145202,0.8039577208223289
-50,30,158,81,bc_ad_boundary,1.0,0.0008748179769557441,145360,0.8048325387992846
131,230,158,100,other,1.0,0.0008748179769557441,145518,0.8057073567762404
271,330,156,60,other,1.0,0.0008637443316778234,145674,0.8065711011079182
41,54,156,14,reign:Claudian,1.0,0.0008637443316778234,145830,0.807434845439596
211,217,155,7,reign:Caracallan,1.0,0.000858207509038863,145985,0.8082930529486348
276,300,151,25,other,1.0,0.0008360602184830213,146136,0.8091291131671179
107,270,151,164,other,1.0,0.0008360602184830213,146287,0.8099651733856009
-25,25,143,51,bc_ad_boundary,1.0,0.000791765637371338,146430,0.8107569390229723
253,259,141,7,other,1.0,0.0007806919920934173,146571,0.8115376310150657
-20,50,139,71,bc_ad_boundary,1.0,0.0007696183468154965,146710,0.8123072493618811
193,235,139,43,reign:Severan-dynasty,1.0,0.0007696183468154965,146849,0.8130768677086967
-100,100,137,201,bc_ad_boundary,0.7512,0.0007585447015375756,146986,0.8138354124102343
138,200,136,63,other,1.0,0.0007530078788986152,147122,0.8145884202891329
131,250,134,120,other,1.0,0.0007419342336206944,147256,0.8153303545227536
117,200,130,84,other,1.0,0.0007197869430648528,147386,0.8160501414658184
161,180,128,20,reign:Aurelian-Marcus,1.0,0.000708713297786932,147514,0.8167588547636053
1,250,124,250,multi_century,1.0,0.0006865660072310904,147638,0.8174454207708365
117,161,124,45,other,1.0,0.0006865660072310904,147762,0.8181319867780675
205,208,123,4,other,1.0,0.00068102918459213,147885,0.8188130159626597
128,128,122,1,year_precise,1.0,0.0006754923619531696,148007,0.8194885083246128
54,68,121,15,reign:Neronian,1.0,0.0006699555393142091,148128,0.8201584638639271
131,300,120,170,other,1.0,0.0006644187166752487,148248,0.8208228825806023
69,97,118,29,reign:Flavian,1.0,0.0006533450713973279,148366,0.8214762276519996
-27,37,117,65,bc_ad_boundary,1.0,0.0006478082487583676,148483,0.822124035900758
-30,100,116,131,bc_ad_boundary,1.0,0.0006422714261194072,148599,0.8227663073268774
213,217,115,5,reign:Caracallan,1.0,0.0006367346034804467,148714,0.8234030419303578
198,209,115,12,other,1.0,0.0006367346034804467,148829,0.8240397765338383
1,400,109,400,multi_century,0.875,0.0006035136676466843,148938,0.824643290201485
161,161,108,1,year_precise,1.0,0.0005979768450077239,149046,0.8252412670464927
107,200,107,94,other,1.0,0.0005924400223687635,149153,0.8258337070688615
101,170,105,70,other,1.0,0.0005813663770908426,149258,0.8264150734459523
79,79,103,1,year_precise,1.0,0.0005702927318129218,149361,0.8269853661777652
76,79,102,4,other,1.0,0.0005647559091739614,149463,0.8275501220869392
41,100,101,60,other,1.0,0.0005592190865350011,149564,0.8281093411734742
-30,-21,100,10,other,1.0,0.0005536822638960407,149664,0.8286630234373702
161,200,99,40,other,1.0,0.0005481454412570802,149763,0.8292111688786273
-25,50,99,76,bc_ad_boundary,1.0,0.0005481454412570802,149862,0.8297593143198844
301,450,98,150,multi_century,0.3333,0.0005426086186181198,149960,0.8303019229385025
213,213,98,1,year_precise,1.0,0.0005426086186181198,150058,0.8308445315571207
198,211,98,14,other,1.0,0.0005426086186181198,150156,0.8313871401757388
251,400,95,150,multi_century,0.6667,0.0005259981507012386,150251,0.83191313832644
193,211,95,19,reign:Septimius-Severus,1.0,0.0005259981507012386,150346,0.8324391364771412
201,350,94,150,multi_century,1.0,0.0005204613280622781,150440,0.8329595978052035
85,300,94,216,other,1.0,0.0005204613280622781,150534,0.8334800591332658
101,270,94,170,other,1.0,0.0005204613280622781,150628,0.8340005204613281
271,300,93,30,other,1.0,0.0005149245054233178,150721,0.8345154449667513
41,68,93,28,other,1.0,0.0005149245054233178,150814,0.8350303694721747
101,400,93,300,multi_century,0.8333,0.0005149245054233178,150907,0.835545293977598
14,100,92,87,other,1.0,0.0005093876827843574,150999,0.8360546816603823
71,75,92,5,other,1.0,0.0005093876827843574,151091,0.8365640693431667
-12,-2,92,11,other,1.0,0.0005093876827843574,151183,0.837073457025951
271,280,91,10,other,1.0,0.000503850860145397,151274,0.8375773078860965
71,250,91,180,other,1.0,0.000503850860145397,151365,0.8380811587462419
-41,-40,90,2,other,1.0,0.0004983140375064366,151455,0.8385794727837483
-200,-1,90,200,other,0.25,0.0004983140375064366,151545,0.8390777868212548
135,135,88,1,year_precise,1.0,0.00048724039222851573,151633,0.8395650272134833
14,68,88,55,other,1.0,0.00048724039222851573,151721,0.8400522676057118
-100,-31,86,70,other,0.2857,0.00047616674695059494,151807,0.8405284343526623
244,249,86,6,other,1.0,0.00047616674695059494,151893,0.841004601099613
180,192,85,13,reign:Commodan,1.0,0.0004706299243116345,151978,0.8414752310239246
-50,100,85,151,bc_ad_boundary,1.0,0.0004706299243116345,152063,0.8419458609482362
-7,9,85,17,bc_ad_boundary,1.0,0.0004706299243116345,152148,0.8424164908725479
81,96,85,16,reign:Domitianic,1.0,0.0004706299243116345,152233,0.8428871207968596
51,70,83,20,other,1.0,0.00045955627903371374,152316,0.8433466770758933
54,96,83,43,other,1.0,0.00045955627903371374,152399,0.843806233354927
41,80,83,40,other,1.0,0.00045955627903371374,152482,0.8442657896339607
326,425,83,100,other,0.25,0.00045955627903371374,152565,0.8447253459129944
69,79,82,11,reign:Vespasianic,1.0,0.0004540194563947533,152647,0.8451793653693891
305,306,78,2,other,1.0,0.0004318721658389117,152725,0.845611237535228
131,270,77,140,other,1.0,0.0004263353431999513,152802,0.846037572878428
201,201,76,1,year_precise,1.0,0.00042079852056099086,152878,0.8464583713989889
-27,50,75,78,bc_ad_boundary,1.0,0.00041526169792203044,152953,0.846873633096911
238,238,75,1,year_precise,1.0,0.00041526169792203044,153028,0.847288894794833
161,169,74,9,other,1.0,0.00040972487528307007,153102,0.8476986196701161
69,117,73,49,other,1.0,0.00040418805264410965,153175,0.8481028077227603
-90,-1,72,90,other,0.5556,0.00039865123000514923,153247,0.8485014589527654
98,138,70,41,other,1.0,0.00038757758472722845,153317,0.8488890365374926
-25,-1,68,25,other,1.0,0.0003765039394493076,153385,0.8492655404769419
-30,20,67,51,bc_ad_boundary,1.0,0.0003709671168103472,153452,0.8496365075937522
301,330,67,30,other,1.0,0.0003709671168103472,153519,0.8500074747105626
117,150,67,34,other,1.0,0.0003709671168103472,153586,0.850378441827373
76,100,66,25,other,1.0,0.0003654302941713868,153652,0.8507438721215443
251,253,66,3,other,1.0,0.0003654302941713868,153718,0.8511093024157157
331,370,64,40,other,0.5,0.000354356648893466,153782,0.8514636590646092
-30,68,64,99,bc_ad_boundary,1.0,0.000354356648893466,153846,0.8518180157135027
-10,10,64,21,bc_ad_boundary,1.0,0.000354356648893466,153910,0.8521723723623961
41,70,63,30,other,1.0,0.00034881982625450557,153973,0.8525211921886506
235,238,62,4,other,1.0,0.0003432830036155452,154035,0.8528644751922662
101,180,62,80,other,1.0,0.0003432830036155452,154097,0.8532077581958817
-50,14,61,65,bc_ad_boundary,1.0,0.0003377461809765848,154158,0.8535455043768583
69,100,61,32,other,1.0,0.0003377461809765848,154219,0.8538832505578349
37,41,60,5,reign:Caligulan,1.0,0.00033220935833762436,154279,0.8542154599161725
-40,-1,60,40,other,1.0,0.00033220935833762436,154339,0.8545476692745101
80,300,60,221,other,1.0,0.00033220935833762436,154399,0.8548798786328478
216,216,59,1,year_precise,1.0,0.00032667253569866394,154458,0.8552065511685464
139,161,59,23,reign:Antonine-Pius,1.0,0.00032667253569866394,154517,0.8555332237042451
236,238,58,3,other,1.0,0.0003211357130597036,154575,0.8558543594173048
271,400,57,130,other,0.6154,0.00031559889042074316,154632,0.8561699583077256
43,410,57,368,other,0.837,0.00031559889042074316,154689,0.8564855571981462
197,197,57,1,year_precise,1.0,0.00031559889042074316,154746,0.856801156088567
198,198,56,1,year_precise,1.0,0.00031006206778178274,154802,0.8571112181563488
249,251,55,3,other,1.0,0.0003045252451428223,154857,0.8574157434014916
31,50,55,20,other,1.0,0.0003045252451428223,154912,0.8577202686466344
331,400,54,70,other,0.2857,0.00029898842250386195,154966,0.8580192570691383
121,200,54,80,other,1.0,0.00029898842250386195,155020,0.8583182454916422
30,101,54,72,other,1.0,0.00029898842250386195,155074,0.858617233914146
51,120,53,70,other,1.0,0.00029345159986490153,155127,0.858910685514011
71,170,53,100,other,1.0,0.00029345159986490153,155180,0.8592041371138758
-50,-31,53,20,other,1.0,0.00029345159986490153,155233,0.8594975887137407
-50,-26,53,25,other,1.0,0.00029345159986490153,155286,0.8597910403136056
193,300,53,108,other,1.0,0.00029345159986490153,155339,0.8600844919134706
236,236,52,1,year_precise,1.0,0.0002879147772259411,155391,0.8603724066906965
211,211,52,1,year_precise,1.0,0.0002879147772259411,155443,0.8606603214679224
209,211,52,3,other,1.0,0.0002879147772259411,155495,0.8609482362451484
201,330,52,130,other,1.0,0.0002879147772259411,155547,0.8612361510223743
162,162,52,1,year_precise,1.0,0.0002879147772259411,155599,0.8615240657996003
125,128,52,4,other,1.0,0.0002879147772259411,155651,0.8618119805768262
90,140,52,51,other,1.0,0.0002879147772259411,155703,0.8620998953540521
151,170,51,20,other,1.0,0.0002823779545869807,155754,0.8623822733086391
202,202,51,1,year_precise,1.0,0.0002823779545869807,155805,0.8626646512632261
-16,71,50,88,bc_ad_boundary,1.0,0.00027684113194802033,155855,0.8629414923951741
282,283,50,2,other,1.0,0.00027684113194802033,155905,0.8632183335271221
250,250,50,1,year_precise,1.0,0.00027684113194802033,155955,0.8634951746590701
218,222,50,5,other,1.0,0.00027684113194802033,156005,0.8637720157910181
197,211,50,15,other,1.0,0.00027684113194802033,156055,0.8640488569229662
291,350,49,60,other,1.0,0.0002713043093090599,156104,0.8643201612322753
231,300,49,70,other,1.0,0.0002713043093090599,156153,0.8645914655415843
1,75,49,75,other,1.0,0.0002713043093090599,156202,0.8648627698508934
69,130,49,62,other,1.0,0.0002713043093090599,156251,0.8651340741602024
197,198,48,2,other,1.0,0.0002657674866700995,156299,0.8653998416468726
218,218,48,1,year_precise,1.0,0.0002657674866700995,156347,0.8656656091335426
139,139,48,1,year_precise,1.0,0.0002657674866700995,156395,0.8659313766202127
126,126,47,1,year_precise,1.0,0.00026023066403113907,156442,0.8661916072842438
286,305,47,20,other,1.0,0.00026023066403113907,156489,0.866451837948275
244,247,47,4,other,1.0,0.00026023066403113907,156536,0.8667120686123061
66,100,47,35,other,1.0,0.00026023066403113907,156583,0.8669722992763372
301,430,46,130,other,0.3846,0.0002546938413921787,156629,0.8672269931177294
237,237,46,1,year_precise,1.0,0.0002546938413921787,156675,0.8674816869591216
75,75,46,1,year_precise,1.0,0.0002546938413921787,156721,0.8677363808005139
341,360,46,20,other,0.5,0.0002546938413921787,156767,0.867991074641906
71,79,45,9,other,1.0,0.0002491570187532183,156812,0.8682402316606592
270,275,45,6,other,1.0,0.0002491570187532183,156857,0.8684893886794124
191,250,45,60,other,1.0,0.0002491570187532183,156902,0.8687385456981657
201,259,45,59,other,1.0,0.0002491570187532183,156947,0.8689877027169188
122,200,45,79,other,1.0,0.0002491570187532183,156992,0.8692368597356721
161,300,45,140,other,1.0,0.0002491570187532183,157037,0.8694860167544253
39,70,45,32,other,1.0,0.0002491570187532183,157082,0.8697351737731785
31,60,45,30,other,1.0,0.0002491570187532183,157127,0.8699843307919317
222,222,44,1,year_precise,1.0,0.00024362019611425786,157171,0.870227950988046
41,60,44,20,other,1.0,0.00024362019611425786,157215,0.8704715711841603
74,77,44,4,other,1.0,0.00024362019611425786,157259,0.8707151913802745
71,230,44,160,other,1.0,0.00024362019611425786,157303,0.8709588115763888
76,125,44,50,other,1.0,0.00024362019611425786,157347,0.871202431772503
97,97,44,1,year_precise,1.0,0.00024362019611425786,157391,0.8714460519686172
80,80,44,1,year_precise,1.0,0.00024362019611425786,157435,0.8716896721647316
166,166,44,1,year_precise,1.0,0.00024362019611425786,157479,0.8719332923608458
301,410,44,110,other,0.4545,0.00024362019611425786,157523,0.8721769125569601
-20,20,44,41,bc_ad_boundary,1.0,0.00024362019611425786,157567,0.8724205327530743
217,218,43,2,other,1.0,0.00023808337347529747,157610,0.8726586161265496
217,217,43,1,year_precise,1.0,0.00023808337347529747,157653,0.8728966995000249
214,214,43,1,year_precise,1.0,0.00023808337347529747,157696,0.8731347828735002
226,275,43,50,other,1.0,0.00023808337347529747,157739,0.8733728662469755
193,193,43,1,year_precise,1.0,0.00023808337347529747,157782,0.8736109496204508
98,150,43,53,other,1.0,0.00023808337347529747,157825,0.8738490329939261
26,75,43,50,other,1.0,0.00023808337347529747,157868,0.8740871163674014
117,275,42,159,other,1.0,0.00023254655083633705,157910,0.8743196629182377
197,209,42,13,other,1.0,0.00023254655083633705,157952,0.8745522094690741
244,244,42,1,year_precise,1.0,0.00023254655083633705,157994,0.8747847560199105
284,305,42,22,reign:Tetrarchic,1.0,0.00023254655083633705,158036,0.8750173025707467
-11,-4,42,8,other,1.0,0.00023254655083633705,158078,0.8752498491215831
-13,43,42,57,bc_ad_boundary,1.0,0.00023254655083633705,158120,0.8754823956724195
69,150,41,82,other,1.0,0.00022700972819737666,158161,0.8757094054006168
195,195,41,1,year_precise,1.0,0.00022700972819737666,158202,0.8759364151288141
14,29,41,16,other,1.0,0.00022700972819737666,158243,0.8761634248570116
198,210,41,13,other,1.0,0.00022700972819737666,158284,0.8763904345852089
151,275,40,125,other,1.0,0.00022147290555841624,158324,0.8766119074907673
196,196,40,1,year_precise,1.0,0.00022147290555841624,158364,0.8768333803963257
241,241,40,1,year_precise,1.0,0.00022147290555841624,158404,0.8770548533018842
142,161,40,20,other,1.0,0.00022147290555841624,158444,0.8772763262074426
26,50,40,25,other,1.0,0.00022147290555841624,158484,0.877497799113001
151,220,40,70,other,1.0,0.00022147290555841624,158524,0.8777192720185595
138,138,40,1,year_precise,1.0,0.00022147290555841624,158564,0.8779407449241179
164,164,39,1,year_precise,1.0,0.00021593608291945585,158603,0.8781566810070373
230,230,39,1,year_precise,1.0,0.00021593608291945585,158642,0.8783726170899567
239,239,38,1,year_precise,1.0,0.00021039926028049543,158680,0.8785830163502373
176,300,38,125,other,1.0,0.00021039926028049543,158718,0.8787934156105177
220,220,38,1,year_precise,1.0,0.00021039926028049543,158756,0.8790038148707983
212,212,38,1,year_precise,1.0,0.00021039926028049543,158794,0.8792142141310787
205,205,38,1,year_precise,1.0,0.00021039926028049543,158832,0.8794246133913592
151,235,38,85,other,1.0,0.00021039926028049543,158870,0.8796350126516397
-30,10,37,41,bc_ad_boundary,1.0,0.00020486243764153504,158907,0.8798398750892813
85,115,37,31,other,1.0,0.00020486243764153504,158944,0.8800447375269228
-2,-2,37,1,year_precise,1.0,0.00020486243764153504,158981,0.8802495999645643
-20,10,37,31,bc_ad_boundary,1.0,0.00020486243764153504,159018,0.8804544624022058
31,150,37,120,other,1.0,0.00020486243764153504,159055,0.8806593248398474
-27,100,36,128,bc_ad_boundary,1.0,0.00019932561500257462,159091,0.88085865045485
62,79,36,18,other,1.0,0.00019932561500257462,159127,0.8810579760698526
151,260,36,110,other,1.0,0.00019932561500257462,159163,0.8812573016848552
131,150,36,20,other,1.0,0.00019932561500257462,159199,0.8814566272998577
227,227,36,1,year_precise,1.0,0.00019932561500257462,159235,0.8816559529148603
180,250,36,71,other,1.0,0.00019932561500257462,159271,0.8818552785298629
108,109,36,2,other,1.0,0.00019932561500257462,159307,0.8820546041448655
271,350,36,80,other,1.0,0.00019932561500257462,159343,0.882253929759868
71,120,36,50,other,1.0,0.00019932561500257462,159379,0.8824532553748706
253,268,36,16,other,1.0,0.00019932561500257462,159415,0.8826525809898732
201,275,35,75,other,1.0,0.00019378879236361422,159450,0.8828463697822367
-50,-27,35,24,other,1.0,0.00019378879236361422,159485,0.8830401585746004
181,300,35,120,other,1.0,0.00019378879236361422,159520,0.883233947366964
200,200,35,1,year_precise,1.0,0.00019378879236361422,159555,0.8834277361593276
219,219,35,1,year_precise,1.0,0.00019378879236361422,159590,0.8836215249516912
-70,30,35,101,bc_ad_boundary,0.802,0.00019378879236361422,159625,0.8838153137440549
91,150,35,60,other,1.0,0.00019378879236361422,159660,0.8840091025364184
98,130,35,33,other,1.0,0.00019378879236361422,159695,0.884202891328782
76,150,35,75,other,1.0,0.00019378879236361422,159730,0.8843966801211457
253,260,35,8,other,1.0,0.00019378879236361422,159765,0.8845904689135093
161,250,35,90,other,1.0,0.00019378879236361422,159800,0.8847842577058729
101,125,35,25,other,1.0,0.00019378879236361422,159835,0.8849780464982365
98,98,35,1,year_precise,1.0,0.00019378879236361422,159870,0.8851718352906002
221,221,35,1,year_precise,1.0,0.00019378879236361422,159905,0.8853656240829637
224,224,35,1,year_precise,1.0,0.00019378879236361422,159940,0.8855594128753274
-3,-3,34,1,year_precise,1.0,0.0001882519697246538,159974,0.885747664845052
41,79,34,39,other,1.0,0.0001882519697246538,160008,0.8859359168147767
61,80,34,20,other,1.0,0.0001882519697246538,160042,0.8861241687845013
312,337,34,26,other,1.0,0.0001882519697246538,160076,0.886312420754226
-70,-1,34,70,other,0.7143,0.0001882519697246538,160110,0.8865006727239506
194,194,34,1,year_precise,1.0,0.0001882519697246538,160144,0.8866889246936753
210,210,33,1,year_precise,1.0,0.0001827151470856934,160177,0.886871639840761
70,74,33,5,other,1.0,0.0001827151470856934,160210,0.8870543549878467
69,78,33,10,reign:Vespasianic,1.0,0.0001827151470856934,160243,0.8872370701349324
306,307,33,2,other,1.0,0.0001827151470856934,160276,0.887419785282018
107,107,33,1,year_precise,1.0,0.0001827151470856934,160309,0.8876025004291037
235,235,33,1,year_precise,1.0,0.0001827151470856934,160342,0.8877852155761895
199,199,33,1,year_precise,1.0,0.0001827151470856934,160375,0.8879679307232752
252,252,33,1,year_precise,1.0,0.0001827151470856934,160408,0.8881506458703609
101,101,33,1,year_precise,1.0,0.0001827151470856934,160441,0.8883333610174465
133,133,32,1,year_precise,1.0,0.000177178324446733,160473,0.8885105393418933
42,100,32,59,other,1.0,0.000177178324446733,160505,0.88868771766634
317,324,32,8,other,1.0,0.000177178324446733,160537,0.8888648959907868
209,209,32,1,year_precise,1.0,0.000177178324446733,160569,0.8890420743152334
241,244,32,4,other,1.0,0.000177178324446733,160601,0.8892192526396802
101,260,32,160,other,1.0,0.000177178324446733,160633,0.8893964309641269
251,330,32,80,other,1.0,0.000177178324446733,160665,0.8895736092885737
41,41,32,1,year_precise,1.0,0.000177178324446733,160697,0.8897507876130204
151,225,31,75,other,1.0,0.0001716415018077726,160728,0.8899224291148282
-10,30,31,41,bc_ad_boundary,1.0,0.0001716415018077726,160759,0.8900940706166359
121,121,31,1,year_precise,1.0,0.0001716415018077726,160790,0.8902657121184437
225,225,31,1,year_precise,1.0,0.0001716415018077726,160821,0.8904373536202514
122,367,31,246,other,0.9309,0.0001716415018077726,160852,0.8906089951220593
31,130,31,100,other,1.0,0.0001716415018077726,160883,0.890780636623867
145,145,31,1,year_precise,1.0,0.0001716415018077726,160914,0.8909522781256748
223,223,31,1,year_precise,1.0,0.0001716415018077726,160945,0.8911239196274826
70,86,31,17,other,1.0,0.0001716415018077726,160976,0.8912955611292903
-30,-20,30,11,other,1.0,0.00016610467916881218,161006,0.8914616658084592
158,158,30,1,year_precise,1.0,0.00016610467916881218,161036,0.891627770487628
191,200,30,10,other,1.0,0.00016610467916881218,161066,0.8917938751667968
276,282,30,7,other,1.0,0.00016610467916881218,161096,0.8919599798459656
195,211,30,17,other,1.0,0.00016610467916881218,161126,0.8921260845251344
77,78,30,2,other,1.0,0.00016610467916881218,161156,0.8922921892043032
268,270,30,3,other,1.0,0.00016610467916881218,161186,0.892458293883472
121,150,29,30,other,1.0,0.0001605678565298518,161215,0.8926188617400019
180,200,29,21,other,1.0,0.0001605678565298518,161244,0.8927794295965318
51,75,29,25,other,1.0,0.0001605678565298518,161273,0.8929399974530616
1,330,29,330,other,1.0,0.0001605678565298518,161302,0.8931005653095915
81,100,29,20,other,1.0,0.0001605678565298518,161331,0.8932611331661213
163,163,29,1,year_precise,1.0,0.0001605678565298518,161360,0.8934217010226512
250,251,29,2,other,1.0,0.0001605678565298518,161389,0.893582268879181
176,200,29,25,other,1.0,0.0001605678565298518,161418,0.8937428367357109
-7,-6,29,2,other,1.0,0.0001605678565298518,161447,0.8939034045922407
215,216,29,2,other,1.0,0.0001605678565298518,161476,0.8940639724487706
182,182,29,1,year_precise,1.0,0.0001605678565298518,161505,0.8942245403053004
204,204,29,1,year_precise,1.0,0.0001605678565298518,161534,0.8943851081618303
229,229,29,1,year_precise,1.0,0.0001605678565298518,161563,0.8945456760183601
140,140,29,1,year_precise,1.0,0.0001605678565298518,161592,0.89470624387489
181,181,28,1,year_precise,1.0,0.00015503103389089137,161620,0.8948612749087809
96,98,28,3,other,1.0,0.00015503103389089137,161648,0.8950163059426718
167,167,28,1,year_precise,1.0,0.00015503103389089137,161676,0.8951713369765626
151,400,28,250,multi_century,0.8,0.00015503103389089137,161704,0.8953263680104535
31,32,28,2,other,1.0,0.00015503103389089137,161732,0.8954813990443444
121,180,28,60,other,1.0,0.00015503103389089137,161760,0.8956364300782353
89,96,28,8,other,1.0,0.00015503103389089137,161788,0.8957914611121262
301,700,28,400,multi_century,0.125,0.00015503103389089137,161816,0.8959464921460171
14,54,28,41,other,1.0,0.00015503103389089137,161844,0.896101523179908
4,14,28,11,other,1.0,0.00015503103389089137,161872,0.8962565542137989
251,325,27,75,other,1.0,0.00014949421125193098,161899,0.8964060484250508
83,96,27,14,other,1.0,0.00014949421125193098,161926,0.8965555426363028
249,249,27,1,year_precise,1.0,0.00014949421125193098,161953,0.8967050368475546
81,200,27,120,other,1.0,0.00014949421125193098,161980,0.8968545310588066
306,337,27,32,reign:Constantinian,1.0,0.00014949421125193098,162007,0.8970040252700585
161,230,27,70,other,1.0,0.00014949421125193098,162034,0.8971535194813105
193,217,27,25,other,1.0,0.00014949421125193098,162061,0.8973030136925624
46,46,27,1,year_precise,1.0,0.00014949421125193098,162088,0.8974525079038144
-27,30,27,58,bc_ad_boundary,1.0,0.00014949421125193098,162115,0.8976020021150662
134,134,27,1,year_precise,1.0,0.00014949421125193098,162142,0.8977514963263182
-10,20,27,31,bc_ad_boundary,1.0,0.00014949421125193098,162169,0.8979009905375701
71,220,27,150,other,1.0,0.00014949421125193098,162196,0.898050484748822
-2,14,27,17,bc_ad_boundary,1.0,0.00014949421125193098,162223,0.898199978960074
104,120,27,17,other,1.0,0.00014949421125193098,162250,0.8983494731713259
102,117,27,16,other,1.0,0.00014949421125193098,162277,0.8984989673825778
180,275,27,96,other,1.0,0.00014949421125193098,162304,0.8986484615938297
148,148,27,1,year_precise,1.0,0.00014949421125193098,162331,0.8987979558050817
14,70,26,57,other,1.0,0.00014395738861297056,162357,0.8989419131936947
31,200,26,170,other,1.0,0.00014395738861297056,162383,0.8990858705823076
42,69,26,28,other,1.0,0.00014395738861297056,162409,0.8992298279709207
79,81,26,3,other,1.0,0.00014395738861297056,162435,0.8993737853595336
-50,20,26,71,bc_ad_boundary,1.0,0.00014395738861297056,162461,0.8995177427481466
157,157,26,1,year_precise,1.0,0.00014395738861297056,162487,0.8996617001367595
312,324,26,13,other,1.0,0.00014395738861297056,162513,0.8998056575253724
-8,-7,26,2,other,1.0,0.00014395738861297056,162539,0.8999496149139855
31,79,26,49,other,1.0,0.00014395738861297056,162565,0.9000935723025985
47,47,26,1,year_precise,1.0,0.00014395738861297056,162591,0.9002375296912114
106,270,26,165,other,1.0,0.00014395738861297056,162617,0.9003814870798243
121,122,26,2,other,1.0,0.00014395738861297056,162643,0.9005254444684373
150,150,26,1,year_precise,1.0,0.00014395738861297056,162669,0.9006694018570504
333,335,25,3,other,1.0,0.00013842056597401016,162694,0.9008078224230244
198,199,25,2,other,1.0,0.00013842056597401016,162719,0.9009462429889983
201,500,25,300,multi_century,0.5,0.00013842056597401016,162744,0.9010846635549723
106,200,25,95,other,1.0,0.00013842056597401016,162769,0.9012230841209463
129,129,25,1,year_precise,1.0,0.00013842056597401016,162794,0.9013615046869203
-100,-27,25,74,other,0.3243,0.00013842056597401016,162819,0.9014999252528944
138,300,25,163,other,1.0,0.00013842056597401016,162844,0.9016383458188684
54,100,25,47,other,1.0,0.00013842056597401016,162869,0.9017767663848424
193,250,25,58,other,1.0,0.00013842056597401016,162894,0.9019151869508164
81,150,25,70,other,1.0,0.00013842056597401016,162919,0.9020536075167904
65,117,25,53,other,1.0,0.00013842056597401016,162944,0.9021920280827644
70,101,25,32,other,1.0,0.00013842056597401016,162969,0.9023304486487385
51,230,25,180,other,1.0,0.00013842056597401016,162994,0.9024688692147125
176,250,25,75,other,1.0,0.00013842056597401016,163019,0.9026072897806865
-150,-1,25,150,other,0.3333,0.00013842056597401016,163044,0.9027457103466605
240,240,25,1,year_precise,1.0,0.00013842056597401016,163069,0.9028841309126345
180,230,24,51,other,1.0,0.00013288374333504974,163093,0.9030170146559695
307,312,24,6,other,1.0,0.00013288374333504974,163117,0.9031498983993046
180,220,24,41,other,1.0,0.00013288374333504974,163141,0.9032827821426396
324,337,24,14,other,1.0,0.00013288374333504974,163165,0.9034156658859747
177,180,24,4,other,1.0,0.00013288374333504974,163189,0.9035485496293097
74,74,24,1,year_precise,1.0,0.00013288374333504974,163213,0.9036814333726447
14,150,24,137,other,1.0,0.00013288374333504974,163237,0.9038143171159798
253,253,24,1,year_precise,1.0,0.00013288374333504974,163261,0.9039472008593149
251,251,24,1,year_precise,1.0,0.00013288374333504974,163285,0.9040800846026499
138,150,24,13,other,1.0,0.00013288374333504974,163309,0.904212968345985
212,213,24,2,other,1.0,0.00013288374333504974,163333,0.9043458520893201
317,337,24,21,other,1.0,0.00013288374333504974,163357,0.904478735832655
215,215,24,1,year_precise,1.0,0.00013288374333504974,163381,0.9046116195759901
207,207,24,1,year_precise,1.0,0.00013288374333504974,163405,0.9047445033193252
228,228,24,1,year_precise,1.0,0.00013288374333504974,163429,0.9048773870626602
161,192,24,32,other,1.0,0.00013288374333504974,163453,0.9050102708059953
231,231,24,1,year_precise,1.0,0.00013288374333504974,163477,0.9051431545493304
74,79,24,6,other,1.0,0.00013288374333504974,163501,0.9052760382926653
98,200,24,103,other,1.0,0.00013288374333504974,163525,0.9054089220360004
31,170,23,140,other,1.0,0.00012734692069608935,163548,0.9055362689566965
307,310,23,4,other,1.0,0.00012734692069608935,163571,0.9056636158773926
345,345,23,1,year_precise,1.0,0.00012734692069608935,163594,0.9057909627980887
-20,-1,23,20,other,1.0,0.00012734692069608935,163617,0.9059183097187847
56,56,23,1,year_precise,1.0,0.00012734692069608935,163640,0.9060456566394809
331,500,23,170,other,0.1176,0.00012734692069608935,163663,0.9061730035601769
101,140,23,40,other,1.0,0.00012734692069608935,163686,0.9063003504808731
80,200,23,121,other,1.0,0.00012734692069608935,163709,0.9064276974015691
186,186,23,1,year_precise,1.0,0.00012734692069608935,163732,0.9065550443222652
333,337,23,5,other,1.0,0.00012734692069608935,163755,0.9066823912429613
337,340,23,4,other,1.0,0.00012734692069608935,163778,0.9068097381636574
31,300,23,270,other,1.0,0.00012734692069608935,163801,0.9069370850843534
1,60,23,60,other,1.0,0.00012734692069608935,163824,0.9070644320050496
1,14,23,14,other,1.0,0.00012734692069608935,163847,0.9071917789257457
126,150,23,25,other,1.0,0.00012734692069608935,163870,0.9073191258464418
1,40,23,40,other,1.0,0.00012734692069608935,163893,0.9074464727671379
112,112,23,1,year_precise,1.0,0.00012734692069608935,163916,0.9075738196878339
211,212,23,2,other,1.0,0.00012734692069608935,163939,0.9077011666085301
208,208,23,1,year_precise,1.0,0.00012734692069608935,163962,0.9078285135292261
216,217,23,2,other,1.0,0.00012734692069608935,163985,0.9079558604499222
135,136,23,2,other,1.0,0.00012734692069608935,164008,0.9080832073706183
44,45,23,2,other,1.0,0.00012734692069608935,164031,0.9082105542913144
144,144,22,1,year_precise,1.0,0.00012181009805712893,164053,0.9083323643893715
180,400,22,221,other,0.7738,0.00012181009805712893,164075,0.9084541744874286
120,300,22,181,other,1.0,0.00012181009805712893,164097,0.9085759845854857
159,159,22,1,year_precise,1.0,0.00012181009805712893,164119,0.908697794683543
142,143,22,2,other,1.0,0.00012181009805712893,164141,0.9088196047816001
154,154,22,1,year_precise,1.0,0.00012181009805712893,164163,0.9089414148796572
161,162,22,2,other,1.0,0.00012181009805712893,164185,0.9090632249777143
179,179,22,1,year_precise,1.0,0.00012181009805712893,164207,0.9091850350757714
-40,-21,22,20,other,1.0,0.00012181009805712893,164229,0.9093068451738285
163,167,22,5,other,1.0,0.00012181009805712893,164251,0.9094286552718857
1,500,22,500,multi_century,0.7,0.00012181009805712893,164273,0.9095504653699428
259,259,22,1,year_precise,1.0,0.00012181009805712893,164295,0.9096722754679999
76,76,22,1,year_precise,1.0,0.00012181009805712893,164317,0.909794085566057
245,245,22,1,year_precise,1.0,0.00012181009805712893,164339,0.9099158956641142
234,234,22,1,year_precise,1.0,0.00012181009805712893,164361,0.9100377057621714
1,170,22,170,other,1.0,0.00012181009805712893,164383,0.9101595158602285
-30,70,22,101,bc_ad_boundary,1.0,0.00012181009805712893,164405,0.9102813259582856
124,124,22,1,year_precise,1.0,0.00012181009805712893,164427,0.9104031360563427
37,37,22,1,year_precise,1.0,0.00012181009805712893,164449,0.9105249461543998
-80,-31,22,50,other,0.4,0.00012181009805712893,164471,0.910646756252457
50,79,22,30,other,1.0,0.00012181009805712893,164493,0.9107685663505141
69,200,22,132,other,1.0,0.00012181009805712893,164515,0.9108903764485712
61,70,22,10,other,1.0,0.00012181009805712893,164537,0.9110121865466283
73,73,22,1,year_precise,1.0,0.00012181009805712893,164559,0.9111339966446855
275,276,22,2,other,1.0,0.00012181009805712893,164581,0.9112558067427426
70,92,22,23,other,1.0,0.00012181009805712893,164603,0.9113776168407998
-8,-8,21,1,year_precise,1.0,0.00011627327541816853,164624,0.911493890116218
43,43,21,1,year_precise,1.0,0.00011627327541816853,164645,0.911610163391636
-50,-21,21,30,other,1.0,0.00011627327541816853,164666,0.9117264366670542
226,226,21,1,year_precise,1.0,0.00011627327541816853,164687,0.9118427099424724
147,147,21,1,year_precise,1.0,0.00011627327541816853,164708,0.9119589832178906
150,300,21,151,other,1.0,0.00011627327541816853,164729,0.9120752564933088
39,63,21,25,other,1.0,0.00011627327541816853,164750,0.912191529768727
200,201,21,2,other,1.0,0.00011627327541816853,164771,0.912307803044145
195,250,21,56,other,1.0,0.00011627327541816853,164792,0.9124240763195632
132,132,21,1,year_precise,1.0,0.00011627327541816853,164813,0.9125403495949814
-6,-6,21,1,year_precise,1.0,0.00011627327541816853,164834,0.9126566228703996
247,247,21,1,year_precise,1.0,0.00011627327541816853,164855,0.9127728961458178
114,114,21,1,year_precise,1.0,0.00011627327541816853,164876,0.9128891694212359
107,150,21,44,other,1.0,0.00011627327541816853,164897,0.9130054426966541
105,105,21,1,year_precise,1.0,0.00011627327541816853,164918,0.9131217159720723
161,211,21,51,other,1.0,0.00011627327541816853,164939,0.9132379892474904
-12,9,21,22,bc_ad_boundary,1.0,0.00011627327541816853,164960,0.9133542625229086
101,350,21,250,multi_century,1.0,0.00011627327541816853,164981,0.9134705357983268
11,30,21,20,other,1.0,0.00011627327541816853,165002,0.9135868090737449
14,14,21,1,year_precise,1.0,0.00011627327541816853,165023,0.9137030823491631
49,49,21,1,year_precise,1.0,0.00011627327541816853,165044,0.9138193556245813
51,80,21,30,other,1.0,0.00011627327541816853,165065,0.9139356288999995
306,312,21,7,other,1.0,0.00011627327541816853,165086,0.9140519021754177
188,188,21,1,year_precise,1.0,0.00011627327541816853,165107,0.9141681754508357
69,69,20,1,year_precise,1.0,0.00011073645277920812,165127,0.914278911903615
138,367,20,230,other,0.9261,0.00011073645277920812,165147,0.9143896483563942
206,206,20,1,year_precise,1.0,0.00011073645277920812,165167,0.9145003848091734
-80,30,20,111,bc_ad_boundary,0.7297,0.00011073645277920812,165187,0.9146111212619527
100,100,20,1,year_precise,1.0,0.00011073645277920812,165207,0.9147218577147318
242,242,20,1,year_precise,1.0,0.00011073645277920812,165227,0.9148325941675111
195,217,20,23,other,1.0,0.00011073645277920812,165247,0.9149433306202902
-15,150,20,166,bc_ad_boundary,1.0,0.00011073645277920812,165267,0.9150540670730695
195,235,20,41,other,1.0,0.00011073645277920812,165287,0.9151648035258486
168,168,20,1,year_precise,1.0,0.00011073645277920812,165307,0.9152755399786279
169,169,20,1,year_precise,1.0,0.00011073645277920812,165327,0.915386276431407
284,284,20,1,year_precise,1.0,0.00011073645277920812,165347,0.9154970128841863
138,192,20,55,reign:Antonine-broad,1.0,0.00011073645277920812,165367,0.9156077493369655
115,115,20,1,year_precise,1.0,0.00011073645277920812,165387,0.9157184857897447
201,600,20,400,multi_century,0.375,0.00011073645277920812,165407,0.9158292222425239
153,153,20,1,year_precise,1.0,0.00011073645277920812,165427,0.9159399586953031
176,225,19,50,other,1.0,0.00010519963014024771,165446,0.9160451583254433
81,130,19,50,other,1.0,0.00010519963014024771,165465,0.9161503579555836
91,130,19,40,other,1.0,0.00010519963014024771,165484,0.9162555575857239
152,152,19,1,year_precise,1.0,0.00010519963014024771,165503,0.9163607572158641
151,350,19,200,multi_century,1.0,0.00010519963014024771,165522,0.9164659568460044
120,121,19,2,other,1.0,0.00010519963014024771,165541,0.9165711564761446
-27,54,19,82,bc_ad_boundary,1.0,0.00010519963014024771,165560,0.9166763561062848
144,145,19,2,other,1.0,0.00010519963014024771,165579,0.9167815557364251
128,138,19,11,other,1.0,0.00010519963014024771,165598,0.9168867553665654
102,102,19,1,year_precise,1.0,0.00010519963014024771,165617,0.9169919549967056
243,243,19,1,year_precise,1.0,0.00010519963014024771,165636,0.9170971546268458
161,170,19,10,other,1.0,0.00010519963014024771,165655,0.917202354256986
193,230,19,38,other,1.0,0.00010519963014024771,165674,0.9173075538871264
73,77,19,5,other,1.0,0.00010519963014024771,165693,0.9174127535172666
101,600,19,500,multi_century,0.5,0.00010519963014024771,165712,0.9175179531474068
98,99,19,2,other,1.0,0.00010519963014024771,165731,0.917623152777547
90,91,19,2,other,1.0,0.00010519963014024771,165750,0.9177283524076874
51,51,19,1,year_precise,1.0,0.00010519963014024771,165769,0.9178335520378276
71,131,19,61,other,1.0,0.00010519963014024771,165788,0.9179387516679678
1,68,19,68,other,1.0,0.00010519963014024771,165807,0.9180439512981081
141,160,19,20,other,1.0,0.00010519963014024771,165826,0.9181491509282483
201,260,19,60,other,1.0,0.00010519963014024771,165845,0.9182543505583886
151,151,19,1,year_precise,1.0,0.00010519963014024771,165864,0.9183595501885288
61,150,18,90,other,1.0,9.966280750128731e-05,165882,0.9184592129960301
308,324,18,17,other,1.0,9.966280750128731e-05,165900,0.9185588758035313
276,276,18,1,year_precise,1.0,9.966280750128731e-05,165918,0.9186585386110326
175,225,18,51,other,1.0,9.966280750128731e-05,165936,0.9187582014185339
26,100,18,75,other,1.0,9.966280750128731e-05,165954,0.9188578642260352
256,258,18,3,other,1.0,9.966280750128731e-05,165972,0.9189575270335365
199,200,18,2,other,1.0,9.966280750128731e-05,165990,0.9190571898410378
-17,-11,18,7,other,1.0,9.966280750128731e-05,166008,0.9191568526485391
191,191,18,1,year_precise,1.0,9.966280750128731e-05,166026,0.9192565154560404
122,122,18,1,year_precise,1.0,9.966280750128731e-05,166044,0.9193561782635417
116,117,18,2,other,1.0,9.966280750128731e-05,166062,0.919455841071043
137,137,18,1,year_precise,1.0,9.966280750128731e-05,166080,0.9195555038785442
160,160,18,1,year_precise,1.0,9.966280750128731e-05,166098,0.9196551666860455
326,400,18,75,other,0.3333,9.966280750128731e-05,166116,0.9197548294935468
348,348,18,1,year_precise,1.0,9.966280750128731e-05,166134,0.9198544923010481
340,350,18,11,other,1.0,9.966280750128731e-05,166152,0.9199541551085494
337,361,18,25,other,0.56,9.966280750128731e-05,166170,0.9200538179160507
212,250,18,39,other,1.0,9.966280750128731e-05,166188,0.920153480723552
141,141,18,1,year_precise,1.0,9.966280750128731e-05,166206,0.9202531435310533
222,250,18,29,other,1.0,9.966280750128731e-05,166224,0.9203528063385545
114,300,18,187,other,1.0,9.966280750128731e-05,166242,0.9204524691460558
165,165,18,1,year_precise,1.0,9.966280750128731e-05,166260,0.9205521319535571
168,275,18,108,other,1.0,9.966280750128731e-05,166278,0.9206517947610584
-60,-41,18,20,other,0.5,9.966280750128731e-05,166296,0.9207514575685597
161,217,18,57,other,1.0,9.966280750128731e-05,166314,0.920851120376061
96,117,18,22,reign:Nervan-Trajanic,1.0,9.966280750128731e-05,166332,0.9209507831835623
236,237,18,2,other,1.0,9.966280750128731e-05,166350,0.9210504459910636
247,248,18,2,other,1.0,9.966280750128731e-05,166368,0.9211501087985648
1,230,18,230,other,1.0,9.966280750128731e-05,166386,0.9212497716060661
203,203,18,1,year_precise,1.0,9.966280750128731e-05,166404,0.9213494344135674
350,350,17,1,year_precise,1.0,9.41259848623269e-05,166421,0.9214435603984298
324,326,17,3,other,1.0,9.41259848623269e-05,166438,0.921537686383292
70,70,17,1,year_precise,1.0,9.41259848623269e-05,166455,0.9216318123681544
-60,-31,17,30,other,0.6667,9.41259848623269e-05,166472,0.9217259383530167
173,173,17,1,year_precise,1.0,9.41259848623269e-05,166489,0.9218200643378791
71,114,17,44,other,1.0,9.41259848623269e-05,166506,0.9219141903227414
-60,-21,17,40,other,0.75,9.41259848623269e-05,166523,0.9220083163076037
47,54,17,8,other,1.0,9.41259848623269e-05,166540,0.9221024422924661
32,33,17,2,other,1.0,9.41259848623269e-05,166557,0.9221965682773283
212,222,17,11,other,1.0,9.41259848623269e-05,166574,0.9222906942621907
136,136,17,1,year_precise,1.0,9.41259848623269e-05,166591,0.922384820247053
117,170,17,54,other,1.0,9.41259848623269e-05,166608,0.9224789462319154
119,138,17,20,other,1.0,9.41259848623269e-05,166625,0.9225730722167776
121,170,17,50,other,1.0,9.41259848623269e-05,166642,0.92266719820164
142,142,17,1,year_precise,1.0,9.41259848623269e-05,166659,0.9227613241865024
119,119,17,1,year_precise,1.0,9.41259848623269e-05,166676,0.9228554501713646
246,246,17,1,year_precise,1.0,9.41259848623269e-05,166693,0.922949576156227
83,300,17,218,other,1.0,9.41259848623269e-05,166710,0.9230437021410893
254,254,17,1,year_precise,1.0,9.41259848623269e-05,166727,0.9231378281259517
235,236,17,2,other,1.0,9.41259848623269e-05,166744,0.9232319541108139
1,20,17,20,other,1.0,9.41259848623269e-05,166761,0.9233260800956763
106,117,17,12,other,1.0,9.41259848623269e-05,166778,0.9234202060805387
72,79,17,8,other,1.0,9.41259848623269e-05,166795,0.9235143320654009
45,60,17,16,other,1.0,9.41259848623269e-05,166812,0.9236084580502633
57,57,17,1,year_precise,1.0,9.41259848623269e-05,166829,0.9237025840351256
-40,20,17,61,bc_ad_boundary,1.0,9.41259848623269e-05,166846,0.923796710019988
98,102,17,5,other,1.0,9.41259848623269e-05,166863,0.9238908360048502
-80,-41,17,40,other,0.25,9.41259848623269e-05,166880,0.9239849619897126
96,96,17,1,year_precise,1.0,9.41259848623269e-05,166897,0.9240790879745749
305,305,17,1,year_precise,1.0,9.41259848623269e-05,166914,0.9241732139594372
71,71,17,1,year_precise,1.0,9.41259848623269e-05,166931,0.9242673399442995
71,140,16,70,other,1.0,8.85891622233665e-05,166947,0.924355929106523
311,313,16,3,other,1.0,8.85891622233665e-05,166963,0.9244445182687463
344,344,16,1,year_precise,1.0,8.85891622233665e-05,166979,0.9245331074309696
307,337,16,31,reign:Constantinian,1.0,8.85891622233665e-05,166995,0.924621696593193
275,275,16,1,year_precise,1.0,8.85891622233665e-05,167011,0.9247102857554164
70,79,16,10,reign:Vespasianic,1.0,8.85891622233665e-05,167027,0.9247988749176398
68,68,16,1,year_precise,1.0,8.85891622233665e-05,167043,0.9248874640798631
174,174,16,1,year_precise,1.0,8.85891622233665e-05,167059,0.9249760532420865
337,350,16,14,other,1.0,8.85891622233665e-05,167075,0.9250646424043099
337,337,16,1,year_precise,1.0,8.85891622233665e-05,167091,0.9251532315665332
18,19,16,2,other,1.0,8.85891622233665e-05,167107,0.9252418207287566
146,146,16,1,year_precise,1.0,8.85891622233665e-05,167123,0.9253304098909799
131,160,16,30,other,1.0,8.85891622233665e-05,167139,0.9254189990532034
-100,50,16,151,bc_ad_boundary,0.6689,8.85891622233665e-05,167155,0.9255075882154267
-29,-12,16,18,other,1.0,8.85891622233665e-05,167171,0.9255961773776501
1,10,16,10,other,1.0,8.85891622233665e-05,167187,0.9256847665398734
1,51,16,51,other,1.0,8.85891622233665e-05,167203,0.9257733557020968
265,265,16,1,year_precise,1.0,8.85891622233665e-05,167219,0.9258619448643202
109,109,16,1,year_precise,1.0,8.85891622233665e-05,167235,0.9259505340265435
-12,14,16,27,bc_ad_boundary,1.0,8.85891622233665e-05,167251,0.9260391231887669
180,185,16,6,other,1.0,8.85891622233665e-05,167267,0.9261277123509902
189,189,16,1,year_precise,1.0,8.85891622233665e-05,167283,0.9262163015132137
1,41,16,41,other,1.0,8.85891622233665e-05,167299,0.926304890675437
231,250,16,20,other,1.0,8.85891622233665e-05,167315,0.9263934798376604
83,83,16,1,year_precise,1.0,8.85891622233665e-05,167331,0.9264820689998837
260,268,16,9,other,1.0,8.85891622233665e-05,167347,0.926570658162107
81,81,16,1,year_precise,1.0,8.85891622233665e-05,167363,0.9266592473243305
171,275,16,105,other,1.0,8.85891622233665e-05,167379,0.9267478364865538
72,74,16,3,other,1.0,8.85891622233665e-05,167395,0.9268364256487772
285,305,16,21,reign:Tetrarchic,1.0,8.85891622233665e-05,167411,0.9269250148110005
76,77,16,2,other,1.0,8.85891622233665e-05,167427,0.927013603973224
258,260,16,3,other,1.0,8.85891622233665e-05,167443,0.9271021931354473
82,82,16,1,year_precise,1.0,8.85891622233665e-05,167459,0.9271907822976707
198,217,16,20,other,1.0,8.85891622233665e-05,167475,0.927279371459894
101,500,16,400,multi_century,0.625,8.85891622233665e-05,167491,0.9273679606221173
103,103,16,1,year_precise,1.0,8.85891622233665e-05,167507,0.9274565497843408
101,330,16,230,other,1.0,8.85891622233665e-05,167523,0.9275451389465641
183,183,15,1,year_precise,1.0,8.305233958440609e-05,167538,0.9276281912861485
23,23,15,1,year_precise,1.0,8.305233958440609e-05,167553,0.927711243625733
341,341,15,1,year_precise,1.0,8.305233958440609e-05,167568,0.9277942959653174
175,175,15,1,year_precise,1.0,8.305233958440609e-05,167583,0.9278773483049018
71,90,15,20,other,1.0,8.305233958440609e-05,167598,0.9279604006444861
70,89,15,20,other,1.0,8.305233958440609e-05,167613,0.9280434529840705
187,187,15,1,year_precise,1.0,8.305233958440609e-05,167628,0.9281265053236549
61,61,15,1,year_precise,1.0,8.305233958440609e-05,167643,0.9282095576632394
55,55,15,1,year_precise,1.0,8.305233958440609e-05,167658,0.9282926100028238
51,170,15,120,other,1.0,8.305233958440609e-05,167673,0.9283756623424082
50,54,15,5,other,1.0,8.305233958440609e-05,167688,0.9284587146819926
43,100,15,58,other,1.0,8.305233958440609e-05,167703,0.928541767021577
171,330,15,160,other,1.0,8.305233958440609e-05,167718,0.9286248193611614
10,10,15,1,year_precise,1.0,8.305233958440609e-05,167733,0.9287078717007458
270,270,15,1,year_precise,1.0,8.305233958440609e-05,167748,0.9287909240403303
254,268,15,15,other,1.0,8.305233958440609e-05,167763,0.9288739763799146
91,140,15,50,other,1.0,8.305233958440609e-05,167778,0.928957028719499
78,78,15,1,year_precise,1.0,8.305233958440609e-05,167793,0.9290400810590834
77,77,15,1,year_precise,1.0,8.305233958440609e-05,167808,0.9291231333986678
-30,37,15,68,bc_ad_boundary,1.0,8.305233958440609e-05,167823,0.9292061857382522
-50,25,15,76,bc_ad_boundary,1.0,8.305233958440609e-05,167838,0.9292892380778367
247,249,15,3,other,1.0,8.305233958440609e-05,167853,0.9293722904174211
161,235,15,75,other,1.0,8.305233958440609e-05,167868,0.9294553427570055
116,116,15,1,year_precise,1.0,8.305233958440609e-05,167883,0.9295383950965899
201,220,15,20,other,1.0,8.305233958440609e-05,167898,0.9296214474361743
232,232,15,1,year_precise,1.0,8.305233958440609e-05,167913,0.9297044997757586
233,233,15,1,year_precise,1.0,8.305233958440609e-05,167928,0.9297875521153431
122,123,15,2,other,1.0,8.305233958440609e-05,167943,0.9298706044549275
120,120,15,1,year_precise,1.0,8.305233958440609e-05,167958,0.9299536567945119
118,118,15,1,year_precise,1.0,8.305233958440609e-05,167973,0.9300367091340963
221,222,15,2,other,1.0,8.305233958440609e-05,167988,0.9301197614736807
130,130,15,1,year_precise,1.0,8.305233958440609e-05,168003,0.9302028138132651
222,223,15,2,other,1.0,8.305233958440609e-05,168018,0.9302858661528495
213,222,15,10,other,1.0,8.305233958440609e-05,168033,0.930368918492434
140,141,15,2,other,1.0,8.305233958440609e-05,168048,0.9304519708320184
349,349,14,1,year_precise,1.0,7.751551694544568e-05,168062,0.9305294863489638
192,192,14,1,year_precise,1.0,7.751551694544568e-05,168076,0.9306070018659093
138,180,14,43,other,1.0,7.751551694544568e-05,168090,0.9306845173828546
138,140,14,3,other,1.0,7.751551694544568e-05,168104,0.9307620328998001
183,185,14,3,other,1.0,7.751551694544568e-05,168118,0.9308395484167455
85,85,14,1,year_precise,1.0,7.751551694544568e-05,168132,0.930917063933691
261,261,14,1,year_precise,1.0,7.751551694544568e-05,168146,0.9309945794506365
81,120,14,40,other,1.0,7.751551694544568e-05,168160,0.9310720949675819
184,184,14,1,year_precise,1.0,7.751551694544568e-05,168174,0.9311496104845274
185,185,14,1,year_precise,1.0,7.751551694544568e-05,168188,0.9312271260014728
21,50,14,30,other,1.0,7.751551694544568e-05,168202,0.9313046415184182
48,48,14,1,year_precise,1.0,7.751551694544568e-05,168216,0.9313821570353636
58,58,14,1,year_precise,1.0,7.751551694544568e-05,168230,0.9314596725523091
190,190,14,1,year_precise,1.0,7.751551694544568e-05,168244,0.9315371880692546
286,293,14,8,other,1.0,7.751551694544568e-05,168258,0.9316147035862
180,180,14,1,year_precise,1.0,7.751551694544568e-05,168272,0.9316922191031455
283,283,14,1,year_precise,1.0,7.751551694544568e-05,168286,0.9317697346200909
176,176,14,1,year_precise,1.0,7.751551694544568e-05,168300,0.9318472501370364
221,250,14,30,other,1.0,7.751551694544568e-05,168314,0.9319247656539819
301,370,14,70,other,0.7143,7.751551694544568e-05,168328,0.9320022811709272
301,325,14,25,other,1.0,7.751551694544568e-05,168342,0.9320797966878727
108,270,14,163,other,1.0,7.751551694544568e-05,168356,0.9321573122048181
155,155,14,1,year_precise,1.0,7.751551694544568e-05,168370,0.9322348277217636
252,253,14,2,other,1.0,7.751551694544568e-05,168384,0.932312343238709
-12,-12,14,1,year_precise,1.0,7.751551694544568e-05,168398,0.9323898587556545
208,211,14,4,other,1.0,7.751551694544568e-05,168412,0.9324673742726
20,20,14,1,year_precise,1.0,7.751551694544568e-05,168426,0.9325448897895454
121,140,14,20,other,1.0,7.751551694544568e-05,168440,0.9326224053064908
120,260,14,141,other,1.0,7.751551694544568e-05,168454,0.9326999208234362
218,235,14,18,other,1.0,7.751551694544568e-05,168468,0.9327774363403817
141,200,14,60,other,1.0,7.751551694544568e-05,168482,0.9328549518573271
131,132,14,2,other,1.0,7.751551694544568e-05,168496,0.9329324673742726
128,129,14,2,other,1.0,7.751551694544568e-05,168510,0.9330099828912181
350,353,13,4,other,0.25,7.197869430648528e-05,168523,0.9330819615855245
346,346,13,1,year_precise,1.0,7.197869430648528e-05,168536,0.933153940279831
343,343,13,1,year_precise,1.0,7.197869430648528e-05,168549,0.9332259189741375
63,70,13,8,other,1.0,7.197869430648528e-05,168562,0.933297897668444
271,450,13,180,other,0.4444,7.197869430648528e-05,168575,0.9333698763627505
170,170,13,1,year_precise,1.0,7.197869430648528e-05,168588,0.933441855057057
172,172,13,1,year_precise,1.0,7.197869430648528e-05,168601,0.9335138337513634
79,100,13,22,other,1.0,7.197869430648528e-05,168614,0.93358581244567
284,313,13,30,other,1.0,7.197869430648528e-05,168627,0.9336577911399764
145,161,13,17,other,1.0,7.197869430648528e-05,168640,0.9337297698342829
136,138,13,3,other,1.0,7.197869430648528e-05,168653,0.9338017485285894
283,284,13,2,other,1.0,7.197869430648528e-05,168666,0.9338737272228959
178,178,13,1,year_precise,1.0,7.197869430648528e-05,168679,0.9339457059172024
14,30,13,17,other,1.0,7.197869430648528e-05,168692,0.9340176846115088
303,303,13,1,year_precise,1.0,7.197869430648528e-05,168705,0.9340896633058153
316,500,13,185,other,0.1892,7.197869430648528e-05,168718,0.9341616420001219
-27,69,13,97,bc_ad_boundary,1.0,7.197869430648528e-05,168731,0.9342336206944283
-27,41,13,69,bc_ad_boundary,1.0,7.197869430648528e-05,168744,0.9343055993887348
131,180,13,50,other,1.0,7.197869430648528e-05,168757,0.9343775780830412
129,130,13,2,other,1.0,7.197869430648528e-05,168770,0.9344495567773478
102,116,13,15,other,1.0,7.197869430648528e-05,168783,0.9345215354716543
100,200,13,101,other,1.0,7.197869430648528e-05,168796,0.9345935141659607
161,222,13,62,other,1.0,7.197869430648528e-05,168809,0.9346654928602672
97,105,13,9,other,1.0,7.197869430648528e-05,168822,0.9347374715545737
-20,-10,13,11,other,1.0,7.197869430648528e-05,168835,0.9348094502488802
6,6,13,1,year_precise,1.0,7.197869430648528e-05,168848,0.9348814289431867
249,250,13,2,other,1.0,7.197869430648528e-05,168861,0.9349534076374931
151,180,13,30,other,1.0,7.197869430648528e-05,168874,0.9350253863317997
106,275,13,170,other,1.0,7.197869430648528e-05,168887,0.9350973650261061
-45,-45,13,1,year_precise,1.0,7.197869430648528e-05,168900,0.9351693437204126
151,190,13,40,other,1.0,7.197869430648528e-05,168913,0.9352413224147191
-2,-1,13,2,other,1.0,7.197869430648528e-05,168926,0.9353133011090256
-70,-41,13,30,other,0.3333,7.197869430648528e-05,168939,0.9353852798033321
229,230,13,2,other,1.0,7.197869430648528e-05,168952,0.9354572584976385
40,40,13,1,year_precise,1.0,7.197869430648528e-05,168965,0.935529237191945
41,96,13,56,other,1.0,7.197869430648528e-05,168978,0.9356012158862516
182,185,12,4,other,1.0,6.644187166752487e-05,168990,0.935667657757919
347,347,12,1,year_precise,1.0,6.644187166752487e-05,169002,0.9357340996295865
215,217,12,3,other,1.0,6.644187166752487e-05,169014,0.9358005415012541
33,34,12,2,other,1.0,6.644187166752487e-05,169026,0.9358669833729216
-5,-1,12,5,other,1.0,6.644187166752487e-05,169038,0.9359334252445891
172,174,12,3,other,1.0,6.644187166752487e-05,169050,0.9359998671162567
159,160,12,2,other,1.0,6.644187166752487e-05,169062,0.9360663089879242
274,274,12,1,year_precise,1.0,6.644187166752487e-05,169074,0.9361327508595917
239,240,12,2,other,1.0,6.644187166752487e-05,169086,0.9361991927312593
202,205,12,4,other,1.0,6.644187166752487e-05,169098,0.9362656346029268
109,110,12,2,other,1.0,6.644187166752487e-05,169110,0.9363320764745943
1,71,12,71,other,1.0,6.644187166752487e-05,169122,0.9363985183462619
-10,40,12,51,bc_ad_boundary,1.0,6.644187166752487e-05,169134,0.9364649602179294
151,600,12,450,multi_century,0.4444,6.644187166752487e-05,169146,0.9365314020895968
201,225,12,25,other,1.0,6.644187166752487e-05,169158,0.9365978439612644
54,70,12,17,other,1.0,6.644187166752487e-05,169170,0.9366642858329319
317,326,12,10,other,1.0,6.644187166752487e-05,169182,0.9367307277045994
51,125,12,75,other,1.0,6.644187166752487e-05,169194,0.9367971695762669
18,18,12,1,year_precise,1.0,6.644187166752487e-05,169206,0.9368636114479345
31,56,12,26,other,1.0,6.644187166752487e-05,169218,0.936930053319602
42,42,12,1,year_precise,1.0,6.644187166752487e-05,169230,0.9369964951912695
162,163,12,2,other,1.0,6.644187166752487e-05,169242,0.9370629370629371
-50,70,12,121,bc_ad_boundary,1.0,6.644187166752487e-05,169254,0.9371293789346046
88,88,12,1,year_precise,1.0,6.644187166752487e-05,169266,0.9371958208062721
-13,-12,12,2,other,1.0,6.644187166752487e-05,169278,0.9372622626779397
127,127,12,1,year_precise,1.0,6.644187166752487e-05,169290,0.9373287045496072
195,198,12,4,other,1.0,6.644187166752487e-05,169302,0.9373951464212746
99,99,12,1,year_precise,1.0,6.644187166752487e-05,169314,0.9374615882929422
101,102,12,2,other,1.0,6.644187166752487e-05,169326,0.9375280301646097
101,120,12,20,other,1.0,6.644187166752487e-05,169338,0.9375944720362772
76,200,12,125,other,1.0,6.644187166752487e-05,169350,0.9376609139079448
196,197,12,2,other,1.0,6.644187166752487e-05,169362,0.9377273557796123
111,111,12,1,year_precise,1.0,6.644187166752487e-05,169374,0.9377937976512798
43,200,12,158,other,1.0,6.644187166752487e-05,169386,0.9378602395229474
97,101,12,5,other,1.0,6.644187166752487e-05,169398,0.9379266813946149
-31,-1,12,31,other,1.0,6.644187166752487e-05,169410,0.9379931232662824
161,275,12,115,other,1.0,6.644187166752487e-05,169422,0.93805956513795
166,169,12,4,other,1.0,6.644187166752487e-05,169434,0.9381260070096175
-2,2,12,5,bc_ad_boundary,1.0,6.644187166752487e-05,169446,0.938192448881285
79,300,12,222,other,1.0,6.644187166752487e-05,169458,0.9382588907529525
75,300,12,226,other,1.0,6.644187166752487e-05,169470,0.93832533262462
45,45,11,1,year_precise,1.0,6.0905049028564466e-05,169481,0.9383862376736486
198,222,11,25,other,1.0,6.0905049028564466e-05,169492,0.9384471427226772
163,164,11,2,other,1.0,6.0905049028564466e-05,169503,0.9385080477717057
138,170,11,33,other,1.0,6.0905049028564466e-05,169514,0.9385689528207343
210,211,11,2,other,1.0,6.0905049028564466e-05,169525,0.9386298578697628
336,336,11,1,year_precise,1.0,6.0905049028564466e-05,169536,0.9386907629187914
339,339,11,1,year_precise,1.0,6.0905049028564466e-05,169547,0.93875166796782
95,95,11,1,year_precise,1.0,6.0905049028564466e-05,169558,0.9388125730168485
6,10,11,5,other,1.0,6.0905049028564466e-05,169569,0.9388734780658771
31,31,11,1,year_precise,1.0,6.0905049028564466e-05,169580,0.9389343831149057
42,54,11,13,reign:Claudian,1.0,6.0905049028564466e-05,169591,0.9389952881639343
324,324,11,1,year_precise,1.0,6.0905049028564466e-05,169602,0.9390561932129629
38,38,11,1,year_precise,1.0,6.0905049028564466e-05,169613,0.9391170982619914
-15,-15,11,1,year_precise,1.0,6.0905049028564466e-05,169624,0.93917800331102
175,180,11,6,other,1.0,6.0905049028564466e-05,169635,0.9392389083600485
-6,10,11,17,bc_ad_boundary,1.0,6.0905049028564466e-05,169646,0.9392998134090771
151,175,11,25,other,1.0,6.0905049028564466e-05,169657,0.9393607184581056
164,165,11,2,other,1.0,6.0905049028564466e-05,169668,0.9394216235071342
271,274,11,4,other,1.0,6.0905049028564466e-05,169679,0.9394825285561628
9,56,11,48,other,1.0,6.0905049028564466e-05,169690,0.9395434336051913
63,68,11,6,other,1.0,6.0905049028564466e-05,169701,0.9396043386542199
102,114,11,13,other,1.0,6.0905049028564466e-05,169712,0.9396652437032484
101,117,11,17,other,1.0,6.0905049028564466e-05,169723,0.939726148752277
-27,-11,11,17,other,1.0,6.0905049028564466e-05,169734,0.9397870538013056
-30,200,11,231,bc_ad_boundary,1.0,6.0905049028564466e-05,169745,0.9398479588503341
54,54,11,1,year_precise,1.0,6.0905049028564466e-05,169756,0.9399088638993627
65,65,11,1,year_precise,1.0,6.0905049028564466e-05,169767,0.9399697689483912
61,79,11,19,other,1.0,6.0905049028564466e-05,169778,0.9400306739974198
191,225,11,35,other,1.0,6.0905049028564466e-05,169789,0.9400915790464484
191,220,11,30,other,1.0,6.0905049028564466e-05,169800,0.9401524840954769
71,77,11,7,other,1.0,6.0905049028564466e-05,169811,0.9402133891445056
71,74,11,4,other,1.0,6.0905049028564466e-05,169822,0.9402742941935341
11,50,11,40,other,1.0,6.0905049028564466e-05,169833,0.9403351992425627
-50,-44,11,7,other,1.0,6.0905049028564466e-05,169844,0.9403961042915913
52,52,11,1,year_precise,1.0,6.0905049028564466e-05,169855,0.9404570093406198
305,311,11,7,other,1.0,6.0905049028564466e-05,169866,0.9405179143896484
1,42,11,42,other,1.0,6.0905049028564466e-05,169877,0.9405788194386769
313,317,11,5,other,1.0,6.0905049028564466e-05,169888,0.9406397244877055
317,317,11,1,year_precise,1.0,6.0905049028564466e-05,169899,0.9407006295367341
1,37,11,37,other,1.0,6.0905049028564466e-05,169910,0.9407615345857626
117,180,11,64,other,1.0,6.0905049028564466e-05,169921,0.9408224396347912
260,269,11,10,other,1.0,6.0905049028564466e-05,169932,0.9408833446838197
282,282,11,1,year_precise,1.0,6.0905049028564466e-05,169943,0.9409442497328483
312,312,11,1,year_precise,1.0,6.0905049028564466e-05,169954,0.9410051547818769
313,316,11,4,other,1.0,6.0905049028564466e-05,169965,0.9410660598309054
94,94,11,1,year_precise,1.0,6.0905049028564466e-05,169976,0.941126964879934
171,400,11,230,other,0.7826,6.0905049028564466e-05,169987,0.9411878699289625
177,177,11,1,year_precise,1.0,6.0905049028564466e-05,169998,0.9412487749779911
35,36,10,2,other,1.0,5.536822638960406e-05,170008,0.9413041432043807
340,340,10,1,year_precise,1.0,5.536822638960406e-05,170018,0.9413595114307703
338,338,10,1,year_precise,1.0,5.536822638960406e-05,170028,0.94141487965716
212,300,10,89,other,1.0,5.536822638960406e-05,170038,0.9414702478835495
141,170,10,30,other,1.0,5.536822638960406e-05,170048,0.9415256161099391
-5,-5,10,1,year_precise,1.0,5.536822638960406e-05,170058,0.9415809843363288
138,250,10,113,other,1.0,5.536822638960406e-05,170068,0.9416363525627184
139,140,10,2,other,1.0,5.536822638960406e-05,170078,0.941691720789108
140,144,10,5,other,1.0,5.536822638960406e-05,170088,0.9417470890154975
211,250,10,40,other,1.0,5.536822638960406e-05,170098,0.9418024572418872
-42,-42,10,1,year_precise,1.0,5.536822638960406e-05,170108,0.9418578254682768
1,1,10,1,year_precise,1.0,5.536822638960406e-05,170118,0.9419131936946664
321,321,10,1,year_precise,1.0,5.536822638960406e-05,170128,0.9419685619210559
114,117,10,4,other,1.0,5.536822638960406e-05,170138,0.9420239301474456
41,300,10,260,other,1.0,5.536822638960406e-05,170148,0.9420792983738352
41,200,10,160,other,1.0,5.536822638960406e-05,170158,0.9421346666002248
117,250,10,134,other,1.0,5.536822638960406e-05,170168,0.9421900348266145
201,210,10,10,other,1.0,5.536822638960406e-05,170178,0.942245403053004
14,42,10,29,other,1.0,5.536822638960406e-05,170188,0.9423007712793936
14,41,10,28,other,1.0,5.536822638960406e-05,170198,0.9423561395057832
231,233,10,3,other,1.0,5.536822638960406e-05,170208,0.9424115077321729
-30,250,10,281,bc_ad_boundary,1.0,5.536822638960406e-05,170218,0.9424668759585624
14,20,10,7,other,1.0,5.536822638960406e-05,170228,0.942522244184952
14,23,10,10,other,1.0,5.536822638960406e-05,170238,0.9425776124113416
180,191,10,12,reign:Commodan,1.0,5.536822638960406e-05,170248,0.9426329806377313
274,400,10,127,other,0.6063,5.536822638960406e-05,170258,0.9426883488641208
274,275,10,2,other,1.0,5.536822638960406e-05,170268,0.9427437170905104
1,151,10,151,other,1.0,5.536822638960406e-05,170278,0.9427990853169
158,159,10,2,other,1.0,5.536822638960406e-05,170288,0.9428544535432897
-27,-1,10,27,other,1.0,5.536822638960406e-05,170298,0.9429098217696793
131,260,10,130,other,1.0,5.536822638960406e-05,170308,0.9429651899960688
-40,-11,10,30,other,1.0,5.536822638960406e-05,170318,0.9430205582224584
143,143,10,1,year_precise,1.0,5.536822638960406e-05,170328,0.9430759264488481
290,290,10,1,year_precise,1.0,5.536822638960406e-05,170338,0.9431312946752377
62,62,10,1,year_precise,1.0,5.536822638960406e-05,170348,0.9431866629016272
110,125,10,16,other,1.0,5.536822638960406e-05,170358,0.9432420311280169
62,75,10,14,other,1.0,5.536822638960406e-05,170368,0.9432973993544065
301,301,10,1,year_precise,1.0,5.536822638960406e-05,170378,0.9433527675807961
176,230,10,55,other,1.0,5.536822638960406e-05,170388,0.9434081358071857
78,84,10,7,other,1.0,5.536822638960406e-05,170398,0.9434635040335753
80,81,10,2,other,1.0,5.536822638960406e-05,170408,0.9435188722599649
86,86,10,1,year_precise,1.0,5.536822638960406e-05,170418,0.9435742404863545
1,270,10,270,other,1.0,5.536822638960406e-05,170428,0.9436296087127442
81,140,10,60,other,1.0,5.536822638960406e-05,170438,0.9436849769391337
-50,150,10,201,bc_ad_boundary,1.0,5.536822638960406e-05,170448,0.9437403451655233
285,286,10,2,other,1.0,5.536822638960406e-05,170458,0.9437957133919129
248,248,10,1,year_precise,1.0,5.536822638960406e-05,170468,0.9438510816183026
91,250,10,160,other,1.0,5.536822638960406e-05,170478,0.9439064498446921
91,110,10,20,other,1.0,5.536822638960406e-05,170488,0.9439618180710817
163,165,10,3,other,1.0,5.536822638960406e-05,170498,0.9440171862974713
4,50,10,47,other,1.0,5.536822638960406e-05,170508,0.944072554523861
90,90,10,1,year_precise,1.0,5.536822638960406e-05,170518,0.9441279227502506
4,4,10,1,year_precise,1.0,5.536822638960406e-05,170528,0.9441832909766401
331,331,10,1,year_precise,1.0,5.536822638960406e-05,170538,0.9442386592030297
36,37,10,2,other,1.0,5.536822638960406e-05,170548,0.9442940274294194
19,19,10,1,year_precise,1.0,5.536822638960406e-05,170558,0.944349395655809
38,41,10,4,reign:Caligulan,1.0,5.536822638960406e-05,170568,0.9444047638821985
326,333,9,8,other,1.0,4.9831403750643654e-05,170577,0.9444545952859492
42,150,9,109,other,1.0,4.9831403750643654e-05,170586,0.9445044266896998
180,270,9,91,other,1.0,4.9831403750643654e-05,170595,0.9445542580934505
257,257,9,1,year_precise,1.0,4.9831403750643654e-05,170604,0.9446040894972011
45,46,9,2,other,1.0,4.9831403750643654e-05,170613,0.9446539209009518
313,313,9,1,year_precise,1.0,4.9831403750643654e-05,170622,0.9447037523047024
192,193,9,2,other,1.0,4.9831403750643654e-05,170631,0.9447535837084531
217,250,9,34,other,1.0,4.9831403750643654e-05,170640,0.9448034151122037
-5,40,9,46,bc_ad_boundary,1.0,4.9831403750643654e-05,170649,0.9448532465159544
-30,1,9,32,bc_ad_boundary,1.0,4.9831403750643654e-05,170658,0.944903077919705
226,250,9,25,other,1.0,4.9831403750643654e-05,170667,0.9449529093234557
164,166,9,3,other,1.0,4.9831403750643654e-05,170676,0.9450027407272062
256,256,9,1,year_precise,1.0,4.9831403750643654e-05,170685,0.945052572130957
-31,14,9,46,bc_ad_boundary,1.0,4.9831403750643654e-05,170694,0.9451024035347075
131,131,9,1,year_precise,1.0,4.9831403750643654e-05,170703,0.9451522349384582
194,195,9,2,other,1.0,4.9831403750643654e-05,170712,0.9452020663422088
193,194,9,2,other,1.0,4.9831403750643654e-05,170721,0.9452518977459595
141,300,9,160,other,1.0,4.9831403750643654e-05,170730,0.9453017291497101
194,250,9,57,other,1.0,4.9831403750643654e-05,170739,0.9453515605534608
96,130,9,35,other,1.0,4.9831403750643654e-05,170748,0.9454013919572114
85,92,9,8,other,1.0,4.9831403750643654e-05,170757,0.9454512233609621
253,255,9,3,other,1.0,4.9831403750643654e-05,170766,0.9455010547647127
255,255,9,1,year_precise,1.0,4.9831403750643654e-05,170775,0.9455508861684634
269,271,9,3,other,1.0,4.9831403750643654e-05,170784,0.945600717572214
171,260,9,90,other,1.0,4.9831403750643654e-05,170793,0.9456505489759647
167,200,9,34,other,1.0,4.9831403750643654e-05,170802,0.9457003803797153
126,275,9,150,other,1.0,4.9831403750643654e-05,170811,0.945750211783466
1,260,9,260,other,1.0,4.9831403750643654e-05,170820,0.9458000431872166
1,350,9,350,multi_century,1.0,4.9831403750643654e-05,170829,0.9458498745909673
72,72,9,1,year_precise,1.0,4.9831403750643654e-05,170838,0.9458997059947178
71,330,9,260,other,1.0,4.9831403750643654e-05,170847,0.9459495373984685
117,117,9,1,year_precise,1.0,4.9831403750643654e-05,170856,0.9459993688022191
41,150,9,110,other,1.0,4.9831403750643654e-05,170865,0.9460492002059698
40,41,9,2,other,1.0,4.9831403750643654e-05,170874,0.9460990316097204
41,120,9,80,other,1.0,4.9831403750643654e-05,170883,0.9461488630134711
117,300,9,184,other,1.0,4.9831403750643654e-05,170892,0.9461986944172217
1,33,9,33,other,1.0,4.9831403750643654e-05,170901,0.9462485258209724
121,130,9,10,other,1.0,4.9831403750643654e-05,170910,0.946298357224723
185,192,9,8,other,1.0,4.9831403750643654e-05,170919,0.9463481886284737
-16,-16,9,1,year_precise,1.0,4.9831403750643654e-05,170928,0.9463980200322243
147,161,9,15,other,1.0,4.9831403750643654e-05,170937,0.946447851435975
208,209,9,2,other,1.0,4.9831403750643654e-05,170946,0.9464976828397256
69,81,9,13,other,1.0,4.9831403750643654e-05,170955,0.9465475142434763
286,286,9,1,year_precise,1.0,4.9831403750643654e-05,170964,0.9465973456472269
68,69,9,2,other,1.0,4.9831403750643654e-05,170973,0.9466471770509776
-8,15,9,24,bc_ad_boundary,1.0,4.9831403750643654e-05,170982,0.9466970084547282
1,101,9,101,other,1.0,4.9831403750643654e-05,170991,0.9467468398584789
110,110,9,1,year_precise,1.0,4.9831403750643654e-05,171000,0.9467966712622294
-20,100,9,121,bc_ad_boundary,1.0,4.9831403750643654e-05,171009,0.9468465026659801
197,275,9,79,other,1.0,4.9831403750643654e-05,171018,0.9468963340697307
107,230,9,124,other,1.0,4.9831403750643654e-05,171027,0.9469461654734814
1,125,9,125,other,1.0,4.9831403750643654e-05,171036,0.946995996877232
108,200,9,93,other,1.0,4.9831403750643654e-05,171045,0.9470458282809827
295,295,9,1,year_precise,1.0,4.9831403750643654e-05,171054,0.9470956596847333
106,106,9,1,year_precise,1.0,4.9831403750643654e-05,171063,0.947145491088484
71,80,9,10,other,1.0,4.9831403750643654e-05,171072,0.9471953224922346
237,238,9,2,other,1.0,4.9831403750643654e-05,171081,0.9472451538959853
133,134,9,2,other,1.0,4.9831403750643654e-05,171090,0.9472949852997359
134,135,9,2,other,1.0,4.9831403750643654e-05,171099,0.9473448167034866
251,500,9,250,multi_century,0.4,4.9831403750643654e-05,171108,0.9473946481072372
70,130,9,61,other,1.0,4.9831403750643654e-05,171117,0.9474444795109879
104,104,9,1,year_precise,1.0,4.9831403750643654e-05,171126,0.9474943109147385
175,176,9,2,other,1.0,4.9831403750643654e-05,171135,0.9475441423184892
-9,-9,9,1,year_precise,1.0,4.9831403750643654e-05,171144,0.9475939737222397
151,152,9,2,other,1.0,4.9831403750643654e-05,171153,0.9476438051259904
175,177,9,3,other,1.0,4.9831403750643654e-05,171162,0.947693636529741
123,124,9,2,other,1.0,4.9831403750643654e-05,171171,0.9477434679334917
125,125,9,1,year_precise,1.0,4.9831403750643654e-05,171180,0.9477932993372423
124,125,9,2,other,1.0,4.9831403750643654e-05,171189,0.947843130740993
222,270,9,49,other,1.0,4.9831403750643654e-05,171198,0.9478929621447436
224,235,9,12,other,1.0,4.9831403750643654e-05,171207,0.9479427935484943
310,311,9,2,other,1.0,4.9831403750643654e-05,171216,0.9479926249522449
309,310,9,2,other,1.0,4.9831403750643654e-05,171225,0.9480424563559956
54,79,9,26,other,1.0,4.9831403750643654e-05,171234,0.9480922877597462
305,310,9,6,other,1.0,4.9831403750643654e-05,171243,0.9481421191634969
54,69,9,16,reign:Neronian,1.0,4.9831403750643654e-05,171252,0.9481919505672475
26,26,9,1,year_precise,1.0,4.9831403750643654e-05,171261,0.9482417819709982
15,15,9,1,year_precise,1.0,4.9831403750643654e-05,171270,0.9482916133747488
-51,-1,9,51,other,0.9804,4.9831403750643654e-05,171279,0.9483414447784995
181,250,9,70,other,1.0,4.9831403750643654e-05,171288,0.94839127618225
31,250,9,220,other,1.0,4.9831403750643654e-05,171297,0.9484411075860006
19,37,9,19,other,1.0,4.9831403750643654e-05,171306,0.9484909389897513
339,341,9,3,other,1.0,4.9831403750643654e-05,171315,0.9485407703935019
31,80,9,50,other,1.0,4.9831403750643654e-05,171324,0.9485906017972526
35,35,9,1,year_precise,1.0,4.9831403750643654e-05,171333,0.9486404332010032
-80,-1,9,80,other,0.625,4.9831403750643654e-05,171342,0.9486902646047539
333,333,9,1,year_precise,1.0,4.9831403750643654e-05,171351,0.9487400960085045
-10,50,9,61,bc_ad_boundary,1.0,4.9831403750643654e-05,171360,0.9487899274122552
-25,30,9,56,bc_ad_boundary,1.0,4.9831403750643654e-05,171369,0.9488397588160058
202,203,9,2,other,1.0,4.9831403750643654e-05,171378,0.9488895902197565
55,70,9,16,other,1.0,4.9831403750643654e-05,171387,0.9489394216235071
262,262,8,1,year_precise,1.0,4.429458111168325e-05,171395,0.9489837162046189
9,69,8,61,other,1.0,4.429458111168325e-05,171403,0.9490280107857305
79,96,8,18,other,1.0,4.429458111168325e-05,171411,0.9490723053668422
171,210,8,40,other,1.0,4.429458111168325e-05,171419,0.9491165999479538
170,230,8,61,other,1.0,4.429458111168325e-05,171427,0.9491608945290656
170,180,8,11,other,1.0,4.429458111168325e-05,171435,0.9492051891101773
168,169,8,2,other,1.0,4.429458111168325e-05,171443,0.9492494836912889
73,74,8,2,other,1.0,4.429458111168325e-05,171451,0.9492937782724006
85,120,8,36,other,1.0,4.429458111168325e-05,171459,0.9493380728535122
97,98,8,2,other,1.0,4.429458111168325e-05,171467,0.949382367434624
167,275,8,109,other,1.0,4.429458111168325e-05,171475,0.9494266620157357
-3,-2,8,2,other,1.0,4.429458111168325e-05,171483,0.9494709565968473
329,329,8,1,year_precise,1.0,4.429458111168325e-05,171491,0.949515251177959
-22,-15,8,8,other,1.0,4.429458111168325e-05,171499,0.9495595457590706
15,100,8,86,other,1.0,4.429458111168325e-05,171507,0.9496038403401824
311,311,8,1,year_precise,1.0,4.429458111168325e-05,171515,0.9496481349212941
323,323,8,1,year_precise,1.0,4.429458111168325e-05,171523,0.9496924295024057
327,327,8,1,year_precise,1.0,4.429458111168325e-05,171531,0.9497367240835174
43,44,8,2,other,1.0,4.429458111168325e-05,171539,0.9497810186646292
37,70,8,34,other,1.0,4.429458111168325e-05,171547,0.9498253132457408
272,275,8,4,other,1.0,4.429458111168325e-05,171555,0.9498696078268525
271,271,8,1,year_precise,1.0,4.429458111168325e-05,171563,0.9499139024079641
258,258,8,1,year_precise,1.0,4.429458111168325e-05,171571,0.9499581969890758
166,180,8,15,other,1.0,4.429458111168325e-05,171579,0.9500024915701876
165,166,8,2,other,1.0,4.429458111168325e-05,171587,0.9500467861512992
164,169,8,6,other,1.0,4.429458111168325e-05,171595,0.9500910807324109
84,84,8,1,year_precise,1.0,4.429458111168325e-05,171603,0.9501353753135225
81,117,8,37,other,1.0,4.429458111168325e-05,171611,0.9501796698946343
101,110,8,10,other,1.0,4.429458111168325e-05,171619,0.950223964475746
-70,50,8,121,bc_ad_boundary,0.8347,4.429458111168325e-05,171627,0.9502682590568576
101,160,8,60,other,1.0,4.429458111168325e-05,171635,0.9503125536379693
-13,-13,8,1,year_precise,1.0,4.429458111168325e-05,171643,0.950356848219081
99,100,8,2,other,1.0,4.429458111168325e-05,171651,0.9504011428001927
100,300,8,201,other,1.0,4.429458111168325e-05,171659,0.9504454373813044
44,44,8,1,year_precise,1.0,4.429458111168325e-05,171667,0.950489731962416
331,700,8,370,other,0.0541,4.429458111168325e-05,171675,0.9505340265435277
312,315,8,4,other,1.0,4.429458111168325e-05,171683,0.9505783211246395
162,166,8,5,other,1.0,4.429458111168325e-05,171691,0.9506226157057511
-31,30,8,62,bc_ad_boundary,1.0,4.429458111168325e-05,171699,0.9506669102868628
4,19,8,16,other,1.0,4.429458111168325e-05,171707,0.9507112048679744
1,180,8,180,other,1.0,4.429458111168325e-05,171715,0.9507554994490861
103,117,8,15,other,1.0,4.429458111168325e-05,171723,0.9507997940301979
-11,-11,8,1,year_precise,1.0,4.429458111168325e-05,171731,0.9508440886113095
176,180,8,5,other,1.0,4.429458111168325e-05,171739,0.9508883831924212
-20,40,8,61,bc_ad_boundary,1.0,4.429458111168325e-05,171747,0.9509326777735329
61,100,8,40,other,1.0,4.429458111168325e-05,171755,0.9509769723546445
161,175,8,15,other,1.0,4.429458111168325e-05,171763,0.9510212669357563
196,211,8,16,other,1.0,4.429458111168325e-05,171771,0.9510655615168679
107,117,8,11,other,1.0,4.429458111168325e-05,171779,0.9511098560979796
107,108,8,2,other,1.0,4.429458111168325e-05,171787,0.9511541506790913
64,74,8,11,other,1.0,4.429458111168325e-05,171795,0.951198445260203
107,167,8,61,other,1.0,4.429458111168325e-05,171803,0.9512427398413147
112,117,8,6,other,1.0,4.429458111168325e-05,171811,0.9512870344224263
142,200,8,59,other,1.0,4.429458111168325e-05,171819,0.951331329003538
-27,10,8,38,bc_ad_boundary,1.0,4.429458111168325e-05,171827,0.9513756235846497
205,207,8,3,other,1.0,4.429458111168325e-05,171835,0.9514199181657614
301,305,8,5,other,1.0,4.429458111168325e-05,171843,0.9514642127468731
12,12,8,1,year_precise,1.0,4.429458111168325e-05,171851,0.9515085073279848
288,288,8,1,year_precise,1.0,4.429458111168325e-05,171859,0.9515528019090964
67,67,8,1,year_precise,1.0,4.429458111168325e-05,171867,0.9515970964902082
-100,-30,8,71,other,0.2958,4.429458111168325e-05,171875,0.9516413910713198
70,100,8,31,other,1.0,4.429458111168325e-05,171883,0.9516856856524315
251,270,8,20,other,1.0,4.429458111168325e-05,171891,0.9517299802335432
-15,15,8,31,bc_ad_boundary,1.0,4.429458111168325e-05,171899,0.9517742748146548
125,126,8,2,other,1.0,4.429458111168325e-05,171907,0.9518185693957666
222,224,8,3,other,1.0,4.429458111168325e-05,171915,0.9518628639768782
151,330,8,180,other,1.0,4.429458111168325e-05,171923,0.9519071585579899
177,178,8,2,other,1.0,4.429458111168325e-05,171931,0.9519514531391016
202,204,8,3,other,1.0,4.429458111168325e-05,171939,0.9519957477202132
156,156,8,1,year_precise,1.0,4.429458111168325e-05,171947,0.952040042301325
158,161,8,4,other,1.0,4.429458111168325e-05,171955,0.9520843368824367
161,163,8,3,other,1.0,4.429458111168325e-05,171963,0.9521286314635483
71,116,8,46,other,1.0,4.429458111168325e-05,171971,0.95217292604466
180,183,8,4,other,1.0,4.429458111168325e-05,171979,0.9522172206257717
177,192,8,16,other,1.0,4.429458111168325e-05,171987,0.9522615152068834
191,210,8,20,other,1.0,4.429458111168325e-05,171995,0.9523058097879951
45,70,8,26,other,1.0,4.429458111168325e-05,172003,0.9523501043691067
47,48,8,2,other,1.0,4.429458111168325e-05,172011,0.9523943989502184
50,50,8,1,year_precise,1.0,4.429458111168325e-05,172019,0.9524386935313301
50,100,8,51,other,1.0,4.429458111168325e-05,172027,0.9524829881124418
14,69,8,56,other,1.0,4.429458111168325e-05,172035,0.9525272826935535
308,312,8,5,other,1.0,4.429458111168325e-05,172043,0.9525715772746651
307,308,8,2,other,1.0,4.429458111168325e-05,172051,0.9526158718557769
14,75,8,62,other,1.0,4.429458111168325e-05,172059,0.9526601664368886
14,19,8,6,other,1.0,4.429458111168325e-05,172067,0.9527044610180002
61,62,8,2,other,1.0,4.429458111168325e-05,172075,0.9527487555991119
201,215,8,15,other,1.0,4.429458111168325e-05,172083,0.9527930501802235
-90,-31,8,60,other,0.3333,4.429458111168325e-05,172091,0.9528373447613353
-10,14,8,25,bc_ad_boundary,1.0,4.429458111168325e-05,172099,0.952881639342447
151,500,8,350,multi_century,0.5714,4.429458111168325e-05,172107,0.9529259339235586
1,54,8,54,other,1.0,4.429458111168325e-05,172115,0.9529702285046703
113,113,8,1,year_precise,1.0,4.429458111168325e-05,172123,0.9530145230857819
39,114,8,76,other,1.0,4.429458111168325e-05,172131,0.9530588176668937
41,69,8,29,other,1.0,4.429458111168325e-05,172139,0.9531031122480054
117,270,8,154,other,1.0,4.429458111168325e-05,172147,0.953147406829117
231,260,8,30,other,1.0,4.429458111168325e-05,172155,0.9531917014102287
119,120,8,2,other,1.0,4.429458111168325e-05,172163,0.9532359959913405
185,191,8,7,other,1.0,4.429458111168325e-05,172171,0.9532802905724521
1,43,8,43,other,1.0,4.429458111168325e-05,172179,0.9533245851535638
118,200,8,83,other,1.0,4.429458111168325e-05,172187,0.9533688797346754
212,235,8,24,other,1.0,4.429458111168325e-05,172195,0.9534131743157871
209,210,8,2,other,1.0,4.429458111168325e-05,172203,0.9534574688968989
211,213,8,3,other,1.0,4.429458111168325e-05,172211,0.9535017634780105
150,250,8,101,other,1.0,4.429458111168325e-05,172219,0.9535460580591222
39,39,8,1,year_precise,1.0,4.429458111168325e-05,172227,0.9535903526402338
-7,20,8,28,bc_ad_boundary,1.0,4.429458111168325e-05,172235,0.9536346472213456
21,21,8,1,year_precise,1.0,4.429458111168325e-05,172243,0.9536789418024573
342,342,8,1,year_precise,1.0,4.429458111168325e-05,172251,0.9537232363835689
270,271,7,2,other,1.0,3.875775847272284e-05,172258,0.9537619941420417
269,270,7,2,other,1.0,3.875775847272284e-05,172265,0.9538007519005144
269,269,7,1,year_precise,1.0,3.875775847272284e-05,172272,0.9538395096589871
268,268,7,1,year_precise,1.0,3.875775847272284e-05,172279,0.9538782674174598
50,150,7,101,other,1.0,3.875775847272284e-05,172286,0.9539170251759326
-33,-33,7,1,year_precise,1.0,3.875775847272284e-05,172293,0.9539557829344053
126,127,7,2,other,1.0,3.875775847272284e-05,172300,0.953994540692878
53,53,7,1,year_precise,1.0,3.875775847272284e-05,172307,0.9540332984513507
51,400,7,350,multi_century,0.8571,3.875775847272284e-05,172314,0.9540720562098234
48,49,7,2,other,1.0,3.875775847272284e-05,172321,0.9541108139682961
279,280,7,2,other,1.0,3.875775847272284e-05,172328,0.9541495717267688
60,60,7,1,year_precise,1.0,3.875775847272284e-05,172335,0.9541883294852416
245,255,7,11,other,1.0,3.875775847272284e-05,172342,0.9542270872437143
63,63,7,1,year_precise,1.0,3.875775847272284e-05,172349,0.954265845002187
-46,-46,7,1,year_precise,1.0,3.875775847272284e-05,172356,0.9543046027606598
244,246,7,3,other,1.0,3.875775847272284e-05,172363,0.9543433605191325
66,66,7,1,year_precise,1.0,3.875775847272284e-05,172370,0.9543821182776052
283,285,7,3,other,1.0,3.875775847272284e-05,172377,0.954420876036078
-71,-30,7,42,other,0.5,3.875775847272284e-05,172384,0.9544596337945507
122,400,7,279,other,0.8208,3.875775847272284e-05,172391,0.9544983915530234
231,330,7,100,other,1.0,3.875775847272284e-05,172398,0.9545371493114961
15,40,7,26,other,1.0,3.875775847272284e-05,172405,0.9545759070699689
11,25,7,15,other,1.0,3.875775847272284e-05,172412,0.9546146648284416
71,78,7,8,other,1.0,3.875775847272284e-05,172419,0.9546534225869143
70,400,7,331,other,0.8489,3.875775847272284e-05,172426,0.9546921803453869
11,11,7,1,year_precise,1.0,3.875775847272284e-05,172433,0.9547309381038597
71,400,7,330,other,0.8485,3.875775847272284e-05,172440,0.9547696958623324
75,79,7,5,other,1.0,3.875775847272284e-05,172447,0.9548084536208051
214,215,7,2,other,1.0,3.875775847272284e-05,172454,0.9548472113792779
213,250,7,38,other,1.0,3.875775847272284e-05,172461,0.9548859691377506
-27,200,7,228,bc_ad_boundary,1.0,3.875775847272284e-05,172468,0.9549247268962233
211,235,7,25,other,1.0,3.875775847272284e-05,172475,0.954963484654696
293,337,7,45,other,1.0,3.875775847272284e-05,172482,0.9550022424131688
150,200,7,51,other,1.0,3.875775847272284e-05,172489,0.9550410001716415
327,328,7,2,other,1.0,3.875775847272284e-05,172496,0.9550797579301142
-100,300,7,401,bc_ad_boundary,0.8753,3.875775847272284e-05,172503,0.955118515688587
201,202,7,2,other,1.0,3.875775847272284e-05,172510,0.9551572734470597
7,7,7,1,year_precise,1.0,3.875775847272284e-05,172517,0.9551960312055324
87,87,7,1,year_precise,1.0,3.875775847272284e-05,172524,0.9552347889640052
88,96,7,9,other,1.0,3.875775847272284e-05,172531,0.9552735467224779
300,313,7,14,other,1.0,3.875775847272284e-05,172538,0.9553123044809506
40,80,7,41,other,1.0,3.875775847272284e-05,172545,0.9553510622394232
299,299,7,1,year_precise,1.0,3.875775847272284e-05,172552,0.955389819997896
297,297,7,1,year_precise,1.0,3.875775847272284e-05,172559,0.9554285777563687
198,200,7,3,other,1.0,3.875775847272284e-05,172566,0.9554673355148414
197,300,7,104,other,1.0,3.875775847272284e-05,172573,0.9555060932733141
195,215,7,21,other,1.0,3.875775847272284e-05,172580,0.9555448510317869
92,92,7,1,year_precise,1.0,3.875775847272284e-05,172587,0.9555836087902596
96,97,7,2,other,1.0,3.875775847272284e-05,172594,0.9556223665487323
5,6,7,2,other,1.0,3.875775847272284e-05,172601,0.9556611243072051
195,197,7,3,other,1.0,3.875775847272284e-05,172608,0.9556998820656778
195,196,7,2,other,1.0,3.875775847272284e-05,172615,0.9557386398241505
117,192,7,76,other,1.0,3.875775847272284e-05,172622,0.9557773975826233
117,130,7,14,other,1.0,3.875775847272284e-05,172629,0.955816155341096
96,150,7,55,other,1.0,3.875775847272284e-05,172636,0.9558549130995687
193,200,7,8,other,1.0,3.875775847272284e-05,172643,0.9558936708580414
98,100,7,3,other,1.0,3.875775847272284e-05,172650,0.9559324286165142
-19,-19,7,1,year_precise,1.0,3.875775847272284e-05,172657,0.9559711863749869
-20,70,7,91,bc_ad_boundary,1.0,3.875775847272284e-05,172664,0.9560099441334595
191,192,7,2,other,1.0,3.875775847272284e-05,172671,0.9560487018919323
305,309,7,5,other,1.0,3.875775847272284e-05,172678,0.956087459650405
3,4,7,2,other,1.0,3.875775847272284e-05,172685,0.9561262174088777
2,2,7,1,year_precise,1.0,3.875775847272284e-05,172692,0.9561649751673504
101,175,7,75,other,1.0,3.875775847272284e-05,172699,0.9562037329258232
101,171,7,71,other,1.0,3.875775847272284e-05,172706,0.9562424906842959
180,190,7,11,other,1.0,3.875775847272284e-05,172713,0.9562812484427686
179,180,7,2,other,1.0,3.875775847272284e-05,172720,0.9563200062012414
176,220,7,45,other,1.0,3.875775847272284e-05,172727,0.9563587639597141
114,150,7,37,other,1.0,3.875775847272284e-05,172734,0.9563975217181868
114,115,7,2,other,1.0,3.875775847272284e-05,172741,0.9564362794766595
320,320,7,1,year_precise,1.0,3.875775847272284e-05,172748,0.9564750372351323
160,162,7,3,other,1.0,3.875775847272284e-05,172755,0.956513794993605
309,309,7,1,year_precise,1.0,3.875775847272284e-05,172762,0.9565525527520777
103,111,7,9,other,1.0,3.875775847272284e-05,172769,0.9565913105105505
171,180,7,10,other,1.0,3.875775847272284e-05,172776,0.9566300682690232
312,361,7,50,other,0.78,3.875775847272284e-05,172783,0.9566688260274958
169,170,7,2,other,1.0,3.875775847272284e-05,172790,0.9567075837859685
108,170,7,63,other,1.0,3.875775847272284e-05,172797,0.9567463415444413
1,80,7,80,other,1.0,3.875775847272284e-05,172804,0.956785099302914
-12,4,7,17,bc_ad_boundary,1.0,3.875775847272284e-05,172811,0.9568238570613867
111,130,7,20,other,1.0,3.875775847272284e-05,172818,0.9568626148198595
318,318,7,1,year_precise,1.0,3.875775847272284e-05,172825,0.9569013725783322
31,37,7,7,other,1.0,3.875775847272284e-05,172832,0.9569401303368049
30,70,7,41,other,1.0,3.875775847272284e-05,172839,0.9569788880952776
-10,-9,7,2,other,1.0,3.875775847272284e-05,172846,0.9570176458537504
-11,49,7,61,bc_ad_boundary,1.0,3.875775847272284e-05,172853,0.9570564036122231
337,342,7,6,other,1.0,3.875775847272284e-05,172860,0.9570951613706958
335,337,7,3,other,1.0,3.875775847272284e-05,172867,0.9571339191291686
131,275,7,145,other,1.0,3.875775847272284e-05,172874,0.9571726768876413
138,222,7,85,other,1.0,3.875775847272284e-05,172881,0.957211434646114
138,217,7,80,other,1.0,3.875775847272284e-05,172888,0.9572501924045868
138,160,7,23,reign:Antonine-Pius,1.0,3.875775847272284e-05,172895,0.9572889501630595
-43,-43,7,1,year_precise,1.0,3.875775847272284e-05,172902,0.9573277079215321
-130,-1,6,130,other,0.3846,3.3220935833762436e-05,172908,0.9573609288573659
140,145,6,6,other,1.0,3.3220935833762436e-05,172914,0.9573941497931997
331,600,6,270,other,0.0741,3.3220935833762436e-05,172920,0.9574273707290334
331,470,6,140,other,0.1429,3.3220935833762436e-05,172926,0.9574605916648672
126,175,6,50,other,1.0,3.3220935833762436e-05,172932,0.957493812600701
-30,-11,6,20,other,1.0,3.3220935833762436e-05,172938,0.9575270335365347
-30,-14,6,17,other,1.0,3.3220935833762436e-05,172944,0.9575602544723685
276,325,6,50,other,1.0,3.3220935833762436e-05,172950,0.9575934754082023
48,54,6,7,other,1.0,3.3220935833762436e-05,172956,0.957626696344036
257,260,6,4,other,1.0,3.3220935833762436e-05,172962,0.9576599172798698
161,190,6,30,other,1.0,3.3220935833762436e-05,172968,0.9576931382157036
31,40,6,10,other,1.0,3.3220935833762436e-05,172974,0.9577263591515373
317,320,6,4,other,1.0,3.3220935833762436e-05,172980,0.957759580087371
-10,-1,6,10,other,1.0,3.3220935833762436e-05,172986,0.9577928010232049
-10,-8,6,3,other,1.0,3.3220935833762436e-05,172992,0.9578260219590385
-10,-10,6,1,year_precise,1.0,3.3220935833762436e-05,172998,0.9578592428948723
-5,4,6,10,bc_ad_boundary,1.0,3.3220935833762436e-05,173004,0.9578924638307061
255,256,6,2,other,1.0,3.3220935833762436e-05,173010,0.9579256847665398
55,56,6,2,other,1.0,3.3220935833762436e-05,173016,0.9579589057023736
55,68,6,14,reign:Neronian,1.0,3.3220935833762436e-05,173022,0.9579921266382074
59,59,6,1,year_precise,1.0,3.3220935833762436e-05,173028,0.9580253475740411
251,313,6,63,other,1.0,3.3220935833762436e-05,173034,0.9580585685098749
251,252,6,2,other,1.0,3.3220935833762436e-05,173040,0.9580917894457087
281,281,6,1,year_precise,1.0,3.3220935833762436e-05,173046,0.9581250103815424
14,40,6,27,other,1.0,3.3220935833762436e-05,173052,0.9581582313173762
14,31,6,18,other,1.0,3.3220935833762436e-05,173058,0.95819145225321
169,171,6,3,other,1.0,3.3220935833762436e-05,173064,0.9582246731890437
107,170,6,64,other,1.0,3.3220935833762436e-05,173070,0.9582578941248775
108,108,6,1,year_precise,1.0,3.3220935833762436e-05,173076,0.9582911150607113
109,300,6,192,other,1.0,3.3220935833762436e-05,173082,0.958324335996545
165,169,6,5,other,1.0,3.3220935833762436e-05,173088,0.9583575569323788
19,20,6,2,other,1.0,3.3220935833762436e-05,173094,0.9583907778682126
112,113,6,2,other,1.0,3.3220935833762436e-05,173100,0.9584239988040463
161,220,6,60,other,1.0,3.3220935833762436e-05,173106,0.9584572197398801
171,350,6,180,other,1.0,3.3220935833762436e-05,173112,0.9584904406757139
103,104,6,2,other,1.0,3.3220935833762436e-05,173118,0.9585236616115476
-15,60,6,76,bc_ad_boundary,1.0,3.3220935833762436e-05,173124,0.9585568825473814
-80,-46,6,35,other,0.1429,3.3220935833762436e-05,173130,0.9585901034832152
104,300,6,197,other,1.0,3.3220935833762436e-05,173136,0.9586233244190489
104,105,6,2,other,1.0,3.3220935833762436e-05,173142,0.9586565453548826
171,220,6,50,other,1.0,3.3220935833762436e-05,173148,0.9586897662907164
171,190,6,20,other,1.0,3.3220935833762436e-05,173154,0.9587229872265501
171,171,6,1,year_precise,1.0,3.3220935833762436e-05,173160,0.9587562081623839
61,75,6,15,other,1.0,3.3220935833762436e-05,173166,0.9587894290982177
61,200,6,140,other,1.0,3.3220935833762436e-05,173172,0.9588226500340514
64,64,6,1,year_precise,1.0,3.3220935833762436e-05,173178,0.9588558709698852
241,242,6,2,other,1.0,3.3220935833762436e-05,173184,0.958889091905719
65,68,6,4,other,1.0,3.3220935833762436e-05,173190,0.9589223128415527
45,55,6,11,other,1.0,3.3220935833762436e-05,173196,0.9589555337773865
281,350,6,70,other,1.0,3.3220935833762436e-05,173202,0.9589887547132203
238,300,6,63,other,1.0,3.3220935833762436e-05,173208,0.959021975649054
-80,62,6,143,bc_ad_boundary,0.7902,3.3220935833762436e-05,173214,0.9590551965848878
-1,-1,6,1,year_precise,1.0,3.3220935833762436e-05,173220,0.9590884175207216
-7,-7,6,1,year_precise,1.0,3.3220935833762436e-05,173226,0.9591216384565553
-43,14,6,58,bc_ad_boundary,1.0,3.3220935833762436e-05,173232,0.9591548593923891
1,69,6,69,other,1.0,3.3220935833762436e-05,173238,0.9591880803282229
1,67,6,67,other,1.0,3.3220935833762436e-05,173244,0.9592213012640566
-15,30,6,46,bc_ad_boundary,1.0,3.3220935833762436e-05,173250,0.9592545221998904
-15,10,6,26,bc_ad_boundary,1.0,3.3220935833762436e-05,173256,0.9592877431357242
1,335,6,335,other,1.0,3.3220935833762436e-05,173262,0.9593209640715579
-50,200,6,251,bc_ad_boundary,1.0,3.3220935833762436e-05,173268,0.9593541850073917
175,200,6,26,other,1.0,3.3220935833762436e-05,173274,0.9593874059432255
102,104,6,3,other,1.0,3.3220935833762436e-05,173280,0.9594206268790592
310,324,6,15,other,1.0,3.3220935833762436e-05,173286,0.959453847814893
121,250,6,130,other,1.0,3.3220935833762436e-05,173292,0.9594870687507268
146,147,6,2,other,1.0,3.3220935833762436e-05,173298,0.9595202896865604
331,430,6,100,other,0.2,3.3220935833762436e-05,173304,0.9595535106223942
24,37,6,14,other,1.0,3.3220935833762436e-05,173310,0.959586731558228
331,350,6,20,other,1.0,3.3220935833762436e-05,173316,0.9596199524940617
122,150,6,29,other,1.0,3.3220935833762436e-05,173322,0.9596531734298955
238,239,6,2,other,1.0,3.3220935833762436e-05,173328,0.9596863943657293
68,100,6,33,other,1.0,3.3220935833762436e-05,173334,0.959719615301563
-29,-19,6,11,other,1.0,3.3220935833762436e-05,173340,0.9597528362373968
69,80,6,12,reign:Vespasianic,1.0,3.3220935833762436e-05,173346,0.9597860571732306
184,185,6,2,other,1.0,3.3220935833762436e-05,173352,0.9598192781090643
180,211,6,32,other,1.0,3.3220935833762436e-05,173358,0.9598524990448981
180,210,6,31,other,1.0,3.3220935833762436e-05,173364,0.9598857199807319
176,177,6,2,other,1.0,3.3220935833762436e-05,173370,0.9599189409165656
114,200,6,87,other,1.0,3.3220935833762436e-05,173376,0.9599521618523994
69,76,6,8,other,1.0,3.3220935833762436e-05,173382,0.9599853827882332
69,70,6,2,other,1.0,3.3220935833762436e-05,173388,0.9600186037240669
285,285,6,1,year_precise,1.0,3.3220935833762436e-05,173394,0.9600518246599007
71,72,6,2,other,1.0,3.3220935833762436e-05,173400,0.9600850455957344
193,195,6,3,other,1.0,3.3220935833762436e-05,173406,0.9601182665315682
-17,2,6,20,bc_ad_boundary,1.0,3.3220935833762436e-05,173412,0.960151487467402
307,307,6,1,year_precise,1.0,3.3220935833762436e-05,173418,0.9601847084032357
3,3,6,1,year_precise,1.0,3.3220935833762436e-05,173424,0.9602179293390695
-100,30,6,131,bc_ad_boundary,0.6183,3.3220935833762436e-05,173430,0.9602511502749033
221,240,6,20,other,1.0,3.3220935833762436e-05,173436,0.960284371210737
42,70,6,29,other,1.0,3.3220935833762436e-05,173442,0.9603175921465708
42,43,6,2,other,1.0,3.3220935833762436e-05,173448,0.9603508130824046
291,310,6,20,other,1.0,3.3220935833762436e-05,173454,0.9603840340182382
287,287,6,1,year_precise,1.0,3.3220935833762436e-05,173460,0.960417254954072
217,229,6,13,other,1.0,3.3220935833762436e-05,173466,0.9604504758899058
10,30,6,21,other,1.0,3.3220935833762436e-05,173472,0.9604836968257395
10,14,6,5,other,1.0,3.3220935833762436e-05,173478,0.9605169177615733
212,215,6,4,other,1.0,3.3220935833762436e-05,173484,0.9605501386974071
80,161,6,82,other,1.0,3.3220935833762436e-05,173490,0.9605833596332408
80,150,6,71,other,1.0,3.3220935833762436e-05,173496,0.9606165805690746
27,27,6,1,year_precise,1.0,3.3220935833762436e-05,173502,0.9606498015049084
26,175,6,150,other,1.0,3.3220935833762436e-05,173508,0.9606830224407421
97,104,6,8,other,1.0,3.3220935833762436e-05,173514,0.9607162433765759
97,102,6,6,other,1.0,3.3220935833762436e-05,173520,0.9607494643124097
9,42,6,34,other,1.0,3.3220935833762436e-05,173526,0.9607826852482434
9,9,6,1,year_precise,1.0,3.3220935833762436e-05,173532,0.9608159061840772
203,204,6,2,other,1.0,3.3220935833762436e-05,173538,0.960849127119911
202,300,6,99,other,1.0,3.3220935833762436e-05,173544,0.9608823480557447
202,209,6,8,other,1.0,3.3220935833762436e-05,173550,0.9609155689915785
-23,-23,6,1,year_precise,1.0,3.3220935833762436e-05,173556,0.9609487899274123
-25,100,6,126,bc_ad_boundary,1.0,3.3220935833762436e-05,173562,0.960982010863246
330,330,6,1,year_precise,1.0,3.3220935833762436e-05,173568,0.9610152317990798
328,328,6,1,year_precise,1.0,3.3220935833762436e-05,173574,0.9610484527349136
201,313,6,113,other,1.0,3.3220935833762436e-05,173580,0.9610816736707473
201,204,6,4,other,1.0,3.3220935833762436e-05,173586,0.9611148946065811
197,200,6,4,other,1.0,3.3220935833762436e-05,173592,0.9611481155424149
92,97,6,6,other,1.0,3.3220935833762436e-05,173598,0.9611813364782485
93,93,6,1,year_precise,1.0,3.3220935833762436e-05,173604,0.9612145574140823
5,5,6,1,year_precise,1.0,3.3220935833762436e-05,173610,0.9612477783499161
160,161,6,2,other,1.0,3.3220935833762436e-05,173616,0.9612809992857498
157,158,6,2,other,1.0,3.3220935833762436e-05,173622,0.9613142202215836
156,158,6,3,other,1.0,3.3220935833762436e-05,173628,0.9613474411574174
156,157,6,2,other,1.0,3.3220935833762436e-05,173634,0.9613806620932511
41,50,6,10,other,1.0,3.3220935833762436e-05,173640,0.9614138830290849
198,300,6,103,other,1.0,3.3220935833762436e-05,173646,0.9614471039649187
198,235,6,38,other,1.0,3.3220935833762436e-05,173652,0.9614803249007524
300,300,6,1,year_precise,1.0,3.3220935833762436e-05,173658,0.9615135458365862
298,298,6,1,year_precise,1.0,3.3220935833762436e-05,173664,0.96154676677242
296,296,6,1,year_precise,1.0,3.3220935833762436e-05,173670,0.9615799877082537
198,201,6,4,other,1.0,3.3220935833762436e-05,173676,0.9616132086440875
89,150,6,62,other,1.0,3.3220935833762436e-05,173682,0.9616464295799213
267,268,6,2,other,1.0,3.3220935833762436e-05,173688,0.961679650515755
-50,-50,6,1,year_precise,1.0,3.3220935833762436e-05,173694,0.9617128714515888
122,126,6,5,other,1.0,3.3220935833762436e-05,173700,0.9617460923874226
141,142,6,2,other,1.0,3.3220935833762436e-05,173706,0.9617793133232563
140,158,6,19,other,1.0,3.3220935833762436e-05,173712,0.9618125342590901
51,77,6,27,other,1.0,3.3220935833762436e-05,173718,0.9618457551949239
15,37,6,23,reign:Tiberian,1.0,3.3220935833762436e-05,173724,0.9618789761307576
15,20,6,6,other,1.0,3.3220935833762436e-05,173730,0.9619121970665914
-5,-4,6,2,other,1.0,3.3220935833762436e-05,173736,0.9619454180024252
130,200,6,71,other,1.0,3.3220935833762436e-05,173742,0.9619786389382589
334,335,6,2,other,1.0,3.3220935833762436e-05,173748,0.9620118598740927
-44,14,6,59,bc_ad_boundary,1.0,3.3220935833762436e-05,173754,0.9620450808099265
131,171,6,41,other,1.0,3.3220935833762436e-05,173760,0.9620783017457601
135,138,5,4,other,1.0,2.768411319480203e-05,173765,0.962105985858955
131,140,5,10,other,1.0,2.768411319480203e-05,173770,0.9621336699721498
21,40,5,20,other,1.0,2.768411319480203e-05,173775,0.9621613540853445
334,334,5,1,year_precise,1.0,2.768411319480203e-05,173780,0.9621890381985394
335,335,5,1,year_precise,1.0,2.768411319480203e-05,173785,0.9622167223117342
129,138,5,10,other,1.0,2.768411319480203e-05,173790,0.962244406424929
15,24,5,10,other,1.0,2.768411319480203e-05,173795,0.9622720905381238
50,250,5,201,other,1.0,2.768411319480203e-05,173800,0.9622997746513186
140,161,5,22,other,1.0,2.768411319480203e-05,173805,0.9623274587645134
124,194,5,71,other,1.0,2.768411319480203e-05,173810,0.9623551428777082
141,161,5,21,other,1.0,2.768411319480203e-05,173815,0.962382826990903
142,230,5,89,other,1.0,2.768411319480203e-05,173820,0.9624105111040978
142,300,5,159,other,1.0,2.768411319480203e-05,173825,0.9624381952172926
259,268,5,10,other,1.0,2.768411319480203e-05,173830,0.9624658793304874
260,260,5,1,year_precise,1.0,2.768411319480203e-05,173835,0.9624935634436822
263,263,5,1,year_precise,1.0,2.768411319480203e-05,173840,0.962521247556877
264,264,5,1,year_precise,1.0,2.768411319480203e-05,173845,0.9625489316700718
264,265,5,2,other,1.0,2.768411319480203e-05,173850,0.9625766157832666
267,267,5,1,year_precise,1.0,2.768411319480203e-05,173855,0.9626042998964615
197,218,5,22,other,1.0,2.768411319480203e-05,173860,0.9626319840096562
90,96,5,7,other,1.0,2.768411319480203e-05,173865,0.962659668122851
90,100,5,11,other,1.0,2.768411319480203e-05,173870,0.9626873522360458
90,110,5,21,other,1.0,2.768411319480203e-05,173875,0.9627150363492406
198,202,5,5,other,1.0,2.768411319480203e-05,173880,0.9627427204624355
-23,14,5,38,bc_ad_boundary,1.0,2.768411319480203e-05,173885,0.9627704045756302
-23,68,5,92,bc_ad_boundary,1.0,2.768411319480203e-05,173890,0.962798088688825
200,300,5,101,other,1.0,2.768411319480203e-05,173895,0.9628257728020199
118,119,5,2,other,1.0,2.768411319480203e-05,173900,0.9628534569152146
157,161,5,5,other,1.0,2.768411319480203e-05,173905,0.9628811410284094
-20,-5,5,16,other,1.0,2.768411319480203e-05,173910,0.9629088251416043
91,200,5,110,other,1.0,2.768411319480203e-05,173915,0.962936509254799
92,93,5,2,other,1.0,2.768411319480203e-05,173920,0.9629641933679939
196,198,5,3,other,1.0,2.768411319480203e-05,173925,0.9629918774811886
91,100,5,10,other,1.0,2.768411319480203e-05,173930,0.9630195615943834
197,217,5,21,other,1.0,2.768411319480203e-05,173935,0.9630472457075783
83,410,5,328,other,0.8171,2.768411319480203e-05,173940,0.963074929820773
85,96,5,12,other,1.0,2.768411319480203e-05,173945,0.9631026139339679
-100,200,5,301,bc_ad_boundary,0.8339,2.768411319480203e-05,173950,0.9631302980471627
121,123,5,3,other,1.0,2.768411319480203e-05,173955,0.9631579821603574
148,149,5,2,other,1.0,2.768411319480203e-05,173960,0.9631856662735523
326,327,5,2,other,1.0,2.768411319480203e-05,173965,0.963213350386747
326,350,5,25,other,1.0,2.768411319480203e-05,173970,0.9632410344999419
26,29,5,4,other,1.0,2.768411319480203e-05,173975,0.9632687186131367
149,150,5,2,other,1.0,2.768411319480203e-05,173980,0.9632964027263314
119,168,5,50,other,1.0,2.768411319480203e-05,173985,0.9633240868395263
120,140,5,21,other,1.0,2.768411319480203e-05,173990,0.9633517709527211
120,150,5,31,other,1.0,2.768411319480203e-05,173995,0.9633794550659158
120,160,5,41,other,1.0,2.768411319480203e-05,174000,0.9634071391791107
150,151,5,2,other,1.0,2.768411319480203e-05,174005,0.9634348232923055
151,161,5,11,other,1.0,2.768411319480203e-05,174010,0.9634625074055003
293,324,5,32,other,1.0,2.768411319480203e-05,174015,0.9634901915186951
293,335,5,43,other,1.0,2.768411319480203e-05,174020,0.9635178756318898
-50,-25,5,26,other,1.0,2.768411319480203e-05,174025,0.9635455597450847
81,85,5,5,other,1.0,2.768411319480203e-05,174030,0.9635732438582795
203,205,5,3,other,1.0,2.768411319480203e-05,174035,0.9636009279714743
205,210,5,6,other,1.0,2.768411319480203e-05,174040,0.9636286120846691
193,198,5,6,other,1.0,2.768411319480203e-05,174045,0.9636562961978639
97,117,5,21,reign:Nervan-Trajanic,1.0,2.768411319480203e-05,174050,0.9636839803110587
97,130,5,34,other,1.0,2.768411319480203e-05,174055,0.9637116644242535
193,270,5,78,other,1.0,2.768411319480203e-05,174060,0.9637393485374482
193,275,5,83,other,1.0,2.768411319480203e-05,174065,0.9637670326506431
194,230,5,37,other,1.0,2.768411319480203e-05,174070,0.9637947167638379
151,193,5,43,other,1.0,2.768411319480203e-05,174075,0.9638224008770327
151,212,5,62,other,1.0,2.768411319480203e-05,174080,0.9638500849902275
118,138,5,21,reign:Hadrianic,1.0,2.768411319480203e-05,174085,0.9638777691034223
322,322,5,1,year_precise,1.0,2.768411319480203e-05,174090,0.9639054532166171
27,28,5,2,other,1.0,2.768411319480203e-05,174095,0.9639331373298119
117,217,5,101,other,1.0,2.768411319480203e-05,174100,0.9639608214430068
210,217,5,8,other,1.0,2.768411319480203e-05,174105,0.9639885055562015
16,50,5,35,other,1.0,2.768411319480203e-05,174110,0.9640161896693963
17,17,5,1,year_precise,1.0,2.768411319480203e-05,174115,0.9640438737825912
17,19,5,3,other,1.0,2.768411319480203e-05,174120,0.9640715578957859
211,300,5,90,other,1.0,2.768411319480203e-05,174125,0.9640992420089807
75,200,5,126,other,1.0,2.768411319480203e-05,174130,0.9641269261221755
-27,70,5,98,bc_ad_boundary,1.0,2.768411319480203e-05,174135,0.9641546102353703
-27,96,5,124,bc_ad_boundary,1.0,2.768411319480203e-05,174140,0.9641822943485652
217,230,5,14,other,1.0,2.768411319480203e-05,174145,0.9642099784617599
217,300,5,84,other,1.0,2.768411319480203e-05,174150,0.9642376625749547
291,291,5,1,year_precise,1.0,2.768411319480203e-05,174155,0.9642653466881496
291,320,5,30,other,1.0,2.768411319480203e-05,174160,0.9642930308013443
219,220,5,2,other,1.0,2.768411319480203e-05,174165,0.9643207149145392
221,230,5,10,other,1.0,2.768411319480203e-05,174170,0.964348399027734
-100,-41,5,60,other,0.1667,2.768411319480203e-05,174175,0.9643760831409287
-100,14,5,115,bc_ad_boundary,0.5652,2.768411319480203e-05,174180,0.9644037672541236
71,180,5,110,other,1.0,2.768411319480203e-05,174185,0.9644314513673183
43,54,5,12,other,1.0,2.768411319480203e-05,174190,0.9644591354805132
71,122,5,52,other,1.0,2.768411319480203e-05,174195,0.964486819593708
223,235,5,13,other,1.0,2.768411319480203e-05,174200,0.9645145037069027
2,14,5,13,other,1.0,2.768411319480203e-05,174205,0.9645421878200976
-18,-12,5,7,other,1.0,2.768411319480203e-05,174210,0.9645698719332924
-17,-17,5,1,year_precise,1.0,2.768411319480203e-05,174215,0.9645975560464871
306,306,5,1,year_precise,1.0,2.768411319480203e-05,174220,0.964625240159682
17,43,5,27,other,1.0,2.768411319480203e-05,174225,0.9646529242728767
37,68,5,32,other,1.0,2.768411319480203e-05,174230,0.9646806083860716
307,324,5,18,other,1.0,2.768411319480203e-05,174235,0.9647082924992664
185,260,5,76,other,1.0,2.768411319480203e-05,174240,0.9647359766124611
98,101,5,4,other,1.0,2.768411319480203e-05,174245,0.964763660725656
98,114,5,17,other,1.0,2.768411319480203e-05,174250,0.9647913448388508
98,161,5,64,other,1.0,2.768411319480203e-05,174255,0.9648190289520456
302,302,5,1,year_precise,1.0,2.768411319480203e-05,174260,0.9648467130652404
225,230,5,6,other,1.0,2.768411319480203e-05,174265,0.9648743971784352
71,83,5,13,other,1.0,2.768411319480203e-05,174270,0.96490208129163
71,104,5,34,other,1.0,2.768411319480203e-05,174275,0.9649297654048248
226,235,5,10,other,1.0,2.768411319480203e-05,174280,0.9649574495180195
70,83,5,14,other,1.0,2.768411319480203e-05,174285,0.9649851336312144
70,90,5,21,other,1.0,2.768411319480203e-05,174290,0.9650128177444092
-28,-28,5,1,year_precise,1.0,2.768411319480203e-05,174295,0.965040501857604
69,300,5,232,other,1.0,2.768411319480203e-05,174300,0.9650681859707988
230,300,5,71,other,1.0,2.768411319480203e-05,174305,0.9650958700839936
285,292,5,8,other,1.0,2.768411319480203e-05,174310,0.9651235541971884
69,138,5,70,other,1.0,2.768411319480203e-05,174315,0.9651512383103832
231,235,5,5,other,1.0,2.768411319480203e-05,174320,0.9651789224235781
29,29,5,1,year_precise,1.0,2.768411319480203e-05,174325,0.9652066065367728
29,30,5,2,other,1.0,2.768411319480203e-05,174330,0.9652342906499676
113,120,5,8,other,1.0,2.768411319480203e-05,174335,0.9652619747631624
115,116,5,2,other,1.0,2.768411319480203e-05,174340,0.9652896588763572
115,117,5,3,other,1.0,2.768411319480203e-05,174345,0.965317342989552
101,220,5,120,other,1.0,2.768411319480203e-05,174350,0.9653450271027468
308,309,5,2,other,1.0,2.768411319480203e-05,174355,0.9653727112159416
308,310,5,3,other,1.0,2.768411319480203e-05,174360,0.9654003953291365
-40,-30,5,11,other,1.0,2.768411319480203e-05,174365,0.9654280794423312
101,131,5,31,other,1.0,2.768411319480203e-05,174370,0.965455763555526
2,3,5,2,other,1.0,2.768411319480203e-05,174375,0.9654834476687209
238,241,5,4,other,1.0,2.768411319480203e-05,174380,0.9655111317819156
66,68,5,3,other,1.0,2.768411319480203e-05,174385,0.9655388158951105
25,25,5,1,year_precise,1.0,2.768411319480203e-05,174390,0.9655665000083052
331,450,5,120,other,0.1667,2.768411319480203e-05,174395,0.9655941841215
145,146,5,2,other,1.0,2.768411319480203e-05,174400,0.9656218682346949
121,160,5,40,other,1.0,2.768411319480203e-05,174405,0.9656495523478896
33,33,5,1,year_precise,1.0,2.768411319480203e-05,174410,0.9656772364610844
34,34,5,1,year_precise,1.0,2.768411319480203e-05,174415,0.9657049205742793
101,367,5,267,other,0.9363,2.768411319480203e-05,174420,0.965732604687474
115,140,5,26,other,1.0,2.768411319480203e-05,174425,0.9657602888006689
161,164,5,4,other,1.0,2.768411319480203e-05,174430,0.9657879729138636
-42,50,5,93,bc_ad_boundary,1.0,2.768411319480203e-05,174435,0.9658156570270584
121,300,5,180,other,1.0,2.768411319480203e-05,174440,0.9658433411402533
68,70,5,3,other,1.0,2.768411319480203e-05,174445,0.965871025253448
245,247,5,3,other,1.0,2.768411319480203e-05,174450,0.9658987093666429
245,249,5,5,other,1.0,2.768411319480203e-05,174455,0.9659263934798377
247,257,5,11,other,1.0,2.768411319480203e-05,174460,0.9659540775930324
169,180,5,12,other,1.0,2.768411319480203e-05,174465,0.9659817617062273
31,230,5,200,other,1.0,2.768411319480203e-05,174470,0.966009445819422
313,314,5,2,other,1.0,2.768411319480203e-05,174475,0.9660371299326169
106,107,5,2,other,1.0,2.768411319480203e-05,174480,0.9660648140458117
-15,50,5,66,bc_ad_boundary,1.0,2.768411319480203e-05,174485,0.9660924981590064
309,313,5,5,other,1.0,2.768411319480203e-05,174490,0.9661201822722013
32,32,5,1,year_precise,1.0,2.768411319480203e-05,174495,0.9661478663853961
161,260,5,100,other,1.0,2.768411319480203e-05,174500,0.9661755504985908
161,270,5,110,other,1.0,2.768411319480203e-05,174505,0.9662032346117857
161,400,5,240,other,0.7917,2.768411319480203e-05,174510,0.9662309187249805
313,400,5,88,other,0.4318,2.768411319480203e-05,174515,0.9662586028381753
110,140,5,31,other,1.0,2.768411319480203e-05,174520,0.9662862869513701
167,250,5,84,other,1.0,2.768411319480203e-05,174525,0.9663139710645648
168,200,5,33,other,1.0,2.768411319480203e-05,174530,0.9663416551777597
107,300,5,194,other,1.0,2.768411319480203e-05,174535,0.9663693392909545
251,450,5,200,multi_century,0.5,2.768411319480203e-05,174540,0.9663970234041493
59,101,5,43,other,1.0,2.768411319480203e-05,174545,0.9664247075173441
253,254,5,2,other,1.0,2.768411319480203e-05,174550,0.9664523916305389
253,256,5,4,other,1.0,2.768411319480203e-05,174555,0.9664800757437337
54,66,5,13,other,1.0,2.768411319480203e-05,174560,0.9665077598569285
255,258,5,4,other,1.0,2.768411319480203e-05,174565,0.9665354439701233
257,258,5,2,other,1.0,2.768411319480203e-05,174570,0.9665631280833181
51,52,5,2,other,1.0,2.768411319480203e-05,174575,0.9665908121965129
51,54,5,4,other,1.0,2.768411319480203e-05,174580,0.9666184963097078
51,60,5,10,other,1.0,2.768411319480203e-05,174585,0.9666461804229025
51,62,5,12,other,1.0,2.768411319480203e-05,174590,0.9666738645360973
51,71,5,21,other,1.0,2.768411319480203e-05,174595,0.9667015486492921
-200,-31,5,170,other,0.1176,2.768411319480203e-05,174600,0.9667292327624869
-4,-3,5,2,other,1.0,2.768411319480203e-05,174605,0.9667569168756818
-11,-10,5,2,other,1.0,2.768411319480203e-05,174610,0.9667846009888765
30,79,5,50,other,1.0,2.768411319480203e-05,174615,0.9668122851020713
271,370,5,100,other,0.8,2.768411319480203e-05,174620,0.9668399692152662
49,50,5,2,other,1.0,2.768411319480203e-05,174625,0.9668676533284609
14,79,5,66,other,1.0,2.768411319480203e-05,174630,0.9668953374416557
51,350,5,300,multi_century,1.0,2.768411319480203e-05,174635,0.9669230215548505
22,22,5,1,year_precise,1.0,2.768411319480203e-05,174640,0.9669507056680453
23,30,5,8,other,1.0,2.768411319480203e-05,174645,0.9669783897812402
139,165,5,27,other,1.0,2.768411319480203e-05,174650,0.9670060738944349
133,135,5,3,other,1.0,2.768411319480203e-05,174655,0.9670337580076297
14,300,5,287,other,1.0,2.768411319480203e-05,174660,0.9670614421208246
346,400,5,55,other,0.0909,2.768411319480203e-05,174665,0.9670891262340193
130,132,4,3,other,1.0,2.2147290555841624e-05,174669,0.9671112735245752
131,133,4,3,other,1.0,2.2147290555841624e-05,174673,0.967133420815131
136,137,4,2,other,1.0,2.2147290555841624e-05,174677,0.9671555681056869
-4,-4,4,1,year_precise,1.0,2.2147290555841624e-05,174681,0.9671777153962428
339,500,4,162,other,0.0741,2.2147290555841624e-05,174685,0.9671998626867986
341,350,4,10,other,1.0,2.2147290555841624e-05,174689,0.9672220099773544
-300,-1,4,300,other,0.1667,2.2147290555841624e-05,174693,0.9672441572679102
-20,-2,4,19,other,1.0,2.2147290555841624e-05,174697,0.9672663045584661
-20,14,4,35,bc_ad_boundary,1.0,2.2147290555841624e-05,174701,0.9672884518490219
268,269,4,2,other,1.0,2.2147290555841624e-05,174705,0.9673105991395777
-130,-31,4,100,other,0.2,2.2147290555841624e-05,174709,0.9673327464301336
15,16,4,2,other,1.0,2.2147290555841624e-05,174713,0.9673548937206894
50,200,4,151,other,1.0,2.2147290555841624e-05,174717,0.9673770410112453
51,68,4,18,other,1.0,2.2147290555841624e-05,174721,0.9673991883018012
51,220,4,170,other,1.0,2.2147290555841624e-05,174725,0.967421335592357
197,205,4,9,other,1.0,2.2147290555841624e-05,174729,0.9674434828829128
300,302,4,3,other,1.0,2.2147290555841624e-05,174733,0.9674656301734686
87,200,4,114,other,1.0,2.2147290555841624e-05,174737,0.9674877774640245
293,367,4,75,other,0.7733,2.2147290555841624e-05,174741,0.9675099247545803
92,105,4,14,other,1.0,2.2147290555841624e-05,174745,0.9675320720451361
6,9,4,4,other,1.0,2.2147290555841624e-05,174749,0.967554219335692
266,266,4,1,year_precise,1.0,2.2147290555841624e-05,174753,0.9675763666262479
332,332,4,1,year_precise,1.0,2.2147290555841624e-05,174757,0.9675985139168037
333,340,4,8,other,1.0,2.2147290555841624e-05,174761,0.9676206612073596
138,230,4,93,other,1.0,2.2147290555841624e-05,174765,0.9676428084979154
138,270,4,133,other,1.0,2.2147290555841624e-05,174769,0.9676649557884712
139,141,4,3,other,1.0,2.2147290555841624e-05,174773,0.9676871030790271
138,191,4,54,reign:Antonine-broad,1.0,2.2147290555841624e-05,174777,0.9677092503695829
39,56,4,18,other,1.0,2.2147290555841624e-05,174781,0.9677313976601387
-40,30,4,71,bc_ad_boundary,1.0,2.2147290555841624e-05,174785,0.9677535449506945
86,300,4,215,other,1.0,2.2147290555841624e-05,174789,0.9677756922412505
8,8,4,1,year_precise,1.0,2.2147290555841624e-05,174793,0.9677978395318063
97,100,4,4,other,1.0,2.2147290555841624e-05,174797,0.9678199868223621
194,196,4,3,other,1.0,2.2147290555841624e-05,174801,0.967842134112918
194,300,4,107,other,1.0,2.2147290555841624e-05,174805,0.9678642814034738
85,200,4,116,other,1.0,2.2147290555841624e-05,174809,0.9678864286940296
50,70,4,21,other,1.0,2.2147290555841624e-05,174813,0.9679085759845855
50,125,4,76,other,1.0,2.2147290555841624e-05,174817,0.9679307232751413
140,200,4,61,other,1.0,2.2147290555841624e-05,174821,0.9679528705656971
201,217,4,17,other,1.0,2.2147290555841624e-05,174825,0.9679750178562531
84,96,4,13,other,1.0,2.2147290555841624e-05,174829,0.9679971651468089
85,86,4,2,other,1.0,2.2147290555841624e-05,174833,0.9680193124373647
-39,-39,4,1,year_precise,1.0,2.2147290555841624e-05,174837,0.9680414597279206
37,200,4,164,other,1.0,2.2147290555841624e-05,174841,0.9680636070184764
38,39,4,2,other,1.0,2.2147290555841624e-05,174845,0.9680857543090322
38,49,4,12,other,1.0,2.2147290555841624e-05,174849,0.968107901599588
301,550,4,250,multi_century,0.2,2.2147290555841624e-05,174853,0.9681300488901439
305,307,4,3,other,1.0,2.2147290555841624e-05,174857,0.9681521961806997
86,89,4,4,other,1.0,2.2147290555841624e-05,174861,0.9681743434712556
201,238,4,38,other,1.0,2.2147290555841624e-05,174865,0.9681964907618115
-90,-41,4,50,other,0.2,2.2147290555841624e-05,174869,0.9682186380523673
83,150,4,68,other,1.0,2.2147290555841624e-05,174873,0.9682407853429231
186,192,4,7,other,1.0,2.2147290555841624e-05,174877,0.968262932633479
4,6,4,3,other,1.0,2.2147290555841624e-05,174881,0.9682850799240348
191,230,4,40,other,1.0,2.2147290555841624e-05,174885,0.9683072272145906
98,116,4,19,reign:Trajanic,1.0,2.2147290555841624e-05,174889,0.9683293745051464
98,160,4,63,other,1.0,2.2147290555841624e-05,174893,0.9683515217957023
100,150,4,51,other,1.0,2.2147290555841624e-05,174897,0.9683736690862582
101,103,4,3,other,1.0,2.2147290555841624e-05,174901,0.968395816376814
52,53,4,2,other,1.0,2.2147290555841624e-05,174905,0.9684179636673699
54,55,4,2,other,1.0,2.2147290555841624e-05,174909,0.9684401109579257
122,410,4,289,other,0.7924,2.2147290555841624e-05,174913,0.9684622582484815
123,137,4,15,other,1.0,2.2147290555841624e-05,174917,0.9684844055390374
-48,-48,4,1,year_precise,1.0,2.2147290555841624e-05,174921,0.9685065528295932
139,160,4,22,reign:Antonine-Pius,1.0,2.2147290555841624e-05,174925,0.968528700120149
-25,-20,4,6,other,1.0,2.2147290555841624e-05,174929,0.9685508474107049
-25,14,4,40,bc_ad_boundary,1.0,2.2147290555841624e-05,174933,0.9685729947012607
54,62,4,9,other,1.0,2.2147290555841624e-05,174937,0.9685951419918166
14,80,4,67,other,1.0,2.2147290555841624e-05,174941,0.9686172892823725
54,65,4,12,other,1.0,2.2147290555841624e-05,174945,0.9686394365729283
-7,14,4,22,bc_ad_boundary,1.0,2.2147290555841624e-05,174949,0.9686615838634841
-7,50,4,58,bc_ad_boundary,1.0,2.2147290555841624e-05,174953,0.9686837311540399
142,145,4,4,other,1.0,2.2147290555841624e-05,174957,0.9687058784445958
-30,-30,4,1,year_precise,1.0,2.2147290555841624e-05,174961,0.9687280257351516
-30,-10,4,21,other,1.0,2.2147290555841624e-05,174965,0.9687501730257074
41,71,4,31,other,1.0,2.2147290555841624e-05,174969,0.9687723203162633
41,90,4,50,other,1.0,2.2147290555841624e-05,174973,0.9687944676068192
81,110,4,30,other,1.0,2.2147290555841624e-05,174977,0.968816614897375
184,192,4,9,other,1.0,2.2147290555841624e-05,174981,0.9688387621879309
181,200,4,20,other,1.0,2.2147290555841624e-05,174985,0.9688609094784867
182,184,4,3,other,1.0,2.2147290555841624e-05,174989,0.9688830567690425
183,184,4,2,other,1.0,2.2147290555841624e-05,174993,0.9689052040595983
2,4,4,3,other,1.0,2.2147290555841624e-05,174997,0.9689273513501542
-18,37,4,56,bc_ad_boundary,1.0,2.2147290555841624e-05,175001,0.96894949864071
306,310,4,5,other,1.0,2.2147290555841624e-05,175005,0.9689716459312658
-50,-30,4,21,other,1.0,2.2147290555841624e-05,175009,0.9689937932218218
101,151,4,51,other,1.0,2.2147290555841624e-05,175013,0.9690159405123776
255,259,4,5,other,1.0,2.2147290555841624e-05,175017,0.9690380878029334
272,272,4,1,year_precise,1.0,2.2147290555841624e-05,175021,0.9690602350934893
-30,15,4,46,bc_ad_boundary,1.0,2.2147290555841624e-05,175025,0.9690823823840451
208,212,4,5,other,1.0,2.2147290555841624e-05,175029,0.9691045296746009
80,90,4,11,other,1.0,2.2147290555841624e-05,175033,0.9691266769651568
80,100,4,21,other,1.0,2.2147290555841624e-05,175037,0.9691488242557126
211,230,4,20,other,1.0,2.2147290555841624e-05,175041,0.9691709715462684
204,205,4,2,other,1.0,2.2147290555841624e-05,175045,0.9691931188368244
211,275,4,65,other,1.0,2.2147290555841624e-05,175049,0.9692152661273802
-40,-31,4,10,other,1.0,2.2147290555841624e-05,175053,0.969237413417936
308,311,4,4,other,1.0,2.2147290555841624e-05,175057,0.9692595607084918
35,55,4,21,other,1.0,2.2147290555841624e-05,175061,0.9692817079990477
36,36,4,1,year_precise,1.0,2.2147290555841624e-05,175065,0.9693038552896035
308,314,4,7,other,1.0,2.2147290555841624e-05,175069,0.9693260025801593
331,360,4,30,other,0.6667,2.2147290555841624e-05,175073,0.9693481498707152
331,375,4,45,other,0.4444,2.2147290555841624e-05,175077,0.969370297161271
145,147,4,3,other,1.0,2.2147290555841624e-05,175081,0.9693924444518269
145,160,4,16,other,1.0,2.2147290555841624e-05,175085,0.9694145917423828
-49,-49,4,1,year_precise,1.0,2.2147290555841624e-05,175089,0.9694367390329386
-1,1,4,3,bc_ad_boundary,1.0,2.2147290555841624e-05,175093,0.9694588863234944
-71,30,4,102,bc_ad_boundary,0.7941,2.2147290555841624e-05,175097,0.9694810336140502
122,130,4,9,other,1.0,2.2147290555841624e-05,175101,0.9695031809046061
79,80,4,2,other,1.0,2.2147290555841624e-05,175105,0.9695253281951619
79,200,4,122,other,1.0,2.2147290555841624e-05,175109,0.9695474754857177
-27,300,4,328,bc_ad_boundary,1.0,2.2147290555841624e-05,175113,0.9695696227762736
212,230,4,19,other,1.0,2.2147290555841624e-05,175117,0.9695917700668294
292,305,4,14,other,1.0,2.2147290555841624e-05,175121,0.9696139173573853
76,175,4,100,other,1.0,2.2147290555841624e-05,175125,0.9696360646479412
250,500,4,251,other,0.4024,2.2147290555841624e-05,175129,0.969658211938497
251,280,4,30,other,1.0,2.2147290555841624e-05,175133,0.9696803592290528
251,320,4,70,other,1.0,2.2147290555841624e-05,175137,0.9697025065196087
120,250,4,131,other,1.0,2.2147290555841624e-05,175141,0.9697246538101645
-47,-47,4,1,year_precise,1.0,2.2147290555841624e-05,175145,0.9697468011007203
214,217,4,4,other,1.0,2.2147290555841624e-05,175149,0.9697689483912761
178,180,4,3,other,1.0,2.2147290555841624e-05,175153,0.969791095681832
101,225,4,125,other,1.0,2.2147290555841624e-05,175157,0.9698132429723879
179,300,4,122,other,1.0,2.2147290555841624e-05,175161,0.9698353902629437
10,20,4,11,other,1.0,2.2147290555841624e-05,175165,0.9698575375534996
215,230,4,16,other,1.0,2.2147290555841624e-05,175169,0.9698796848440554
290,294,4,5,other,1.0,2.2147290555841624e-05,175173,0.9699018321346112
291,300,4,10,other,1.0,2.2147290555841624e-05,175177,0.9699239794251671
71,410,4,340,other,0.8235,2.2147290555841624e-05,175181,0.9699461267157229
72,75,4,4,other,1.0,2.2147290555841624e-05,175185,0.9699682740062787
34,35,4,2,other,1.0,2.2147290555841624e-05,175189,0.9699904212968345
220,222,4,3,other,1.0,2.2147290555841624e-05,175193,0.9700125685873905
46,70,4,25,other,1.0,2.2147290555841624e-05,175197,0.9700347158779463
60,70,4,11,other,1.0,2.2147290555841624e-05,175201,0.9700568631685021
60,75,4,16,other,1.0,2.2147290555841624e-05,175205,0.970079010459058
60,79,4,20,other,1.0,2.2147290555841624e-05,175209,0.9701011577496138
60,90,4,31,other,1.0,2.2147290555841624e-05,175213,0.9701233050401696
326,326,4,1,year_precise,1.0,2.2147290555841624e-05,175217,0.9701454523307255
326,329,4,4,other,1.0,2.2147290555841624e-05,175221,0.9701675996212813
326,337,4,12,other,1.0,2.2147290555841624e-05,175225,0.9701897469118371
147,150,4,4,other,1.0,2.2147290555841624e-05,175229,0.9702118942023931
60,200,4,141,other,1.0,2.2147290555841624e-05,175233,0.9702340414929489
105,117,4,13,other,1.0,2.2147290555841624e-05,175237,0.9702561887835047
105,150,4,46,other,1.0,2.2147290555841624e-05,175241,0.9702783360740606
-14,-14,4,1,year_precise,1.0,2.2147290555841624e-05,175245,0.9703004833646164
71,260,4,190,other,1.0,2.2147290555841624e-05,175249,0.9703226306551722
14,33,4,20,other,1.0,2.2147290555841624e-05,175253,0.970344777945728
14,38,4,25,reign:Tiberian,1.0,2.2147290555841624e-05,175257,0.9703669252362839
276,350,4,75,other,1.0,2.2147290555841624e-05,175261,0.9703890725268397
150,160,4,11,other,1.0,2.2147290555841624e-05,175265,0.9704112198173956
151,160,4,10,other,1.0,2.2147290555841624e-05,175269,0.9704333671079515
-9,-8,4,2,other,1.0,2.2147290555841624e-05,175273,0.9704555143985073
279,279,4,1,year_precise,1.0,2.2147290555841624e-05,175277,0.9704776616890631
280,280,4,1,year_precise,1.0,2.2147290555841624e-05,175281,0.970499808979619
-100,-26,4,75,other,0.3333,2.2147290555841624e-05,175285,0.9705219562701748
10,62,4,53,other,1.0,2.2147290555841624e-05,175289,0.9705441035607306
222,229,4,8,other,1.0,2.2147290555841624e-05,175293,0.9705662508512864
222,237,4,16,other,1.0,2.2147290555841624e-05,175297,0.9705883981418423
285,312,4,28,other,1.0,2.2147290555841624e-05,175301,0.9706105454323981
169,175,4,7,other,1.0,2.2147290555841624e-05,175305,0.970632692722954
31,65,4,35,other,1.0,2.2147290555841624e-05,175309,0.9706548400135099
31,68,4,38,other,1.0,2.2147290555841624e-05,175313,0.9706769873040657
313,324,4,12,other,1.0,2.2147290555841624e-05,175317,0.9706991345946215
169,200,4,32,other,1.0,2.2147290555841624e-05,175321,0.9707212818851774
244,305,4,62,other,1.0,2.2147290555841624e-05,175325,0.9707434291757332
245,246,4,2,other,1.0,2.2147290555841624e-05,175329,0.970765576466289
63,65,4,3,other,1.0,2.2147290555841624e-05,175333,0.9707877237568449
-9,37,4,47,bc_ad_boundary,1.0,2.2147290555841624e-05,175337,0.9708098710474007
118,150,4,33,other,1.0,2.2147290555841624e-05,175341,0.9708320183379566
26,27,4,2,other,1.0,2.2147290555841624e-05,175345,0.9708541656285125
149,151,4,3,other,1.0,2.2147290555841624e-05,175349,0.9708763129190683
71,73,4,3,other,1.0,2.2147290555841624e-05,175353,0.9708984602096241
108,150,4,43,other,1.0,2.2147290555841624e-05,175357,0.9709206075001799
43,45,4,3,other,1.0,2.2147290555841624e-05,175361,0.9709427547907358
12,13,4,2,other,1.0,2.2147290555841624e-05,175365,0.9709649020812916
70,75,4,6,other,1.0,2.2147290555841624e-05,175369,0.9709870493718474
70,80,4,11,reign:Vespasianic,1.0,2.2147290555841624e-05,175373,0.9710091966624033
70,85,4,16,other,1.0,2.2147290555841624e-05,175377,0.9710313439529592
1,96,4,96,other,1.0,2.2147290555841624e-05,175381,0.971053491243515
1,120,4,120,other,1.0,2.2147290555841624e-05,175385,0.9710756385340709
166,170,4,5,other,1.0,2.2147290555841624e-05,175389,0.9710977858246267
227,310,4,84,other,1.0,2.2147290555841624e-05,175393,0.9711199331151825
69,250,4,182,other,1.0,2.2147290555841624e-05,175397,0.9711420804057384
65,80,4,16,other,1.0,2.2147290555841624e-05,175401,0.9711642276962942
65,250,4,186,other,1.0,2.2147290555841624e-05,175405,0.97118637498685
241,250,4,10,other,1.0,2.2147290555841624e-05,175409,0.9712085222774058
241,260,4,20,other,1.0,2.2147290555841624e-05,175413,0.9712306695679618
45,69,4,25,other,1.0,2.2147290555841624e-05,175417,0.9712528168585176
-36,-36,4,1,year_precise,1.0,2.2147290555841624e-05,175421,0.9712749641490734
244,245,4,2,other,1.0,2.2147290555841624e-05,175425,0.9712971114396293
244,248,4,5,other,1.0,2.2147290555841624e-05,175429,0.9713192587301851
-36,-31,4,6,other,1.0,2.2147290555841624e-05,175433,0.9713414060207409
110,260,4,151,other,1.0,2.2147290555841624e-05,175437,0.9713635533112968
163,166,4,4,other,1.0,2.2147290555841624e-05,175441,0.9713857006018526
163,180,4,18,other,1.0,2.2147290555841624e-05,175445,0.9714078478924084
71,96,4,26,other,1.0,2.2147290555841624e-05,175449,0.9714299951829644
28,28,4,1,year_precise,1.0,2.2147290555841624e-05,175453,0.9714521424735202
-10,15,4,26,bc_ad_boundary,1.0,2.2147290555841624e-05,175457,0.971474289764076
117,235,4,119,other,1.0,2.2147290555841624e-05,175461,0.9714964370546318
154,161,4,8,other,1.0,2.2147290555841624e-05,175465,0.9715185843451877
13,14,4,2,other,1.0,2.2147290555841624e-05,175469,0.9715407316357435
321,370,4,50,other,0.6,2.2147290555841624e-05,175473,0.9715628789262993
16,16,4,1,year_precise,1.0,2.2147290555841624e-05,175477,0.9715850262168552
69,110,4,42,other,1.0,2.2147290555841624e-05,175481,0.971607173507411
69,114,4,46,other,1.0,2.2147290555841624e-05,175485,0.9716293207979669
69,120,4,52,other,1.0,2.2147290555841624e-05,175489,0.9716514680885228
315,315,4,1,year_precise,1.0,2.2147290555841624e-05,175493,0.9716736153790786
231,400,4,170,other,0.7059,2.2147290555841624e-05,175497,0.9716957626696344
69,74,4,6,other,1.0,2.2147290555841624e-05,175501,0.9717179099601903
319,319,4,1,year_precise,1.0,2.2147290555841624e-05,175505,0.9717400572507461
161,209,4,49,other,1.0,2.2147290555841624e-05,175509,0.9717622045413019
161,210,4,50,other,1.0,2.2147290555841624e-05,175513,0.9717843518318577
117,119,4,3,other,1.0,2.2147290555841624e-05,175517,0.9718064991224136
69,98,4,30,other,1.0,2.2147290555841624e-05,175521,0.9718286464129694
68,71,4,4,other,1.0,2.2147290555841624e-05,175525,0.9718507937035253
12,14,4,3,other,1.0,2.2147290555841624e-05,175529,0.9718729409940812
117,160,4,44,other,1.0,2.2147290555841624e-05,175533,0.971895088284637
156,165,4,10,other,1.0,2.2147290555841624e-05,175537,0.9719172355751928
65,70,4,6,other,1.0,2.2147290555841624e-05,175541,0.9719393828657487
26,200,4,175,other,1.0,2.2147290555841624e-05,175545,0.9719615301563045
-30,284,4,315,bc_ad_boundary,1.0,2.2147290555841624e-05,175549,0.9719836774468603
-29,-29,4,1,year_precise,1.0,2.2147290555841624e-05,175553,0.9720058247374161
-43,-31,4,13,other,1.0,2.2147290555841624e-05,175557,0.972027972027972
69,161,4,93,other,1.0,2.2147290555841624e-05,175561,0.9720501193185279
67,68,4,2,other,1.0,2.2147290555841624e-05,175565,0.9720722666090837
130,140,4,11,other,1.0,2.2147290555841624e-05,175569,0.9720944138996396
350,352,4,3,other,0.3333,2.2147290555841624e-05,175573,0.9721165611901954
-6,-5,4,2,other,1.0,2.2147290555841624e-05,175577,0.9721387084807512
341,400,4,60,other,0.1667,2.2147290555841624e-05,175581,0.9721608557713071
197,305,4,109,other,1.0,2.2147290555841624e-05,175585,0.9721830030618629
40,63,4,24,other,1.0,2.2147290555841624e-05,175589,0.9722051503524187
196,222,4,27,other,1.0,2.2147290555841624e-05,175593,0.9722272976429746
90,114,4,25,other,1.0,2.2147290555841624e-05,175597,0.9722494449335305
91,91,4,1,year_precise,1.0,2.2147290555841624e-05,175601,0.9722715922240863
91,101,4,11,other,1.0,2.2147290555841624e-05,175605,0.9722937395146422
91,115,4,25,other,1.0,2.2147290555841624e-05,175609,0.972315886805198
91,120,4,30,other,1.0,2.2147290555841624e-05,175613,0.9723380340957538
21,30,4,10,other,1.0,2.2147290555841624e-05,175617,0.9723601813863096
132,133,4,2,other,1.0,2.2147290555841624e-05,175621,0.9723823286768655
21,60,3,40,other,1.0,1.6610467916881218e-05,175624,0.9723989391447824
92,166,3,75,other,1.0,1.6610467916881218e-05,175627,0.9724155496126993
138,145,3,8,other,1.0,1.6610467916881218e-05,175630,0.9724321600806162
91,105,3,15,other,1.0,1.6610467916881218e-05,175633,0.9724487705485331
90,150,3,61,other,1.0,1.6610467916881218e-05,175636,0.9724653810164499
51,69,3,19,other,1.0,1.6610467916881218e-05,175639,0.9724819914843668
14,200,3,187,other,1.0,1.6610467916881218e-05,175642,0.9724986019522837
21,80,3,60,other,1.0,1.6610467916881218e-05,175645,0.9725152124202006
197,199,3,3,other,1.0,1.6610467916881218e-05,175648,0.9725318228881175
195,205,3,11,other,1.0,1.6610467916881218e-05,175651,0.9725484333560344
89,89,3,1,year_precise,1.0,1.6610467916881218e-05,175654,0.9725650438239511
198,208,3,11,other,1.0,1.6610467916881218e-05,175657,0.972581654291868
198,230,3,33,other,1.0,1.6610467916881218e-05,175660,0.972598264759785
293,395,3,103,other,0.5631,1.6610467916881218e-05,175663,0.9726148752277018
92,200,3,109,other,1.0,1.6610467916881218e-05,175666,0.9726314856956187
92,250,3,159,other,1.0,1.6610467916881218e-05,175669,0.9726480961635356
93,94,3,2,other,1.0,1.6610467916881218e-05,175672,0.9726647066314524
92,150,3,59,other,1.0,1.6610467916881218e-05,175675,0.9726813170993693
195,200,3,6,other,1.0,1.6610467916881218e-05,175678,0.9726979275672862
-21,14,3,36,bc_ad_boundary,1.0,1.6610467916881218e-05,175681,0.9727145380352031
-45,-27,3,19,other,1.0,1.6610467916881218e-05,175684,0.97273114850312
281,330,3,50,other,1.0,1.6610467916881218e-05,175687,0.9727477589710369
117,193,3,77,other,1.0,1.6610467916881218e-05,175690,0.9727643694389537
156,160,3,5,other,1.0,1.6610467916881218e-05,175693,0.9727809799068706
157,159,3,3,other,1.0,1.6610467916881218e-05,175696,0.9727975903747875
157,185,3,29,other,1.0,1.6610467916881218e-05,175699,0.9728142008427044
115,260,3,146,other,1.0,1.6610467916881218e-05,175702,0.9728308113106213
117,118,3,2,other,1.0,1.6610467916881218e-05,175705,0.9728474217785381
324,327,3,4,other,1.0,1.6610467916881218e-05,175708,0.972864032246455
-30,300,3,331,bc_ad_boundary,1.0,1.6610467916881218e-05,175711,0.9728806427143719
236,250,3,15,other,1.0,1.6610467916881218e-05,175714,0.9728972531822888
13,13,3,1,year_precise,1.0,1.6610467916881218e-05,175717,0.9729138636502057
159,161,3,3,other,1.0,1.6610467916881218e-05,175720,0.9729304741181226
115,150,3,36,other,1.0,1.6610467916881218e-05,175723,0.9729470845860394
160,200,3,41,other,1.0,1.6610467916881218e-05,175726,0.9729636950539563
-42,-41,3,2,other,1.0,1.6610467916881218e-05,175729,0.9729803055218732
69,125,3,57,other,1.0,1.6610467916881218e-05,175732,0.9729969159897901
162,180,3,19,reign:Aurelian-Marcus,1.0,1.6610467916881218e-05,175735,0.973013526457707
-27,-20,3,8,other,1.0,1.6610467916881218e-05,175738,0.9730301369256239
69,170,3,102,other,1.0,1.6610467916881218e-05,175741,0.9730467473935407
231,240,3,10,other,1.0,1.6610467916881218e-05,175744,0.9730633578614576
231,271,3,41,other,1.0,1.6610467916881218e-05,175747,0.9730799683293745
231,280,3,50,other,1.0,1.6610467916881218e-05,175750,0.9730965787972914
29,37,3,9,other,1.0,1.6610467916881218e-05,175753,0.9731131892652083
29,50,3,22,other,1.0,1.6610467916881218e-05,175756,0.9731297997331252
30,30,3,1,year_precise,1.0,1.6610467916881218e-05,175759,0.973146410201042
30,31,3,2,other,1.0,1.6610467916881218e-05,175762,0.9731630206689589
161,168,3,8,other,1.0,1.6610467916881218e-05,175765,0.9731796311368758
114,116,3,3,other,1.0,1.6610467916881218e-05,175768,0.9731962416047927
-43,-36,3,8,other,1.0,1.6610467916881218e-05,175771,0.9732128520727096
-30,150,3,181,bc_ad_boundary,1.0,1.6610467916881218e-05,175774,0.9732294625406265
67,100,3,34,other,1.0,1.6610467916881218e-05,175777,0.9732460730085433
239,500,3,262,other,0.4275,1.6610467916881218e-05,175780,0.9732626834764602
28,29,3,2,other,1.0,1.6610467916881218e-05,175783,0.9732792939443771
324,361,3,38,other,0.7105,1.6610467916881218e-05,175786,0.973295904412294
325,325,3,1,year_precise,1.0,1.6610467916881218e-05,175789,0.9733125148802109
152,200,3,49,other,1.0,1.6610467916881218e-05,175792,0.9733291253481278
154,155,3,2,other,1.0,1.6610467916881218e-05,175795,0.9733457358160446
118,128,3,11,other,1.0,1.6610467916881218e-05,175798,0.9733623462839615
155,156,3,2,other,1.0,1.6610467916881218e-05,175801,0.9733789567518784
155,159,3,5,other,1.0,1.6610467916881218e-05,175804,0.9733955672197953
151,399,3,249,other,0.8032,1.6610467916881218e-05,175807,0.9734121776877122
65,78,3,14,other,1.0,1.6610467916881218e-05,175810,0.973428788155629
284,337,3,54,other,1.0,1.6610467916881218e-05,175813,0.9734453986235458
15,200,3,186,other,1.0,1.6610467916881218e-05,175816,0.9734620090914627
15,300,3,286,other,1.0,1.6610467916881218e-05,175819,0.9734786195593796
285,290,3,6,other,1.0,1.6610467916881218e-05,175822,0.9734952300272965
314,314,3,1,year_precise,1.0,1.6610467916881218e-05,175825,0.9735118404952134
315,350,3,36,other,1.0,1.6610467916881218e-05,175828,0.9735284509631303
241,300,3,60,other,1.0,1.6610467916881218e-05,175831,0.9735450614310471
63,69,3,7,other,1.0,1.6610467916881218e-05,175834,0.973561671898964
63,79,3,17,other,1.0,1.6610467916881218e-05,175837,0.9735782823668809
282,305,3,24,other,1.0,1.6610467916881218e-05,175840,0.9735948928347978
63,300,3,238,other,1.0,1.6610467916881218e-05,175843,0.9736115033027147
229,235,3,7,other,1.0,1.6610467916881218e-05,175846,0.9736281137706316
230,260,3,31,other,1.0,1.6610467916881218e-05,175849,0.9736447242385484
-12,-11,3,2,other,1.0,1.6610467916881218e-05,175852,0.9736613347064653
110,250,3,141,other,1.0,1.6610467916881218e-05,175855,0.9736779451743822
111,114,3,4,other,1.0,1.6610467916881218e-05,175858,0.9736945556422991
-12,-6,3,7,other,1.0,1.6610467916881218e-05,175861,0.973711166110216
-12,-1,3,12,other,1.0,1.6610467916881218e-05,175864,0.9737277765781329
71,87,3,17,other,1.0,1.6610467916881218e-05,175867,0.9737443870460497
111,150,3,40,other,1.0,1.6610467916881218e-05,175870,0.9737609975139666
112,138,3,27,other,1.0,1.6610467916881218e-05,175873,0.9737776079818835
162,164,3,3,other,1.0,1.6610467916881218e-05,175876,0.9737942184498004
167,175,3,9,other,1.0,1.6610467916881218e-05,175879,0.9738108289177173
43,46,3,4,other,1.0,1.6610467916881218e-05,175882,0.9738274393856342
43,68,3,26,other,1.0,1.6610467916881218e-05,175885,0.973844049853551
226,300,3,75,other,1.0,1.6610467916881218e-05,175888,0.9738606603214679
70,150,3,81,other,1.0,1.6610467916881218e-05,175891,0.9738772707893848
-27,-27,3,1,year_precise,1.0,1.6610467916881218e-05,175894,0.9738938812573017
1,117,3,117,other,1.0,1.6610467916881218e-05,175897,0.9739104917252186
164,167,3,4,other,1.0,1.6610467916881218e-05,175900,0.9739271021931355
165,185,3,21,other,1.0,1.6610467916881218e-05,175903,0.9739437126610523
166,167,3,2,other,1.0,1.6610467916881218e-05,175906,0.9739603231289692
71,105,3,35,other,1.0,1.6610467916881218e-05,175909,0.9739769335968861
71,110,3,40,other,1.0,1.6610467916881218e-05,175912,0.973993544064803
70,71,3,2,other,1.0,1.6610467916881218e-05,175915,0.9740101545327199
65,85,3,21,other,1.0,1.6610467916881218e-05,175918,0.9740267650006368
65,90,3,26,other,1.0,1.6610467916881218e-05,175921,0.9740433754685536
241,280,3,40,other,1.0,1.6610467916881218e-05,175924,0.9740599859364705
-46,-44,3,3,other,1.0,1.6610467916881218e-05,175927,0.9740765964043874
-30,41,3,72,bc_ad_boundary,1.0,1.6610467916881218e-05,175930,0.9740932068723043
-30,42,3,73,bc_ad_boundary,1.0,1.6610467916881218e-05,175933,0.9741098173402212
-30,51,3,82,bc_ad_boundary,1.0,1.6610467916881218e-05,175936,0.9741264278081381
62,68,3,7,other,1.0,1.6610467916881218e-05,175939,0.9741430382760549
1,23,3,23,other,1.0,1.6610467916881218e-05,175942,0.9741596487439718
1,31,3,31,other,1.0,1.6610467916881218e-05,175945,0.9741762592118887
1,47,3,47,other,1.0,1.6610467916881218e-05,175948,0.9741928696798056
148,161,3,14,other,1.0,1.6610467916881218e-05,175951,0.9742094801477225
-60,-1,3,60,other,0.8333,1.6610467916881218e-05,175954,0.9742260906156394
225,227,3,3,other,1.0,1.6610467916881218e-05,175957,0.9742427010835562
226,229,3,4,other,1.0,1.6610467916881218e-05,175960,0.974259311551473
110,115,3,6,other,1.0,1.6610467916881218e-05,175963,0.97427592201939
-14,50,3,65,bc_ad_boundary,1.0,1.6610467916881218e-05,175966,0.9742925324873069
-14,69,3,84,bc_ad_boundary,1.0,1.6610467916881218e-05,175969,0.9743091429552238
167,168,3,2,other,1.0,1.6610467916881218e-05,175972,0.9743257534231407
-89,-40,3,50,other,0.22,1.6610467916881218e-05,175975,0.9743423638910574
219,222,3,4,other,1.0,1.6610467916881218e-05,175978,0.9743589743589743
43,370,3,328,other,0.939,1.6610467916881218e-05,175981,0.9743755848268912
286,310,3,25,other,1.0,1.6610467916881218e-05,175984,0.9743921952948081
286,324,3,39,other,1.0,1.6610467916881218e-05,175987,0.974408805762725
167,300,3,134,other,1.0,1.6610467916881218e-05,175990,0.9744254162306419
168,170,3,3,other,1.0,1.6610467916881218e-05,175993,0.9744420266985587
107,130,3,24,other,1.0,1.6610467916881218e-05,175996,0.9744586371664756
168,300,3,133,other,1.0,1.6610467916881218e-05,175999,0.9744752476343925
169,172,3,4,other,1.0,1.6610467916881218e-05,176002,0.9744918581023094
31,64,3,34,other,1.0,1.6610467916881218e-05,176005,0.9745084685702263
31,71,3,41,other,1.0,1.6610467916881218e-05,176008,0.9745250790381431
170,171,3,2,other,1.0,1.6610467916881218e-05,176011,0.97454168950606
71,138,3,68,other,1.0,1.6610467916881218e-05,176014,0.9745582999739769
-60,-40,3,21,other,0.5238,1.6610467916881218e-05,176017,0.9745749104418938
-60,-30,3,31,other,0.6774,1.6610467916881218e-05,176020,0.9745915209098107
170,172,3,3,other,1.0,1.6610467916881218e-05,176023,0.9746081313777276
221,300,3,80,other,1.0,1.6610467916881218e-05,176026,0.9746247418456444
120,180,3,61,other,1.0,1.6610467916881218e-05,176029,0.9746413523135613
14,15,3,2,other,1.0,1.6610467916881218e-05,176032,0.9746579627814782
14,21,3,8,other,1.0,1.6610467916881218e-05,176035,0.9746745732493951
149,161,3,13,other,1.0,1.6610467916881218e-05,176038,0.974691183717312
150,154,3,5,other,1.0,1.6610467916881218e-05,176041,0.9747077941852289
150,230,3,81,other,1.0,1.6610467916881218e-05,176044,0.9747244046531457
150,235,3,86,other,1.0,1.6610467916881218e-05,176047,0.9747410151210626
45,100,3,56,other,1.0,1.6610467916881218e-05,176050,0.9747576255889795
-100,-44,3,57,other,0.1228,1.6610467916881218e-05,176053,0.9747742360568964
222,236,3,15,other,1.0,1.6610467916881218e-05,176056,0.9747908465248133
1,138,3,138,other,1.0,1.6610467916881218e-05,176059,0.9748074569927302
1,201,3,201,other,1.0,1.6610467916881218e-05,176062,0.974824067460647
1,220,3,220,other,1.0,1.6610467916881218e-05,176065,0.9748406779285639
106,300,3,195,other,1.0,1.6610467916881218e-05,176068,0.9748572883964808
46,69,3,24,other,1.0,1.6610467916881218e-05,176071,0.9748738988643977
47,55,3,9,other,1.0,1.6610467916881218e-05,176074,0.9748905093323146
281,300,3,20,other,1.0,1.6610467916881218e-05,176077,0.9749071198002315
326,500,3,175,other,0.1429,1.6610467916881218e-05,176080,0.9749237302681483
25,47,3,23,other,1.0,1.6610467916881218e-05,176083,0.9749403407360652
60,100,3,41,other,1.0,1.6610467916881218e-05,176086,0.9749569512039821
10,90,3,81,other,1.0,1.6610467916881218e-05,176089,0.974973561671899
11,20,3,10,other,1.0,1.6610467916881218e-05,176092,0.9749901721398159
106,114,3,9,other,1.0,1.6610467916881218e-05,176095,0.9750067826077328
106,115,3,10,other,1.0,1.6610467916881218e-05,176098,0.9750233930756496
105,106,3,2,other,1.0,1.6610467916881218e-05,176101,0.9750400035435665
105,109,3,5,other,1.0,1.6610467916881218e-05,176104,0.9750566140114834
-83,-31,3,53,other,0.3774,1.6610467916881218e-05,176107,0.9750732244794003
-14,30,3,45,bc_ad_boundary,1.0,1.6610467916881218e-05,176110,0.9750898349473172
103,106,3,4,other,1.0,1.6610467916881218e-05,176113,0.9751064454152341
103,150,3,48,other,1.0,1.6610467916881218e-05,176116,0.9751230558831508
1,253,3,253,other,1.0,1.6610467916881218e-05,176119,0.9751396663510677
175,300,3,126,other,1.0,1.6610467916881218e-05,176122,0.9751562768189846
-15,-10,3,6,other,1.0,1.6610467916881218e-05,176125,0.9751728872869015
310,310,3,1,year_precise,1.0,1.6610467916881218e-05,176128,0.9751894977548184
218,250,3,33,other,1.0,1.6610467916881218e-05,176131,0.9752061082227353
71,270,3,200,other,1.0,1.6610467916881218e-05,176134,0.9752227186906521
72,73,3,2,other,1.0,1.6610467916881218e-05,176137,0.975239329158569
310,313,3,4,other,1.0,1.6610467916881218e-05,176140,0.9752559396264859
310,320,3,11,other,1.0,1.6610467916881218e-05,176143,0.9752725500944028
34,37,3,4,other,1.0,1.6610467916881218e-05,176146,0.9752891605623197
310,337,3,28,other,1.0,1.6610467916881218e-05,176149,0.9753057710302366
311,312,3,2,other,1.0,1.6610467916881218e-05,176152,0.9753223814981534
312,313,3,2,other,1.0,1.6610467916881218e-05,176155,0.9753389919660703
172,175,3,4,other,1.0,1.6610467916881218e-05,176158,0.9753556024339872
220,221,3,2,other,1.0,1.6610467916881218e-05,176161,0.9753722129019041
-27,-12,3,16,other,1.0,1.6610467916881218e-05,176164,0.975388823369821
10,11,3,2,other,1.0,1.6610467916881218e-05,176167,0.9754054338377379
-15,-1,3,15,other,1.0,1.6610467916881218e-05,176170,0.9754220443056547
177,184,3,8,other,1.0,1.6610467916881218e-05,176173,0.9754386547735716
101,231,3,131,other,1.0,1.6610467916881218e-05,176176,0.9754552652414885
101,235,3,135,other,1.0,1.6610467916881218e-05,176179,0.9754718757094054
172,180,3,9,other,1.0,1.6610467916881218e-05,176182,0.9754884861773223
173,175,3,3,other,1.0,1.6610467916881218e-05,176185,0.9755050966452392
102,105,3,4,other,1.0,1.6610467916881218e-05,176188,0.975521707113156
102,106,3,5,other,1.0,1.6610467916881218e-05,176191,0.9755383175810729
217,235,3,19,other,1.0,1.6610467916881218e-05,176194,0.9755549280489898
74,107,3,34,other,1.0,1.6610467916881218e-05,176197,0.9755715385169067
75,77,3,3,other,1.0,1.6610467916881218e-05,176200,0.9755881489848236
218,224,3,7,other,1.0,1.6610467916881218e-05,176203,0.9756047594527405
218,230,3,13,other,1.0,1.6610467916881218e-05,176206,0.9756213699206573
289,289,3,1,year_precise,1.0,1.6610467916881218e-05,176209,0.9756379803885742
175,250,3,76,other,1.0,1.6610467916881218e-05,176212,0.9756545908564911
77,92,3,16,other,1.0,1.6610467916881218e-05,176215,0.975671201324408
250,400,3,151,other,0.6689,1.6610467916881218e-05,176218,0.9756878117923249
251,260,3,10,other,1.0,1.6610467916881218e-05,176221,0.9757044222602418
59,67,3,9,other,1.0,1.6610467916881218e-05,176224,0.9757210327281586
-75,-31,3,45,other,0.4444,1.6610467916881218e-05,176227,0.9757376431960755
120,200,3,81,other,1.0,1.6610467916881218e-05,176230,0.9757542536639924
-75,50,3,126,bc_ad_boundary,0.8016,1.6610467916881218e-05,176233,0.9757708641319093
-75,-26,3,50,other,0.5,1.6610467916881218e-05,176236,0.9757874745998262
147,175,3,29,other,1.0,1.6610467916881218e-05,176239,0.9758040850677431
147,176,3,30,other,1.0,1.6610467916881218e-05,176242,0.9758206955356599
56,65,3,10,other,1.0,1.6610467916881218e-05,176245,0.9758373060035768
56,100,3,45,other,1.0,1.6610467916881218e-05,176248,0.9758539164714937
78,85,3,8,other,1.0,1.6610467916881218e-05,176251,0.9758705269394106
214,250,3,37,other,1.0,1.6610467916881218e-05,176254,0.9758871374073275
9,70,3,62,other,1.0,1.6610467916881218e-05,176257,0.9759037478752444
9,102,3,94,other,1.0,1.6610467916881218e-05,176260,0.9759203583431612
25,30,3,6,other,1.0,1.6610467916881218e-05,176263,0.975936968811078
147,148,3,2,other,1.0,1.6610467916881218e-05,176266,0.975953579278995
1,2,3,2,other,1.0,1.6610467916881218e-05,176269,0.9759701897469119
1,4,3,4,other,1.0,1.6610467916881218e-05,176272,0.9759868002148288
1,15,3,15,other,1.0,1.6610467916881218e-05,176275,0.9760034106827457
122,250,3,129,other,1.0,1.6610467916881218e-05,176278,0.9760200211506624
143,145,3,3,other,1.0,1.6610467916881218e-05,176281,0.9760366316185793
-27,150,3,178,bc_ad_boundary,1.0,1.6610467916881218e-05,176284,0.9760532420864962
79,90,3,12,other,1.0,1.6610467916881218e-05,176287,0.9760698525544131
79,260,3,182,other,1.0,1.6610467916881218e-05,176290,0.97608646302233
79,270,3,192,other,1.0,1.6610467916881218e-05,176293,0.9761030734902469
-27,476,3,504,bc_ad_boundary,0.75,1.6610467916881218e-05,176296,0.9761196839581637
-26,-26,3,1,year_precise,1.0,1.6610467916881218e-05,176299,0.9761362944260806
-26,-1,3,26,other,1.0,1.6610467916881218e-05,176302,0.9761529048939975
212,214,3,3,other,1.0,1.6610467916881218e-05,176305,0.9761695153619144
-15,-8,3,8,other,1.0,1.6610467916881218e-05,176308,0.9761861258298313
205,209,3,5,other,1.0,1.6610467916881218e-05,176311,0.9762027362977481
205,211,3,7,other,1.0,1.6610467916881218e-05,176314,0.976219346765665
293,293,3,1,year_precise,1.0,1.6610467916881218e-05,176317,0.9762359572335819
16,23,3,8,other,1.0,1.6610467916881218e-05,176320,0.9762525677014988
293,300,3,8,other,1.0,1.6610467916881218e-05,176323,0.9762691781694157
293,303,3,11,other,1.0,1.6610467916881218e-05,176326,0.9762857886373326
293,306,3,14,other,1.0,1.6610467916881218e-05,176329,0.9763023991052494
211,284,3,74,other,1.0,1.6610467916881218e-05,176332,0.9763190095731663
-40,-20,3,21,other,1.0,1.6610467916881218e-05,176335,0.9763356200410832
37,38,3,2,other,1.0,1.6610467916881218e-05,176338,0.9763522305090001
37,50,3,14,other,1.0,1.6610467916881218e-05,176341,0.976368840976917
-17,14,3,32,bc_ad_boundary,1.0,1.6610467916881218e-05,176344,0.9763854514448339
180,182,3,3,other,1.0,1.6610467916881218e-05,176347,0.9764020619127507
180,184,3,5,other,1.0,1.6610467916881218e-05,176350,0.9764186723806676
-40,-40,3,1,year_precise,1.0,1.6610467916881218e-05,176353,0.9764352828485845
25,29,3,5,other,1.0,1.6610467916881218e-05,176356,0.9764518933165014
55,60,3,6,other,1.0,1.6610467916881218e-05,176359,0.9764685037844183
254,260,3,7,other,1.0,1.6610467916881218e-05,176362,0.9764851142523352
255,260,3,6,other,1.0,1.6610467916881218e-05,176365,0.976501724720252
271,430,3,160,other,0.5,1.6610467916881218e-05,176368,0.9765183351881689
273,273,3,1,year_precise,1.0,1.6610467916881218e-05,176371,0.9765349456560858
59,68,3,10,other,1.0,1.6610467916881218e-05,176374,0.9765515561240027
-30,25,3,56,bc_ad_boundary,1.0,1.6610467916881218e-05,176377,0.9765681665919196
-48,-44,3,5,other,1.0,1.6610467916881218e-05,176380,0.9765847770598365
273,275,3,3,other,1.0,1.6610467916881218e-05,176383,0.9766013875277533
274,330,3,57,other,1.0,1.6610467916881218e-05,176386,0.9766179979956702
208,210,3,3,other,1.0,1.6610467916881218e-05,176389,0.9766346084635871
210,212,3,3,other,1.0,1.6610467916881218e-05,176392,0.976651218931504
210,250,3,41,other,1.0,1.6610467916881218e-05,176395,0.9766678293994209
80,89,3,10,other,1.0,1.6610467916881218e-05,176398,0.9766844398673378
80,96,3,17,reign:Domitianic,1.0,1.6610467916881218e-05,176401,0.9767010503352546
80,120,3,41,other,1.0,1.6610467916881218e-05,176404,0.9767176608031715
-17,4,3,22,bc_ad_boundary,1.0,1.6610467916881218e-05,176407,0.9767342712710884
100,130,3,31,other,1.0,1.6610467916881218e-05,176410,0.9767508817390053
9,10,3,2,other,1.0,1.6610467916881218e-05,176413,0.9767674922069222
206,207,3,2,other,1.0,1.6610467916881218e-05,176416,0.9767841026748391
180,217,3,38,other,1.0,1.6610467916881218e-05,176419,0.9768007131427558
180,235,3,56,other,1.0,1.6610467916881218e-05,176422,0.9768173236106727
180,300,3,121,other,1.0,1.6610467916881218e-05,176425,0.9768339340785896
181,182,3,2,other,1.0,1.6610467916881218e-05,176428,0.9768505445465065
101,138,3,38,other,1.0,1.6610467916881218e-05,176431,0.9768671550144234
305,308,3,4,other,1.0,1.6610467916881218e-05,176434,0.9768837654823403
305,361,3,57,other,0.807,1.6610467916881218e-05,176437,0.9769003759502571
-60,-48,3,13,other,0.2308,1.6610467916881218e-05,176440,0.976916986418174
101,193,3,93,other,1.0,1.6610467916881218e-05,176443,0.9769335968860909
254,256,3,3,other,1.0,1.6610467916881218e-05,176446,0.9769502073540078
54,80,3,27,other,1.0,1.6610467916881218e-05,176449,0.9769668178219247
54,117,3,64,other,1.0,1.6610467916881218e-05,176452,0.9769834282898416
-50,1,3,52,bc_ad_boundary,1.0,1.6610467916881218e-05,176455,0.9770000387577584
14,51,3,38,other,1.0,1.6610467916881218e-05,176458,0.9770166492256753
14,90,3,77,other,1.0,1.6610467916881218e-05,176461,0.9770332596935922
-31,50,3,82,bc_ad_boundary,1.0,1.6610467916881218e-05,176464,0.9770498701615091
141,180,3,40,other,1.0,1.6610467916881218e-05,176467,0.977066480629426
141,220,3,80,other,1.0,1.6610467916881218e-05,176470,0.9770830910973429
121,430,3,310,other,0.7419,1.6610467916881218e-05,176473,0.9770997015652597
122,125,3,4,other,1.0,1.6610467916881218e-05,176476,0.9771163120331766
141,150,3,10,other,1.0,1.6610467916881218e-05,176479,0.9771329225010935
41,74,3,34,other,1.0,1.6610467916881218e-05,176482,0.9771495329690104
293,361,3,69,other,0.8406,1.6610467916881218e-05,176485,0.9771661434369273
80,250,3,171,other,1.0,1.6610467916881218e-05,176488,0.9771827539048442
81,82,3,2,other,1.0,1.6610467916881218e-05,176491,0.977199364372761
81,83,3,3,other,1.0,1.6610467916881218e-05,176494,0.9772159748406779
306,324,3,19,other,1.0,1.6610467916881218e-05,176497,0.9772325853085948
37,54,3,18,other,1.0,1.6610467916881218e-05,176500,0.9772491957765117
123,130,3,8,other,1.0,1.6610467916881218e-05,176503,0.9772658062444286
139,150,3,12,other,1.0,1.6610467916881218e-05,176506,0.9772824167123455
125,135,3,11,other,1.0,1.6610467916881218e-05,176509,0.9772990271802623
-25,-25,3,1,year_precise,1.0,1.6610467916881218e-05,176512,0.9773156376481792
81,160,3,80,other,1.0,1.6610467916881218e-05,176515,0.9773322481160961
81,180,3,100,other,1.0,1.6610467916881218e-05,176518,0.977348858584013
81,250,3,170,other,1.0,1.6610467916881218e-05,176521,0.9773654690519299
82,83,3,2,other,1.0,1.6610467916881218e-05,176524,0.9773820795198468
-23,-22,3,2,other,1.0,1.6610467916881218e-05,176527,0.9773986899877636
293,311,3,19,other,1.0,1.6610467916881218e-05,176530,0.9774153004556805
101,107,3,7,other,1.0,1.6610467916881218e-05,176533,0.9774319109235974
184,223,3,40,other,1.0,1.6610467916881218e-05,176536,0.9774485213915143
185,190,3,6,other,1.0,1.6610467916881218e-05,176539,0.9774651318594312
99,101,3,3,other,1.0,1.6610467916881218e-05,176542,0.9774817423273481
-50,-15,3,36,other,1.0,1.6610467916881218e-05,176545,0.9774983527952649
-50,-11,3,40,other,1.0,1.6610467916881218e-05,176548,0.9775149632631818
100,101,3,2,other,1.0,1.6610467916881218e-05,176551,0.9775315737310987
6,30,3,25,other,1.0,1.6610467916881218e-05,176554,0.9775481841990156
201,235,3,35,other,1.0,1.6610467916881218e-05,176557,0.9775647946669325
83,89,3,7,other,1.0,1.6610467916881218e-05,176560,0.9775814051348494
201,320,3,120,other,1.0,1.6610467916881218e-05,176563,0.9775980156027662
201,325,3,125,other,1.0,1.6610467916881218e-05,176566,0.9776146260706831
188,192,3,5,other,1.0,1.6610467916881218e-05,176569,0.9776312365386
-20,200,3,221,bc_ad_boundary,1.0,1.6610467916881218e-05,176572,0.9776478470065169
100,250,3,151,other,1.0,1.6610467916881218e-05,176575,0.9776644574744338
257,268,3,12,other,1.0,1.6610467916881218e-05,176578,0.9776810679423507
52,54,3,3,other,1.0,1.6610467916881218e-05,176581,0.9776976784102674
53,54,3,2,other,1.0,1.6610467916881218e-05,176584,0.9777142888781843
258,268,3,11,other,1.0,1.6610467916881218e-05,176587,0.9777308993461012
260,261,3,2,other,1.0,1.6610467916881218e-05,176590,0.9777475098140181
-33,-1,3,33,other,1.0,1.6610467916881218e-05,176593,0.977764120281935
-2,10,3,13,bc_ad_boundary,1.0,1.6610467916881218e-05,176596,0.977780730749852
125,150,3,26,other,1.0,1.6610467916881218e-05,176599,0.9777973412177687
-31,-31,3,1,year_precise,1.0,1.6610467916881218e-05,176602,0.9778139516856856
50,63,3,14,other,1.0,1.6610467916881218e-05,176605,0.9778305621536025
50,75,3,26,other,1.0,1.6610467916881218e-05,176608,0.9778471726215194
271,310,3,40,other,1.0,1.6610467916881218e-05,176611,0.9778637830894363
126,132,3,7,other,1.0,1.6610467916881218e-05,176614,0.9778803935573531
126,135,3,10,other,1.0,1.6610467916881218e-05,176617,0.97789700402527
126,140,3,15,other,1.0,1.6610467916881218e-05,176620,0.9779136144931869
140,160,3,21,other,1.0,1.6610467916881218e-05,176623,0.9779302249611038
140,170,3,31,other,1.0,1.6610467916881218e-05,176626,0.9779468354290207
-51,30,3,82,bc_ad_boundary,0.9878,1.6610467916881218e-05,176629,0.9779634458969376
-51,50,3,102,bc_ad_boundary,0.9902,1.6610467916881218e-05,176632,0.9779800563648544
261,300,3,40,other,1.0,1.6610467916881218e-05,176635,0.9779966668327713
201,211,3,11,other,1.0,1.6610467916881218e-05,176638,0.9780132773006882
-23,37,3,61,bc_ad_boundary,1.0,1.6610467916881218e-05,176641,0.9780298877686051
-22,-22,3,1,year_precise,1.0,1.6610467916881218e-05,176644,0.978046498236522
198,305,3,108,other,1.0,1.6610467916881218e-05,176647,0.9780631087044389
301,375,3,75,other,0.6667,1.6610467916881218e-05,176650,0.9780797191723557
301,425,3,125,other,0.4,1.6610467916881218e-05,176653,0.9780963296402726
86,200,3,115,other,1.0,1.6610467916881218e-05,176656,0.9781129401081895
199,203,3,5,other,1.0,1.6610467916881218e-05,176659,0.9781295505761064
199,209,3,11,other,1.0,1.6610467916881218e-05,176662,0.9781461610440233
7,8,3,2,other,1.0,1.6610467916881218e-05,176665,0.9781627715119402
97,138,3,42,other,1.0,1.6610467916881218e-05,176668,0.978179381979857
96,104,3,9,other,1.0,1.6610467916881218e-05,176671,0.9781959924477739
96,120,3,25,other,1.0,1.6610467916881218e-05,176674,0.9782126029156908
96,200,3,105,other,1.0,1.6610467916881218e-05,176677,0.9782292133836077
194,211,3,18,reign:Septimius-Severus,1.0,1.6610467916881218e-05,176680,0.9782458238515246
194,270,3,77,other,1.0,1.6610467916881218e-05,176683,0.9782624343194415
5,20,3,16,other,1.0,1.6610467916881218e-05,176686,0.9782790447873583
-40,50,3,91,bc_ad_boundary,1.0,1.6610467916881218e-05,176689,0.9782956552552752
85,130,3,46,other,1.0,1.6610467916881218e-05,176692,0.9783122657231921
23,24,3,2,other,1.0,1.6610467916881218e-05,176695,0.978328876191109
23,37,3,15,other,1.0,1.6610467916881218e-05,176698,0.9783454866590259
-44,-30,3,15,other,1.0,1.6610467916881218e-05,176701,0.9783620971269428
-44,-27,3,18,other,1.0,1.6610467916881218e-05,176704,0.9783787075948596
127,140,3,14,other,1.0,1.6610467916881218e-05,176707,0.9783953180627765
128,136,3,9,other,1.0,1.6610467916881218e-05,176710,0.9784119285306934
138,193,3,56,reign:Antonine-broad,1.0,1.6610467916881218e-05,176713,0.9784285389986103
126,200,3,75,other,1.0,1.6610467916881218e-05,176716,0.9784451494665272
-20,-20,3,1,year_precise,1.0,1.6610467916881218e-05,176719,0.9784617599344441
301,320,3,20,other,1.0,1.6610467916881218e-05,176722,0.9784783704023609
301,361,3,61,other,0.8197,1.6610467916881218e-05,176725,0.9784949808702778
294,296,3,3,other,1.0,1.6610467916881218e-05,176728,0.9785115913381947
40,100,3,61,other,1.0,1.6610467916881218e-05,176731,0.9785282018061116
41,43,3,3,other,1.0,1.6610467916881218e-05,176734,0.9785448122740285
41,48,3,8,other,1.0,1.6610467916881218e-05,176737,0.9785614227419454
-50,-40,3,11,other,1.0,1.6610467916881218e-05,176740,0.9785780332098621
296,298,3,3,other,1.0,1.6610467916881218e-05,176743,0.978594643677779
137,138,3,2,other,1.0,1.6610467916881218e-05,176746,0.9786112541456959
130,131,3,2,other,1.0,1.6610467916881218e-05,176749,0.9786278646136128
134,138,3,5,other,1.0,1.6610467916881218e-05,176752,0.9786444750815297
134,161,3,28,other,1.0,1.6610467916881218e-05,176755,0.9786610855494466
135,137,3,3,other,1.0,1.6610467916881218e-05,176758,0.9786776960173634
20,50,3,31,other,1.0,1.6610467916881218e-05,176761,0.9786943064852803
131,183,3,53,other,1.0,1.6610467916881218e-05,176764,0.9787109169531972
337,352,3,16,other,0.875,1.6610467916881218e-05,176767,0.9787275274211141
131,400,3,270,other,0.8148,1.6610467916881218e-05,176770,0.978744137889031
-20,9,3,30,bc_ad_boundary,1.0,1.6610467916881218e-05,176773,0.9787607483569479
51,180,3,130,other,1.0,1.6610467916881218e-05,176776,0.9787773588248647
267,300,3,34,other,1.0,1.6610467916881218e-05,176779,0.9787939692927816
270,273,3,4,other,1.0,1.6610467916881218e-05,176782,0.9788105797606985
50,300,3,251,other,1.0,1.6610467916881218e-05,176785,0.9788271902286154
51,66,3,16,other,1.0,1.6610467916881218e-05,176788,0.9788438006965323
69,140,3,72,other,1.0,1.6610467916881218e-05,176791,0.9788604111644492
238,250,3,13,other,1.0,1.6610467916881218e-05,176794,0.978877021632366
238,270,3,33,other,1.0,1.6610467916881218e-05,176797,0.9788936321002829
21,70,3,50,other,1.0,1.6610467916881218e-05,176800,0.9789102425681998
130,138,3,9,other,1.0,1.6610467916881218e-05,176803,0.9789268530361167
271,275,3,5,other,1.0,1.6610467916881218e-05,176806,0.9789434635040336
350,351,3,2,other,0.5,1.6610467916881218e-05,176809,0.9789600739719505
-5,14,3,20,bc_ad_boundary,1.0,1.6610467916881218e-05,176812,0.9789766844398673
-5,30,3,36,bc_ad_boundary,1.0,1.6610467916881218e-05,176815,0.9789932949077842
130,170,3,41,other,1.0,1.6610467916881218e-05,176818,0.9790099053757011
-5,1,3,7,bc_ad_boundary,1.0,1.6610467916881218e-05,176821,0.979026515843618
138,141,3,4,other,1.0,1.6610467916881218e-05,176824,0.9790431263115349
21,23,3,3,other,1.0,1.6610467916881218e-05,176827,0.9790597367794518
132,135,3,4,other,1.0,1.6610467916881218e-05,176830,0.9790763472473686
133,140,3,8,other,1.0,1.6610467916881218e-05,176833,0.9790929577152855
89,101,3,13,other,1.0,1.6610467916881218e-05,176836,0.9791095681832024
341,395,2,55,other,0.1818,1.1073645277920812e-05,176838,0.9791206418284804
347,349,2,3,other,1.0,1.1073645277920812e-05,176840,0.9791317154737582
20,35,2,16,other,1.0,1.1073645277920812e-05,176842,0.9791427891190362
345,346,2,2,other,1.0,1.1073645277920812e-05,176844,0.979153862764314
341,342,2,2,other,1.0,1.1073645277920812e-05,176846,0.979164936409592
339,360,2,22,other,0.5455,1.1073645277920812e-05,176848,0.9791760100548699
337,408,2,72,other,0.1944,1.1073645277920812e-05,176850,0.9791870837001478
337,378,2,42,other,0.3333,1.1073645277920812e-05,176852,0.9791981573454257
337,367,2,31,other,0.4516,1.1073645277920812e-05,176854,0.9792092309907037
-5,50,2,56,bc_ad_boundary,1.0,1.1073645277920812e-05,176856,0.9792203046359816
333,361,2,29,other,0.6207,1.1073645277920812e-05,176858,0.9792313782812595
-44,-1,2,44,other,1.0,1.1073645277920812e-05,176860,0.9792424519265375
136,200,2,65,other,1.0,1.1073645277920812e-05,176862,0.9792535255718153
-5,20,2,26,bc_ad_boundary,1.0,1.1073645277920812e-05,176864,0.9792645992170933
-5,25,2,31,bc_ad_boundary,1.0,1.1073645277920812e-05,176866,0.9792756728623712
130,171,2,42,other,1.0,1.1073645277920812e-05,176868,0.9792867465076491
-6,4,2,11,bc_ad_boundary,1.0,1.1073645277920812e-05,176870,0.979297820152927
-5,-3,2,3,other,1.0,1.1073645277920812e-05,176872,0.979308893798205
138,148,2,11,other,1.0,1.1073645277920812e-05,176874,0.9793199674434829
138,158,2,21,other,1.0,1.1073645277920812e-05,176876,0.9793310410887608
138,168,2,31,other,1.0,1.1073645277920812e-05,176878,0.9793421147340388
138,175,2,38,other,1.0,1.1073645277920812e-05,176880,0.9793531883793166
138,176,2,39,other,1.0,1.1073645277920812e-05,176882,0.9793642620245946
51,140,2,90,other,1.0,1.1073645277920812e-05,176884,0.9793753356698724
51,151,2,101,other,1.0,1.1073645277920812e-05,176886,0.9793864093151504
268,275,2,8,other,1.0,1.1073645277920812e-05,176888,0.9793974829604283
268,300,2,33,other,1.0,1.1073645277920812e-05,176890,0.9794085566057062
261,270,2,10,other,1.0,1.1073645277920812e-05,176892,0.9794196302509842
-51,-26,2,26,other,0.9615,1.1073645277920812e-05,176894,0.9794307038962621
198,205,2,8,other,1.0,1.1073645277920812e-05,176896,0.97944177754154
198,212,2,15,other,1.0,1.1073645277920812e-05,176898,0.9794528511868179
92,300,2,209,other,1.0,1.1073645277920812e-05,176900,0.9794639248320959
93,114,2,22,other,1.0,1.1073645277920812e-05,176902,0.9794749984773737
94,97,2,4,other,1.0,1.1073645277920812e-05,176904,0.9794860721226517
94,150,2,57,other,1.0,1.1073645277920812e-05,176906,0.9794971457679296
95,96,2,2,other,1.0,1.1073645277920812e-05,176908,0.9795082194132075
4,54,2,51,other,1.0,1.1073645277920812e-05,176910,0.9795192930584855
91,170,2,80,other,1.0,1.1073645277920812e-05,176912,0.9795303667037634
91,260,2,170,other,1.0,1.1073645277920812e-05,176914,0.9795414403490413
91,300,2,210,other,1.0,1.1073645277920812e-05,176916,0.9795525139943192
92,130,2,39,other,1.0,1.1073645277920812e-05,176918,0.9795635876395972
197,202,2,6,other,1.0,1.1073645277920812e-05,176920,0.979574661284875
89,130,2,42,other,1.0,1.1073645277920812e-05,176922,0.979585734930153
89,250,2,162,other,1.0,1.1073645277920812e-05,176924,0.9795968085754309
90,97,2,8,other,1.0,1.1073645277920812e-05,176926,0.9796078822207088
-23,30,2,54,bc_ad_boundary,1.0,1.1073645277920812e-05,176928,0.9796189558659868
301,381,2,81,other,0.6173,1.1073645277920812e-05,176930,0.9796300295112647
301,431,2,131,other,0.3817,1.1073645277920812e-05,176932,0.9796411031565426
301,511,2,211,other,0.237,1.1073645277920812e-05,176934,0.9796521768018205
39,52,2,14,other,1.0,1.1073645277920812e-05,176936,0.9796632504470985
39,57,2,19,other,1.0,1.1073645277920812e-05,176938,0.9796743240923763
39,59,2,21,other,1.0,1.1073645277920812e-05,176940,0.9796853977376543
39,100,2,62,other,1.0,1.1073645277920812e-05,176942,0.9796964713829321
-40,14,2,55,bc_ad_boundary,1.0,1.1073645277920812e-05,176944,0.9797075450282101
40,70,2,31,other,1.0,1.1073645277920812e-05,176946,0.9797186186734881
198,203,2,6,other,1.0,1.1073645277920812e-05,176948,0.9797296923187659
88,89,2,2,other,1.0,1.1073645277920812e-05,176950,0.9797407659640439
88,92,2,5,other,1.0,1.1073645277920812e-05,176952,0.9797518396093218
88,114,2,27,other,1.0,1.1073645277920812e-05,176954,0.9797629132545997
89,90,2,2,other,1.0,1.1073645277920812e-05,176956,0.9797739868998776
198,204,2,7,other,1.0,1.1073645277920812e-05,176958,0.9797850605451556
193,305,2,113,other,1.0,1.1073645277920812e-05,176960,0.9797961341904334
193,312,2,120,other,1.0,1.1073645277920812e-05,176962,0.9798072078357114
5,33,2,29,other,1.0,1.1073645277920812e-05,176964,0.9798182814809894
5,150,2,146,other,1.0,1.1073645277920812e-05,176966,0.9798293551262672
96,100,2,5,other,1.0,1.1073645277920812e-05,176968,0.9798404287715452
301,310,2,10,other,1.0,1.1073645277920812e-05,176970,0.9798515024168231
301,360,2,60,other,0.8333,1.1073645277920812e-05,176972,0.979862576062101
294,294,2,1,year_precise,1.0,1.1073645277920812e-05,176974,0.9798736497073789
40,300,2,261,other,1.0,1.1073645277920812e-05,176976,0.9798847233526569
41,42,2,2,other,1.0,1.1073645277920812e-05,176978,0.9798957969979347
41,46,2,6,other,1.0,1.1073645277920812e-05,176980,0.9799068706432127
41,65,2,25,other,1.0,1.1073645277920812e-05,176982,0.9799179442884907
294,305,2,12,other,1.0,1.1073645277920812e-05,176984,0.9799290179337685
294,350,2,57,other,1.0,1.1073645277920812e-05,176986,0.9799400915790465
295,305,2,11,other,1.0,1.1073645277920812e-05,176988,0.9799511652243243
-23,-20,2,4,other,1.0,1.1073645277920812e-05,176990,0.9799622388696023
-21,-21,2,1,year_precise,1.0,1.1073645277920812e-05,176992,0.9799733125148802
86,87,2,2,other,1.0,1.1073645277920812e-05,176994,0.9799843861601581
86,100,2,15,other,1.0,1.1073645277920812e-05,176996,0.979995459805436
199,202,2,4,other,1.0,1.1073645277920812e-05,176998,0.980006533450714
200,208,2,9,other,1.0,1.1073645277920812e-05,177000,0.980017607095992
200,209,2,10,other,1.0,1.1073645277920812e-05,177002,0.9800286807412698
200,210,2,11,other,1.0,1.1073645277920812e-05,177004,0.9800397543865478
97,110,2,14,other,1.0,1.1073645277920812e-05,177006,0.9800508280318256
97,120,2,24,other,1.0,1.1073645277920812e-05,177008,0.9800619016771036
193,199,2,7,other,1.0,1.1073645277920812e-05,177010,0.9800729753223815
193,209,2,17,other,1.0,1.1073645277920812e-05,177012,0.9800840489676594
193,220,2,28,other,1.0,1.1073645277920812e-05,177014,0.9800951226129373
96,105,2,10,other,1.0,1.1073645277920812e-05,177016,0.9801061962582153
96,136,2,41,other,1.0,1.1073645277920812e-05,177018,0.9801172699034931
96,138,2,43,other,1.0,1.1073645277920812e-05,177020,0.9801283435487711
96,217,2,122,other,1.0,1.1073645277920812e-05,177022,0.9801394171940491
201,205,2,5,other,1.0,1.1073645277920812e-05,177024,0.9801504908393269
201,209,2,9,other,1.0,1.1073645277920812e-05,177026,0.9801615644846049
84,85,2,2,other,1.0,1.1073645277920812e-05,177028,0.9801726381298828
84,87,2,4,other,1.0,1.1073645277920812e-05,177030,0.9801837117751607
84,300,2,217,other,1.0,1.1073645277920812e-05,177032,0.9801947854204386
6,20,2,15,other,1.0,1.1073645277920812e-05,177034,0.9802058590657166
-39,-36,2,4,other,1.0,1.1073645277920812e-05,177036,0.9802169327109944
37,69,2,33,other,1.0,1.1073645277920812e-05,177038,0.9802280063562724
37,100,2,64,other,1.0,1.1073645277920812e-05,177040,0.9802390800015504
38,40,2,3,reign:Caligulan,1.0,1.1073645277920812e-05,177042,0.9802501536468282
38,54,2,17,other,1.0,1.1073645277920812e-05,177044,0.9802612272921062
39,43,2,5,other,1.0,1.1073645277920812e-05,177046,0.980272300937384
304,304,2,1,year_precise,1.0,1.1073645277920812e-05,177048,0.980283374582662
193,196,2,4,other,1.0,1.1073645277920812e-05,177050,0.9802944482279399
193,197,2,5,other,1.0,1.1073645277920812e-05,177052,0.9803055218732178
97,99,2,3,other,1.0,1.1073645277920812e-05,177054,0.9803165955184957
98,170,2,73,other,1.0,1.1073645277920812e-05,177056,0.9803276691637737
189,191,2,3,other,1.0,1.1073645277920812e-05,177058,0.9803387428090516
190,210,2,21,other,1.0,1.1073645277920812e-05,177060,0.9803498164543295
191,211,2,21,other,1.0,1.1073645277920812e-05,177062,0.9803608900996075
98,105,2,8,other,1.0,1.1073645277920812e-05,177064,0.9803719637448853
98,115,2,18,other,1.0,1.1073645277920812e-05,177066,0.9803830373901633
98,118,2,21,reign:Trajanic,1.0,1.1073645277920812e-05,177068,0.9803941110354412
191,235,2,45,other,1.0,1.1073645277920812e-05,177070,0.9804051846807191
-20,15,2,36,bc_ad_boundary,1.0,1.1073645277920812e-05,177072,0.980416258325997
-19,-16,2,4,other,1.0,1.1073645277920812e-05,177074,0.980427331971275
-19,-12,2,8,other,1.0,1.1073645277920812e-05,177076,0.9804384056165529
-40,300,2,341,bc_ad_boundary,1.0,1.1073645277920812e-05,177078,0.9804494792618308
8,10,2,3,other,1.0,1.1073645277920812e-05,177080,0.9804605529071088
200,211,2,12,other,1.0,1.1073645277920812e-05,177082,0.9804716265523866
200,231,2,32,other,1.0,1.1073645277920812e-05,177084,0.9804827001976646
200,250,2,51,other,1.0,1.1073645277920812e-05,177086,0.9804937738429425
201,305,2,105,other,1.0,1.1073645277920812e-05,177088,0.9805048474882204
201,312,2,112,other,1.0,1.1073645277920812e-05,177090,0.9805159211334983
83,92,2,10,other,1.0,1.1073645277920812e-05,177092,0.9805269947787763
83,400,2,318,other,0.8428,1.1073645277920812e-05,177094,0.9805380684240542
100,115,2,16,other,1.0,1.1073645277920812e-05,177096,0.9805491420693321
186,189,2,4,other,1.0,1.1073645277920812e-05,177098,0.98056021571461
186,190,2,5,other,1.0,1.1073645277920812e-05,177100,0.9805712893598879
186,200,2,15,other,1.0,1.1073645277920812e-05,177102,0.9805823630051659
188,189,2,2,other,1.0,1.1073645277920812e-05,177104,0.9805934366504437
188,190,2,3,other,1.0,1.1073645277920812e-05,177106,0.9806045102957217
4,5,2,2,other,1.0,1.1073645277920812e-05,177108,0.9806155839409996
4,7,2,4,other,1.0,1.1073645277920812e-05,177110,0.9806266575862775
4,10,2,7,other,1.0,1.1073645277920812e-05,177112,0.9806377312315555
4,23,2,20,other,1.0,1.1073645277920812e-05,177114,0.9806488048768334
4,31,2,28,other,1.0,1.1073645277920812e-05,177116,0.9806598785221113
98,169,2,72,other,1.0,1.1073645277920812e-05,177118,0.9806709521673892
-24,25,2,50,bc_ad_boundary,1.0,1.1073645277920812e-05,177120,0.9806820258126672
101,114,2,14,other,1.0,1.1073645277920812e-05,177122,0.980693099457945
185,188,2,4,other,1.0,1.1073645277920812e-05,177124,0.980704173103223
185,230,2,46,other,1.0,1.1073645277920812e-05,177126,0.9807152467485009
185,250,2,66,other,1.0,1.1073645277920812e-05,177128,0.9807263203937788
185,270,2,86,other,1.0,1.1073645277920812e-05,177130,0.9807373940390568
98,192,2,95,other,1.0,1.1073645277920812e-05,177132,0.9807484676843347
98,250,2,153,other,1.0,1.1073645277920812e-05,177134,0.9807595413296126
98,260,2,163,other,1.0,1.1073645277920812e-05,177136,0.9807706149748905
98,300,2,203,other,1.0,1.1073645277920812e-05,177138,0.9807816886201685
100,102,2,3,other,1.0,1.1073645277920812e-05,177140,0.9807927622654463
100,114,2,15,other,1.0,1.1073645277920812e-05,177142,0.9808038359107243
201,222,2,22,other,1.0,1.1073645277920812e-05,177144,0.9808149095560021
201,271,2,71,other,1.0,1.1073645277920812e-05,177146,0.9808259832012801
201,280,2,80,other,1.0,1.1073645277920812e-05,177148,0.9808370568465581
201,285,2,85,other,1.0,1.1073645277920812e-05,177150,0.980848130491836
293,363,2,71,other,0.8169,1.1073645277920812e-05,177152,0.9808592041371139
81,90,2,10,other,1.0,1.1073645277920812e-05,177154,0.9808702777823918
306,321,2,16,other,1.0,1.1073645277920812e-05,177156,0.9808813514276697
17,300,2,284,other,1.0,1.1073645277920812e-05,177158,0.9808924250729476
18,50,2,33,other,1.0,1.1073645277920812e-05,177160,0.9809034987182256
308,308,2,1,year_precise,1.0,1.1073645277920812e-05,177162,0.9809145723635034
100,151,2,52,other,1.0,1.1073645277920812e-05,177164,0.9809256460087814
100,160,2,61,other,1.0,1.1073645277920812e-05,177166,0.9809367196540594
100,230,2,131,other,1.0,1.1073645277920812e-05,177168,0.9809477932993372
101,106,2,6,other,1.0,1.1073645277920812e-05,177170,0.9809588669446152
201,375,2,175,other,0.8571,1.1073645277920812e-05,177172,0.9809699405898931
201,450,2,250,multi_century,0.6,1.1073645277920812e-05,177174,0.980981014235171
81,230,2,150,other,1.0,1.1073645277920812e-05,177176,0.9809920878804489
81,260,2,180,other,1.0,1.1073645277920812e-05,177178,0.9810031615257269
82,270,2,189,other,1.0,1.1073645277920812e-05,177180,0.9810142351710047
-24,-24,2,1,year_precise,1.0,1.1073645277920812e-05,177182,0.9810253088162827
181,230,2,50,other,1.0,1.1073645277920812e-05,177184,0.9810363824615607
181,235,2,55,other,1.0,1.1073645277920812e-05,177186,0.9810474561068385
101,145,2,45,other,1.0,1.1073645277920812e-05,177188,0.9810585297521165
-70,100,2,171,bc_ad_boundary,0.883,1.1073645277920812e-05,177190,0.9810696033973944
181,350,2,170,other,1.0,1.1073645277920812e-05,177192,0.9810806770426723
182,200,2,19,other,1.0,1.1073645277920812e-05,177194,0.9810917506879502
183,190,2,8,other,1.0,1.1073645277920812e-05,177196,0.9811028243332282
183,200,2,18,other,1.0,1.1073645277920812e-05,177198,0.981113897978506
184,191,2,8,other,1.0,1.1073645277920812e-05,177200,0.981124971623784
1,370,2,370,other,0.9459,1.1073645277920812e-05,177202,0.981136045269062
-18,50,2,69,bc_ad_boundary,1.0,1.1073645277920812e-05,177204,0.9811471189143398
-17,-16,2,2,other,1.0,1.1073645277920812e-05,177206,0.9811581925596178
-17,-12,2,6,other,1.0,1.1073645277920812e-05,177208,0.9811692662048956
305,363,2,59,other,0.7797,1.1073645277920812e-05,177210,0.9811803398501736
293,350,2,58,other,1.0,1.1073645277920812e-05,177212,0.9811914134954515
41,114,2,74,other,1.0,1.1073645277920812e-05,177214,0.9812024871407294
81,125,2,45,other,1.0,1.1073645277920812e-05,177216,0.9812135607860073
81,138,2,58,other,1.0,1.1073645277920812e-05,177218,0.9812246344312853
202,208,2,7,other,1.0,1.1073645277920812e-05,177220,0.9812357080765631
202,210,2,9,other,1.0,1.1073645277920812e-05,177222,0.9812467817218411
203,206,2,4,other,1.0,1.1073645277920812e-05,177224,0.9812578553671191
203,211,2,9,other,1.0,1.1073645277920812e-05,177226,0.9812689290123969
204,212,2,9,other,1.0,1.1073645277920812e-05,177228,0.9812800026576749
204,217,2,14,other,1.0,1.1073645277920812e-05,177230,0.9812910763029528
205,206,2,2,other,1.0,1.1073645277920812e-05,177232,0.9813021499482307
9,19,2,11,other,1.0,1.1073645277920812e-05,177234,0.9813132235935086
9,45,2,37,other,1.0,1.1073645277920812e-05,177236,0.9813242972387866
101,197,2,97,other,1.0,1.1073645277920812e-05,177238,0.9813353708840644
-17,37,2,55,bc_ad_boundary,1.0,1.1073645277920812e-05,177240,0.9813464445293424
-16,-15,2,2,other,1.0,1.1073645277920812e-05,177242,0.9813575181746204
-16,50,2,67,bc_ad_boundary,1.0,1.1073645277920812e-05,177244,0.9813685918198982
180,280,2,101,other,1.0,1.1073645277920812e-05,177246,0.9813796654651762
16,70,2,55,other,1.0,1.1073645277920812e-05,177248,0.981390739110454
17,30,2,14,other,1.0,1.1073645277920812e-05,177250,0.981401812755732
41,117,2,77,other,1.0,1.1073645277920812e-05,177252,0.9814128864010099
293,297,2,5,other,1.0,1.1073645277920812e-05,177254,0.9814239600462878
293,310,2,18,other,1.0,1.1073645277920812e-05,177256,0.9814350336915657
211,270,2,60,other,1.0,1.1073645277920812e-05,177258,0.9814461073368437
35,50,2,16,other,1.0,1.1073645277920812e-05,177260,0.9814571809821216
308,316,2,9,other,1.0,1.1073645277920812e-05,177262,0.9814682546273995
101,167,2,67,other,1.0,1.1073645277920812e-05,177264,0.9814793282726775
101,183,2,83,other,1.0,1.1073645277920812e-05,177266,0.9814904019179553
207,208,2,2,other,1.0,1.1073645277920812e-05,177268,0.9815014755632333
209,215,2,7,other,1.0,1.1073645277920812e-05,177270,0.9815125492085112
80,85,2,6,other,1.0,1.1073645277920812e-05,177272,0.9815236228537891
80,95,2,16,reign:Domitianic,1.0,1.1073645277920812e-05,177274,0.981534696499067
80,130,2,51,other,1.0,1.1073645277920812e-05,177276,0.981545770144345
211,220,2,10,other,1.0,1.1073645277920812e-05,177278,0.9815568437896229
213,300,2,88,other,1.0,1.1073645277920812e-05,177280,0.9815679174349008
214,220,2,7,other,1.0,1.1073645277920812e-05,177282,0.9815789910801788
214,235,2,22,other,1.0,1.1073645277920812e-05,177284,0.9815900647254566
9,100,2,92,other,1.0,1.1073645277920812e-05,177286,0.9816011383707346
-15,14,2,30,bc_ad_boundary,1.0,1.1073645277920812e-05,177288,0.9816122120160125
177,212,2,36,other,1.0,1.1073645277920812e-05,177290,0.9816232856612904
177,230,2,54,other,1.0,1.1073645277920812e-05,177292,0.9816343593065683
179,500,2,322,other,0.5342,1.1073645277920812e-05,177294,0.9816454329518463
-40,-38,2,3,other,1.0,1.1073645277920812e-05,177296,0.9816565065971242
-40,-35,2,6,other,1.0,1.1073645277920812e-05,177298,0.9816675802424021
79,150,2,72,other,1.0,1.1073645277920812e-05,177300,0.98167865388768
79,161,2,83,other,1.0,1.1073645277920812e-05,177302,0.9816897275329579
212,270,2,59,other,1.0,1.1073645277920812e-05,177304,0.9817008011782359
212,275,2,64,other,1.0,1.1073645277920812e-05,177306,0.9817118748235137
292,292,2,1,year_precise,1.0,1.1073645277920812e-05,177308,0.9817229484687917
292,304,2,13,other,1.0,1.1073645277920812e-05,177310,0.9817340221140696
288,293,2,6,other,1.0,1.1073645277920812e-05,177312,0.9817450957593475
102,107,2,6,other,1.0,1.1073645277920812e-05,177314,0.9817561694046255
102,130,2,29,other,1.0,1.1073645277920812e-05,177316,0.9817672430499034
102,150,2,49,other,1.0,1.1073645277920812e-05,177318,0.9817783166951813
173,200,2,28,other,1.0,1.1073645277920812e-05,177320,0.9817893903404592
174,217,2,44,other,1.0,1.1073645277920812e-05,177322,0.9818004639857372
175,185,2,11,other,1.0,1.1073645277920812e-05,177324,0.981811537631015
175,192,2,18,other,1.0,1.1073645277920812e-05,177326,0.981822611276293
175,230,2,56,other,1.0,1.1073645277920812e-05,177328,0.9818336849215709
-50,27,2,78,bc_ad_boundary,1.0,1.1073645277920812e-05,177330,0.9818447585668488
-50,37,2,88,bc_ad_boundary,1.0,1.1073645277920812e-05,177332,0.9818558322121268
-15,-5,2,11,other,1.0,1.1073645277920812e-05,177334,0.9818669058574047
212,280,2,69,other,1.0,1.1073645277920812e-05,177336,0.9818779795026826
77,81,2,5,other,1.0,1.1073645277920812e-05,177338,0.9818890531479605
213,230,2,18,other,1.0,1.1073645277920812e-05,177340,0.9819001267932385
213,235,2,23,other,1.0,1.1073645277920812e-05,177342,0.9819112004385163
42,200,2,159,other,1.0,1.1073645277920812e-05,177344,0.9819222740837943
291,400,2,110,other,0.5455,1.1073645277920812e-05,177346,0.9819333477290721
71,350,2,280,other,1.0,1.1073645277920812e-05,177348,0.9819444213743501
73,76,2,4,other,1.0,1.1073645277920812e-05,177350,0.9819554950196281
73,79,2,7,other,1.0,1.1073645277920812e-05,177352,0.981966568664906
310,315,2,6,other,1.0,1.1073645277920812e-05,177354,0.9819776423101839
172,177,2,6,other,1.0,1.1073645277920812e-05,177356,0.9819887159554618
173,174,2,2,other,1.0,1.1073645277920812e-05,177358,0.9819997896007397
102,103,2,2,other,1.0,1.1073645277920812e-05,177360,0.9820108632460176
10,43,2,34,other,1.0,1.1073645277920812e-05,177362,0.9820219368912956
-27,38,2,66,bc_ad_boundary,1.0,1.1073645277920812e-05,177364,0.9820330105365734
-27,79,2,107,bc_ad_boundary,1.0,1.1073645277920812e-05,177366,0.9820440841818514
-27,117,2,145,bc_ad_boundary,1.0,1.1073645277920812e-05,177368,0.9820551578271294
215,220,2,6,other,1.0,1.1073645277920812e-05,177370,0.9820662314724072
215,225,2,11,other,1.0,1.1073645277920812e-05,177372,0.9820773051176852
75,76,2,2,other,1.0,1.1073645277920812e-05,177374,0.9820883787629631
-80,-42,2,39,other,0.2308,1.1073645277920812e-05,177376,0.982099452408241
-80,-27,2,54,other,0.4444,1.1073645277920812e-05,177378,0.9821105260535189
171,235,2,65,other,1.0,1.1073645277920812e-05,177380,0.9821215996987969
171,239,2,69,other,1.0,1.1073645277920812e-05,177382,0.9821326733440747
171,240,2,70,other,1.0,1.1073645277920812e-05,177384,0.9821437469893527
171,253,2,83,other,1.0,1.1073645277920812e-05,177386,0.9821548206346307
102,300,2,199,other,1.0,1.1073645277920812e-05,177388,0.9821658942799085
103,107,2,5,other,1.0,1.1073645277920812e-05,177390,0.9821769679251865
103,116,2,14,other,1.0,1.1073645277920812e-05,177392,0.9821880415704644
103,162,2,60,other,1.0,1.1073645277920812e-05,177394,0.9821991152157423
172,173,2,2,other,1.0,1.1073645277920812e-05,177396,0.9822101888610202
310,312,2,3,other,1.0,1.1073645277920812e-05,177398,0.9822212625062982
290,292,2,3,other,1.0,1.1073645277920812e-05,177400,0.982232336151576
290,293,2,4,other,1.0,1.1073645277920812e-05,177402,0.982243409796854
42,50,2,9,other,1.0,1.1073645277920812e-05,177404,0.9822544834421318
42,57,2,16,other,1.0,1.1073645277920812e-05,177406,0.9822655570874098
219,300,2,82,other,1.0,1.1073645277920812e-05,177408,0.9822766307326878
220,249,2,30,other,1.0,1.1073645277920812e-05,177410,0.9822877043779656
-27,-15,2,13,other,1.0,1.1073645277920812e-05,177412,0.9822987780232436
-27,6,2,34,bc_ad_boundary,1.0,1.1073645277920812e-05,177414,0.9823098516685215
-27,20,2,48,bc_ad_boundary,1.0,1.1073645277920812e-05,177416,0.9823209253137994
221,235,2,15,other,1.0,1.1073645277920812e-05,177418,0.9823319989590773
10,200,2,191,other,1.0,1.1073645277920812e-05,177420,0.9823430726043553
11,12,2,2,other,1.0,1.1073645277920812e-05,177422,0.9823541462496331
106,138,2,33,other,1.0,1.1073645277920812e-05,177424,0.9823652198949111
105,110,2,6,other,1.0,1.1073645277920812e-05,177426,0.9823762935401891
105,112,2,8,other,1.0,1.1073645277920812e-05,177428,0.9823873671854669
105,114,2,10,other,1.0,1.1073645277920812e-05,177430,0.9823984408307449
105,118,2,14,other,1.0,1.1073645277920812e-05,177432,0.9824095144760228
105,122,2,18,other,1.0,1.1073645277920812e-05,177434,0.9824205881213007
-88,-50,2,39,other,0.0256,1.1073645277920812e-05,177436,0.9824316617665786
-83,-44,2,40,other,0.175,1.1073645277920812e-05,177438,0.9824427354118566
-100,70,2,171,bc_ad_boundary,0.7076,1.1073645277920812e-05,177440,0.9824538090571344
222,225,2,4,other,1.0,1.1073645277920812e-05,177442,0.9824648827024124
222,232,2,11,other,1.0,1.1073645277920812e-05,177444,0.9824759563476904
170,250,2,81,other,1.0,1.1073645277920812e-05,177446,0.9824870299929682
170,450,2,281,other,0.6441,1.1073645277920812e-05,177448,0.9824981036382462
106,180,2,75,other,1.0,1.1073645277920812e-05,177450,0.982509177283524
106,250,2,145,other,1.0,1.1073645277920812e-05,177452,0.982520250928802
107,109,2,3,other,1.0,1.1073645277920812e-05,177454,0.9825313245740799
171,192,2,22,other,1.0,1.1073645277920812e-05,177456,0.9825423982193578
171,217,2,47,other,1.0,1.1073645277920812e-05,177458,0.9825534718646357
171,222,2,52,other,1.0,1.1073645277920812e-05,177460,0.9825645455099137
171,231,2,61,other,1.0,1.1073645277920812e-05,177462,0.9825756191551916
-89,-27,2,63,other,0.381,1.1073645277920812e-05,177464,0.9825866928004695
106,111,2,6,other,1.0,1.1073645277920812e-05,177466,0.9825977664457475
73,100,2,28,other,1.0,1.1073645277920812e-05,177468,0.9826088400910253
219,223,2,5,other,1.0,1.1073645277920812e-05,177470,0.9826199137363033
169,177,2,9,other,1.0,1.1073645277920812e-05,177472,0.9826309873815812
169,192,2,24,other,1.0,1.1073645277920812e-05,177474,0.9826420610268591
312,314,2,3,other,1.0,1.1073645277920812e-05,177476,0.982653134672137
312,325,2,14,other,1.0,1.1073645277920812e-05,177478,0.982664208317415
312,329,2,18,other,1.0,1.1073645277920812e-05,177480,0.9826752819626929
31,180,2,150,other,1.0,1.1073645277920812e-05,177482,0.9826863556079708
312,330,2,19,other,1.0,1.1073645277920812e-05,177484,0.9826974292532488
312,360,2,49,other,0.7959,1.1073645277920812e-05,177486,0.9827085028985266
312,370,2,59,other,0.661,1.1073645277920812e-05,177488,0.9827195765438046
313,315,2,3,other,1.0,1.1073645277920812e-05,177490,0.9827306501890825
169,222,2,54,other,1.0,1.1073645277920812e-05,177492,0.9827417238343604
170,175,2,6,other,1.0,1.1073645277920812e-05,177494,0.9827527974796383
71,212,2,142,other,1.0,1.1073645277920812e-05,177496,0.9827638711249163
-59,-49,2,11,other,0.1818,1.1073645277920812e-05,177498,0.9827749447701942
71,160,2,90,other,1.0,1.1073645277920812e-05,177500,0.9827860184154721
10,50,2,41,other,1.0,1.1073645277920812e-05,177502,0.98279709206075
285,324,2,40,other,1.0,1.1073645277920812e-05,177504,0.9828081657060279
285,337,2,53,other,1.0,1.1073645277920812e-05,177506,0.9828192393513059
286,287,2,2,other,1.0,1.1073645277920812e-05,177508,0.9828303129965837
286,302,2,17,other,1.0,1.1073645277920812e-05,177510,0.9828413866418617
43,75,2,33,other,1.0,1.1073645277920812e-05,177512,0.9828524602871396
286,312,2,27,other,1.0,1.1073645277920812e-05,177514,0.9828635339324175
286,325,2,40,other,1.0,1.1073645277920812e-05,177516,0.9828746075776955
286,335,2,50,other,1.0,1.1073645277920812e-05,177518,0.9828856812229734
222,238,2,17,other,1.0,1.1073645277920812e-05,177520,0.9828967548682513
222,300,2,79,other,1.0,1.1073645277920812e-05,177522,0.9829078285135292
167,192,2,26,other,1.0,1.1073645277920812e-05,177524,0.9829189021588072
167,230,2,64,other,1.0,1.1073645277920812e-05,177526,0.982929975804085
167,270,2,104,other,1.0,1.1073645277920812e-05,177528,0.982941049449363
107,114,2,8,other,1.0,1.1073645277920812e-05,177530,0.9829521230946409
168,270,2,103,other,1.0,1.1073645277920812e-05,177532,0.9829631967399188
169,176,2,8,other,1.0,1.1073645277920812e-05,177534,0.9829742703851968
71,118,2,48,other,1.0,1.1073645277920812e-05,177536,0.9829853440304747
71,125,2,55,other,1.0,1.1073645277920812e-05,177538,0.9829964176757526
223,230,2,8,other,1.0,1.1073645277920812e-05,177540,0.9830074913210305
224,225,2,2,other,1.0,1.1073645277920812e-05,177542,0.9830185649663085
226,227,2,2,other,1.0,1.1073645277920812e-05,177544,0.9830296386115863
70,200,2,131,other,1.0,1.1073645277920812e-05,177546,0.9830407122568643
166,177,2,12,other,1.0,1.1073645277920812e-05,177548,0.9830517859021422
166,200,2,35,other,1.0,1.1073645277920812e-05,177550,0.9830628595474201
109,161,2,53,other,1.0,1.1073645277920812e-05,177552,0.9830739331926981
110,117,2,8,other,1.0,1.1073645277920812e-05,177554,0.983085006837976
110,120,2,11,other,1.0,1.1073645277920812e-05,177556,0.9830960804832539
166,217,2,52,other,1.0,1.1073645277920812e-05,177558,0.9831071541285318
107,400,2,294,other,0.8299,1.1073645277920812e-05,177560,0.9831182277738097
108,116,2,9,other,1.0,1.1073645277920812e-05,177562,0.9831293014190876
109,111,2,3,other,1.0,1.1073645277920812e-05,177564,0.9831403750643656
167,169,2,3,other,1.0,1.1073645277920812e-05,177566,0.9831514487096434
-29,-1,2,29,other,1.0,1.1073645277920812e-05,177568,0.9831625223549214
-29,14,2,44,bc_ad_boundary,1.0,1.1073645277920812e-05,177570,0.9831735960001994
-29,50,2,80,bc_ad_boundary,1.0,1.1073645277920812e-05,177572,0.9831846696454772
70,94,2,25,other,1.0,1.1073645277920812e-05,177574,0.9831957432907552
-28,-27,2,2,other,1.0,1.1073645277920812e-05,177576,0.9832068169360331
-27,-25,2,3,other,1.0,1.1073645277920812e-05,177578,0.983217890581311
1,89,2,89,other,1.0,1.1073645277920812e-05,177580,0.9832289642265889
1,90,2,90,other,1.0,1.1073645277920812e-05,177582,0.9832400378718669
1,119,2,119,other,1.0,1.1073645277920812e-05,177584,0.9832511115171447
1,131,2,131,other,1.0,1.1073645277920812e-05,177586,0.9832621851624227
110,130,2,21,other,1.0,1.1073645277920812e-05,177588,0.9832732588077007
165,167,2,3,other,1.0,1.1073645277920812e-05,177590,0.9832843324529785
165,200,2,36,other,1.0,1.1073645277920812e-05,177592,0.9832954060982565
166,168,2,3,other,1.0,1.1073645277920812e-05,177594,0.9833064797435344
166,175,2,10,other,1.0,1.1073645277920812e-05,177596,0.9833175533888123
223,224,2,2,other,1.0,1.1073645277920812e-05,177598,0.9833286270340902
70,73,2,4,other,1.0,1.1073645277920812e-05,177600,0.9833397006793682
11,100,2,90,other,1.0,1.1073645277920812e-05,177602,0.983350774324646
230,231,2,2,other,1.0,1.1073645277920812e-05,177604,0.983361847969924
230,235,2,6,other,1.0,1.1073645277920812e-05,177606,0.9833729216152018
230,240,2,11,other,1.0,1.1073645277920812e-05,177608,0.9833839952604798
230,250,2,21,other,1.0,1.1073645277920812e-05,177610,0.9833950689057578
230,270,2,41,other,1.0,1.1073645277920812e-05,177612,0.9834061425510356
162,181,2,20,reign:Aurelian-Marcus,1.0,1.1073645277920812e-05,177614,0.9834172161963136
110,170,2,61,other,1.0,1.1073645277920812e-05,177616,0.9834282898415915
110,300,2,191,other,1.0,1.1073645277920812e-05,177618,0.9834393634868694
111,112,2,2,other,1.0,1.1073645277920812e-05,177620,0.9834504371321473
-12,-10,2,3,other,1.0,1.1073645277920812e-05,177622,0.9834615107774253
-12,2,2,15,bc_ad_boundary,1.0,1.1073645277920812e-05,177624,0.9834725844227031
-12,50,2,63,bc_ad_boundary,1.0,1.1073645277920812e-05,177626,0.9834836580679811
1,81,2,81,other,1.0,1.1073645277920812e-05,177628,0.9834947317132591
71,89,2,19,other,1.0,1.1073645277920812e-05,177630,0.9835058053585369
285,310,2,26,other,1.0,1.1073645277920812e-05,177632,0.9835168790038149
69,104,2,36,other,1.0,1.1073645277920812e-05,177634,0.9835279526490928
313,367,2,55,other,0.6909,1.1073645277920812e-05,177636,0.9835390262943707
314,320,2,7,other,1.0,1.1073645277920812e-05,177638,0.9835500999396486
314,337,2,24,other,1.0,1.1073645277920812e-05,177640,0.9835611735849266
315,316,2,2,other,1.0,1.1073645277920812e-05,177642,0.9835722472302044
31,59,2,29,other,1.0,1.1073645277920812e-05,177644,0.9835833208754824
19,23,2,5,other,1.0,1.1073645277920812e-05,177646,0.9835943945207604
19,25,2,7,other,1.0,1.1073645277920812e-05,177648,0.9836054681660382
20,23,2,4,other,1.0,1.1073645277920812e-05,177650,0.9836165418113162
20,30,2,11,other,1.0,1.1073645277920812e-05,177652,0.983627615456594
316,316,2,1,year_precise,1.0,1.1073645277920812e-05,177654,0.983638689101872
162,165,2,4,other,1.0,1.1073645277920812e-05,177656,0.9836497627471499
162,168,2,7,other,1.0,1.1073645277920812e-05,177658,0.9836608363924279
-27,-23,2,5,other,1.0,1.1073645277920812e-05,177660,0.9836719100377057
228,230,2,3,other,1.0,1.1073645277920812e-05,177662,0.9836829836829837
31,41,2,11,other,1.0,1.1073645277920812e-05,177664,0.9836940573282617
317,340,2,24,other,1.0,1.1073645277920812e-05,177666,0.9837051309735395
317,363,2,47,other,0.7234,1.1073645277920812e-05,177668,0.9837162046188175
-43,-40,2,4,other,1.0,1.1073645277920812e-05,177670,0.9837272782640953
161,176,2,16,other,1.0,1.1073645277920812e-05,177672,0.9837383519093733
161,189,2,29,other,1.0,1.1073645277920812e-05,177674,0.9837494255546512
111,140,2,30,other,1.0,1.1073645277920812e-05,177676,0.9837604991999291
112,119,2,8,other,1.0,1.1073645277920812e-05,177678,0.983771572845207
113,114,2,2,other,1.0,1.1073645277920812e-05,177680,0.983782646490485
313,337,2,25,other,1.0,1.1073645277920812e-05,177682,0.9837937201357629
15,50,2,36,other,1.0,1.1073645277920812e-05,177684,0.9838047937810408
15,90,2,76,other,1.0,1.1073645277920812e-05,177686,0.9838158674263188
15,110,2,96,other,1.0,1.1073645277920812e-05,177688,0.9838269410715966
16,17,2,2,other,1.0,1.1073645277920812e-05,177690,0.9838380147168746
284,476,2,193,other,0.3472,1.1073645277920812e-05,177692,0.9838490883621525
285,293,2,9,other,1.0,1.1073645277920812e-05,177694,0.9838601620074304
69,180,2,112,other,1.0,1.1073645277920812e-05,177696,0.9838712356527083
69,235,2,167,other,1.0,1.1073645277920812e-05,177698,0.9838823092979863
231,234,2,4,other,1.0,1.1073645277920812e-05,177700,0.9838933829432642
231,238,2,8,other,1.0,1.1073645277920812e-05,177702,0.9839044565885421
232,233,2,2,other,1.0,1.1073645277920812e-05,177704,0.9839155302338201
68,250,2,183,other,1.0,1.1073645277920812e-05,177706,0.9839266038790979
69,75,2,7,other,1.0,1.1073645277920812e-05,177708,0.9839376775243759
-42,-30,2,13,other,1.0,1.1073645277920812e-05,177710,0.9839487511696537
30,45,2,16,other,1.0,1.1073645277920812e-05,177712,0.9839598248149317
320,322,2,3,other,1.0,1.1073645277920812e-05,177714,0.9839708984602096
161,165,2,5,other,1.0,1.1073645277920812e-05,177716,0.9839819721054875
-11,-9,2,3,other,1.0,1.1073645277920812e-05,177718,0.9839930457507655
317,318,2,2,other,1.0,1.1073645277920812e-05,177720,0.9840041193960434
317,321,2,5,other,1.0,1.1073645277920812e-05,177722,0.9840151930413213
317,323,2,7,other,1.0,1.1073645277920812e-05,177724,0.9840262666865992
30,150,2,121,other,1.0,1.1073645277920812e-05,177726,0.9840373403318772
233,260,2,28,other,1.0,1.1073645277920812e-05,177728,0.984048413977155
234,236,2,3,other,1.0,1.1073645277920812e-05,177730,0.984059487622433
234,238,2,5,other,1.0,1.1073645277920812e-05,177732,0.9840705612677109
235,300,2,66,other,1.0,1.1073645277920812e-05,177734,0.9840816349129888
12,150,2,139,other,1.0,1.1073645277920812e-05,177736,0.9840927085582668
159,167,2,9,other,1.0,1.1073645277920812e-05,177738,0.9841037822035447
160,170,2,11,other,1.0,1.1073645277920812e-05,177740,0.9841148558488226
115,120,2,6,other,1.0,1.1073645277920812e-05,177742,0.9841259294941005
1,53,2,53,other,1.0,1.1073645277920812e-05,177744,0.9841370031393785
1,59,2,59,other,1.0,1.1073645277920812e-05,177746,0.9841480767846563
1,63,2,63,other,1.0,1.1073645277920812e-05,177748,0.9841591504299343
1,64,2,64,other,1.0,1.1073645277920812e-05,177750,0.9841702240752122
1,65,2,65,other,1.0,1.1073645277920812e-05,177752,0.9841812977204901
160,250,2,91,other,1.0,1.1073645277920812e-05,177754,0.9841923713657681
-43,-33,2,11,other,1.0,1.1073645277920812e-05,177756,0.984203445011046
-42,-31,2,12,other,1.0,1.1073645277920812e-05,177758,0.9842145186563239
67,75,2,9,other,1.0,1.1073645277920812e-05,177760,0.9842255923016018
67,200,2,134,other,1.0,1.1073645277920812e-05,177762,0.9842366659468798
238,305,2,68,other,1.0,1.1073645277920812e-05,177764,0.9842477395921576
239,241,2,3,other,1.0,1.1073645277920812e-05,177766,0.9842588132374356
239,244,2,6,other,1.0,1.1073645277920812e-05,177768,0.9842698868827134
117,194,2,78,other,1.0,1.1073645277920812e-05,177770,0.9842809605279914
156,162,2,7,other,1.0,1.1073645277920812e-05,177772,0.9842920341732694
156,167,2,12,other,1.0,1.1073645277920812e-05,177774,0.9843031078185472
157,200,2,44,other,1.0,1.1073645277920812e-05,177776,0.9843141814638252
116,250,2,135,other,1.0,1.1073645277920812e-05,177778,0.9843252551091031
158,170,2,13,other,1.0,1.1073645277920812e-05,177780,0.984336328754381
158,195,2,38,other,1.0,1.1073645277920812e-05,177782,0.9843474023996589
69,90,2,22,other,1.0,1.1073645277920812e-05,177784,0.9843584760449369
69,95,2,27,reign:Flavian,1.0,1.1073645277920812e-05,177786,0.9843695496902147
-29,-26,2,4,other,1.0,1.1073645277920812e-05,177788,0.9843806233354927
233,235,2,3,other,1.0,1.1073645277920812e-05,177790,0.9843916969807707
152,156,2,5,other,1.0,1.1073645277920812e-05,177792,0.9844027706260485
153,161,2,9,other,1.0,1.1073645277920812e-05,177794,0.9844138442713265
-10,9,2,20,bc_ad_boundary,1.0,1.1073645277920812e-05,177796,0.9844249179166044
154,156,2,3,other,1.0,1.1073645277920812e-05,177798,0.9844359915618823
154,158,2,5,other,1.0,1.1073645277920812e-05,177800,0.9844470652071602
117,268,2,152,other,1.0,1.1073645277920812e-05,177802,0.9844581388524382
117,430,2,314,other,0.7452,1.1073645277920812e-05,177804,0.984469212497716
154,170,2,17,other,1.0,1.1073645277920812e-05,177806,0.984480286142994
155,158,2,4,other,1.0,1.1073645277920812e-05,177808,0.9844913597882718
155,160,2,6,other,1.0,1.1073645277920812e-05,177810,0.9845024334335498
155,165,2,11,other,1.0,1.1073645277920812e-05,177812,0.9845135070788278
117,125,2,9,other,1.0,1.1073645277920812e-05,177814,0.9845245807241056
117,136,2,20,other,1.0,1.1073645277920812e-05,177816,0.9845356543693836
117,140,2,24,other,1.0,1.1073645277920812e-05,177818,0.9845467280146615
68,80,2,13,reign:Vespasianic,1.0,1.1073645277920812e-05,177820,0.9845578016599394
238,240,2,3,other,1.0,1.1073645277920812e-05,177822,0.9845688753052173
282,284,2,3,other,1.0,1.1073645277920812e-05,177824,0.9845799489504953
282,285,2,4,other,1.0,1.1073645277920812e-05,177826,0.9845910225957731
284,285,2,2,other,1.0,1.1073645277920812e-05,177828,0.9846020962410511
284,286,2,3,other,1.0,1.1073645277920812e-05,177830,0.9846131698863291
284,302,2,19,other,1.0,1.1073645277920812e-05,177832,0.9846242435316069
284,324,2,41,other,1.0,1.1073645277920812e-05,177834,0.9846353171768849
44,54,2,11,other,1.0,1.1073645277920812e-05,177836,0.9846463908221628
-37,-27,2,11,other,1.0,1.1073645277920812e-05,177838,0.9846574644674407
-37,-12,2,26,other,1.0,1.1073645277920812e-05,177840,0.9846685381127186
240,241,2,2,other,1.0,1.1073645277920812e-05,177842,0.9846796117579966
240,242,2,3,other,1.0,1.1073645277920812e-05,177844,0.9846906854032744
240,400,2,161,other,0.6894,1.1073645277920812e-05,177846,0.9847017590485524
27,68,2,42,other,1.0,1.1073645277920812e-05,177848,0.9847128326938304
324,329,2,6,other,1.0,1.1073645277920812e-05,177850,0.9847239063391082
324,335,2,12,other,1.0,1.1073645277920812e-05,177852,0.9847349799843862
324,363,2,40,other,0.675,1.1073645277920812e-05,177854,0.984746053629664
61,110,2,50,other,1.0,1.1073645277920812e-05,177856,0.984757127274942
61,120,2,60,other,1.0,1.1073645277920812e-05,177858,0.9847682009202199
-9,41,2,51,bc_ad_boundary,1.0,1.1073645277920812e-05,177860,0.9847792745654979
-9,117,2,127,bc_ad_boundary,1.0,1.1073645277920812e-05,177862,0.9847903482107757
151,192,2,42,other,1.0,1.1073645277920812e-05,177864,0.9848014218560537
151,194,2,44,other,1.0,1.1073645277920812e-05,177866,0.9848124955013317
151,210,2,60,other,1.0,1.1073645277920812e-05,177868,0.9848235691466095
151,217,2,67,other,1.0,1.1073645277920812e-05,177870,0.9848346427918875
1,19,2,19,other,1.0,1.1073645277920812e-05,177872,0.9848457164371653
152,153,2,2,other,1.0,1.1073645277920812e-05,177874,0.9848567900824433
323,337,2,15,other,1.0,1.1073645277920812e-05,177876,0.9848678637277212
65,79,2,15,other,1.0,1.1073645277920812e-05,177878,0.9848789373729991
241,270,2,30,other,1.0,1.1073645277920812e-05,177880,0.984890011018277
242,243,2,2,other,1.0,1.1073645277920812e-05,177882,0.984901084663555
63,75,2,13,other,1.0,1.1073645277920812e-05,177884,0.9849121583088329
63,76,2,14,other,1.0,1.1073645277920812e-05,177886,0.9849232319541108
61,96,2,36,other,1.0,1.1073645277920812e-05,177888,0.9849343055993888
277,277,2,1,year_precise,1.0,1.1073645277920812e-05,177890,0.9849453792446666
277,282,2,6,other,1.0,1.1073645277920812e-05,177892,0.9849564528899446
278,278,2,1,year_precise,1.0,1.1073645277920812e-05,177894,0.9849675265352225
149,180,2,32,other,1.0,1.1073645277920812e-05,177896,0.9849786001805004
149,200,2,52,other,1.0,1.1073645277920812e-05,177898,0.9849896738257783
150,155,2,6,other,1.0,1.1073645277920812e-05,177900,0.9850007474710563
150,270,2,121,other,1.0,1.1073645277920812e-05,177902,0.9850118211163342
118,300,2,183,other,1.0,1.1073645277920812e-05,177904,0.9850228947616121
119,121,2,3,other,1.0,1.1073645277920812e-05,177906,0.9850339684068901
119,135,2,17,other,1.0,1.1073645277920812e-05,177908,0.9850450420521679
119,137,2,19,other,1.0,1.1073645277920812e-05,177910,0.9850561156974459
-9,13,2,23,bc_ad_boundary,1.0,1.1073645277920812e-05,177912,0.9850671893427237
64,68,2,5,other,1.0,1.1073645277920812e-05,177914,0.9850782629880017
64,71,2,8,other,1.0,1.1073645277920812e-05,177916,0.9850893366332796
243,244,2,2,other,1.0,1.1073645277920812e-05,177918,0.9851004102785575
60,65,2,6,other,1.0,1.1073645277920812e-05,177920,0.9851114839238355
60,78,2,19,other,1.0,1.1073645277920812e-05,177922,0.9851225575691134
325,337,2,13,other,1.0,1.1073645277920812e-05,177924,0.9851336312143913
25,50,2,26,other,1.0,1.1073645277920812e-05,177926,0.9851447048596692
328,330,2,3,other,1.0,1.1073645277920812e-05,177928,0.9851557785049472
120,125,2,6,other,1.0,1.1073645277920812e-05,177930,0.985166852150225
120,126,2,7,other,1.0,1.1073645277920812e-05,177932,0.985177925795503
120,130,2,11,other,1.0,1.1073645277920812e-05,177934,0.9851889994407809
120,135,2,16,other,1.0,1.1073645277920812e-05,177936,0.9852000730860588
245,253,2,9,other,1.0,1.1073645277920812e-05,177938,0.9852111467313368
246,260,2,15,other,1.0,1.1073645277920812e-05,177940,0.9852222203766147
14,16,2,3,other,1.0,1.1073645277920812e-05,177942,0.9852332940218926
14,17,2,4,other,1.0,1.1073645277920812e-05,177944,0.9852443676671705
14,18,2,5,other,1.0,1.1073645277920812e-05,177946,0.9852554413124485
61,90,2,30,other,1.0,1.1073645277920812e-05,177948,0.9852665149577263
61,93,2,33,other,1.0,1.1073645277920812e-05,177950,0.9852775886030043
251,312,2,62,other,1.0,1.1073645277920812e-05,177952,0.9852886622482822
251,410,2,160,other,0.625,1.1073645277920812e-05,177954,0.9852997358935601
58,59,2,2,other,1.0,1.1073645277920812e-05,177956,0.9853108095388381
59,60,2,2,other,1.0,1.1073645277920812e-05,177958,0.985321883184116
-78,-44,2,35,other,0.2,1.1073645277920812e-05,177960,0.9853329568293939
-75,-27,2,49,other,0.4898,1.1073645277920812e-05,177962,0.9853440304746718
120,215,2,96,other,1.0,1.1073645277920812e-05,177964,0.9853551041199498
121,138,2,18,other,1.0,1.1073645277920812e-05,177966,0.9853661777652276
-75,-1,2,75,other,0.6667,1.1073645277920812e-05,177968,0.9853772514105056
-75,25,2,101,bc_ad_boundary,0.7525,1.1073645277920812e-05,177970,0.9853883250557834
-71,-31,2,41,other,0.4878,1.1073645277920812e-05,177972,0.9853993987010614
148,158,2,11,other,1.0,1.1073645277920812e-05,177974,0.9854104723463394
325,326,2,2,other,1.0,1.1073645277920812e-05,177976,0.9854215459916172
46,54,2,9,other,1.0,1.1073645277920812e-05,177978,0.9854326196368952
47,50,2,4,other,1.0,1.1073645277920812e-05,177980,0.9854436932821731
281,284,2,4,other,1.0,1.1073645277920812e-05,177982,0.985454766927451
144,160,2,17,other,1.0,1.1073645277920812e-05,177984,0.9854658405727289
145,155,2,11,other,1.0,1.1073645277920812e-05,177986,0.9854769142180069
145,175,2,31,other,1.0,1.1073645277920812e-05,177988,0.9854879878632847
146,157,2,12,other,1.0,1.1073645277920812e-05,177990,0.9854990615085627
146,161,2,16,other,1.0,1.1073645277920812e-05,177992,0.9855101351538407
-8,14,2,23,bc_ad_boundary,1.0,1.1073645277920812e-05,177994,0.9855212087991185
-70,-30,2,41,other,0.5122,1.1073645277920812e-05,177996,0.9855322824443965
121,220,2,100,other,1.0,1.1073645277920812e-05,177998,0.9855433560896744
147,149,2,3,other,1.0,1.1073645277920812e-05,178000,0.9855544297349523
-1,11,2,13,bc_ad_boundary,1.0,1.1073645277920812e-05,178002,0.9855655033802302
1,18,2,18,other,1.0,1.1073645277920812e-05,178004,0.9855765770255082
-71,-1,2,71,other,0.7042,1.1073645277920812e-05,178006,0.985587650670786
250,255,2,6,other,1.0,1.1073645277920812e-05,178008,0.985598724316064
250,257,2,8,other,1.0,1.1073645277920812e-05,178010,0.9856097979613418
250,270,2,21,other,1.0,1.1073645277920812e-05,178012,0.9856208716066198
250,300,2,51,other,1.0,1.1073645277920812e-05,178014,0.9856319452518978
59,69,2,11,other,1.0,1.1073645277920812e-05,178016,0.9856430188971756
-47,50,2,98,bc_ad_boundary,1.0,1.1073645277920812e-05,178018,0.9856540925424536
251,600,2,350,multi_century,0.2857,1.1073645277920812e-05,178020,0.9856651661877315
55,75,2,21,other,1.0,1.1073645277920812e-05,178022,0.9856762398330094
55,100,2,46,other,1.0,1.1073645277920812e-05,178024,0.9856873134782873
56,68,2,13,other,1.0,1.1073645277920812e-05,178026,0.9856983871235653
56,74,2,19,other,1.0,1.1073645277920812e-05,178028,0.9857094607688431
56,75,2,20,other,1.0,1.1073645277920812e-05,178030,0.9857205344141211
253,257,2,5,other,1.0,1.1073645277920812e-05,178032,0.9857316080593991
253,300,2,48,other,1.0,1.1073645277920812e-05,178034,0.9857426817046769
-150,-31,2,120,other,0.1667,1.1073645277920812e-05,178036,0.9857537553499549
-150,50,2,201,bc_ad_boundary,0.5025,1.1073645277920812e-05,178038,0.9857648289952328
23,68,2,46,other,1.0,1.1073645277920812e-05,178040,0.9857759026405107
24,24,2,1,year_precise,1.0,1.1073645277920812e-05,178042,0.9857869762857886
24,25,2,2,other,1.0,1.1073645277920812e-05,178044,0.9857980499310666
25,31,2,7,other,1.0,1.1073645277920812e-05,178046,0.9858091235763444
49,74,2,26,other,1.0,1.1073645277920812e-05,178048,0.9858201972216224
14,96,2,83,other,1.0,1.1073645277920812e-05,178050,0.9858312708669004
54,63,2,10,other,1.0,1.1073645277920812e-05,178052,0.9858423445121782
-31,68,2,100,bc_ad_boundary,1.0,1.1073645277920812e-05,178054,0.9858534181574562
-7,30,2,38,bc_ad_boundary,1.0,1.1073645277920812e-05,178056,0.985864491802734
142,158,2,17,other,1.0,1.1073645277920812e-05,178058,0.985875565448012
143,144,2,2,other,1.0,1.1073645277920812e-05,178060,0.9858866390932899
143,146,2,4,other,1.0,1.1073645277920812e-05,178062,0.9858977127385679
143,150,2,8,other,1.0,1.1073645277920812e-05,178064,0.9859087863838457
-168,22,2,191,bc_ad_boundary,0.3822,1.1073645277920812e-05,178066,0.9859198600291237
254,257,2,4,other,1.0,1.1073645277920812e-05,178068,0.9859309336744017
54,200,2,147,other,1.0,1.1073645277920812e-05,178070,0.9859420073196795
54,250,2,197,other,1.0,1.1073645277920812e-05,178072,0.9859530809649575
55,65,2,11,other,1.0,1.1073645277920812e-05,178074,0.9859641546102353
256,260,2,5,other,1.0,1.1073645277920812e-05,178076,0.9859752282555133
271,500,2,230,other,0.3478,1.1073645277920812e-05,178078,0.9859863019007912
51,600,2,550,multi_century,0.5455,1.1073645277920812e-05,178080,0.9859973755460691
260,270,2,11,other,1.0,1.1073645277920812e-05,178082,0.986008449191347
-2,4,2,7,bc_ad_boundary,1.0,1.1073645277920812e-05,178084,0.986019522836625
-2,6,2,9,bc_ad_boundary,1.0,1.1073645277920812e-05,178086,0.9860305964819029
123,125,2,3,other,1.0,1.1073645277920812e-05,178088,0.9860416701271808
123,126,2,4,other,1.0,1.1073645277920812e-05,178090,0.9860527437724588
123,134,2,12,other,1.0,1.1073645277920812e-05,178092,0.9860638174177366
123,150,2,28,other,1.0,1.1073645277920812e-05,178094,0.9860748910630146
123,270,2,148,other,1.0,1.1073645277920812e-05,178096,0.9860859647082925
124,138,2,15,other,1.0,1.1073645277920812e-05,178098,0.9860970383535704
124,150,2,27,other,1.0,1.1073645277920812e-05,178100,0.9861081119988483
-48,-46,2,3,other,1.0,1.1073645277920812e-05,178102,0.9861191856441263
275,350,2,76,other,1.0,1.1073645277920812e-05,178104,0.9861302592894042
48,51,2,4,other,1.0,1.1073645277920812e-05,178106,0.9861413329346821
48,211,2,164,other,1.0,1.1073645277920812e-05,178108,0.9861524065799601
49,51,2,3,other,1.0,1.1073645277920812e-05,178110,0.9861634802252379
260,300,2,41,other,1.0,1.1073645277920812e-05,178112,0.9861745538705159
261,262,2,2,other,1.0,1.1073645277920812e-05,178114,0.9861856275157938
261,268,2,8,other,1.0,1.1073645277920812e-05,178116,0.9861967011610717
126,130,2,5,other,1.0,1.1073645277920812e-05,178118,0.9862077748063496
126,138,2,13,other,1.0,1.1073645277920812e-05,178120,0.9862188484516275
140,147,2,8,other,1.0,1.1073645277920812e-05,178122,0.9862299220969055
140,150,2,11,other,1.0,1.1073645277920812e-05,178124,0.9862409957421834
141,143,2,3,other,1.0,1.1073645277920812e-05,178126,0.9862520693874613
141,144,2,4,other,1.0,1.1073645277920812e-05,178128,0.9862631430327392
141,147,2,7,other,1.0,1.1073645277920812e-05,178130,0.9862742166780172
-49,-1,2,49,other,1.0,1.1073645277920812e-05,178132,0.986285290323295
-49,30,2,80,bc_ad_boundary,1.0,1.1073645277920812e-05,178134,0.986296363968573
-31,100,2,132,bc_ad_boundary,1.0,1.1073645277920812e-05,178136,0.9863074376138509
-31,200,2,232,bc_ad_boundary,1.0,1.1073645277920812e-05,178138,0.9863185112591288
-30,-13,2,18,other,1.0,1.1073645277920812e-05,178140,0.9863295849044068
51,410,2,360,other,0.8333,1.1073645277920812e-05,178142,0.9863406585496847
127,129,2,3,other,1.0,1.1073645277920812e-05,178144,0.9863517321949626
128,132,2,5,other,1.0,1.1073645277920812e-05,178146,0.9863628058402405
128,133,2,6,other,1.0,1.1073645277920812e-05,178148,0.9863738794855185
138,235,2,98,other,1.0,1.1073645277920812e-05,178150,0.9863849531307963
139,143,2,5,other,1.0,1.1073645277920812e-05,178152,0.9863960267760743
139,145,2,7,other,1.0,1.1073645277920812e-05,178154,0.9864071004213522
139,158,2,20,other,1.0,1.1073645277920812e-05,178156,0.9864181740666301
125,136,2,12,other,1.0,1.1073645277920812e-05,178158,0.9864292477119081
125,200,2,76,other,1.0,1.1073645277920812e-05,178160,0.986440321357186
-31,-30,2,2,other,1.0,1.1073645277920812e-05,178162,0.9864513950024639
271,305,2,35,other,1.0,1.1073645277920812e-05,178164,0.9864624686477418
50,60,2,11,other,1.0,1.1073645277920812e-05,178166,0.9864735422930198
50,62,2,13,other,1.0,1.1073645277920812e-05,178168,0.9864846159382976
50,80,2,31,other,1.0,1.1073645277920812e-05,178170,0.9864956895835756
271,320,2,50,other,1.0,1.1073645277920812e-05,178172,0.9865067632288534
271,326,2,56,other,1.0,1.1073645277920812e-05,178174,0.9865178368741314
-51,14,2,66,bc_ad_boundary,0.9848,1.1073645277920812e-05,178176,0.9865289105194094
-50,-41,2,10,other,1.0,1.1073645277920812e-05,178178,0.9865399841646872
262,266,2,5,other,1.0,1.1073645277920812e-05,178180,0.9865510578099652
263,268,2,6,other,1.0,1.1073645277920812e-05,178182,0.9865621314552431
51,93,2,43,other,1.0,1.1073645277920812e-05,178184,0.986573205100521
51,98,2,48,other,1.0,1.1073645277920812e-05,178186,0.9865842787457989
51,101,2,51,other,1.0,1.1073645277920812e-05,178188,0.9865953523910769
51,126,2,76,other,1.0,1.1073645277920812e-05,178190,0.9866064260363547
51,131,2,81,other,1.0,1.1073645277920812e-05,178192,0.9866174996816327
22,23,2,2,other,1.0,1.1073645277920812e-05,178194,0.9866285733269107
23,29,2,7,other,1.0,1.1073645277920812e-05,178196,0.9866396469721885
-45,-21,2,25,other,1.0,1.1073645277920812e-05,178198,0.9866507206174665
-44,-42,2,3,other,1.0,1.1073645277920812e-05,178200,0.9866617942627444
-44,-31,2,14,other,1.0,1.1073645277920812e-05,178202,0.9866728679080223
126,250,2,125,other,1.0,1.1073645277920812e-05,178204,0.9866839415533002
127,128,2,2,other,1.0,1.1073645277920812e-05,178206,0.9866950151985782
-5,2,2,8,bc_ad_boundary,1.0,1.1073645277920812e-05,178208,0.986706088843856
21,22,2,2,other,1.0,1.1073645277920812e-05,178210,0.986717162489134
21,35,2,15,other,1.0,1.1073645277920812e-05,178212,0.9867282361344119
137,139,2,3,other,1.0,1.1073645277920812e-05,178214,0.9867393097796898
138,139,2,2,other,1.0,1.1073645277920812e-05,178216,0.9867503834249678
130,134,2,5,other,1.0,1.1073645277920812e-05,178218,0.9867614570702457
130,160,2,31,other,1.0,1.1073645277920812e-05,178220,0.9867725307155236
-130,200,2,331,bc_ad_boundary,0.7583,1.1073645277920812e-05,178222,0.9867836043608015
-101,100,2,202,bc_ad_boundary,0.7475,1.1073645277920812e-05,178224,0.9867946780060795
-100,-50,2,51,other,0.0196,1.1073645277920812e-05,178226,0.9868057516513573
271,272,2,2,other,1.0,1.1073645277920812e-05,178228,0.9868168252966353
271,273,2,3,other,1.0,1.1073645277920812e-05,178230,0.9868278989419131
-35,-35,2,1,year_precise,1.0,1.1073645277920812e-05,178232,0.9868389725871911
-45,-42,2,4,other,1.0,1.1073645277920812e-05,178234,0.9868500462324691
340,351,2,12,other,0.9167,1.1073645277920812e-05,178236,0.9868611198777469
-300,100,2,401,bc_ad_boundary,0.3766,1.1073645277920812e-05,178238,0.9868721935230249
197,250,2,54,other,1.0,1.1073645277920812e-05,178240,0.9868832671683028
298,299,2,2,other,1.0,1.1073645277920812e-05,178242,0.9868943408135807
40,57,2,18,other,1.0,1.1073645277920812e-05,178244,0.9869054144588586
40,60,2,21,other,1.0,1.1073645277920812e-05,178246,0.9869164881041366
40,62,2,23,other,1.0,1.1073645277920812e-05,178248,0.9869275617494144
40,65,2,26,other,1.0,1.1073645277920812e-05,178250,0.9869386353946924
195,214,2,20,other,1.0,1.1073645277920812e-05,178252,0.9869497090399704
195,230,2,36,other,1.0,1.1073645277920812e-05,178254,0.9869607826852482
196,200,2,5,other,1.0,1.1073645277920812e-05,178256,0.9869718563305262
196,217,2,22,other,1.0,1.1073645277920812e-05,178258,0.9869829299758041
90,130,2,41,other,1.0,1.1073645277920812e-05,178260,0.986994003621082
90,250,2,161,other,1.0,1.1073645277920812e-05,178262,0.9870050772663599
91,112,2,22,other,1.0,1.1073645277920812e-05,178264,0.9870161509116379
196,300,2,105,other,1.0,1.1073645277920812e-05,178266,0.9870272245569157
350,437,2,88,other,0.0114,1.1073645277920812e-05,178268,0.9870382982021937
131,351,2,221,other,0.9955,1.1073645277920812e-05,178270,0.9870493718474717
343,346,1,4,other,1.0,5.536822638960406e-06,178271,0.9870549086701106
341,385,1,45,other,0.2222,5.536822638960406e-06,178272,0.9870604454927495
-292,13,1,306,bc_ad_boundary,0.2092,5.536822638960406e-06,178273,0.9870659823153884
340,346,1,7,other,1.0,5.536822638960406e-06,178274,0.9870715191380275
340,342,1,3,other,1.0,5.536822638960406e-06,178275,0.9870770559606664
20,41,1,22,other,1.0,5.536822638960406e-06,178276,0.9870825927833053
20,40,1,21,other,1.0,5.536822638960406e-06,178277,0.9870881296059444
20,37,1,18,other,1.0,5.536822638960406e-06,178278,0.9870936664285833
344,401,1,58,other,0.1207,5.536822638960406e-06,178279,0.9870992032512222
344,400,1,57,other,0.1228,5.536822638960406e-06,178280,0.9871047400738612
344,388,1,45,other,0.1556,5.536822638960406e-06,178281,0.9871102768965002
344,350,1,7,other,1.0,5.536822638960406e-06,178282,0.9871158137191391
344,345,1,2,other,1.0,5.536822638960406e-06,178283,0.9871213505417781
343,376,1,34,other,0.2353,5.536822638960406e-06,178284,0.987126887364417
341,344,1,4,other,1.0,5.536822638960406e-06,178285,0.987132424187056
340,388,1,49,other,0.2245,5.536822638960406e-06,178286,0.987137961009695
339,538,1,200,other,0.06,5.536822638960406e-06,178287,0.9871434978323339
339,351,1,13,other,0.9231,5.536822638960406e-06,178288,0.987149034654973
339,340,1,2,other,1.0,5.536822638960406e-06,178289,0.9871545714776119
131,239,1,109,other,1.0,5.536822638960406e-06,178290,0.9871601083002508
131,220,1,90,other,1.0,5.536822638960406e-06,178291,0.9871656451228897
131,210,1,80,other,1.0,5.536822638960406e-06,178292,0.9871711819455288
131,194,1,64,other,1.0,5.536822638960406e-06,178293,0.9871767187681677
131,190,1,60,other,1.0,5.536822638960406e-06,178294,0.9871822555908066
131,179,1,49,other,1.0,5.536822638960406e-06,178295,0.9871877924134457
131,176,1,46,other,1.0,5.536822638960406e-06,178296,0.9871933292360846
-4,19,1,24,bc_ad_boundary,1.0,5.536822638960406e-06,178297,0.9871988660587235
-4,14,1,19,bc_ad_boundary,1.0,5.536822638960406e-06,178298,0.9872044028813625
-4,8,1,13,bc_ad_boundary,1.0,5.536822638960406e-06,178299,0.9872099397040015
-5,10,1,16,bc_ad_boundary,1.0,5.536822638960406e-06,178300,0.9872154765266404
347,402,1,56,other,0.0714,5.536822638960406e-06,178301,0.9872210133492794
-200,-27,1,174,other,0.1379,5.536822638960406e-06,178302,0.9872265501719183
-201,230,1,432,bc_ad_boundary,0.6505,5.536822638960406e-06,178303,0.9872320869945573
-201,50,1,252,bc_ad_boundary,0.4008,5.536822638960406e-06,178304,0.9872376238171963
-250,-1,1,250,other,0.2,5.536822638960406e-06,178305,0.9872431606398352
135,194,1,60,other,1.0,5.536822638960406e-06,178306,0.9872486974624742
135,175,1,41,other,1.0,5.536822638960406e-06,178307,0.9872542342851132
135,165,1,31,other,1.0,5.536822638960406e-06,178308,0.9872597711077521
135,160,1,26,other,1.0,5.536822638960406e-06,178309,0.987265307930391
135,140,1,6,other,1.0,5.536822638960406e-06,178310,0.9872708447530301
134,260,1,127,other,1.0,5.536822638960406e-06,178311,0.987276381575669
134,170,1,37,other,1.0,5.536822638960406e-06,178312,0.9872819183983079
134,165,1,32,other,1.0,5.536822638960406e-06,178313,0.9872874552209469
134,154,1,21,other,1.0,5.536822638960406e-06,178314,0.9872929920435859
134,150,1,17,other,1.0,5.536822638960406e-06,178315,0.9872985288662248
134,137,1,4,other,1.0,5.536822638960406e-06,178316,0.9873040656888638
133,142,1,10,other,1.0,5.536822638960406e-06,178317,0.9873096025115028
132,138,1,7,other,1.0,5.536822638960406e-06,178318,0.9873151393341417
131,700,1,570,other,0.386,5.536822638960406e-06,178319,0.9873206761567807
131,330,1,200,other,1.0,5.536822638960406e-06,178320,0.9873262129794196
131,320,1,190,other,1.0,5.536822638960406e-06,178321,0.9873317498020586
136,145,1,10,other,1.0,5.536822638960406e-06,178322,0.9873372866246976
136,140,1,5,other,1.0,5.536822638960406e-06,178323,0.9873428234473365
135,260,1,126,other,1.0,5.536822638960406e-06,178324,0.9873483602699755
131,166,1,36,other,1.0,5.536822638960406e-06,178325,0.9873538970926145
131,165,1,35,other,1.0,5.536822638960406e-06,178326,0.9873594339152534
131,161,1,31,other,1.0,5.536822638960406e-06,178327,0.9873649707378923
131,158,1,28,other,1.0,5.536822638960406e-06,178328,0.9873705075605314
131,155,1,25,other,1.0,5.536822638960406e-06,178329,0.9873760443831703
131,145,1,15,other,1.0,5.536822638960406e-06,178330,0.9873815812058092
131,141,1,11,other,1.0,5.536822638960406e-06,178331,0.9873871180284481
131,138,1,8,other,1.0,5.536822638960406e-06,178332,0.9873926548510872
131,136,1,6,other,1.0,5.536822638960406e-06,178333,0.9873981916737261
130,300,1,171,other,1.0,5.536822638960406e-06,178334,0.987403728496365
130,250,1,121,other,1.0,5.536822638960406e-06,178335,0.9874092653190041
130,230,1,101,other,1.0,5.536822638960406e-06,178336,0.987414802141643
135,212,1,78,other,1.0,5.536822638960406e-06,178337,0.9874203389642819
-6,-4,1,3,other,1.0,5.536822638960406e-06,178338,0.9874258757869209
130,159,1,30,other,1.0,5.536822638960406e-06,178339,0.9874314126095599
130,147,1,18,other,1.0,5.536822638960406e-06,178340,0.9874369494321988
130,145,1,16,other,1.0,5.536822638960406e-06,178341,0.9874424862548378
130,135,1,6,other,1.0,5.536822638960406e-06,178342,0.9874480230774768
130,133,1,4,other,1.0,5.536822638960406e-06,178343,0.9874535599001157
129,249,1,121,other,1.0,5.536822638960406e-06,178344,0.9874590967227547
129,212,1,84,other,1.0,5.536822638960406e-06,178345,0.9874646335453936
137,250,1,114,other,1.0,5.536822638960406e-06,178346,0.9874701703680326
137,150,1,14,other,1.0,5.536822638960406e-06,178347,0.9874757071906716
136,300,1,165,other,1.0,5.536822638960406e-06,178348,0.9874812440133105
136,241,1,106,other,1.0,5.536822638960406e-06,178349,0.9874867808359494
136,161,1,26,other,1.0,5.536822638960406e-06,178350,0.9874923176585885
136,160,1,25,other,1.0,5.536822638960406e-06,178351,0.9874978544812274
136,150,1,15,other,1.0,5.536822638960406e-06,178352,0.9875033913038663
136,146,1,11,other,1.0,5.536822638960406e-06,178353,0.9875089281265054
128,150,1,23,other,1.0,5.536822638960406e-06,178354,0.9875144649491443
128,137,1,10,other,1.0,5.536822638960406e-06,178355,0.9875200017717832
138,212,1,75,other,1.0,5.536822638960406e-06,178356,0.9875255385944222
138,211,1,74,other,1.0,5.536822638960406e-06,178357,0.9875310754170612
138,197,1,60,other,1.0,5.536822638960406e-06,178358,0.9875366122397001
138,165,1,28,other,1.0,5.536822638960406e-06,178359,0.9875421490623391
138,152,1,15,other,1.0,5.536822638960406e-06,178360,0.9875476858849781
138,144,1,7,other,1.0,5.536822638960406e-06,178361,0.987553222707617
138,143,1,6,other,1.0,5.536822638960406e-06,178362,0.987558759530256
138,142,1,5,other,1.0,5.536822638960406e-06,178363,0.9875642963528949
-5,-2,1,4,other,1.0,5.536822638960406e-06,178364,0.9875698331755339
-6,300,1,307,bc_ad_boundary,1.0,5.536822638960406e-06,178365,0.9875753699981729
-6,260,1,267,bc_ad_boundary,1.0,5.536822638960406e-06,178366,0.9875809068208118
-6,14,1,21,bc_ad_boundary,1.0,5.536822638960406e-06,178367,0.9875864436434507
-6,6,1,13,bc_ad_boundary,1.0,5.536822638960406e-06,178368,0.9875919804660898
-6,1,1,8,bc_ad_boundary,1.0,5.536822638960406e-06,178369,0.9875975172887287
126,400,1,275,other,0.8182,5.536822638960406e-06,178370,0.9876030541113676
126,211,1,86,other,1.0,5.536822638960406e-06,178371,0.9876085909340067
126,170,1,45,other,1.0,5.536822638960406e-06,178372,0.9876141277566456
129,211,1,83,other,1.0,5.536822638960406e-06,178373,0.9876196645792845
129,200,1,72,other,1.0,5.536822638960406e-06,178374,0.9876252014019234
129,150,1,22,other,1.0,5.536822638960406e-06,178375,0.9876307382245625
129,145,1,17,other,1.0,5.536822638960406e-06,178376,0.9876362750472014
129,140,1,12,other,1.0,5.536822638960406e-06,178377,0.9876418118698403
129,137,1,9,other,1.0,5.536822638960406e-06,178378,0.9876473486924794
129,132,1,4,other,1.0,5.536822638960406e-06,178379,0.9876528855151183
129,131,1,3,other,1.0,5.536822638960406e-06,178380,0.9876584223377572
128,340,1,213,other,1.0,5.536822638960406e-06,178381,0.9876639591603962
128,335,1,208,other,1.0,5.536822638960406e-06,178382,0.9876694959830352
128,308,1,181,other,1.0,5.536822638960406e-06,178383,0.9876750328056741
128,307,1,180,other,1.0,5.536822638960406e-06,178384,0.9876805696283131
128,305,1,178,other,1.0,5.536822638960406e-06,178385,0.987686106450952
126,160,1,35,other,1.0,5.536822638960406e-06,178386,0.987691643273591
126,128,1,3,other,1.0,5.536822638960406e-06,178387,0.98769718009623
125,250,1,126,other,1.0,5.536822638960406e-06,178388,0.9877027169188689
125,190,1,66,other,1.0,5.536822638960406e-06,178389,0.987708253741508
125,162,1,38,other,1.0,5.536822638960406e-06,178390,0.9877137905641469
125,138,1,14,other,1.0,5.536822638960406e-06,178391,0.9877193273867858
139,180,1,42,other,1.0,5.536822638960406e-06,178392,0.9877248642094247
138,500,1,363,other,0.5868,5.536822638960406e-06,178393,0.9877304010320638
138,400,1,263,other,0.8099,5.536822638960406e-06,178394,0.9877359378547027
138,340,1,203,other,1.0,5.536822638960406e-06,178395,0.9877414746773416
138,312,1,175,other,1.0,5.536822638960406e-06,178396,0.9877470114999807
138,244,1,107,other,1.0,5.536822638960406e-06,178397,0.9877525483226196
127,326,1,200,other,1.0,5.536822638960406e-06,178398,0.9877580851452585
127,180,1,54,other,1.0,5.536822638960406e-06,178399,0.9877636219678975
127,175,1,49,other,1.0,5.536822638960406e-06,178400,0.9877691587905365
127,130,1,4,other,1.0,5.536822638960406e-06,178401,0.9877746956131754
141,159,1,19,other,1.0,5.536822638960406e-06,178402,0.9877802324358144
141,146,1,6,other,1.0,5.536822638960406e-06,178403,0.9877857692584533
141,145,1,5,other,1.0,5.536822638960406e-06,178404,0.9877913060810923
140,306,1,167,other,1.0,5.536822638960406e-06,178405,0.9877968429037313
140,300,1,161,other,1.0,5.536822638960406e-06,178406,0.9878023797263702
140,222,1,83,other,1.0,5.536822638960406e-06,178407,0.9878079165490092
140,220,1,81,other,1.0,5.536822638960406e-06,178408,0.9878134533716482
140,192,1,53,other,1.0,5.536822638960406e-06,178409,0.9878189901942871
140,181,1,42,other,1.0,5.536822638960406e-06,178410,0.987824527016926
140,180,1,41,other,1.0,5.536822638960406e-06,178411,0.9878300638395651
140,172,1,33,other,1.0,5.536822638960406e-06,178412,0.987835600662204
140,163,1,24,other,1.0,5.536822638960406e-06,178413,0.9878411374848429
140,154,1,15,other,1.0,5.536822638960406e-06,178414,0.9878466743074819
140,143,1,4,other,1.0,5.536822638960406e-06,178415,0.9878522111301209
139,400,1,262,other,0.8092,5.536822638960406e-06,178416,0.9878577479527598
139,201,1,63,other,1.0,5.536822638960406e-06,178417,0.9878632847753988
123,211,1,89,other,1.0,5.536822638960406e-06,178418,0.9878688215980378
123,138,1,16,other,1.0,5.536822638960406e-06,178419,0.9878743584206767
123,128,1,6,other,1.0,5.536822638960406e-06,178420,0.9878798952433157
125,127,1,3,other,1.0,5.536822638960406e-06,178421,0.9878854320659546
124,200,1,77,other,1.0,5.536822638960406e-06,178422,0.9878909688885936
-2,96,1,99,bc_ad_boundary,1.0,5.536822638960406e-06,178423,0.9878965057112326
-2,90,1,93,bc_ad_boundary,1.0,5.536822638960406e-06,178424,0.9879020425338715
-2,50,1,53,bc_ad_boundary,1.0,5.536822638960406e-06,178425,0.9879075793565105
-2,7,1,10,bc_ad_boundary,1.0,5.536822638960406e-06,178426,0.9879131161791495
-3,86,1,90,bc_ad_boundary,1.0,5.536822638960406e-06,178427,0.9879186530017884
-3,69,1,73,bc_ad_boundary,1.0,5.536822638960406e-06,178428,0.9879241898244273
-3,41,1,45,bc_ad_boundary,1.0,5.536822638960406e-06,178429,0.9879297266470664
-3,3,1,7,bc_ad_boundary,1.0,5.536822638960406e-06,178430,0.9879352634697053
-3,2,1,6,bc_ad_boundary,1.0,5.536822638960406e-06,178431,0.9879408002923442
124,193,1,70,other,1.0,5.536822638960406e-06,178432,0.9879463371149831
-49,14,1,64,bc_ad_boundary,1.0,5.536822638960406e-06,178433,0.9879518739376222
142,144,1,3,other,1.0,5.536822638960406e-06,178434,0.9879574107602611
141,375,1,235,other,0.8936,5.536822638960406e-06,178435,0.9879629475829
141,240,1,100,other,1.0,5.536822638960406e-06,178436,0.9879684844055391
141,230,1,90,other,1.0,5.536822638960406e-06,178437,0.987974021228178
141,190,1,50,other,1.0,5.536822638960406e-06,178438,0.9879795580508169
141,175,1,35,other,1.0,5.536822638960406e-06,178439,0.9879850948734559
141,165,1,25,other,1.0,5.536822638960406e-06,178440,0.9879906316960949
-7,137,1,145,bc_ad_boundary,1.0,5.536822638960406e-06,178441,0.9879961685187338
-7,100,1,108,bc_ad_boundary,1.0,5.536822638960406e-06,178442,0.9880017053413728
-7,4,1,12,bc_ad_boundary,1.0,5.536822638960406e-06,178443,0.9880072421640118
-7,-1,1,7,other,1.0,5.536822638960406e-06,178444,0.9880127789866507
-48,-45,1,4,other,1.0,5.536822638960406e-06,178445,0.9880183158092897
-49,70,1,120,bc_ad_boundary,1.0,5.536822638960406e-06,178446,0.9880238526319286
124,170,1,47,other,1.0,5.536822638960406e-06,178447,0.9880293894545676
124,140,1,17,other,1.0,5.536822638960406e-06,178448,0.9880349262772066
124,128,1,5,other,1.0,5.536822638960406e-06,178449,0.9880404630998455
143,153,1,11,other,1.0,5.536822638960406e-06,178450,0.9880459999224844
122,161,1,40,other,1.0,5.536822638960406e-06,178451,0.9880515367451235
122,160,1,39,other,1.0,5.536822638960406e-06,178452,0.9880570735677624
122,158,1,37,other,1.0,5.536822638960406e-06,178453,0.9880626103904013
122,157,1,36,other,1.0,5.536822638960406e-06,178454,0.9880681472130404
122,144,1,23,other,1.0,5.536822638960406e-06,178455,0.9880736840356793
122,134,1,13,other,1.0,5.536822638960406e-06,178456,0.9880792208583182
122,128,1,7,other,1.0,5.536822638960406e-06,178457,0.9880847576809572
122,124,1,3,other,1.0,5.536822638960406e-06,178458,0.9880902945035962
121,400,1,280,other,0.8214,5.536822638960406e-06,178459,0.9880958313262351
142,180,1,39,other,1.0,5.536822638960406e-06,178460,0.9881013681488741
142,170,1,29,other,1.0,5.536822638960406e-06,178461,0.9881069049715131
142,162,1,21,other,1.0,5.536822638960406e-06,178462,0.988112441794152
142,160,1,19,other,1.0,5.536822638960406e-06,178463,0.988117978616791
142,157,1,16,other,1.0,5.536822638960406e-06,178464,0.9881235154394299
142,146,1,5,other,1.0,5.536822638960406e-06,178465,0.9881290522620689
146,185,1,40,other,1.0,5.536822638960406e-06,178466,0.9881345890847079
146,170,1,25,other,1.0,5.536822638960406e-06,178467,0.9881401259073468
146,167,1,22,other,1.0,5.536822638960406e-06,178468,0.9881456627299857
146,156,1,11,other,1.0,5.536822638960406e-06,178469,0.9881511995526248
146,150,1,5,other,1.0,5.536822638960406e-06,178470,0.9881567363752637
146,149,1,4,other,1.0,5.536822638960406e-06,178471,0.9881622731979026
146,148,1,3,other,1.0,5.536822638960406e-06,178472,0.9881678100205417
145,180,1,36,other,1.0,5.536822638960406e-06,178473,0.9881733468431806
145,167,1,23,other,1.0,5.536822638960406e-06,178474,0.9881788836658195
145,157,1,13,other,1.0,5.536822638960406e-06,178475,0.9881844204884584
144,253,1,110,other,1.0,5.536822638960406e-06,178476,0.9881899573110975
144,178,1,35,other,1.0,5.536822638960406e-06,178477,0.9881954941337364
144,170,1,27,other,1.0,5.536822638960406e-06,178478,0.9882010309563753
144,148,1,5,other,1.0,5.536822638960406e-06,178479,0.9882065677790144
144,146,1,3,other,1.0,5.536822638960406e-06,178480,0.9882121046016533
143,160,1,18,other,1.0,5.536822638960406e-06,178481,0.9882176414242922
-7,-4,1,4,other,1.0,5.536822638960406e-06,178482,0.9882231782469312
-8,37,1,46,bc_ad_boundary,1.0,5.536822638960406e-06,178483,0.9882287150695702
-8,25,1,34,bc_ad_boundary,1.0,5.536822638960406e-06,178484,0.9882342518922091
-8,16,1,25,bc_ad_boundary,1.0,5.536822638960406e-06,178485,0.9882397887148481
121,367,1,247,other,0.9312,5.536822638960406e-06,178486,0.988245325537487
121,366,1,246,other,0.935,5.536822638960406e-06,178487,0.988250862360126
121,275,1,155,other,1.0,5.536822638960406e-06,178488,0.988256399182765
121,260,1,140,other,1.0,5.536822638960406e-06,178489,0.9882619360054039
121,230,1,110,other,1.0,5.536822638960406e-06,178490,0.988267472828043
121,171,1,51,other,1.0,5.536822638960406e-06,178491,0.9882730096506819
121,145,1,25,other,1.0,5.536822638960406e-06,178492,0.9882785464733208
-70,-36,1,35,other,0.4286,5.536822638960406e-06,178493,0.9882840832959597
-70,-47,1,24,other,0.1667,5.536822638960406e-06,178494,0.9882896201185988
-71,200,1,272,bc_ad_boundary,0.9228,5.536822638960406e-06,178495,0.9882951569412377
-71,130,1,202,bc_ad_boundary,0.896,5.536822638960406e-06,178496,0.9883006937638766
146,200,1,55,other,1.0,5.536822638960406e-06,178497,0.9883062305865157
147,162,1,16,other,1.0,5.536822638960406e-06,178498,0.9883117674091546
147,157,1,11,other,1.0,5.536822638960406e-06,178499,0.9883173042317935
1,13,1,13,other,1.0,5.536822638960406e-06,178500,0.9883228410544325
1,9,1,9,other,1.0,5.536822638960406e-06,178501,0.9883283778770715
1,5,1,5,other,1.0,5.536822638960406e-06,178502,0.9883339146997104
1,3,1,3,other,1.0,5.536822638960406e-06,178503,0.9883394515223494
-1,10,1,12,bc_ad_boundary,1.0,5.536822638960406e-06,178504,0.9883449883449883
-2,137,1,140,bc_ad_boundary,1.0,5.536822638960406e-06,178505,0.9883505251676273
146,300,1,155,other,1.0,5.536822638960406e-06,178506,0.9883560619902663
-49,-6,1,44,other,1.0,5.536822638960406e-06,178507,0.9883615988129052
-49,-27,1,23,other,1.0,5.536822638960406e-06,178508,0.9883671356355442
-49,-31,1,19,other,1.0,5.536822638960406e-06,178509,0.9883726724581832
-49,-41,1,9,other,1.0,5.536822638960406e-06,178510,0.9883782092808221
-49,-42,1,8,other,1.0,5.536822638960406e-06,178511,0.988383746103461
-49,-44,1,6,other,1.0,5.536822638960406e-06,178512,0.9883892829261001
-50,300,1,351,bc_ad_boundary,1.0,5.536822638960406e-06,178513,0.988394819748739
-75,51,1,127,bc_ad_boundary,0.8031,5.536822638960406e-06,178514,0.9884003565713779
-75,-21,1,55,other,0.5455,5.536822638960406e-06,178515,0.9884058933940169
121,133,1,13,other,1.0,5.536822638960406e-06,178516,0.9884114302166559
121,127,1,7,other,1.0,5.536822638960406e-06,178517,0.9884169670392948
121,125,1,5,other,1.0,5.536822638960406e-06,178518,0.9884225038619338
121,124,1,4,other,1.0,5.536822638960406e-06,178519,0.9884280406845728
120,400,1,281,other,0.8221,5.536822638960406e-06,178520,0.9884335775072117
-75,-41,1,35,other,0.2857,5.536822638960406e-06,178521,0.9884391143298507
-78,-21,1,58,other,0.5172,5.536822638960406e-06,178522,0.9884446511524896
-78,-27,1,52,other,0.4615,5.536822638960406e-06,178523,0.9884501879751286
-78,-31,1,48,other,0.4167,5.536822638960406e-06,178524,0.9884557247977676
-79,-41,1,39,other,0.2564,5.536822638960406e-06,178525,0.9884612616204065
-80,50,1,131,bc_ad_boundary,0.771,5.536822638960406e-06,178526,0.9884667984430455
-80,20,1,101,bc_ad_boundary,0.703,5.536822638960406e-06,178527,0.9884723352656845
-80,14,1,95,bc_ad_boundary,0.6842,5.536822638960406e-06,178528,0.9884778720883234
-80,-26,1,55,other,0.4545,5.536822638960406e-06,178529,0.9884834089109623
150,152,1,3,other,1.0,5.536822638960406e-06,178530,0.9884889457336014
120,170,1,51,other,1.0,5.536822638960406e-06,178531,0.9884944825562403
120,168,1,49,other,1.0,5.536822638960406e-06,178532,0.9885000193788792
120,138,1,19,other,1.0,5.536822638960406e-06,178533,0.9885055562015181
120,123,1,4,other,1.0,5.536822638960406e-06,178534,0.9885110930241572
119,231,1,113,other,1.0,5.536822638960406e-06,178535,0.9885166298467961
119,200,1,82,other,1.0,5.536822638960406e-06,178536,0.988522166669435
119,180,1,62,other,1.0,5.536822638960406e-06,178537,0.9885277034920741
149,154,1,6,other,1.0,5.536822638960406e-06,178538,0.988533240314713
148,250,1,103,other,1.0,5.536822638960406e-06,178539,0.9885387771373519
148,170,1,23,other,1.0,5.536822638960406e-06,178540,0.9885443139599909
148,164,1,17,other,1.0,5.536822638960406e-06,178541,0.9885498507826299
148,160,1,13,other,1.0,5.536822638960406e-06,178542,0.9885553876052688
148,152,1,5,other,1.0,5.536822638960406e-06,178543,0.9885609244279078
147,200,1,54,other,1.0,5.536822638960406e-06,178544,0.9885664612505468
147,192,1,46,other,1.0,5.536822638960406e-06,178545,0.9885719980731857
119,161,1,43,other,1.0,5.536822638960406e-06,178546,0.9885775348958247
119,150,1,32,other,1.0,5.536822638960406e-06,178547,0.9885830717184636
119,134,1,16,other,1.0,5.536822638960406e-06,178548,0.9885886085411026
119,130,1,12,other,1.0,5.536822638960406e-06,178549,0.9885941453637416
119,128,1,10,other,1.0,5.536822638960406e-06,178550,0.9885996821863805
119,127,1,9,other,1.0,5.536822638960406e-06,178551,0.9886052190090194
119,125,1,7,other,1.0,5.536822638960406e-06,178552,0.9886107558316585
118,275,1,158,other,1.0,5.536822638960406e-06,178553,0.9886162926542974
118,270,1,153,other,1.0,5.536822638960406e-06,178554,0.9886218294769363
118,230,1,113,other,1.0,5.536822638960406e-06,178555,0.9886273662995754
118,222,1,105,other,1.0,5.536822638960406e-06,178556,0.9886329031222143
118,212,1,95,other,1.0,5.536822638960406e-06,178557,0.9886384399448532
151,153,1,3,other,1.0,5.536822638960406e-06,178558,0.9886439767674922
150,350,1,201,other,1.0,5.536822638960406e-06,178559,0.9886495135901312
150,183,1,34,other,1.0,5.536822638960406e-06,178560,0.9886550504127701
150,156,1,7,other,1.0,5.536822638960406e-06,178561,0.9886605872354091
151,271,1,121,other,1.0,5.536822638960406e-06,178562,0.9886661240580481
151,259,1,109,other,1.0,5.536822638960406e-06,178563,0.988671660880687
151,245,1,95,other,1.0,5.536822638960406e-06,178564,0.988677197703326
151,231,1,81,other,1.0,5.536822638960406e-06,178565,0.9886827345259649
151,224,1,74,other,1.0,5.536822638960406e-06,178566,0.9886882713486039
151,189,1,39,other,1.0,5.536822638960406e-06,178567,0.9886938081712429
151,185,1,35,other,1.0,5.536822638960406e-06,178568,0.9886993449938818
-8,4,1,13,bc_ad_boundary,1.0,5.536822638960406e-06,178569,0.9887048818165207
-8,3,1,12,bc_ad_boundary,1.0,5.536822638960406e-06,178570,0.9887104186391598
-8,2,1,11,bc_ad_boundary,1.0,5.536822638960406e-06,178571,0.9887159554617987
-8,-1,1,8,other,1.0,5.536822638960406e-06,178572,0.9887214922844376
-9,54,1,64,bc_ad_boundary,1.0,5.536822638960406e-06,178573,0.9887270291070767
-9,4,1,14,bc_ad_boundary,1.0,5.536822638960406e-06,178574,0.9887325659297156
-9,-1,1,9,other,1.0,5.536822638960406e-06,178575,0.9887381027523545
-9,-6,1,4,other,1.0,5.536822638960406e-06,178576,0.9887436395749934
151,171,1,21,other,1.0,5.536822638960406e-06,178577,0.9887491763976325
152,154,1,3,other,1.0,5.536822638960406e-06,178578,0.9887547132202714
151,700,1,550,multi_century,0.3636,5.536822638960406e-06,178579,0.9887602500429103
151,425,1,275,other,0.7273,5.536822638960406e-06,178580,0.9887657868655494
118,202,1,85,other,1.0,5.536822638960406e-06,178581,0.9887713236881883
118,198,1,81,other,1.0,5.536822638960406e-06,178582,0.9887768605108272
118,186,1,69,other,1.0,5.536822638960406e-06,178583,0.9887823973334662
118,176,1,59,other,1.0,5.536822638960406e-06,178584,0.9887879341561052
1,45,1,45,other,1.0,5.536822638960406e-06,178585,0.9887934709787441
1,38,1,38,other,1.0,5.536822638960406e-06,178586,0.9887990078013831
1,36,1,36,other,1.0,5.536822638960406e-06,178587,0.988804544624022
1,32,1,32,other,1.0,5.536822638960406e-06,178588,0.988810081446661
1,24,1,24,other,1.0,5.536822638960406e-06,178589,0.9888156182693
118,130,1,13,other,1.0,5.536822638960406e-06,178590,0.9888211550919389
151,298,1,148,other,1.0,5.536822638960406e-06,178591,0.988826691914578
151,285,1,135,other,1.0,5.536822638960406e-06,178592,0.9888322287372169
151,280,1,130,other,1.0,5.536822638960406e-06,178593,0.9888377655598558
-10,70,1,81,bc_ad_boundary,1.0,5.536822638960406e-06,178594,0.9888433023824947
-10,54,1,65,bc_ad_boundary,1.0,5.536822638960406e-06,178595,0.9888488392051338
-10,35,1,46,bc_ad_boundary,1.0,5.536822638960406e-06,178596,0.9888543760277727
-10,25,1,36,bc_ad_boundary,1.0,5.536822638960406e-06,178597,0.9888599128504116
-10,7,1,18,bc_ad_boundary,1.0,5.536822638960406e-06,178598,0.9888654496730507
-10,6,1,17,bc_ad_boundary,1.0,5.536822638960406e-06,178599,0.9888709864956896
-10,5,1,16,bc_ad_boundary,1.0,5.536822638960406e-06,178600,0.9888765233183285
153,246,1,94,other,1.0,5.536822638960406e-06,178601,0.9888820601409675
153,179,1,27,other,1.0,5.536822638960406e-06,178602,0.9888875969636065
153,157,1,5,other,1.0,5.536822638960406e-06,178603,0.9888931337862454
153,156,1,4,other,1.0,5.536822638960406e-06,178604,0.9888986706088844
153,155,1,3,other,1.0,5.536822638960406e-06,178605,0.9889042074315233
153,154,1,2,other,1.0,5.536822638960406e-06,178606,0.9889097442541623
152,300,1,149,other,1.0,5.536822638960406e-06,178607,0.9889152810768013
152,192,1,41,other,1.0,5.536822638960406e-06,178608,0.9889208178994402
152,161,1,10,other,1.0,5.536822638960406e-06,178609,0.9889263547220792
154,174,1,21,other,1.0,5.536822638960406e-06,178610,0.9889318915447182
154,167,1,14,other,1.0,5.536822638960406e-06,178611,0.9889374283673571
154,160,1,7,other,1.0,5.536822638960406e-06,178612,0.988942965189996
118,129,1,12,other,1.0,5.536822638960406e-06,178613,0.9889485020126351
118,125,1,8,other,1.0,5.536822638960406e-06,178614,0.988954038835274
118,124,1,7,other,1.0,5.536822638960406e-06,178615,0.9889595756579129
118,122,1,5,other,1.0,5.536822638960406e-06,178616,0.9889651124805519
117,600,1,484,other,0.4835,5.536822638960406e-06,178617,0.9889706493031909
117,400,1,284,other,0.8239,5.536822638960406e-06,178618,0.9889761861258298
117,337,1,221,other,1.0,5.536822638960406e-06,178619,0.9889817229484688
117,317,1,201,other,1.0,5.536822638960406e-06,178620,0.9889872597711078
117,239,1,123,other,1.0,5.536822638960406e-06,178621,0.9889927965937467
117,230,1,114,other,1.0,5.536822638960406e-06,178622,0.9889983334163857
153,300,1,148,other,1.0,5.536822638960406e-06,178623,0.9890038702390246
-10,117,1,128,bc_ad_boundary,1.0,5.536822638960406e-06,178624,0.9890094070616636
-10,100,1,111,bc_ad_boundary,1.0,5.536822638960406e-06,178625,0.9890149438843026
157,162,1,6,other,1.0,5.536822638960406e-06,178626,0.9890204807069415
156,215,1,60,other,1.0,5.536822638960406e-06,178627,0.9890260175295805
156,170,1,15,other,1.0,5.536822638960406e-06,178628,0.9890315543522195
117,211,1,95,other,1.0,5.536822638960406e-06,178629,0.9890370911748584
117,176,1,60,other,1.0,5.536822638960406e-06,178630,0.9890426279974973
117,175,1,59,other,1.0,5.536822638960406e-06,178631,0.9890481648201364
117,166,1,50,other,1.0,5.536822638960406e-06,178632,0.9890537016427753
117,137,1,21,reign:Hadrianic,1.0,5.536822638960406e-06,178633,0.9890592384654142
117,135,1,19,other,1.0,5.536822638960406e-06,178634,0.9890647752880531
117,131,1,15,other,1.0,5.536822638960406e-06,178635,0.9890703121106922
117,121,1,5,other,1.0,5.536822638960406e-06,178636,0.9890758489333311
155,213,1,59,other,1.0,5.536822638960406e-06,178637,0.98908138575597
155,200,1,46,other,1.0,5.536822638960406e-06,178638,0.9890869225786091
155,180,1,26,other,1.0,5.536822638960406e-06,178639,0.989092459401248
155,161,1,7,other,1.0,5.536822638960406e-06,178640,0.9890979962238869
154,207,1,54,other,1.0,5.536822638960406e-06,178641,0.9891035330465259
158,165,1,8,other,1.0,5.536822638960406e-06,178642,0.9891090698691649
117,120,1,4,other,1.0,5.536822638960406e-06,178643,0.9891146066918038
116,275,1,160,other,1.0,5.536822638960406e-06,178644,0.9891201435144428
116,244,1,129,other,1.0,5.536822638960406e-06,178645,0.9891256803370818
116,235,1,120,other,1.0,5.536822638960406e-06,178646,0.9891312171597207
116,222,1,107,other,1.0,5.536822638960406e-06,178647,0.9891367539823597
116,198,1,83,other,1.0,5.536822638960406e-06,178648,0.9891422908049986
116,160,1,45,other,1.0,5.536822638960406e-06,178649,0.9891478276276376
116,150,1,35,other,1.0,5.536822638960406e-06,178650,0.9891533644502766
116,138,1,23,reign:Hadrianic,1.0,5.536822638960406e-06,178651,0.9891589012729155
116,136,1,21,other,1.0,5.536822638960406e-06,178652,0.9891644380955544
116,118,1,3,other,1.0,5.536822638960406e-06,178653,0.9891699749181935
115,300,1,186,other,1.0,5.536822638960406e-06,178654,0.9891755117408324
158,163,1,6,other,1.0,5.536822638960406e-06,178655,0.9891810485634713
158,160,1,3,other,1.0,5.536822638960406e-06,178656,0.9891865853861104
157,192,1,36,other,1.0,5.536822638960406e-06,178657,0.9891921222087493
160,185,1,26,other,1.0,5.536822638960406e-06,178658,0.9891976590313882
160,179,1,20,reign:Aurelian-Marcus,1.0,5.536822638960406e-06,178659,0.9892031958540272
115,259,1,145,other,1.0,5.536822638960406e-06,178660,0.9892087326766662
115,250,1,136,other,1.0,5.536822638960406e-06,178661,0.9892142694993051
1,74,1,74,other,1.0,5.536822638960406e-06,178662,0.9892198063219441
1,62,1,62,other,1.0,5.536822638960406e-06,178663,0.9892253431445831
1,48,1,48,other,1.0,5.536822638960406e-06,178664,0.989230879967222
115,138,1,24,other,1.0,5.536822638960406e-06,178665,0.989236416789861
160,169,1,10,other,1.0,5.536822638960406e-06,178666,0.9892419536124999
160,167,1,8,other,1.0,5.536822638960406e-06,178667,0.9892474904351389
160,166,1,7,other,1.0,5.536822638960406e-06,178668,0.9892530272577779
159,200,1,42,other,1.0,5.536822638960406e-06,178669,0.9892585640804168
159,190,1,32,other,1.0,5.536822638960406e-06,178670,0.9892641009030557
158,208,1,51,other,1.0,5.536822638960406e-06,178671,0.9892696377256948
158,200,1,43,other,1.0,5.536822638960406e-06,178672,0.9892751745483337
158,173,1,16,other,1.0,5.536822638960406e-06,178673,0.9892807113709726
114,120,1,7,other,1.0,5.536822638960406e-06,178674,0.9892862481936117
113,230,1,118,other,1.0,5.536822638960406e-06,178675,0.9892917850162506
113,224,1,112,other,1.0,5.536822638960406e-06,178676,0.9892973218388895
113,138,1,26,other,1.0,5.536822638960406e-06,178677,0.9893028586615285
113,130,1,18,other,1.0,5.536822638960406e-06,178678,0.9893083954841675
113,116,1,4,other,1.0,5.536822638960406e-06,178679,0.9893139323068064
113,115,1,3,other,1.0,5.536822638960406e-06,178680,0.9893194691294454
161,167,1,7,other,1.0,5.536822638960406e-06,178681,0.9893250059520844
161,166,1,6,other,1.0,5.536822638960406e-06,178682,0.9893305427747233
160,300,1,141,other,1.0,5.536822638960406e-06,178683,0.9893360795973623
160,260,1,101,other,1.0,5.536822638960406e-06,178684,0.9893416164200012
160,230,1,71,other,1.0,5.536822638960406e-06,178685,0.9893471532426402
160,220,1,61,other,1.0,5.536822638960406e-06,178686,0.9893526900652792
160,208,1,49,other,1.0,5.536822638960406e-06,178687,0.9893582268879181
160,205,1,46,other,1.0,5.536822638960406e-06,178688,0.989363763710557
160,190,1,31,other,1.0,5.536822638960406e-06,178689,0.989369300533196
161,274,1,114,other,1.0,5.536822638960406e-06,178690,0.989374837355835
161,257,1,97,other,1.0,5.536822638960406e-06,178691,0.9893803741784739
161,255,1,95,other,1.0,5.536822638960406e-06,178692,0.989385911001113
161,238,1,78,other,1.0,5.536822638960406e-06,178693,0.9893914478237519
161,212,1,52,other,1.0,5.536822638960406e-06,178694,0.9893969846463908
161,193,1,33,other,1.0,5.536822638960406e-06,178695,0.9894025214690297
161,172,1,12,other,1.0,5.536822638960406e-06,178696,0.9894080582916688
-10,3,1,14,bc_ad_boundary,1.0,5.536822638960406e-06,178697,0.9894135951143077
-10,-5,1,6,other,1.0,5.536822638960406e-06,178698,0.9894191319369466
-10,-6,1,5,other,1.0,5.536822638960406e-06,178699,0.9894246687595857
-11,50,1,62,bc_ad_boundary,1.0,5.536822638960406e-06,178700,0.9894302055822246
-11,15,1,27,bc_ad_boundary,1.0,5.536822638960406e-06,178701,0.9894357424048635
-11,14,1,26,bc_ad_boundary,1.0,5.536822638960406e-06,178702,0.9894412792275025
-11,4,1,16,bc_ad_boundary,1.0,5.536822638960406e-06,178703,0.9894468160501415
114,214,1,101,other,1.0,5.536822638960406e-06,178704,0.9894523528727804
114,203,1,90,other,1.0,5.536822638960406e-06,178705,0.9894578896954194
161,389,1,229,other,0.8297,5.536822638960406e-06,178706,0.9894634265180583
161,350,1,190,other,1.0,5.536822638960406e-06,178707,0.9894689633406973
161,312,1,152,other,1.0,5.536822638960406e-06,178708,0.9894745001633363
112,300,1,189,other,1.0,5.536822638960406e-06,178709,0.9894800369859752
112,250,1,139,other,1.0,5.536822638960406e-06,178710,0.9894855738086142
112,165,1,54,other,1.0,5.536822638960406e-06,178711,0.9894911106312532
112,115,1,4,other,1.0,5.536822638960406e-06,178712,0.9894966474538921
112,114,1,3,other,1.0,5.536822638960406e-06,178713,0.989502184276531
111,363,1,253,other,0.9486,5.536822638960406e-06,178714,0.9895077210991701
111,300,1,190,other,1.0,5.536822638960406e-06,178715,0.989513257921809
111,200,1,90,other,1.0,5.536822638960406e-06,178716,0.9895187947444479
111,190,1,80,other,1.0,5.536822638960406e-06,178717,0.9895243315670869
111,180,1,70,other,1.0,5.536822638960406e-06,178718,0.9895298683897259
161,295,1,135,other,1.0,5.536822638960406e-06,178719,0.9895354052123648
161,293,1,133,other,1.0,5.536822638960406e-06,178720,0.9895409420350038
161,284,1,124,other,1.0,5.536822638960406e-06,178721,0.9895464788576428
-12,-7,1,6,other,1.0,5.536822638960406e-06,178722,0.9895520156802817
-12,-8,1,5,other,1.0,5.536822638960406e-06,178723,0.9895575525029207
111,135,1,25,other,1.0,5.536822638960406e-06,178724,0.9895630893255596
111,129,1,19,other,1.0,5.536822638960406e-06,178725,0.9895686261481986
111,120,1,10,other,1.0,5.536822638960406e-06,178726,0.9895741629708376
111,118,1,8,other,1.0,5.536822638960406e-06,178727,0.9895796997934765
111,115,1,5,other,1.0,5.536822638960406e-06,178728,0.9895852366161155
110,200,1,91,other,1.0,5.536822638960406e-06,178729,0.9895907734387545
110,190,1,81,other,1.0,5.536822638960406e-06,178730,0.9895963102613934
110,155,1,46,other,1.0,5.536822638960406e-06,178731,0.9896018470840323
162,414,1,253,other,0.747,5.536822638960406e-06,178732,0.9896073839066714
162,337,1,176,other,1.0,5.536822638960406e-06,178733,0.9896129207293103
162,305,1,144,other,1.0,5.536822638960406e-06,178734,0.9896184575519492
162,212,1,51,other,1.0,5.536822638960406e-06,178735,0.9896239943745881
162,200,1,39,other,1.0,5.536822638960406e-06,178736,0.9896295311972272
162,167,1,6,other,1.0,5.536822638960406e-06,178737,0.9896350680198661
164,176,1,13,other,1.0,5.536822638960406e-06,178738,0.989640604842505
164,172,1,9,other,1.0,5.536822638960406e-06,178739,0.9896461416651441
164,170,1,7,other,1.0,5.536822638960406e-06,178740,0.989651678487783
110,138,1,29,other,1.0,5.536822638960406e-06,178741,0.989657215310422
110,129,1,20,other,1.0,5.536822638960406e-06,178742,0.9896627521330609
110,128,1,19,other,1.0,5.536822638960406e-06,178743,0.9896682889556999
1,111,1,111,other,1.0,5.536822638960406e-06,178744,0.9896738257783388
1,110,1,110,other,1.0,5.536822638960406e-06,178745,0.9896793626009778
1,98,1,98,other,1.0,5.536822638960406e-06,178746,0.9896848994236168
1,95,1,95,other,1.0,5.536822638960406e-06,178747,0.9896904362462557
163,192,1,30,other,1.0,5.536822638960406e-06,178748,0.9896959730688947
163,170,1,8,other,1.0,5.536822638960406e-06,178749,0.9897015098915336
-12,30,1,43,bc_ad_boundary,1.0,5.536822638960406e-06,178750,0.9897070467141726
-12,20,1,33,bc_ad_boundary,1.0,5.536822638960406e-06,178751,0.9897125835368116
-12,12,1,25,bc_ad_boundary,1.0,5.536822638960406e-06,178752,0.9897181203594505
-12,3,1,16,bc_ad_boundary,1.0,5.536822638960406e-06,178753,0.9897236571820894
166,192,1,27,other,1.0,5.536822638960406e-06,178754,0.9897291940047285
166,186,1,21,other,1.0,5.536822638960406e-06,178755,0.9897347308273674
166,176,1,11,other,1.0,5.536822638960406e-06,178756,0.9897402676500063
166,172,1,7,other,1.0,5.536822638960406e-06,178757,0.9897458044726454
165,300,1,136,other,1.0,5.536822638960406e-06,178758,0.9897513412952843
165,282,1,118,other,1.0,5.536822638960406e-06,178759,0.9897568781179232
165,205,1,41,other,1.0,5.536822638960406e-06,178760,0.9897624149405622
165,192,1,28,other,1.0,5.536822638960406e-06,178761,0.9897679517632012
165,190,1,26,other,1.0,5.536822638960406e-06,178762,0.9897734885858401
165,180,1,16,other,1.0,5.536822638960406e-06,178763,0.9897790254084791
165,176,1,12,other,1.0,5.536822638960406e-06,178764,0.9897845622311181
165,172,1,8,other,1.0,5.536822638960406e-06,178765,0.989790099053757
164,364,1,201,other,0.9303,5.536822638960406e-06,178766,0.989795635876396
164,200,1,37,other,1.0,5.536822638960406e-06,178767,0.9898011726990349
164,182,1,19,other,1.0,5.536822638960406e-06,178768,0.9898067095216739
164,180,1,17,other,1.0,5.536822638960406e-06,178769,0.9898122463443129
-13,-9,1,5,other,1.0,5.536822638960406e-06,178770,0.9898177831669518
-13,-10,1,4,other,1.0,5.536822638960406e-06,178771,0.9898233199895907
-13,-11,1,3,other,1.0,5.536822638960406e-06,178772,0.9898288568122298
-14,43,1,58,bc_ad_boundary,1.0,5.536822638960406e-06,178773,0.9898343936348687
1,76,1,76,other,1.0,5.536822638960406e-06,178774,0.9898399304575076
110,114,1,5,other,1.0,5.536822638960406e-06,178775,0.9898454672801467
110,112,1,3,other,1.0,5.536822638960406e-06,178776,0.9898510041027856
110,111,1,2,other,1.0,5.536822638960406e-06,178777,0.9898565409254245
109,209,1,101,other,1.0,5.536822638960406e-06,178778,0.9898620777480635
109,130,1,22,other,1.0,5.536822638960406e-06,178779,0.9898676145707025
109,117,1,9,other,1.0,5.536822638960406e-06,178780,0.9898731513933414
109,116,1,8,other,1.0,5.536822638960406e-06,178781,0.9898786882159804
109,114,1,6,other,1.0,5.536822638960406e-06,178782,0.9898842250386194
109,113,1,5,other,1.0,5.536822638960406e-06,178783,0.9898897618612583
166,215,1,50,other,1.0,5.536822638960406e-06,178784,0.9898952986838973
166,195,1,30,other,1.0,5.536822638960406e-06,178785,0.9899008355065362
108,275,1,168,other,1.0,5.536822638960406e-06,178786,0.9899063723291752
108,250,1,143,other,1.0,5.536822638960406e-06,178787,0.9899119091518142
108,138,1,31,other,1.0,5.536822638960406e-06,178788,0.9899174459744531
108,130,1,23,other,1.0,5.536822638960406e-06,178789,0.989922982797092
108,118,1,11,other,1.0,5.536822638960406e-06,178790,0.989928519619731
108,115,1,8,other,1.0,5.536822638960406e-06,178791,0.98993405644237
108,112,1,5,other,1.0,5.536822638960406e-06,178792,0.9899395932650089
166,250,1,85,other,1.0,5.536822638960406e-06,178793,0.989945130087648
166,220,1,55,other,1.0,5.536822638960406e-06,178794,0.9899506669102869
-13,100,1,114,bc_ad_boundary,1.0,5.536822638960406e-06,178795,0.9899562037329258
-13,92,1,106,bc_ad_boundary,1.0,5.536822638960406e-06,178796,0.9899617405555647
-13,50,1,64,bc_ad_boundary,1.0,5.536822638960406e-06,178797,0.9899672773782038
-13,38,1,52,bc_ad_boundary,1.0,5.536822638960406e-06,178798,0.9899728142008427
-13,20,1,34,bc_ad_boundary,1.0,5.536822638960406e-06,178799,0.9899783510234816
-13,-3,1,11,other,1.0,5.536822638960406e-06,178800,0.9899838878461207
-13,-7,1,7,other,1.0,5.536822638960406e-06,178801,0.9899894246687596
107,162,1,56,other,1.0,5.536822638960406e-06,178802,0.9899949614913985
107,161,1,55,other,1.0,5.536822638960406e-06,178803,0.9900004983140375
107,138,1,32,other,1.0,5.536822638960406e-06,178804,0.9900060351366765
107,119,1,13,other,1.0,5.536822638960406e-06,178805,0.9900115719593154
107,113,1,7,other,1.0,5.536822638960406e-06,178806,0.9900171087819544
107,111,1,5,other,1.0,5.536822638960406e-06,178807,0.9900226456045933
107,110,1,4,other,1.0,5.536822638960406e-06,178808,0.9900281824272323
168,212,1,45,other,1.0,5.536822638960406e-06,178809,0.9900337192498713
168,193,1,26,other,1.0,5.536822638960406e-06,178810,0.9900392560725102
167,314,1,148,other,1.0,5.536822638960406e-06,178811,0.9900447928951492
167,180,1,14,other,1.0,5.536822638960406e-06,178812,0.9900503297177882
166,300,1,135,other,1.0,5.536822638960406e-06,178813,0.9900558665404271
166,253,1,88,other,1.0,5.536822638960406e-06,178814,0.990061403363066
108,364,1,257,other,0.9455,5.536822638960406e-06,178815,0.9900669401857051
108,363,1,256,other,0.9492,5.536822638960406e-06,178816,0.990072477008344
108,362,1,255,other,0.9529,5.536822638960406e-06,178817,0.9900780138309829
170,218,1,49,other,1.0,5.536822638960406e-06,178818,0.9900835506536219
170,210,1,41,other,1.0,5.536822638960406e-06,178819,0.9900890874762609
170,200,1,31,other,1.0,5.536822638960406e-06,178820,0.9900946242988998
170,193,1,24,other,1.0,5.536822638960406e-06,178821,0.9901001611215388
170,190,1,21,other,1.0,5.536822638960406e-06,178822,0.9901056979441778
170,176,1,7,other,1.0,5.536822638960406e-06,178823,0.9901112347668167
169,300,1,132,other,1.0,5.536822638960406e-06,178824,0.9901167715894557
169,298,1,130,other,1.0,5.536822638960406e-06,178825,0.9901223084120946
169,290,1,122,other,1.0,5.536822638960406e-06,178826,0.9901278452347336
169,211,1,43,other,1.0,5.536822638960406e-06,178827,0.9901333820573726
169,190,1,22,other,1.0,5.536822638960406e-06,178828,0.9901389188800115
107,192,1,86,other,1.0,5.536822638960406e-06,178829,0.9901444557026505
107,190,1,84,other,1.0,5.536822638960406e-06,178830,0.9901499925252895
107,180,1,74,other,1.0,5.536822638960406e-06,178831,0.9901555293479284
107,175,1,69,other,1.0,5.536822638960406e-06,178832,0.9901610661705673
107,166,1,60,other,1.0,5.536822638960406e-06,178833,0.9901666029932064
171,212,1,42,other,1.0,5.536822638960406e-06,178834,0.9901721398158453
171,211,1,41,other,1.0,5.536822638960406e-06,178835,0.9901776766384842
171,179,1,9,other,1.0,5.536822638960406e-06,178836,0.9901832134611231
171,174,1,4,other,1.0,5.536822638960406e-06,178837,0.9901887502837622
-50,10,1,61,bc_ad_boundary,1.0,5.536822638960406e-06,178838,0.9901942871064011
1,235,1,235,other,1.0,5.536822638960406e-06,178839,0.99019982392904
1,225,1,225,other,1.0,5.536822638960406e-06,178840,0.9902053607516791
1,217,1,217,other,1.0,5.536822638960406e-06,178841,0.990210897574318
1,199,1,199,other,1.0,5.536822638960406e-06,178842,0.990216434396957
1,192,1,192,other,1.0,5.536822638960406e-06,178843,0.9902219712195959
1,159,1,159,other,1.0,5.536822638960406e-06,178844,0.9902275080422349
106,192,1,87,other,1.0,5.536822638960406e-06,178845,0.9902330448648738
106,170,1,65,other,1.0,5.536822638960406e-06,178846,0.9902385816875128
170,300,1,131,other,1.0,5.536822638960406e-06,178847,0.9902441185101518
170,270,1,101,other,1.0,5.536822638960406e-06,178848,0.9902496553327907
170,231,1,62,other,1.0,5.536822638960406e-06,178849,0.9902551921554297
104,137,1,34,other,1.0,5.536822638960406e-06,178850,0.9902607289780686
104,130,1,27,other,1.0,5.536822638960406e-06,178851,0.9902662658007076
106,161,1,56,other,1.0,5.536822638960406e-06,178852,0.9902718026233466
106,150,1,45,other,1.0,5.536822638960406e-06,178853,0.9902773394459855
106,121,1,16,other,1.0,5.536822638960406e-06,178854,0.9902828762686244
106,120,1,15,other,1.0,5.536822638960406e-06,178855,0.9902884130912635
106,118,1,13,other,1.0,5.536822638960406e-06,178856,0.9902939499139024
106,110,1,5,other,1.0,5.536822638960406e-06,178857,0.9902994867365413
106,108,1,3,other,1.0,5.536822638960406e-06,178858,0.9903050235591804
105,300,1,196,other,1.0,5.536822638960406e-06,178859,0.9903105603818193
105,270,1,166,other,1.0,5.536822638960406e-06,178860,0.9903160972044582
105,200,1,96,other,1.0,5.536822638960406e-06,178861,0.9903216340270972
105,193,1,89,other,1.0,5.536822638960406e-06,178862,0.9903271708497362
-89,-1,1,89,other,0.5618,5.536822638960406e-06,178863,0.9903327076723751
171,225,1,55,other,1.0,5.536822638960406e-06,178864,0.9903382444950141
171,213,1,43,other,1.0,5.536822638960406e-06,178865,0.9903437813176531
-14,-1,1,14,other,1.0,5.536822638960406e-06,178866,0.990349318140292
-14,-8,1,7,other,1.0,5.536822638960406e-06,178867,0.990354854962931
-15,100,1,116,bc_ad_boundary,1.0,5.536822638960406e-06,178868,0.9903603917855699
-15,80,1,96,bc_ad_boundary,1.0,5.536822638960406e-06,178869,0.9903659286082089
-15,69,1,85,bc_ad_boundary,1.0,5.536822638960406e-06,178870,0.9903714654308479
-15,68,1,84,bc_ad_boundary,1.0,5.536822638960406e-06,178871,0.9903770022534868
-15,40,1,56,bc_ad_boundary,1.0,5.536822638960406e-06,178872,0.9903825390761257
171,259,1,89,other,1.0,5.536822638960406e-06,178873,0.9903880758987648
-80,-30,1,51,other,0.4118,5.536822638960406e-06,178874,0.9903936127214037
-82,14,1,97,bc_ad_boundary,0.6701,5.536822638960406e-06,178875,0.9903991495440426
-85,-44,1,42,other,0.1667,5.536822638960406e-06,178876,0.9904046863666817
-88,50,1,139,bc_ad_boundary,0.7266,5.536822638960406e-06,178877,0.9904102231893206
-88,-1,1,88,other,0.5682,5.536822638960406e-06,178878,0.9904157600119595
105,140,1,36,other,1.0,5.536822638960406e-06,178879,0.9904212968345985
105,121,1,17,other,1.0,5.536822638960406e-06,178880,0.9904268336572375
105,120,1,16,other,1.0,5.536822638960406e-06,178881,0.9904323704798764
171,450,1,280,other,0.6429,5.536822638960406e-06,178882,0.9904379073025154
171,370,1,200,other,0.9,5.536822638960406e-06,178883,0.9904434441251544
171,286,1,116,other,1.0,5.536822638960406e-06,178884,0.9904489809477933
103,300,1,198,other,1.0,5.536822638960406e-06,178885,0.9904545177704323
103,270,1,168,other,1.0,5.536822638960406e-06,178886,0.9904600545930712
103,170,1,68,other,1.0,5.536822638960406e-06,178887,0.9904655914157102
103,161,1,59,other,1.0,5.536822638960406e-06,178888,0.9904711282383492
103,130,1,28,other,1.0,5.536822638960406e-06,178889,0.9904766650609881
103,125,1,23,other,1.0,5.536822638960406e-06,178890,0.990482201883627
103,115,1,13,other,1.0,5.536822638960406e-06,178891,0.990487738706266
103,105,1,3,other,1.0,5.536822638960406e-06,178892,0.990493275528905
171,280,1,110,other,1.0,5.536822638960406e-06,178893,0.9904988123515439
-14,37,1,52,bc_ad_boundary,1.0,5.536822638960406e-06,178894,0.990504349174183
-14,22,1,37,bc_ad_boundary,1.0,5.536822638960406e-06,178895,0.9905098859968219
-14,14,1,29,bc_ad_boundary,1.0,5.536822638960406e-06,178896,0.9905154228194608
-14,4,1,19,bc_ad_boundary,1.0,5.536822638960406e-06,178897,0.9905209596420997
173,230,1,58,other,1.0,5.536822638960406e-06,178898,0.9905264964647388
102,238,1,137,other,1.0,5.536822638960406e-06,178899,0.9905320332873777
102,200,1,99,other,1.0,5.536822638960406e-06,178900,0.9905375701100166
102,175,1,74,other,1.0,5.536822638960406e-06,178901,0.9905431069326557
102,138,1,37,other,1.0,5.536822638960406e-06,178902,0.9905486437552946
102,123,1,22,other,1.0,5.536822638960406e-06,178903,0.9905541805779335
102,119,1,18,other,1.0,5.536822638960406e-06,178904,0.9905597174005725
102,112,1,11,other,1.0,5.536822638960406e-06,178905,0.9905652542232115
102,111,1,10,other,1.0,5.536822638960406e-06,178906,0.9905707910458504
102,109,1,8,other,1.0,5.536822638960406e-06,178907,0.9905763278684894
172,250,1,79,other,1.0,5.536822638960406e-06,178908,0.9905818646911283
172,234,1,63,other,1.0,5.536822638960406e-06,178909,0.9905874015137673
172,192,1,21,other,1.0,5.536822638960406e-06,178910,0.9905929383364063
171,2230,1,2060,other,0.0874,5.536822638960406e-06,178911,0.9905984751590452
171,600,1,430,other,0.4186,5.536822638960406e-06,178912,0.9906040119816842
171,500,1,330,other,0.5455,5.536822638960406e-06,178913,0.9906095488043232
-50,130,1,181,bc_ad_boundary,1.0,5.536822638960406e-06,178914,0.9906150856269621
-50,75,1,126,bc_ad_boundary,1.0,5.536822638960406e-06,178915,0.990620622449601
-50,54,1,105,bc_ad_boundary,1.0,5.536822638960406e-06,178916,0.9906261592722401
-50,48,1,99,bc_ad_boundary,1.0,5.536822638960406e-06,178917,0.990631696094879
101,470,1,370,other,0.6757,5.536822638960406e-06,178918,0.9906372329175179
101,434,1,334,other,0.7485,5.536822638960406e-06,178919,0.9906427697401569
101,395,1,295,other,0.8475,5.536822638960406e-06,178920,0.9906483065627959
101,375,1,275,other,0.9091,5.536822638960406e-06,178921,0.9906538433854348
175,260,1,86,other,1.0,5.536822638960406e-06,178922,0.9906593802080738
175,240,1,66,other,1.0,5.536822638960406e-06,178923,0.9906649170307128
175,210,1,36,other,1.0,5.536822638960406e-06,178924,0.9906704538533517
175,191,1,17,other,1.0,5.536822638960406e-06,178925,0.9906759906759907
175,178,1,4,other,1.0,5.536822638960406e-06,178926,0.9906815274986296
174,222,1,49,other,1.0,5.536822638960406e-06,178927,0.9906870643212686
174,176,1,3,other,1.0,5.536822638960406e-06,178928,0.9906926011439076
174,175,1,2,other,1.0,5.536822638960406e-06,178929,0.9906981379665465
176,275,1,100,other,1.0,5.536822638960406e-06,178930,0.9907036747891855
176,238,1,63,other,1.0,5.536822638960406e-06,178931,0.9907092116118245
176,235,1,60,other,1.0,5.536822638960406e-06,178932,0.9907147484344634
176,211,1,36,other,1.0,5.536822638960406e-06,178933,0.9907202852571023
176,192,1,17,other,1.0,5.536822638960406e-06,178934,0.9907258220797414
176,185,1,10,other,1.0,5.536822638960406e-06,178935,0.9907313589023803
-15,37,1,53,bc_ad_boundary,1.0,5.536822638960406e-06,178936,0.9907368957250192
-15,20,1,36,bc_ad_boundary,1.0,5.536822638960406e-06,178937,0.9907424325476581
-15,9,1,25,bc_ad_boundary,1.0,5.536822638960406e-06,178938,0.9907479693702972
-15,4,1,20,bc_ad_boundary,1.0,5.536822638960406e-06,178939,0.9907535061929361
-15,-4,1,12,other,1.0,5.536822638960406e-06,178940,0.990759043015575
-15,-6,1,10,other,1.0,5.536822638960406e-06,178941,0.9907645798382141
-15,-14,1,2,other,1.0,5.536822638960406e-06,178942,0.990770116660853
175,275,1,101,other,1.0,5.536822638960406e-06,178943,0.990775653483492
101,2009,1,1909,other,0.131,5.536822638960406e-06,178944,0.9907811903061309
1,275,1,275,other,1.0,5.536822638960406e-06,178945,0.9907867271287699
178,193,1,16,other,1.0,5.536822638960406e-06,178946,0.9907922639514088
178,187,1,10,other,1.0,5.536822638960406e-06,178947,0.9907978007740478
178,185,1,8,other,1.0,5.536822638960406e-06,178948,0.9908033375966868
178,184,1,7,other,1.0,5.536822638960406e-06,178949,0.9908088744193257
178,182,1,5,other,1.0,5.536822638960406e-06,178950,0.9908144112419647
178,181,1,4,other,1.0,5.536822638960406e-06,178951,0.9908199480646036
178,179,1,2,other,1.0,5.536822638960406e-06,178952,0.9908254848872426
177,250,1,74,other,1.0,5.536822638960406e-06,178953,0.9908310217098816
177,238,1,62,other,1.0,5.536822638960406e-06,178954,0.9908365585325205
177,200,1,24,other,1.0,5.536822638960406e-06,178955,0.9908420953551594
177,197,1,21,other,1.0,5.536822638960406e-06,178956,0.9908476321777985
177,182,1,6,other,1.0,5.536822638960406e-06,178957,0.9908531690004374
177,181,1,5,other,1.0,5.536822638960406e-06,178958,0.9908587058230763
176,500,1,325,other,0.5385,5.536822638960406e-06,178959,0.9908642426457154
176,330,1,155,other,1.0,5.536822638960406e-06,178960,0.9908697794683543
176,280,1,105,other,1.0,5.536822638960406e-06,178961,0.9908753162909932
101,360,1,260,other,0.9615,5.536822638960406e-06,178962,0.9908808531136322
101,345,1,245,other,1.0,5.536822638960406e-06,178963,0.9908863899362712
101,298,1,198,other,1.0,5.536822638960406e-06,178964,0.9908919267589101
101,285,1,185,other,1.0,5.536822638960406e-06,178965,0.9908974635815491
101,275,1,175,other,1.0,5.536822638960406e-06,178966,0.9909030004041881
101,271,1,171,other,1.0,5.536822638960406e-06,178967,0.990908537226827
101,259,1,159,other,1.0,5.536822638960406e-06,178968,0.990914074049466
101,217,1,117,other,1.0,5.536822638960406e-06,178969,0.9909196108721049
101,212,1,112,other,1.0,5.536822638960406e-06,178970,0.9909251476947439
101,209,1,109,other,1.0,5.536822638960406e-06,178971,0.9909306845173829
101,208,1,108,other,1.0,5.536822638960406e-06,178972,0.9909362213400218
101,205,1,105,other,1.0,5.536822638960406e-06,178973,0.9909417581626607
178,230,1,53,other,1.0,5.536822638960406e-06,178974,0.9909472949852998
178,203,1,26,other,1.0,5.536822638960406e-06,178975,0.9909528318079387
178,200,1,23,other,1.0,5.536822638960406e-06,178976,0.9909583686305776
178,195,1,18,other,1.0,5.536822638960406e-06,178977,0.9909639054532167
-17,41,1,59,bc_ad_boundary,1.0,5.536822638960406e-06,178978,0.9909694422758556
101,201,1,101,other,1.0,5.536822638960406e-06,178979,0.9909749790984945
101,162,1,62,other,1.0,5.536822638960406e-06,178980,0.9909805159211335
101,161,1,61,other,1.0,5.536822638960406e-06,178981,0.9909860527437725
101,159,1,59,other,1.0,5.536822638960406e-06,178982,0.9909915895664114
101,153,1,53,other,1.0,5.536822638960406e-06,178983,0.9909971263890504
-60,-50,1,11,other,0.0909,5.536822638960406e-06,178984,0.9910026632116894
-61,-50,1,12,other,0.0833,5.536822638960406e-06,178985,0.9910082000343283
-62,-21,1,42,other,0.7143,5.536822638960406e-06,178986,0.9910137368569673
180,195,1,16,other,1.0,5.536822638960406e-06,178987,0.9910192736796062
180,193,1,14,reign:Commodan,1.0,5.536822638960406e-06,178988,0.9910248105022452
180,189,1,10,other,1.0,5.536822638960406e-06,178989,0.9910303473248842
180,188,1,9,other,1.0,5.536822638960406e-06,178990,0.9910358841475231
179,187,1,9,other,1.0,5.536822638960406e-06,178991,0.991041420970162
179,181,1,3,other,1.0,5.536822638960406e-06,178992,0.991046957792801
178,238,1,61,other,1.0,5.536822638960406e-06,178993,0.99105249461544
181,196,1,16,other,1.0,5.536822638960406e-06,178994,0.9910580314380789
181,193,1,13,reign:Commodan,1.0,5.536822638960406e-06,178995,0.991063568260718
181,190,1,10,other,1.0,5.536822638960406e-06,178996,0.9910691050833569
180,330,1,151,other,1.0,5.536822638960406e-06,178997,0.9910746419059958
180,285,1,106,other,1.0,5.536822638960406e-06,178998,0.9910801787286347
180,226,1,47,other,1.0,5.536822638960406e-06,178999,0.9910857155512738
180,222,1,43,other,1.0,5.536822638960406e-06,179000,0.9910912523739127
-16,25,1,42,bc_ad_boundary,1.0,5.536822638960406e-06,179001,0.9910967891965516
-16,-1,1,16,other,1.0,5.536822638960406e-06,179002,0.9911023260191907
-16,-2,1,15,other,1.0,5.536822638960406e-06,179003,0.9911078628418296
-16,-6,1,11,other,1.0,5.536822638960406e-06,179004,0.9911133996644685
-16,-8,1,9,other,1.0,5.536822638960406e-06,179005,0.9911189364871075
-16,-11,1,6,other,1.0,5.536822638960406e-06,179006,0.9911244733097465
-16,-12,1,5,other,1.0,5.536822638960406e-06,179007,0.9911300101323854
-17,324,1,342,bc_ad_boundary,1.0,5.536822638960406e-06,179008,0.9911355469550244
-17,69,1,87,bc_ad_boundary,1.0,5.536822638960406e-06,179009,0.9911410837776633
-62,-30,1,33,other,0.6364,5.536822638960406e-06,179010,0.9911466206003023
-63,-12,1,52,other,0.75,5.536822638960406e-06,179011,0.9911521574229413
-63,-50,1,14,other,0.0714,5.536822638960406e-06,179012,0.9911576942455802
-69,-31,1,39,other,0.5128,5.536822638960406e-06,179013,0.9911632310682192
-70,31,1,102,bc_ad_boundary,0.8039,5.536822638960406e-06,179014,0.9911687678908582
-70,-26,1,45,other,0.5556,5.536822638960406e-06,179015,0.9911743047134971
-70,-27,1,44,other,0.5455,5.536822638960406e-06,179016,0.991179841536136
101,135,1,35,other,1.0,5.536822638960406e-06,179017,0.9911853783587751
101,123,1,23,other,1.0,5.536822638960406e-06,179018,0.991190915181414
101,122,1,22,other,1.0,5.536822638960406e-06,179019,0.9911964520040529
101,118,1,18,other,1.0,5.536822638960406e-06,179020,0.9912019888266919
3,10,1,8,other,1.0,5.536822638960406e-06,179021,0.9912075256493309
181,260,1,80,other,1.0,5.536822638960406e-06,179022,0.9912130624719698
181,212,1,32,other,1.0,5.536822638960406e-06,179023,0.9912185992946088
181,205,1,25,other,1.0,5.536822638960406e-06,179024,0.9912241361172478
181,202,1,22,other,1.0,5.536822638960406e-06,179025,0.9912296729398867
1,700,1,700,multi_century,0.5,5.536822638960406e-06,179026,0.9912352097625257
1,513,1,513,other,0.6823,5.536822638960406e-06,179027,0.9912407465851646
1,450,1,450,multi_century,0.7778,5.536822638960406e-06,179028,0.9912462834078036
1,398,1,398,other,0.8794,5.536822638960406e-06,179029,0.9912518202304426
1,378,1,378,other,0.9259,5.536822638960406e-06,179030,0.9912573570530815
1,375,1,375,other,0.9333,5.536822638960406e-06,179031,0.9912628938757205
101,116,1,16,other,1.0,5.536822638960406e-06,179032,0.9912684306983595
101,115,1,15,other,1.0,5.536822638960406e-06,179033,0.9912739675209984
-18,-18,1,1,year_precise,1.0,5.536822638960406e-06,179034,0.9912795043436373
184,187,1,4,other,1.0,5.536822638960406e-06,179035,0.9912850411662764
183,230,1,48,other,1.0,5.536822638960406e-06,179036,0.9912905779889153
183,192,1,10,other,1.0,5.536822638960406e-06,179037,0.9912961148115542
182,300,1,119,other,1.0,5.536822638960406e-06,179038,0.9913016516341931
182,193,1,12,other,1.0,5.536822638960406e-06,179039,0.9913071884568322
182,192,1,11,other,1.0,5.536822638960406e-06,179040,0.9913127252794711
182,183,1,2,other,1.0,5.536822638960406e-06,179041,0.99131826210211
185,186,1,2,other,1.0,5.536822638960406e-06,179042,0.9913237989247491
184,400,1,217,other,0.7696,5.536822638960406e-06,179043,0.991329335747388
101,104,1,4,other,1.0,5.536822638960406e-06,179044,0.991334872570027
100,175,1,76,other,1.0,5.536822638960406e-06,179045,0.9913404093926659
100,171,1,72,other,1.0,5.536822638960406e-06,179046,0.9913459462153049
100,136,1,37,other,1.0,5.536822638960406e-06,179047,0.9913514830379438
100,125,1,26,other,1.0,5.536822638960406e-06,179048,0.9913570198605828
100,120,1,21,other,1.0,5.536822638960406e-06,179049,0.9913625566832218
184,200,1,17,other,1.0,5.536822638960406e-06,179050,0.9913680935058607
-17,-2,1,16,other,1.0,5.536822638960406e-06,179051,0.9913736303284997
-17,-3,1,15,other,1.0,5.536822638960406e-06,179052,0.9913791671511386
-18,14,1,33,bc_ad_boundary,1.0,5.536822638960406e-06,179053,0.9913847039737776
-18,12,1,31,bc_ad_boundary,1.0,5.536822638960406e-06,179054,0.9913902407964166
-18,-16,1,3,other,1.0,5.536822638960406e-06,179055,0.9913957776190555
-18,-17,1,2,other,1.0,5.536822638960406e-06,179056,0.9914013144416944
2,42,1,41,other,1.0,5.536822638960406e-06,179057,0.9914068512643335
186,187,1,2,other,1.0,5.536822638960406e-06,179058,0.9914123880869724
185,300,1,116,other,1.0,5.536822638960406e-06,179059,0.9914179249096113
100,110,1,11,other,1.0,5.536822638960406e-06,179060,0.9914234617322504
99,144,1,46,other,1.0,5.536822638960406e-06,179061,0.9914289985548893
99,108,1,10,other,1.0,5.536822638960406e-06,179062,0.9914345353775282
99,105,1,7,other,1.0,5.536822638960406e-06,179063,0.9914400722001672
98,425,1,328,other,0.7713,5.536822638960406e-06,179064,0.9914456090228062
98,230,1,133,other,1.0,5.536822638960406e-06,179065,0.9914511458454451
98,217,1,120,other,1.0,5.536822638960406e-06,179066,0.9914566826680841
185,279,1,95,other,1.0,5.536822638960406e-06,179067,0.9914622194907231
185,274,1,90,other,1.0,5.536822638960406e-06,179068,0.991467756313362
185,204,1,20,other,1.0,5.536822638960406e-06,179069,0.991473293136001
185,202,1,18,other,1.0,5.536822638960406e-06,179070,0.9914788299586399
185,194,1,10,other,1.0,5.536822638960406e-06,179071,0.9914843667812789
185,193,1,9,other,1.0,5.536822638960406e-06,179072,0.9914899036039179
185,187,1,3,other,1.0,5.536822638960406e-06,179073,0.9914954404265568
189,190,1,2,other,1.0,5.536822638960406e-06,179074,0.9915009772491957
98,177,1,80,other,1.0,5.536822638960406e-06,179075,0.9915065140718348
98,176,1,79,other,1.0,5.536822638960406e-06,179076,0.9915120508944737
4,37,1,34,other,1.0,5.536822638960406e-06,179077,0.9915175877171126
4,30,1,27,other,1.0,5.536822638960406e-06,179078,0.9915231245397517
4,16,1,13,other,1.0,5.536822638960406e-06,179079,0.9915286613623906
4,11,1,8,other,1.0,5.536822638960406e-06,179080,0.9915341981850295
4,8,1,5,other,1.0,5.536822638960406e-06,179081,0.9915397350076685
3,20,1,18,other,1.0,5.536822638960406e-06,179082,0.9915452718303075
187,200,1,14,other,1.0,5.536822638960406e-06,179083,0.9915508086529464
187,188,1,2,other,1.0,5.536822638960406e-06,179084,0.9915563454755854
186,300,1,115,other,1.0,5.536822638960406e-06,179085,0.9915618822982244
186,235,1,50,other,1.0,5.536822638960406e-06,179086,0.9915674191208633
186,222,1,37,other,1.0,5.536822638960406e-06,179087,0.9915729559435023
186,210,1,25,other,1.0,5.536822638960406e-06,179088,0.9915784927661412
186,191,1,6,other,1.0,5.536822638960406e-06,179089,0.9915840295887802
98,131,1,34,other,1.0,5.536822638960406e-06,179090,0.9915895664114192
98,125,1,28,other,1.0,5.536822638960406e-06,179091,0.9915951032340581
98,123,1,26,other,1.0,5.536822638960406e-06,179092,0.991600640056697
98,120,1,23,other,1.0,5.536822638960406e-06,179093,0.991606176879336
98,113,1,16,other,1.0,5.536822638960406e-06,179094,0.991611713701975
98,107,1,10,other,1.0,5.536822638960406e-06,179095,0.9916172505246139
191,204,1,14,other,1.0,5.536822638960406e-06,179096,0.991622787347253
191,194,1,4,other,1.0,5.536822638960406e-06,179097,0.9916283241698919
190,300,1,111,other,1.0,5.536822638960406e-06,179098,0.9916338609925308
190,240,1,51,other,1.0,5.536822638960406e-06,179099,0.9916393978151697
190,212,1,23,other,1.0,5.536822638960406e-06,179100,0.9916449346378088
190,200,1,11,other,1.0,5.536822638960406e-06,179101,0.9916504714604477
190,192,1,3,other,1.0,5.536822638960406e-06,179102,0.9916560082830866
190,191,1,2,other,1.0,5.536822638960406e-06,179103,0.9916615451057257
189,400,1,212,other,0.7642,5.536822638960406e-06,179104,0.9916670819283646
189,192,1,4,other,1.0,5.536822638960406e-06,179105,0.9916726187510035
192,210,1,19,reign:Septimius-Severus,1.0,5.536822638960406e-06,179106,0.9916781555736425
192,206,1,15,other,1.0,5.536822638960406e-06,179107,0.9916836923962815
192,195,1,4,other,1.0,5.536822638960406e-06,179108,0.9916892292189204
191,400,1,210,other,0.7619,5.536822638960406e-06,179109,0.9916947660415594
191,300,1,110,other,1.0,5.536822638960406e-06,179110,0.9917003028641983
191,260,1,70,other,1.0,5.536822638960406e-06,179111,0.9917058396868373
191,240,1,50,other,1.0,5.536822638960406e-06,179112,0.9917113765094763
-19,85,1,105,bc_ad_boundary,1.0,5.536822638960406e-06,179113,0.9917169133321152
-19,30,1,50,bc_ad_boundary,1.0,5.536822638960406e-06,179114,0.9917224501547542
-19,20,1,40,bc_ad_boundary,1.0,5.536822638960406e-06,179115,0.9917279869773932
-20,69,1,90,bc_ad_boundary,1.0,5.536822638960406e-06,179116,0.9917335238000321
-20,68,1,89,bc_ad_boundary,1.0,5.536822638960406e-06,179117,0.991739060622671
-20,60,1,81,bc_ad_boundary,1.0,5.536822638960406e-06,179118,0.9917445974453101
-20,37,1,58,bc_ad_boundary,1.0,5.536822638960406e-06,179119,0.991750134267949
98,140,1,43,other,1.0,5.536822638960406e-06,179120,0.9917556710905879
98,139,1,42,other,1.0,5.536822638960406e-06,179121,0.9917612079132269
193,210,1,18,reign:Septimius-Severus,1.0,5.536822638960406e-06,179122,0.9917667447358659
193,202,1,10,other,1.0,5.536822638960406e-06,179123,0.9917722815585048
193,201,1,9,other,1.0,5.536822638960406e-06,179124,0.9917778183811438
97,300,1,204,other,1.0,5.536822638960406e-06,179125,0.9917833552037828
97,222,1,126,other,1.0,5.536822638960406e-06,179126,0.9917888920264217
97,200,1,104,other,1.0,5.536822638960406e-06,179127,0.9917944288490607
97,152,1,56,other,1.0,5.536822638960406e-06,179128,0.9917999656716996
97,150,1,54,other,1.0,5.536822638960406e-06,179129,0.9918055024943386
97,116,1,20,reign:Nervan-Trajanic,1.0,5.536822638960406e-06,179130,0.9918110393169776
192,400,1,209,other,0.7608,5.536822638960406e-06,179131,0.9918165761396165
192,365,1,174,other,0.9138,5.536822638960406e-06,179132,0.9918221129622555
192,300,1,109,other,1.0,5.536822638960406e-06,179133,0.9918276497848945
192,270,1,79,other,1.0,5.536822638960406e-06,179134,0.9918331866075334
192,235,1,44,reign:Severan-dynasty,1.0,5.536822638960406e-06,179135,0.9918387234301723
192,230,1,39,other,1.0,5.536822638960406e-06,179136,0.9918442602528114
192,217,1,26,other,1.0,5.536822638960406e-06,179137,0.9918497970754503
193,306,1,114,other,1.0,5.536822638960406e-06,179138,0.9918553338980892
96,305,1,210,other,1.0,5.536822638960406e-06,179139,0.9918608707207281
96,192,1,97,other,1.0,5.536822638960406e-06,179140,0.9918664075433672
96,169,1,74,other,1.0,5.536822638960406e-06,179141,0.9918719443660061
96,161,1,66,other,1.0,5.536822638960406e-06,179142,0.991877481188645
96,140,1,45,other,1.0,5.536822638960406e-06,179143,0.9918830180112841
96,114,1,19,other,1.0,5.536822638960406e-06,179144,0.991888554833923
96,111,1,16,other,1.0,5.536822638960406e-06,179145,0.991894091656562
96,110,1,15,other,1.0,5.536822638960406e-06,179146,0.9918996284792009
193,284,1,92,other,1.0,5.536822638960406e-06,179147,0.9919051653018399
193,254,1,62,other,1.0,5.536822638960406e-06,179148,0.9919107021244788
193,231,1,39,other,1.0,5.536822638960406e-06,179149,0.9919162389471178
193,223,1,31,other,1.0,5.536822638960406e-06,179150,0.9919217757697568
193,222,1,30,other,1.0,5.536822638960406e-06,179151,0.9919273125923957
193,214,1,22,other,1.0,5.536822638960406e-06,179152,0.9919328494150347
193,212,1,20,reign:Septimius-Severus,1.0,5.536822638960406e-06,179153,0.9919383862376736
-21,-19,1,3,other,1.0,5.536822638960406e-06,179154,0.9919439230603126
-21,-20,1,2,other,1.0,5.536822638960406e-06,179155,0.9919494598829516
95,105,1,11,other,1.0,5.536822638960406e-06,179156,0.9919549967055905
6,17,1,12,other,1.0,5.536822638960406e-06,179157,0.9919605335282294
5,50,1,46,other,1.0,5.536822638960406e-06,179158,0.9919660703508685
5,29,1,25,other,1.0,5.536822638960406e-06,179159,0.9919716071735074
5,25,1,21,other,1.0,5.536822638960406e-06,179160,0.9919771439961463
5,10,1,6,other,1.0,5.536822638960406e-06,179161,0.9919826808187854
5,8,1,4,other,1.0,5.536822638960406e-06,179162,0.9919882176414243
4,100,1,97,other,1.0,5.536822638960406e-06,179163,0.9919937544640632
195,199,1,5,other,1.0,5.536822638960406e-06,179164,0.9919992912867022
194,260,1,67,other,1.0,5.536822638960406e-06,179165,0.9920048281093412
194,215,1,22,other,1.0,5.536822638960406e-06,179166,0.9920103649319801
194,198,1,5,other,1.0,5.536822638960406e-06,179167,0.9920159017546191
194,197,1,4,other,1.0,5.536822638960406e-06,179168,0.9920214385772581
193,363,1,171,other,0.924,5.536822638960406e-06,179169,0.992026975399897
92,129,1,38,other,1.0,5.536822638960406e-06,179170,0.992032512222536
92,114,1,23,other,1.0,5.536822638960406e-06,179171,0.9920380490451749
92,106,1,15,other,1.0,5.536822638960406e-06,179172,0.9920435858678139
92,99,1,8,other,1.0,5.536822638960406e-06,179173,0.9920491226904529
95,102,1,8,other,1.0,5.536822638960406e-06,179174,0.9920546595130918
95,97,1,3,other,1.0,5.536822638960406e-06,179175,0.9920601963357307
93,150,1,58,other,1.0,5.536822638960406e-06,179176,0.9920657331583698
93,130,1,38,other,1.0,5.536822638960406e-06,179177,0.9920712699810087
93,108,1,16,other,1.0,5.536822638960406e-06,179178,0.9920768068036476
93,95,1,3,other,1.0,5.536822638960406e-06,179179,0.9920823436262867
195,210,1,16,other,1.0,5.536822638960406e-06,179180,0.9920878804489256
-20,1,1,22,bc_ad_boundary,1.0,5.536822638960406e-06,179181,0.9920934172715645
-20,-11,1,10,other,1.0,5.536822638960406e-06,179182,0.9920989540942035
-20,-15,1,6,other,1.0,5.536822638960406e-06,179183,0.9921044909168425
-20,-18,1,3,other,1.0,5.536822638960406e-06,179184,0.9921100277394814
-21,10,1,32,bc_ad_boundary,1.0,5.536822638960406e-06,179185,0.9921155645621204
196,260,1,65,other,1.0,5.536822638960406e-06,179186,0.9921211013847594
91,117,1,27,other,1.0,5.536822638960406e-06,179187,0.9921266382073983
91,114,1,24,other,1.0,5.536822638960406e-06,179188,0.9921321750300373
91,96,1,6,other,1.0,5.536822638960406e-06,179189,0.9921377118526762
90,200,1,111,other,1.0,5.536822638960406e-06,179190,0.9921432486753152
90,135,1,46,other,1.0,5.536822638960406e-06,179191,0.9921487854979542
196,235,1,40,other,1.0,5.536822638960406e-06,179192,0.9921543223205931
196,230,1,35,other,1.0,5.536822638960406e-06,179193,0.992159859143232
196,220,1,25,other,1.0,5.536822638960406e-06,179194,0.992165395965871
196,212,1,17,other,1.0,5.536822638960406e-06,179195,0.99217093278851
196,205,1,10,other,1.0,5.536822638960406e-06,179196,0.9921764696111489
196,201,1,6,other,1.0,5.536822638960406e-06,179197,0.992182006433788
195,363,1,169,other,0.9231,5.536822638960406e-06,179198,0.9921875432564269
195,218,1,24,other,1.0,5.536822638960406e-06,179199,0.9921930800790658
195,213,1,19,other,1.0,5.536822638960406e-06,179200,0.9921986169017047
92,170,1,79,other,1.0,5.536822638960406e-06,179201,0.9922041537243438
89,188,1,100,other,1.0,5.536822638960406e-06,179202,0.9922096905469827
89,122,1,34,other,1.0,5.536822638960406e-06,179203,0.9922152273696216
89,119,1,31,other,1.0,5.536822638960406e-06,179204,0.9922207641922607
89,114,1,26,other,1.0,5.536822638960406e-06,179205,0.9922263010148996
89,113,1,25,other,1.0,5.536822638960406e-06,179206,0.9922318378375385
89,110,1,22,other,1.0,5.536822638960406e-06,179207,0.9922373746601775
89,106,1,18,other,1.0,5.536822638960406e-06,179208,0.9922429114828165
89,97,1,9,other,1.0,5.536822638960406e-06,179209,0.9922484483054554
197,214,1,18,other,1.0,5.536822638960406e-06,179210,0.9922539851280944
197,213,1,17,other,1.0,5.536822638960406e-06,179211,0.9922595219507333
197,212,1,16,other,1.0,5.536822638960406e-06,179212,0.9922650587733723
197,203,1,7,other,1.0,5.536822638960406e-06,179213,0.9922705955960113
196,337,1,142,other,1.0,5.536822638960406e-06,179214,0.9922761324186502
196,305,1,110,other,1.0,5.536822638960406e-06,179215,0.9922816692412892
196,284,1,89,other,1.0,5.536822638960406e-06,179216,0.9922872060639282
196,272,1,77,other,1.0,5.536822638960406e-06,179217,0.9922927428865671
88,170,1,83,other,1.0,5.536822638960406e-06,179218,0.992298279709206
88,130,1,43,other,1.0,5.536822638960406e-06,179219,0.9923038165318451
88,120,1,33,other,1.0,5.536822638960406e-06,179220,0.992309353354484
88,100,1,13,other,1.0,5.536822638960406e-06,179221,0.9923148901771229
88,91,1,4,other,1.0,5.536822638960406e-06,179222,0.9923204269997619
87,114,1,28,other,1.0,5.536822638960406e-06,179223,0.9923259638224009
87,100,1,14,other,1.0,5.536822638960406e-06,179224,0.9923315006450398
197,378,1,182,other,0.8462,5.536822638960406e-06,179225,0.9923370374676788
197,367,1,171,other,0.9006,5.536822638960406e-06,179226,0.9923425742903178
197,340,1,144,other,1.0,5.536822638960406e-06,179227,0.9923481111129567
197,335,1,139,other,1.0,5.536822638960406e-06,179228,0.9923536479355957
197,268,1,72,other,1.0,5.536822638960406e-06,179229,0.9923591847582346
197,249,1,53,other,1.0,5.536822638960406e-06,179230,0.9923647215808736
197,235,1,39,other,1.0,5.536822638960406e-06,179231,0.9923702584035126
197,231,1,35,other,1.0,5.536822638960406e-06,179232,0.9923757952261515
197,230,1,34,other,1.0,5.536822638960406e-06,179233,0.9923813320487905
-22,-1,1,22,other,1.0,5.536822638960406e-06,179234,0.9923868688714295
-22,-12,1,11,other,1.0,5.536822638960406e-06,179235,0.9923924056940684
-23,98,1,122,bc_ad_boundary,1.0,5.536822638960406e-06,179236,0.9923979425167073
-23,44,1,68,bc_ad_boundary,1.0,5.536822638960406e-06,179237,0.9924034793393464
-23,-2,1,22,other,1.0,5.536822638960406e-06,179238,0.9924090161619853
-23,-18,1,6,other,1.0,5.536822638960406e-06,179239,0.9924145529846242
-23,-21,1,3,other,1.0,5.536822638960406e-06,179240,0.9924200898072632
198,290,1,93,other,1.0,5.536822638960406e-06,179241,0.9924256266299022
198,270,1,73,other,1.0,5.536822638960406e-06,179242,0.9924311634525411
198,255,1,58,other,1.0,5.536822638960406e-06,179243,0.99243670027518
198,250,1,53,other,1.0,5.536822638960406e-06,179244,0.9924422370978191
198,221,1,24,other,1.0,5.536822638960406e-06,179245,0.992447773920458
198,207,1,10,other,1.0,5.536822638960406e-06,179246,0.992453310743097
198,206,1,9,other,1.0,5.536822638960406e-06,179247,0.9924588475657359
89,92,1,4,other,1.0,5.536822638960406e-06,179248,0.9924643843883749
89,91,1,3,other,1.0,5.536822638960406e-06,179249,0.9924699212110139
199,201,1,3,other,1.0,5.536822638960406e-06,179250,0.9924754580336528
198,383,1,186,other,0.8226,5.536822638960406e-06,179251,0.9924809948562918
198,364,1,167,other,0.9162,5.536822638960406e-06,179252,0.9924865316789308
87,90,1,4,other,1.0,5.536822638960406e-06,179253,0.9924920685015697
87,88,1,2,other,1.0,5.536822638960406e-06,179254,0.9924976053242086
86,260,1,175,other,1.0,5.536822638960406e-06,179255,0.9925031421468477
86,125,1,40,other,1.0,5.536822638960406e-06,179256,0.9925086789694866
86,120,1,35,other,1.0,5.536822638960406e-06,179257,0.9925142157921255
86,116,1,31,other,1.0,5.536822638960406e-06,179258,0.9925197526147644
86,95,1,10,other,1.0,5.536822638960406e-06,179259,0.9925252894374035
86,91,1,6,other,1.0,5.536822638960406e-06,179260,0.9925308262600424
85,410,1,326,other,0.816,5.536822638960406e-06,179261,0.9925363630826813
85,400,1,316,other,0.8418,5.536822638960406e-06,179262,0.9925418999053204
198,350,1,153,other,1.0,5.536822638960406e-06,179263,0.9925474367279593
198,335,1,138,other,1.0,5.536822638960406e-06,179264,0.9925529735505982
-22,100,1,123,bc_ad_boundary,1.0,5.536822638960406e-06,179265,0.9925585103732372
85,199,1,115,other,1.0,5.536822638960406e-06,179266,0.9925640471958762
7,33,1,27,other,1.0,5.536822638960406e-06,179267,0.9925695840185151
7,11,1,5,other,1.0,5.536822638960406e-06,179268,0.9925751208411541
6,98,1,93,other,1.0,5.536822638960406e-06,179269,0.9925806576637931
6,96,1,91,other,1.0,5.536822638960406e-06,179270,0.992586194486432
6,74,1,69,other,1.0,5.536822638960406e-06,179271,0.992591731309071
6,69,1,64,other,1.0,5.536822638960406e-06,179272,0.9925972681317099
6,50,1,45,other,1.0,5.536822638960406e-06,179273,0.9926028049543489
6,42,1,37,other,1.0,5.536822638960406e-06,179274,0.9926083417769879
200,204,1,5,other,1.0,5.536822638960406e-06,179275,0.9926138785996268
200,203,1,4,other,1.0,5.536822638960406e-06,179276,0.9926194154222657
200,202,1,3,other,1.0,5.536822638960406e-06,179277,0.9926249522449048
199,233,1,35,other,1.0,5.536822638960406e-06,179278,0.9926304890675437
199,230,1,32,other,1.0,5.536822638960406e-06,179279,0.9926360258901826
199,217,1,19,other,1.0,5.536822638960406e-06,179280,0.9926415627128217
199,211,1,13,other,1.0,5.536822638960406e-06,179281,0.9926470995354606
201,223,1,23,other,1.0,5.536822638960406e-06,179282,0.9926526363580995
201,221,1,21,other,1.0,5.536822638960406e-06,179283,0.9926581731807385
6,41,1,36,other,1.0,5.536822638960406e-06,179284,0.9926637100033775
6,29,1,24,other,1.0,5.536822638960406e-06,179285,0.9926692468260164
85,100,1,16,other,1.0,5.536822638960406e-06,179286,0.9926747836486554
85,95,1,11,other,1.0,5.536822638960406e-06,179287,0.9926803204712944
85,94,1,10,other,1.0,5.536822638960406e-06,179288,0.9926858572939333
85,90,1,6,other,1.0,5.536822638960406e-06,179289,0.9926913941165723
85,87,1,3,other,1.0,5.536822638960406e-06,179290,0.9926969309392112
201,212,1,12,other,1.0,5.536822638960406e-06,179291,0.9927024677618502
200,220,1,21,other,1.0,5.536822638960406e-06,179292,0.9927080045844892
200,217,1,18,other,1.0,5.536822638960406e-06,179293,0.9927135414071281
200,214,1,15,other,1.0,5.536822638960406e-06,179294,0.992719078229767
200,213,1,14,other,1.0,5.536822638960406e-06,179295,0.9927246150524061
200,212,1,13,other,1.0,5.536822638960406e-06,179296,0.992730151875045
85,238,1,154,other,1.0,5.536822638960406e-06,179297,0.9927356886976839
-89,-44,1,46,other,0.1522,5.536822638960406e-06,179298,0.992741225520323
-90,25,1,116,bc_ad_boundary,0.6552,5.536822638960406e-06,179299,0.9927467623429619
-90,14,1,105,bc_ad_boundary,0.619,5.536822638960406e-06,179300,0.9927522991656008
-90,-42,1,49,other,0.1837,5.536822638960406e-06,179301,0.9927578359882397
-90,-44,1,47,other,0.1489,5.536822638960406e-06,179302,0.9927633728108788
-99,100,1,200,multi_century,0.755,5.536822638960406e-06,179303,0.9927689096335177
-99,-1,1,99,other,0.5051,5.536822638960406e-06,179304,0.9927744464561566
-99,-44,1,56,other,0.125,5.536822638960406e-06,179305,0.9927799832787957
-100,250,1,351,bc_ad_boundary,0.8575,5.536822638960406e-06,179306,0.9927855201014346
-100,79,1,180,bc_ad_boundary,0.7222,5.536822638960406e-06,179307,0.9927910569240735
201,283,1,83,other,1.0,5.536822638960406e-06,179308,0.9927965937467125
201,254,1,54,other,1.0,5.536822638960406e-06,179309,0.9928021305693515
201,251,1,51,other,1.0,5.536822638960406e-06,179310,0.9928076673919904
201,245,1,45,other,1.0,5.536822638960406e-06,179311,0.9928132042146294
201,240,1,40,other,1.0,5.536822638960406e-06,179312,0.9928187410372683
201,234,1,34,other,1.0,5.536822638960406e-06,179313,0.9928242778599073
201,337,1,137,other,1.0,5.536822638960406e-06,179314,0.9928298146825463
201,324,1,124,other,1.0,5.536822638960406e-06,179315,0.9928353515051852
83,250,1,168,other,1.0,5.536822638960406e-06,179316,0.9928408883278242
83,200,1,118,other,1.0,5.536822638960406e-06,179317,0.9928464251504632
83,170,1,88,other,1.0,5.536822638960406e-06,179318,0.9928519619731021
83,165,1,83,other,1.0,5.536822638960406e-06,179319,0.992857498795741
83,160,1,78,other,1.0,5.536822638960406e-06,179320,0.9928630356183801
83,130,1,48,other,1.0,5.536822638960406e-06,179321,0.992868572441019
83,117,1,35,other,1.0,5.536822638960406e-06,179322,0.9928741092636579
83,116,1,34,other,1.0,5.536822638960406e-06,179323,0.9928796460862969
83,101,1,19,other,1.0,5.536822638960406e-06,179324,0.9928851829089359
83,100,1,18,other,1.0,5.536822638960406e-06,179325,0.9928907197315748
83,91,1,9,other,1.0,5.536822638960406e-06,179326,0.9928962565542138
83,84,1,2,other,1.0,5.536822638960406e-06,179327,0.9929017933768528
201,293,1,93,other,1.0,5.536822638960406e-06,179328,0.9929073301994917
201,290,1,90,other,1.0,5.536822638960406e-06,179329,0.9929128670221307
82,150,1,69,other,1.0,5.536822638960406e-06,179330,0.9929184038447696
82,112,1,31,other,1.0,5.536822638960406e-06,179331,0.9929239406674086
82,100,1,19,other,1.0,5.536822638960406e-06,179332,0.9929294774900476
81,400,1,320,other,0.8438,5.536822638960406e-06,179333,0.9929350143126865
81,300,1,220,other,1.0,5.536822638960406e-06,179334,0.9929405511353255
81,217,1,137,other,1.0,5.536822638960406e-06,179335,0.9929460879579645
81,177,1,97,other,1.0,5.536822638960406e-06,179336,0.9929516247806034
201,630,1,430,other,0.3488,5.536822638960406e-06,179337,0.9929571616032423
201,560,1,360,other,0.4167,5.536822638960406e-06,179338,0.9929626984258814
201,455,1,255,other,0.5882,5.536822638960406e-06,179339,0.9929682352485203
201,425,1,225,other,0.6667,5.536822638960406e-06,179340,0.9929737720711592
201,410,1,210,other,0.7143,5.536822638960406e-06,179341,0.9929793088937982
201,397,1,197,other,0.7614,5.536822638960406e-06,179342,0.9929848457164372
201,392,1,192,other,0.7812,5.536822638960406e-06,179343,0.9929903825390761
201,370,1,170,other,0.8824,5.536822638960406e-06,179344,0.992995919361715
201,367,1,167,other,0.8982,5.536822638960406e-06,179345,0.9930014561843541
81,97,1,17,reign:Domitianic,1.0,5.536822638960406e-06,179346,0.993006993006993
81,94,1,14,other,1.0,5.536822638960406e-06,179347,0.993012529829632
81,86,1,6,other,1.0,5.536822638960406e-06,179348,0.9930180666522709
81,84,1,4,other,1.0,5.536822638960406e-06,179349,0.9930236034749099
80,170,1,91,other,1.0,5.536822638960406e-06,179350,0.9930291402975489
202,207,1,6,other,1.0,5.536822638960406e-06,179351,0.9930346771201878
202,206,1,5,other,1.0,5.536822638960406e-06,179352,0.9930402139428268
-24,14,1,39,bc_ad_boundary,1.0,5.536822638960406e-06,179353,0.9930457507654658
-25,75,1,101,bc_ad_boundary,1.0,5.536822638960406e-06,179354,0.9930512875881047
-25,20,1,46,bc_ad_boundary,1.0,5.536822638960406e-06,179355,0.9930568244107436
-25,10,1,36,bc_ad_boundary,1.0,5.536822638960406e-06,179356,0.9930623612333827
-25,-14,1,12,other,1.0,5.536822638960406e-06,179357,0.9930678980560216
-25,-21,1,5,other,1.0,5.536822638960406e-06,179358,0.9930734348786605
-25,-23,1,3,other,1.0,5.536822638960406e-06,179359,0.9930789717012994
82,367,1,286,other,0.9406,5.536822638960406e-06,179360,0.9930845085239385
82,200,1,119,other,1.0,5.536822638960406e-06,179361,0.9930900453465774
204,210,1,7,other,1.0,5.536822638960406e-06,179362,0.9930955821692163
204,206,1,3,other,1.0,5.536822638960406e-06,179363,0.9931011189918554
203,268,1,66,other,1.0,5.536822638960406e-06,179364,0.9931066558144943
203,263,1,61,other,1.0,5.536822638960406e-06,179365,0.9931121926371332
203,235,1,33,other,1.0,5.536822638960406e-06,179366,0.9931177294597722
203,230,1,28,other,1.0,5.536822638960406e-06,179367,0.9931232662824112
203,207,1,5,other,1.0,5.536822638960406e-06,179368,0.9931288031050501
202,335,1,134,other,1.0,5.536822638960406e-06,179369,0.9931343399276891
202,293,1,92,other,1.0,5.536822638960406e-06,179370,0.9931398767503281
202,286,1,85,other,1.0,5.536822638960406e-06,179371,0.993145413572967
202,284,1,83,other,1.0,5.536822638960406e-06,179372,0.993150950395606
202,212,1,11,other,1.0,5.536822638960406e-06,179373,0.9931564872182449
202,211,1,10,other,1.0,5.536822638960406e-06,179374,0.9931620240408839
81,126,1,46,other,1.0,5.536822638960406e-06,179375,0.9931675608635229
81,101,1,21,other,1.0,5.536822638960406e-06,179376,0.9931730976861618
81,98,1,18,other,1.0,5.536822638960406e-06,179377,0.9931786345088007
206,211,1,6,other,1.0,5.536822638960406e-06,179378,0.9931841713314398
206,210,1,5,other,1.0,5.536822638960406e-06,179379,0.9931897081540787
205,467,1,263,other,0.5551,5.536822638960406e-06,179380,0.9931952449767176
80,140,1,61,other,1.0,5.536822638960406e-06,179381,0.9932007817993567
9,57,1,49,other,1.0,5.536822638960406e-06,179382,0.9932063186219956
9,43,1,35,other,1.0,5.536822638960406e-06,179383,0.9932118554446345
9,41,1,33,other,1.0,5.536822638960406e-06,179384,0.9932173922672735
9,39,1,31,other,1.0,5.536822638960406e-06,179385,0.9932229290899125
9,30,1,22,other,1.0,5.536822638960406e-06,179386,0.9932284659125514
9,23,1,15,other,1.0,5.536822638960406e-06,179387,0.9932340027351904
9,14,1,6,other,1.0,5.536822638960406e-06,179388,0.9932395395578294
9,12,1,4,other,1.0,5.536822638960406e-06,179389,0.9932450763804683
205,236,1,32,other,1.0,5.536822638960406e-06,179390,0.9932506132031073
205,218,1,14,other,1.0,5.536822638960406e-06,179391,0.9932561500257462
205,217,1,13,other,1.0,5.536822638960406e-06,179392,0.9932616868483852
204,249,1,46,other,1.0,5.536822638960406e-06,179393,0.9932672236710242
210,213,1,4,other,1.0,5.536822638960406e-06,179394,0.9932727604936631
209,395,1,187,other,0.7594,5.536822638960406e-06,179395,0.993278297316302
209,300,1,92,other,1.0,5.536822638960406e-06,179396,0.9932838341389411
209,238,1,30,other,1.0,5.536822638960406e-06,179397,0.99328937096158
209,222,1,14,other,1.0,5.536822638960406e-06,179398,0.9932949077842189
208,600,1,393,other,0.3639,5.536822638960406e-06,179399,0.993300444606858
208,213,1,6,other,1.0,5.536822638960406e-06,179400,0.9933059814294969
207,327,1,121,other,1.0,5.536822638960406e-06,179401,0.9933115182521358
207,220,1,14,other,1.0,5.536822638960406e-06,179402,0.9933170550747747
207,211,1,5,other,1.0,5.536822638960406e-06,179403,0.9933225918974138
207,209,1,3,other,1.0,5.536822638960406e-06,179404,0.9933281287200527
206,263,1,58,other,1.0,5.536822638960406e-06,179405,0.9933336655426916
206,250,1,45,other,1.0,5.536822638960406e-06,179406,0.9933392023653307
206,235,1,30,other,1.0,5.536822638960406e-06,179407,0.9933447391879696
206,220,1,15,other,1.0,5.536822638960406e-06,179408,0.9933502760106085
206,215,1,10,other,1.0,5.536822638960406e-06,179409,0.9933558128332475
211,240,1,30,other,1.0,5.536822638960406e-06,179410,0.9933613496558865
211,225,1,15,other,1.0,5.536822638960406e-06,179411,0.9933668864785254
211,223,1,13,other,1.0,5.536822638960406e-06,179412,0.9933724233011644
8,13,1,6,other,1.0,5.536822638960406e-06,179413,0.9933779601238033
80,125,1,46,other,1.0,5.536822638960406e-06,179414,0.9933834969464423
80,117,1,38,other,1.0,5.536822638960406e-06,179415,0.9933890337690813
80,114,1,35,other,1.0,5.536822638960406e-06,179416,0.9933945705917202
80,110,1,31,other,1.0,5.536822638960406e-06,179417,0.9934001074143592
80,98,1,19,other,1.0,5.536822638960406e-06,179418,0.9934056442369982
80,84,1,5,other,1.0,5.536822638960406e-06,179419,0.9934111810596371
80,83,1,4,other,1.0,5.536822638960406e-06,179420,0.993416717882276
211,214,1,4,other,1.0,5.536822638960406e-06,179421,0.9934222547049151
210,375,1,166,other,0.8494,5.536822638960406e-06,179422,0.993427791527554
210,300,1,91,other,1.0,5.536822638960406e-06,179423,0.9934333283501929
210,260,1,51,other,1.0,5.536822638960406e-06,179424,0.9934388651728319
210,230,1,21,other,1.0,5.536822638960406e-06,179425,0.9934444019954709
-27,209,1,237,bc_ad_boundary,1.0,5.536822638960406e-06,179426,0.9934499388181098
79,375,1,297,other,0.9158,5.536822638960406e-06,179427,0.9934554756407488
79,250,1,172,other,1.0,5.536822638960406e-06,179428,0.9934610124633878
79,209,1,131,other,1.0,5.536822638960406e-06,179429,0.9934665492860267
79,130,1,52,other,1.0,5.536822638960406e-06,179430,0.9934720861086657
79,95,1,17,other,1.0,5.536822638960406e-06,179431,0.9934776229313046
79,91,1,13,other,1.0,5.536822638960406e-06,179432,0.9934831597539436
79,89,1,11,other,1.0,5.536822638960406e-06,179433,0.9934886965765826
78,150,1,73,other,1.0,5.536822638960406e-06,179434,0.9934942333992215
78,119,1,42,other,1.0,5.536822638960406e-06,179435,0.9934997702218605
-27,180,1,208,bc_ad_boundary,1.0,5.536822638960406e-06,179436,0.9935053070444995
-27,130,1,158,bc_ad_boundary,1.0,5.536822638960406e-06,179437,0.9935108438671384
-27,120,1,148,bc_ad_boundary,1.0,5.536822638960406e-06,179438,0.9935163806897773
211,268,1,58,other,1.0,5.536822638960406e-06,179439,0.9935219175124164
211,256,1,46,other,1.0,5.536822638960406e-06,179440,0.9935274543350553
211,248,1,38,other,1.0,5.536822638960406e-06,179441,0.9935329911576942
212,400,1,189,other,0.7354,5.536822638960406e-06,179442,0.9935385279803332
212,305,1,94,other,1.0,5.536822638960406e-06,179443,0.9935440648029722
212,301,1,90,other,1.0,5.536822638960406e-06,179444,0.9935496016256111
212,299,1,88,other,1.0,5.536822638960406e-06,179445,0.99355513844825
212,253,1,42,other,1.0,5.536822638960406e-06,179446,0.9935606752708891
212,238,1,27,other,1.0,5.536822638960406e-06,179447,0.993566212093528
212,223,1,12,other,1.0,5.536822638960406e-06,179448,0.993571748916167
212,220,1,9,other,1.0,5.536822638960406e-06,179449,0.9935772857388059
211,310,1,100,other,1.0,5.536822638960406e-06,179450,0.9935828225614449
211,293,1,83,other,1.0,5.536822638960406e-06,179451,0.9935883593840839
-26,100,1,127,bc_ad_boundary,1.0,5.536822638960406e-06,179452,0.9935938962067228
-26,68,1,95,bc_ad_boundary,1.0,5.536822638960406e-06,179453,0.9935994330293618
-26,-10,1,17,other,1.0,5.536822638960406e-06,179454,0.9936049698520008
-27,600,1,628,bc_ad_boundary,0.6019,5.536822638960406e-06,179455,0.9936105066746397
-27,400,1,428,bc_ad_boundary,0.8832,5.536822638960406e-06,179456,0.9936160434972786
-27,235,1,263,bc_ad_boundary,1.0,5.536822638960406e-06,179457,0.9936215803199177
213,229,1,17,other,1.0,5.536822638960406e-06,179458,0.9936271171425566
213,227,1,15,other,1.0,5.536822638960406e-06,179459,0.9936326539651955
78,110,1,33,other,1.0,5.536822638960406e-06,179460,0.9936381907878344
78,81,1,4,other,1.0,5.536822638960406e-06,179461,0.9936437276104735
78,80,1,3,other,1.0,5.536822638960406e-06,179462,0.9936492644331124
77,209,1,133,other,1.0,5.536822638960406e-06,179463,0.9936548012557513
77,100,1,24,other,1.0,5.536822638960406e-06,179464,0.9936603380783904
77,82,1,6,other,1.0,5.536822638960406e-06,179465,0.9936658749010293
77,80,1,4,other,1.0,5.536822638960406e-06,179466,0.9936714117236682
76,130,1,55,other,1.0,5.536822638960406e-06,179467,0.9936769485463072
76,81,1,6,other,1.0,5.536822638960406e-06,179468,0.9936824853689462
75,400,1,326,other,0.8466,5.536822638960406e-06,179469,0.9936880221915851
75,130,1,56,other,1.0,5.536822638960406e-06,179470,0.9936935590142241
213,221,1,9,other,1.0,5.536822638960406e-06,179471,0.9936990958368631
213,220,1,8,other,1.0,5.536822638960406e-06,179472,0.993704632659502
213,215,1,3,other,1.0,5.536822638960406e-06,179473,0.993710169482141
-27,40,1,68,bc_ad_boundary,1.0,5.536822638960406e-06,179474,0.9937157063047799
-27,36,1,64,bc_ad_boundary,1.0,5.536822638960406e-06,179475,0.9937212431274189
214,326,1,113,other,1.0,5.536822638960406e-06,179476,0.9937267799500579
75,125,1,51,other,1.0,5.536822638960406e-06,179477,0.9937323167726968
10,42,1,33,other,1.0,5.536822638960406e-06,179478,0.9937378535953357
10,41,1,32,other,1.0,5.536822638960406e-06,179479,0.9937433904179748
10,17,1,8,other,1.0,5.536822638960406e-06,179480,0.9937489272406137
10,16,1,7,other,1.0,5.536822638960406e-06,179481,0.9937544640632526
10,15,1,6,other,1.0,5.536822638960406e-06,179482,0.9937600008858917
9,253,1,245,other,1.0,5.536822638960406e-06,179483,0.9937655377085306
9,200,1,192,other,1.0,5.536822638960406e-06,179484,0.9937710745311695
214,300,1,87,other,1.0,5.536822638960406e-06,179485,0.9937766113538085
214,292,1,79,other,1.0,5.536822638960406e-06,179486,0.9937821481764475
214,240,1,27,other,1.0,5.536822638960406e-06,179487,0.9937876849990864
213,249,1,37,other,1.0,5.536822638960406e-06,179488,0.9937932218217254
213,241,1,29,other,1.0,5.536822638960406e-06,179489,0.9937987586443644
217,246,1,30,other,1.0,5.536822638960406e-06,179490,0.9938042954670033
217,238,1,22,other,1.0,5.536822638960406e-06,179491,0.9938098322896423
217,223,1,7,other,1.0,5.536822638960406e-06,179492,0.9938153691122812
217,222,1,6,other,1.0,5.536822638960406e-06,179493,0.9938209059349202
217,221,1,5,other,1.0,5.536822638960406e-06,179494,0.9938264427575592
216,270,1,55,other,1.0,5.536822638960406e-06,179495,0.9938319795801981
216,230,1,15,other,1.0,5.536822638960406e-06,179496,0.993837516402837
216,225,1,10,other,1.0,5.536822638960406e-06,179497,0.9938430532254761
216,219,1,4,other,1.0,5.536822638960406e-06,179498,0.993848590048115
215,231,1,17,other,1.0,5.536822638960406e-06,179499,0.9938541268707539
215,221,1,7,other,1.0,5.536822638960406e-06,179500,0.993859663693393
215,218,1,4,other,1.0,5.536822638960406e-06,179501,0.9938652005160319
-27,98,1,126,bc_ad_boundary,1.0,5.536822638960406e-06,179502,0.9938707373386708
-27,64,1,92,bc_ad_boundary,1.0,5.536822638960406e-06,179503,0.9938762741613097
-27,51,1,79,bc_ad_boundary,1.0,5.536822638960406e-06,179504,0.9938818109839488
-27,44,1,72,bc_ad_boundary,1.0,5.536822638960406e-06,179505,0.9938873478065877
217,311,1,95,other,1.0,5.536822638960406e-06,179506,0.9938928846292266
217,305,1,89,other,1.0,5.536822638960406e-06,179507,0.9938984214518657
75,114,1,40,other,1.0,5.536822638960406e-06,179508,0.9939039582745046
75,112,1,38,other,1.0,5.536822638960406e-06,179509,0.9939094950971435
75,101,1,27,other,1.0,5.536822638960406e-06,179510,0.9939150319197825
75,100,1,26,other,1.0,5.536822638960406e-06,179511,0.9939205687424215
75,80,1,6,other,1.0,5.536822638960406e-06,179512,0.9939261055650604
75,78,1,4,other,1.0,5.536822638960406e-06,179513,0.9939316423876994
74,111,1,38,other,1.0,5.536822638960406e-06,179514,0.9939371792103383
74,100,1,27,other,1.0,5.536822638960406e-06,179515,0.9939427160329773
74,92,1,19,other,1.0,5.536822638960406e-06,179516,0.9939482528556163
74,82,1,9,other,1.0,5.536822638960406e-06,179517,0.9939537896782552
74,78,1,5,other,1.0,5.536822638960406e-06,179518,0.9939593265008942
74,75,1,2,other,1.0,5.536822638960406e-06,179519,0.9939648633235332
217,283,1,67,other,1.0,5.536822638960406e-06,179520,0.9939704001461721
217,253,1,37,other,1.0,5.536822638960406e-06,179521,0.993975936968811
73,85,1,13,other,1.0,5.536822638960406e-06,179522,0.9939814737914501
73,81,1,9,other,1.0,5.536822638960406e-06,179523,0.993987010614089
72,151,1,80,other,1.0,5.536822638960406e-06,179524,0.9939925474367279
72,102,1,31,other,1.0,5.536822638960406e-06,179525,0.9939980842593669
72,100,1,29,other,1.0,5.536822638960406e-06,179526,0.9940036210820059
72,85,1,14,other,1.0,5.536822638960406e-06,179527,0.9940091579046448
218,300,1,83,other,1.0,5.536822638960406e-06,179528,0.9940146947272838
218,282,1,65,other,1.0,5.536822638960406e-06,179529,0.9940202315499228
218,270,1,53,other,1.0,5.536822638960406e-06,179530,0.9940257683725617
218,240,1,23,other,1.0,5.536822638960406e-06,179531,0.9940313051952007
218,233,1,16,other,1.0,5.536822638960406e-06,179532,0.9940368420178396
218,226,1,9,other,1.0,5.536822638960406e-06,179533,0.9940423788404786
218,223,1,6,other,1.0,5.536822638960406e-06,179534,0.9940479156631176
218,221,1,4,other,1.0,5.536822638960406e-06,179535,0.9940534524857565
218,219,1,2,other,1.0,5.536822638960406e-06,179536,0.9940589893083955
217,324,1,108,other,1.0,5.536822638960406e-06,179537,0.9940645261310345
-27,-8,1,20,other,1.0,5.536822638960406e-06,179538,0.9940700629536734
-27,-10,1,18,other,1.0,5.536822638960406e-06,179539,0.9940755997763123
-27,-13,1,15,other,1.0,5.536822638960406e-06,179540,0.9940811365989514
-27,-14,1,14,other,1.0,5.536822638960406e-06,179541,0.9940866734215903
-27,-18,1,10,other,1.0,5.536822638960406e-06,179542,0.9940922102442292
221,229,1,9,other,1.0,5.536822638960406e-06,179543,0.9940977470668682
220,310,1,91,other,1.0,5.536822638960406e-06,179544,0.9941032838895072
220,260,1,41,other,1.0,5.536822638960406e-06,179545,0.9941088207121461
220,224,1,5,other,1.0,5.536822638960406e-06,179546,0.994114357534785
219,335,1,117,other,1.0,5.536822638960406e-06,179547,0.9941198943574241
219,325,1,107,other,1.0,5.536822638960406e-06,179548,0.994125431180063
219,270,1,52,other,1.0,5.536822638960406e-06,179549,0.994130968002702
219,250,1,32,other,1.0,5.536822638960406e-06,179550,0.9941365048253409
218,391,1,174,other,0.7644,5.536822638960406e-06,179551,0.9941420416479799
218,305,1,88,other,1.0,5.536822638960406e-06,179552,0.9941475784706189
73,96,1,24,other,1.0,5.536822638960406e-06,179553,0.9941531152932578
221,280,1,60,other,1.0,5.536822638960406e-06,179554,0.9941586521158968
221,260,1,40,other,1.0,5.536822638960406e-06,179555,0.9941641889385358
221,246,1,26,other,1.0,5.536822638960406e-06,179556,0.9941697257611747
71,221,1,151,other,1.0,5.536822638960406e-06,179557,0.9941752625838136
11,14,1,4,other,1.0,5.536822638960406e-06,179558,0.9941807994064527
11,13,1,3,other,1.0,5.536822638960406e-06,179559,0.9941863362290916
10,300,1,291,other,1.0,5.536822638960406e-06,179560,0.9941918730517305
10,150,1,141,other,1.0,5.536822638960406e-06,179561,0.9941974098743694
10,144,1,135,other,1.0,5.536822638960406e-06,179562,0.9942029466970085
10,100,1,91,other,1.0,5.536822638960406e-06,179563,0.9942084835196474
10,70,1,61,other,1.0,5.536822638960406e-06,179564,0.9942140203422863
10,69,1,60,other,1.0,5.536822638960406e-06,179565,0.9942195571649254
-27,29,1,57,bc_ad_boundary,1.0,5.536822638960406e-06,179566,0.9942250939875643
-27,25,1,53,bc_ad_boundary,1.0,5.536822638960406e-06,179567,0.9942306308102032
-27,15,1,43,reign:Augustan,1.0,5.536822638960406e-06,179568,0.9942361676328422
-27,1,1,29,bc_ad_boundary,1.0,5.536822638960406e-06,179569,0.9942417044554812
-55,-43,1,13,other,0.6154,5.536822638960406e-06,179570,0.9942472412781201
-56,-50,1,7,other,0.1429,5.536822638960406e-06,179571,0.9942527781007591
-58,-21,1,38,other,0.7895,5.536822638960406e-06,179572,0.9942583149233981
-58,-27,1,32,other,0.75,5.536822638960406e-06,179573,0.994263851746037
-58,-39,1,20,other,0.6,5.536822638960406e-06,179574,0.994269388568676
-59,100,1,160,bc_ad_boundary,0.9437,5.536822638960406e-06,179575,0.9942749253913149
-59,14,1,74,bc_ad_boundary,0.8784,5.536822638960406e-06,179576,0.9942804622139539
-59,-30,1,30,other,0.7,5.536822638960406e-06,179577,0.9942859990365929
-60,300,1,361,bc_ad_boundary,0.9723,5.536822638960406e-06,179578,0.9942915358592318
-100,27,1,128,bc_ad_boundary,0.6094,5.536822638960406e-06,179579,0.9942970726818707
-100,25,1,126,bc_ad_boundary,0.6032,5.536822638960406e-06,179580,0.9943026095045098
-100,20,1,121,bc_ad_boundary,0.5868,5.536822638960406e-06,179581,0.9943081463271487
-100,-14,1,87,other,0.4253,5.536822638960406e-06,179582,0.9943136831497876
-100,-21,1,80,other,0.375,5.536822638960406e-06,179583,0.9943192199724267
221,376,1,156,other,0.8333,5.536822638960406e-06,179584,0.9943247567950656
221,283,1,63,other,1.0,5.536822638960406e-06,179585,0.9943302936177045
223,232,1,10,other,1.0,5.536822638960406e-06,179586,0.9943358304403435
-60,50,1,111,bc_ad_boundary,0.9099,5.536822638960406e-06,179587,0.9943413672629825
71,139,1,69,other,1.0,5.536822638960406e-06,179588,0.9943469040856214
71,136,1,66,other,1.0,5.536822638960406e-06,179589,0.9943524409082604
71,134,1,64,other,1.0,5.536822638960406e-06,179590,0.9943579777308994
71,117,1,47,other,1.0,5.536822638960406e-06,179591,0.9943635145535383
71,109,1,39,other,1.0,5.536822638960406e-06,179592,0.9943690513761773
71,107,1,37,other,1.0,5.536822638960406e-06,179593,0.9943745881988162
223,227,1,5,other,1.0,5.536822638960406e-06,179594,0.9943801250214552
223,226,1,4,other,1.0,5.536822638960406e-06,179595,0.9943856618440942
222,275,1,54,other,1.0,5.536822638960406e-06,179596,0.9943911986667331
222,244,1,23,other,1.0,5.536822638960406e-06,179597,0.994396735489372
222,231,1,10,other,1.0,5.536822638960406e-06,179598,0.9944022723120111
222,227,1,6,other,1.0,5.536822638960406e-06,179599,0.99440780913465
10,65,1,56,other,1.0,5.536822638960406e-06,179600,0.9944133459572889
71,151,1,81,other,1.0,5.536822638960406e-06,179601,0.994418882779928
226,234,1,9,other,1.0,5.536822638960406e-06,179602,0.9944244196025669
226,231,1,6,other,1.0,5.536822638960406e-06,179603,0.9944299564252058
71,101,1,31,other,1.0,5.536822638960406e-06,179604,0.9944354932478447
71,95,1,25,other,1.0,5.536822638960406e-06,179605,0.9944410300704838
71,92,1,22,other,1.0,5.536822638960406e-06,179606,0.9944465668931227
71,85,1,15,other,1.0,5.536822638960406e-06,179607,0.9944521037157616
70,330,1,261,other,1.0,5.536822638960406e-06,179608,0.9944576405384006
70,250,1,181,other,1.0,5.536822638960406e-06,179609,0.9944631773610396
226,230,1,5,other,1.0,5.536822638960406e-06,179610,0.9944687141836785
226,228,1,3,other,1.0,5.536822638960406e-06,179611,0.9944742510063175
225,300,1,76,other,1.0,5.536822638960406e-06,179612,0.9944797878289565
225,266,1,42,other,1.0,5.536822638960406e-06,179613,0.9944853246515954
225,260,1,36,other,1.0,5.536822638960406e-06,179614,0.9944908614742344
225,235,1,11,other,1.0,5.536822638960406e-06,179615,0.9944963982968733
223,270,1,48,other,1.0,5.536822638960406e-06,179616,0.9945019351195123
223,234,1,12,other,1.0,5.536822638960406e-06,179617,0.9945074719421513
70,117,1,48,other,1.0,5.536822638960406e-06,179618,0.9945130087647902
70,104,1,35,other,1.0,5.536822638960406e-06,179619,0.9945185455874292
70,102,1,33,other,1.0,5.536822638960406e-06,179620,0.9945240824100682
70,81,1,12,other,1.0,5.536822638960406e-06,179621,0.9945296192327071
70,78,1,9,reign:Vespasianic,1.0,5.536822638960406e-06,179622,0.994535156055346
70,77,1,8,other,1.0,5.536822638960406e-06,179623,0.9945406928779851
70,76,1,7,other,1.0,5.536822638960406e-06,179624,0.994546229700624
227,253,1,27,other,1.0,5.536822638960406e-06,179625,0.9945517665232629
227,235,1,9,other,1.0,5.536822638960406e-06,179626,0.9945573033459019
227,228,1,2,other,1.0,5.536822638960406e-06,179627,0.9945628401685409
226,400,1,175,other,0.7143,5.536822638960406e-06,179628,0.9945683769911798
226,375,1,150,other,0.8333,5.536822638960406e-06,179629,0.9945739138138188
226,350,1,125,other,1.0,5.536822638960406e-06,179630,0.9945794506364578
226,305,1,80,other,1.0,5.536822638960406e-06,179631,0.9945849874590967
226,270,1,45,other,1.0,5.536822638960406e-06,179632,0.9945905242817357
226,240,1,15,other,1.0,5.536822638960406e-06,179633,0.9945960611043746
11,80,1,70,other,1.0,5.536822638960406e-06,179634,0.9946015979270136
11,79,1,69,other,1.0,5.536822638960406e-06,179635,0.9946071347496526
11,70,1,60,other,1.0,5.536822638960406e-06,179636,0.9946126715722915
11,60,1,50,other,1.0,5.536822638960406e-06,179637,0.9946182083949305
11,53,1,43,other,1.0,5.536822638960406e-06,179638,0.9946237452175695
11,40,1,30,other,1.0,5.536822638960406e-06,179639,0.9946292820402084
11,23,1,13,other,1.0,5.536822638960406e-06,179640,0.9946348188628473
228,229,1,2,other,1.0,5.536822638960406e-06,179641,0.9946403556854864
227,333,1,107,other,1.0,5.536822638960406e-06,179642,0.9946458925081253
-27,-22,1,6,other,1.0,5.536822638960406e-06,179643,0.9946514293307642
-27,-26,1,2,other,1.0,5.536822638960406e-06,179644,0.9946569661534032
-28,-1,1,28,other,1.0,5.536822638960406e-06,179645,0.9946625029760422
-28,-8,1,21,other,1.0,5.536822638960406e-06,179646,0.9946680397986811
-28,-12,1,17,other,1.0,5.536822638960406e-06,179647,0.99467357662132
-29,100,1,130,bc_ad_boundary,1.0,5.536822638960406e-06,179648,0.9946791134439591
70,122,1,53,other,1.0,5.536822638960406e-06,179649,0.994684650266598
69,230,1,162,other,1.0,5.536822638960406e-06,179650,0.994690187089237
69,192,1,124,other,1.0,5.536822638960406e-06,179651,0.9946957239118759
69,171,1,103,other,1.0,5.536822638960406e-06,179652,0.9947012607345149
69,159,1,91,other,1.0,5.536822638960406e-06,179653,0.9947067975571539
69,136,1,68,other,1.0,5.536822638960406e-06,179654,0.9947123343797928
231,232,1,2,other,1.0,5.536822638960406e-06,179655,0.9947178712024318
230,350,1,121,other,1.0,5.536822638960406e-06,179656,0.9947234080250708
230,241,1,12,other,1.0,5.536822638960406e-06,179657,0.9947289448477097
229,267,1,39,other,1.0,5.536822638960406e-06,179658,0.9947344816703486
229,234,1,6,other,1.0,5.536822638960406e-06,179659,0.9947400184929877
228,250,1,23,other,1.0,5.536822638960406e-06,179660,0.9947455553156266
228,243,1,16,other,1.0,5.536822638960406e-06,179661,0.9947510921382655
228,240,1,13,other,1.0,5.536822638960406e-06,179662,0.9947566289609044
11,200,1,190,other,1.0,5.536822638960406e-06,179663,0.9947621657835435
11,150,1,140,other,1.0,5.536822638960406e-06,179664,0.9947677026061824
11,138,1,128,other,1.0,5.536822638960406e-06,179665,0.9947732394288213
232,257,1,26,other,1.0,5.536822638960406e-06,179666,0.9947787762514604
232,250,1,19,other,1.0,5.536822638960406e-06,179667,0.9947843130740993
69,85,1,17,other,1.0,5.536822638960406e-06,179668,0.9947898498967382
69,83,1,15,other,1.0,5.536822638960406e-06,179669,0.9947953867193772
69,77,1,9,other,1.0,5.536822638960406e-06,179670,0.9948009235420162
69,73,1,5,other,1.0,5.536822638960406e-06,179671,0.9948064603646551
68,200,1,133,other,1.0,5.536822638960406e-06,179672,0.9948119971872941
68,165,1,98,other,1.0,5.536822638960406e-06,179673,0.9948175340099331
68,117,1,50,other,1.0,5.536822638960406e-06,179674,0.994823070832572
232,235,1,4,other,1.0,5.536822638960406e-06,179675,0.994828607655211
231,430,1,200,other,0.6,5.536822638960406e-06,179676,0.9948341444778499
231,375,1,145,other,0.8276,5.536822638960406e-06,179677,0.9948396813004889
231,350,1,120,other,1.0,5.536822638960406e-06,179678,0.9948452181231279
231,320,1,90,other,1.0,5.536822638960406e-06,179679,0.9948507549457668
231,304,1,74,other,1.0,5.536822638960406e-06,179680,0.9948562917684057
231,274,1,44,other,1.0,5.536822638960406e-06,179681,0.9948618285910448
235,254,1,20,other,1.0,5.536822638960406e-06,179682,0.9948673654136837
235,249,1,15,other,1.0,5.536822638960406e-06,179683,0.9948729022363226
235,245,1,11,other,1.0,5.536822638960406e-06,179684,0.9948784390589617
235,240,1,6,other,1.0,5.536822638960406e-06,179685,0.9948839758816006
235,237,1,3,other,1.0,5.536822638960406e-06,179686,0.9948895127042395
234,235,1,2,other,1.0,5.536822638960406e-06,179687,0.9948950495268785
233,300,1,68,other,1.0,5.536822638960406e-06,179688,0.9949005863495175
233,245,1,13,other,1.0,5.536822638960406e-06,179689,0.9949061231721564
233,234,1,2,other,1.0,5.536822638960406e-06,179690,0.9949116599947954
-29,-24,1,6,other,1.0,5.536822638960406e-06,179691,0.9949171968174344
-29,-27,1,3,other,1.0,5.536822638960406e-06,179692,0.9949227336400733
-30,640,1,671,bc_ad_boundary,0.5678,5.536822638960406e-06,179693,0.9949282704627123
-30,230,1,261,bc_ad_boundary,1.0,5.536822638960406e-06,179694,0.9949338072853512
-30,170,1,201,bc_ad_boundary,1.0,5.536822638960406e-06,179695,0.9949393441079902
-30,130,1,161,bc_ad_boundary,1.0,5.536822638960406e-06,179696,0.9949448809306292
-30,71,1,102,bc_ad_boundary,1.0,5.536822638960406e-06,179697,0.9949504177532681
237,250,1,14,other,1.0,5.536822638960406e-06,179698,0.994955954575907
237,249,1,13,other,1.0,5.536822638960406e-06,179699,0.9949614913985461
236,361,1,126,other,0.9127,5.536822638960406e-06,179700,0.994967028221185
68,96,1,29,reign:Flavian,1.0,5.536822638960406e-06,179701,0.9949725650438239
68,89,1,22,other,1.0,5.536822638960406e-06,179702,0.994978101866463
13,81,1,69,other,1.0,5.536822638960406e-06,179703,0.9949836386891019
13,50,1,38,other,1.0,5.536822638960406e-06,179704,0.9949891755117408
13,44,1,32,other,1.0,5.536822638960406e-06,179705,0.9949947123343797
13,43,1,31,other,1.0,5.536822638960406e-06,179706,0.9950002491570188
12,100,1,89,other,1.0,5.536822638960406e-06,179707,0.9950057859796577
12,59,1,48,other,1.0,5.536822638960406e-06,179708,0.9950113228022966
12,56,1,45,other,1.0,5.536822638960406e-06,179709,0.9950168596249356
12,42,1,31,other,1.0,5.536822638960406e-06,179710,0.9950223964475746
12,32,1,21,other,1.0,5.536822638960406e-06,179711,0.9950279332702135
235,305,1,71,other,1.0,5.536822638960406e-06,179712,0.9950334700928525
235,291,1,57,other,1.0,5.536822638960406e-06,179713,0.9950390069154915
12,25,1,14,other,1.0,5.536822638960406e-06,179714,0.9950445437381304
12,18,1,7,other,1.0,5.536822638960406e-06,179715,0.9950500805607694
68,77,1,10,other,1.0,5.536822638960406e-06,179716,0.9950556173834083
67,193,1,127,other,1.0,5.536822638960406e-06,179717,0.9950611542060473
67,150,1,84,other,1.0,5.536822638960406e-06,179718,0.9950666910286863
67,70,1,4,other,1.0,5.536822638960406e-06,179719,0.9950722278513252
66,250,1,185,other,1.0,5.536822638960406e-06,179720,0.9950777646739642
66,200,1,135,other,1.0,5.536822638960406e-06,179721,0.9950833014966032
238,275,1,38,other,1.0,5.536822638960406e-06,179722,0.9950888383192421
238,271,1,34,other,1.0,5.536822638960406e-06,179723,0.995094375141881
238,268,1,31,other,1.0,5.536822638960406e-06,179724,0.9950999119645201
238,249,1,12,other,1.0,5.536822638960406e-06,179725,0.995105448787159
238,246,1,9,other,1.0,5.536822638960406e-06,179726,0.9951109856097979
238,243,1,6,other,1.0,5.536822638960406e-06,179727,0.9951165224324369
237,276,1,40,other,1.0,5.536822638960406e-06,179728,0.9951220592550759
237,255,1,19,other,1.0,5.536822638960406e-06,179729,0.9951275960777148
241,243,1,3,other,1.0,5.536822638960406e-06,179730,0.9951331329003538
65,150,1,86,other,1.0,5.536822638960406e-06,179731,0.9951386697229928
65,100,1,36,other,1.0,5.536822638960406e-06,179732,0.9951442065456317
65,96,1,32,other,1.0,5.536822638960406e-06,179733,0.9951497433682707
65,95,1,31,other,1.0,5.536822638960406e-06,179734,0.9951552801909096
65,75,1,11,other,1.0,5.536822638960406e-06,179735,0.9951608170135486
65,73,1,9,other,1.0,5.536822638960406e-06,179736,0.9951663538361876
65,66,1,2,other,1.0,5.536822638960406e-06,179737,0.9951718906588265
240,260,1,21,other,1.0,5.536822638960406e-06,179738,0.9951774274814655
240,250,1,11,other,1.0,5.536822638960406e-06,179739,0.9951829643041045
240,246,1,7,other,1.0,5.536822638960406e-06,179740,0.9951885011267434
239,326,1,88,other,1.0,5.536822638960406e-06,179741,0.9951940379493823
239,300,1,62,other,1.0,5.536822638960406e-06,179742,0.9951995747720214
239,254,1,16,other,1.0,5.536822638960406e-06,179743,0.9952051115946603
239,250,1,12,other,1.0,5.536822638960406e-06,179744,0.9952106484172992
238,400,1,163,other,0.6933,5.536822638960406e-06,179745,0.9952161852399382
64,200,1,137,other,1.0,5.536822638960406e-06,179746,0.9952217220625772
64,117,1,54,other,1.0,5.536822638960406e-06,179747,0.9952272588852161
64,100,1,37,other,1.0,5.536822638960406e-06,179748,0.9952327957078551
64,97,1,34,other,1.0,5.536822638960406e-06,179749,0.9952383325304941
64,79,1,16,other,1.0,5.536822638960406e-06,179750,0.995243869353133
64,75,1,12,other,1.0,5.536822638960406e-06,179751,0.995249406175772
64,65,1,2,other,1.0,5.536822638960406e-06,179752,0.9952549429984109
63,100,1,38,other,1.0,5.536822638960406e-06,179753,0.9952604798210499
242,268,1,27,other,1.0,5.536822638960406e-06,179754,0.9952660166436889
242,246,1,5,other,1.0,5.536822638960406e-06,179755,0.9952715534663278
242,244,1,3,other,1.0,5.536822638960406e-06,179756,0.9952770902889668
241,400,1,160,other,0.6875,5.536822638960406e-06,179757,0.9952826271116058
241,338,1,98,other,1.0,5.536822638960406e-06,179758,0.9952881639342447
241,324,1,84,other,1.0,5.536822638960406e-06,179759,0.9952937007568836
241,311,1,71,other,1.0,5.536822638960406e-06,179760,0.9952992375795227
241,277,1,37,other,1.0,5.536822638960406e-06,179761,0.9953047744021616
-30,31,1,62,bc_ad_boundary,1.0,5.536822638960406e-06,179762,0.9953103112248005
-45,-43,1,3,other,1.0,5.536822638960406e-06,179763,0.9953158480474394
-45,-44,1,2,other,1.0,5.536822638960406e-06,179764,0.9953213848700785
-46,14,1,61,bc_ad_boundary,1.0,5.536822638960406e-06,179765,0.9953269216927174
-46,-19,1,28,other,1.0,5.536822638960406e-06,179766,0.9953324585153563
-46,-45,1,2,other,1.0,5.536822638960406e-06,179767,0.9953379953379954
244,300,1,57,other,1.0,5.536822638960406e-06,179768,0.9953435321606343
244,270,1,27,other,1.0,5.536822638960406e-06,179769,0.9953490689832732
244,250,1,7,other,1.0,5.536822638960406e-06,179770,0.9953546058059122
243,450,1,208,other,0.5192,5.536822638960406e-06,179771,0.9953601426285512
243,344,1,102,other,1.0,5.536822638960406e-06,179772,0.9953656794511901
243,250,1,8,other,1.0,5.536822638960406e-06,179773,0.9953712162738291
242,500,1,259,other,0.4208,5.536822638960406e-06,179774,0.9953767530964681
242,439,1,198,other,0.5505,5.536822638960406e-06,179775,0.995382289919107
242,363,1,122,other,0.8934,5.536822638960406e-06,179776,0.995387826741746
242,300,1,59,other,1.0,5.536822638960406e-06,179777,0.9953933635643849
246,247,1,2,other,1.0,5.536822638960406e-06,179778,0.9953989003870239
245,248,1,4,other,1.0,5.536822638960406e-06,179779,0.9954044372096629
63,67,1,5,other,1.0,5.536822638960406e-06,179780,0.9954099740323018
63,66,1,4,other,1.0,5.536822638960406e-06,179781,0.9954155108549407
63,64,1,2,other,1.0,5.536822638960406e-06,179782,0.9954210476775798
62,78,1,17,other,1.0,5.536822638960406e-06,179783,0.9954265845002187
62,77,1,16,other,1.0,5.536822638960406e-06,179784,0.9954321213228576
62,74,1,13,other,1.0,5.536822638960406e-06,179785,0.9954376581454967
62,65,1,4,other,1.0,5.536822638960406e-06,179786,0.9954431949681356
61,160,1,100,other,1.0,5.536822638960406e-06,179787,0.9954487317907745
61,130,1,70,other,1.0,5.536822638960406e-06,179788,0.9954542686134135
61,101,1,41,other,1.0,5.536822638960406e-06,179789,0.9954598054360525
244,326,1,83,other,1.0,5.536822638960406e-06,179790,0.9954653422586914
-30,69,1,100,bc_ad_boundary,1.0,5.536822638960406e-06,179791,0.9954708790813304
-30,58,1,89,bc_ad_boundary,1.0,5.536822638960406e-06,179792,0.9954764159039694
-30,39,1,70,bc_ad_boundary,1.0,5.536822638960406e-06,179793,0.9954819527266083
60,80,1,21,other,1.0,5.536822638960406e-06,179794,0.9954874895492473
60,74,1,15,other,1.0,5.536822638960406e-06,179795,0.9954930263718862
60,68,1,9,other,1.0,5.536822638960406e-06,179796,0.9954985631945252
60,61,1,2,other,1.0,5.536822638960406e-06,179797,0.9955041000171642
14,39,1,26,other,1.0,5.536822638960406e-06,179798,0.9955096368398031
14,32,1,19,other,1.0,5.536822638960406e-06,179799,0.995515173662442
61,69,1,9,other,1.0,5.536822638960406e-06,179800,0.9955207104850811
250,252,1,3,other,1.0,5.536822638960406e-06,179801,0.99552624730772
249,307,1,59,other,1.0,5.536822638960406e-06,179802,0.9955317841303589
249,293,1,45,other,1.0,5.536822638960406e-06,179803,0.995537320952998
249,253,1,5,other,1.0,5.536822638960406e-06,179804,0.9955428577756369
248,251,1,4,other,1.0,5.536822638960406e-06,179805,0.9955483945982758
248,249,1,2,other,1.0,5.536822638960406e-06,179806,0.9955539314209148
247,318,1,72,other,1.0,5.536822638960406e-06,179807,0.9955594682435538
247,255,1,9,other,1.0,5.536822638960406e-06,179808,0.9955650050661927
247,251,1,5,other,1.0,5.536822638960406e-06,179809,0.9955705418888317
251,331,1,81,other,1.0,5.536822638960406e-06,179810,0.9955760787114706
251,324,1,74,other,1.0,5.536822638960406e-06,179811,0.9955816155341096
251,310,1,60,other,1.0,5.536822638960406e-06,179812,0.9955871523567486
251,305,1,55,other,1.0,5.536822638960406e-06,179813,0.9955926891793875
251,292,1,42,other,1.0,5.536822638960406e-06,179814,0.9955982260020265
251,283,1,33,other,1.0,5.536822638960406e-06,179815,0.9956037628246655
251,275,1,25,other,1.0,5.536822638960406e-06,179816,0.9956092996473044
251,255,1,5,other,1.0,5.536822638960406e-06,179817,0.9956148364699433
250,600,1,351,other,0.2877,5.536822638960406e-06,179818,0.9956203732925824
250,330,1,81,other,1.0,5.536822638960406e-06,179819,0.9956259101152213
250,307,1,58,other,1.0,5.536822638960406e-06,179820,0.9956314469378602
250,280,1,31,other,1.0,5.536822638960406e-06,179821,0.9956369837604993
250,260,1,11,other,1.0,5.536822638960406e-06,179822,0.9956425205831382
61,68,1,8,other,1.0,5.536822638960406e-06,179823,0.9956480574057771
61,67,1,7,other,1.0,5.536822638960406e-06,179824,0.995653594228416
61,65,1,5,other,1.0,5.536822638960406e-06,179825,0.9956591310510551
-30,9,1,40,bc_ad_boundary,1.0,5.536822638960406e-06,179826,0.995664667873694
-30,-7,1,24,other,1.0,5.536822638960406e-06,179827,0.9956702046963329
59,200,1,142,other,1.0,5.536822638960406e-06,179828,0.9956757415189719
59,100,1,42,other,1.0,5.536822638960406e-06,179829,0.9956812783416109
59,84,1,26,other,1.0,5.536822638960406e-06,179830,0.9956868151642498
59,79,1,21,other,1.0,5.536822638960406e-06,179831,0.9956923519868888
59,77,1,19,other,1.0,5.536822638960406e-06,179832,0.9956978888095278
59,70,1,12,other,1.0,5.536822638960406e-06,179833,0.9957034256321667
59,63,1,5,other,1.0,5.536822638960406e-06,179834,0.9957089624548057
58,60,1,3,other,1.0,5.536822638960406e-06,179835,0.9957144992774446
57,58,1,2,other,1.0,5.536822638960406e-06,179836,0.9957200361000836
-30,-9,1,22,other,1.0,5.536822638960406e-06,179837,0.9957255729227226
251,371,1,121,other,0.8264,5.536822638960406e-06,179838,0.9957311097453615
251,340,1,90,other,1.0,5.536822638960406e-06,179839,0.9957366465680005
251,337,1,87,other,1.0,5.536822638960406e-06,179840,0.9957421833906395
251,335,1,85,other,1.0,5.536822638960406e-06,179841,0.9957477202132784
56,300,1,245,other,1.0,5.536822638960406e-06,179842,0.9957532570359173
56,72,1,17,other,1.0,5.536822638960406e-06,179843,0.9957587938585564
56,64,1,9,other,1.0,5.536822638960406e-06,179844,0.9957643306811953
56,57,1,2,other,1.0,5.536822638960406e-06,179845,0.9957698675038342
55,85,1,31,other,1.0,5.536822638960406e-06,179846,0.9957754043264732
55,80,1,26,other,1.0,5.536822638960406e-06,179847,0.9957809411491122
55,79,1,25,other,1.0,5.536822638960406e-06,179848,0.9957864779717511
252,260,1,9,other,1.0,5.536822638960406e-06,179849,0.9957920147943901
251,470,1,220,other,0.4545,5.536822638960406e-06,179850,0.9957975516170291
-47,-25,1,23,other,1.0,5.536822638960406e-06,179851,0.995803088439668
-47,-30,1,18,other,1.0,5.536822638960406e-06,179852,0.995808625262307
-47,-42,1,6,other,1.0,5.536822638960406e-06,179853,0.9958141620849459
-47,-44,1,4,other,1.0,5.536822638960406e-06,179854,0.9958196989075849
-48,18,1,67,bc_ad_boundary,1.0,5.536822638960406e-06,179855,0.9958252357302239
-48,-21,1,28,other,1.0,5.536822638960406e-06,179856,0.9958307725528628
-30,19,1,50,bc_ad_boundary,1.0,5.536822638960406e-06,179857,0.9958363093755018
54,212,1,159,other,1.0,5.536822638960406e-06,179858,0.9958418461981408
54,150,1,97,other,1.0,5.536822638960406e-06,179859,0.9958473830207797
54,130,1,77,other,1.0,5.536822638960406e-06,179860,0.9958529198434186
54,90,1,37,other,1.0,5.536822638960406e-06,179861,0.9958584566660577
54,74,1,21,other,1.0,5.536822638960406e-06,179862,0.9958639934886966
254,258,1,5,other,1.0,5.536822638960406e-06,179863,0.9958695303113355
254,255,1,2,other,1.0,5.536822638960406e-06,179864,0.9958750671339744
253,337,1,85,other,1.0,5.536822638960406e-06,179865,0.9958806039566135
253,305,1,53,other,1.0,5.536822638960406e-06,179866,0.9958861407792524
253,303,1,51,other,1.0,5.536822638960406e-06,179867,0.9958916776018913
253,284,1,32,other,1.0,5.536822638960406e-06,179868,0.9958972144245304
253,275,1,23,other,1.0,5.536822638960406e-06,179869,0.9959027512471693
253,270,1,18,other,1.0,5.536822638960406e-06,179870,0.9959082880698082
253,263,1,11,other,1.0,5.536822638960406e-06,179871,0.9959138248924472
253,258,1,6,other,1.0,5.536822638960406e-06,179872,0.9959193617150862
56,337,1,282,other,1.0,5.536822638960406e-06,179873,0.9959248985377251
14,60,1,47,other,1.0,5.536822638960406e-06,179874,0.9959304353603641
14,43,1,30,other,1.0,5.536822638960406e-06,179875,0.9959359721830031
54,60,1,7,other,1.0,5.536822638960406e-06,179876,0.995941509005642
54,59,1,6,other,1.0,5.536822638960406e-06,179877,0.995947045828281
54,56,1,3,other,1.0,5.536822638960406e-06,179878,0.9959525826509199
257,261,1,5,other,1.0,5.536822638960406e-06,179879,0.995958119473559
256,319,1,64,other,1.0,5.536822638960406e-06,179880,0.9959636562961979
256,300,1,45,other,1.0,5.536822638960406e-06,179881,0.9959691931188368
256,270,1,15,other,1.0,5.536822638960406e-06,179882,0.9959747299414757
256,268,1,13,other,1.0,5.536822638960406e-06,179883,0.9959802667641148
256,257,1,2,other,1.0,5.536822638960406e-06,179884,0.9959858035867537
255,272,1,18,other,1.0,5.536822638960406e-06,179885,0.9959913404093926
255,257,1,3,other,1.0,5.536822638960406e-06,179886,0.9959968772320317
55,63,1,9,other,1.0,5.536822638960406e-06,179887,0.9960024140546706
55,62,1,8,other,1.0,5.536822638960406e-06,179888,0.9960079508773095
55,58,1,4,other,1.0,5.536822638960406e-06,179889,0.9960134876999485
53,74,1,22,other,1.0,5.536822638960406e-06,179890,0.9960190245225875
53,62,1,10,other,1.0,5.536822638960406e-06,179891,0.9960245613452264
53,56,1,4,other,1.0,5.536822638960406e-06,179892,0.9960300981678654
52,100,1,49,other,1.0,5.536822638960406e-06,179893,0.9960356349905044
52,62,1,11,other,1.0,5.536822638960406e-06,179894,0.9960411718131433
51,330,1,280,other,1.0,5.536822638960406e-06,179895,0.9960467086357823
51,270,1,220,other,1.0,5.536822638960406e-06,179896,0.9960522454584212
258,262,1,5,other,1.0,5.536822638960406e-06,179897,0.9960577822810602
258,259,1,2,other,1.0,5.536822638960406e-06,179898,0.9960633191036992
257,311,1,55,other,1.0,5.536822638960406e-06,179899,0.9960688559263381
-30,-18,1,13,other,1.0,5.536822638960406e-06,179900,0.996074392748977
-31,31,1,63,bc_ad_boundary,1.0,5.536822638960406e-06,179901,0.9960799295716161
-31,9,1,41,bc_ad_boundary,1.0,5.536822638960406e-06,179902,0.996085466394255
14,101,1,88,other,1.0,5.536822638960406e-06,179903,0.9960910032168939
14,81,1,68,other,1.0,5.536822638960406e-06,179904,0.996096540039533
14,63,1,50,other,1.0,5.536822638960406e-06,179905,0.9961020768621719
-50,-42,1,9,other,1.0,5.536822638960406e-06,179906,0.9961076136848108
-50,-49,1,2,other,1.0,5.536822638960406e-06,179907,0.9961131505074498
-51,100,1,152,bc_ad_boundary,0.9934,5.536822638960406e-06,179908,0.9961186873300888
-51,20,1,72,bc_ad_boundary,0.9861,5.536822638960406e-06,179909,0.9961242241527277
-51,-30,1,22,other,0.9545,5.536822638960406e-06,179910,0.9961297609753667
-51,-44,1,8,other,0.875,5.536822638960406e-06,179911,0.9961352977980056
-52,-30,1,23,other,0.913,5.536822638960406e-06,179912,0.9961408346206446
-52,-48,1,5,other,0.6,5.536822638960406e-06,179913,0.9961463714432836
51,199,1,149,other,1.0,5.536822638960406e-06,179914,0.9961519082659225
261,280,1,20,other,1.0,5.536822638960406e-06,179915,0.9961574450885615
261,267,1,7,other,1.0,5.536822638960406e-06,179916,0.9961629819112005
260,262,1,3,other,1.0,5.536822638960406e-06,179917,0.9961685187338394
259,288,1,30,other,1.0,5.536822638960406e-06,179918,0.9961740555564783
259,261,1,3,other,1.0,5.536822638960406e-06,179919,0.9961795923791174
259,260,1,2,other,1.0,5.536822638960406e-06,179920,0.9961851292017563
258,271,1,14,other,1.0,5.536822638960406e-06,179921,0.9961906660243952
51,175,1,125,other,1.0,5.536822638960406e-06,179922,0.9961962028470343
51,161,1,111,other,1.0,5.536822638960406e-06,179923,0.9962017396696732
51,160,1,110,other,1.0,5.536822638960406e-06,179924,0.9962072764923121
51,138,1,88,other,1.0,5.536822638960406e-06,179925,0.996212813314951
51,116,1,66,other,1.0,5.536822638960406e-06,179926,0.9962183501375901
51,97,1,47,other,1.0,5.536822638960406e-06,179927,0.996223886960229
51,96,1,46,other,1.0,5.536822638960406e-06,179928,0.9962294237828679
266,306,1,41,other,1.0,5.536822638960406e-06,179929,0.9962349606055069
265,300,1,36,other,1.0,5.536822638960406e-06,179930,0.9962404974281459
263,267,1,5,other,1.0,5.536822638960406e-06,179931,0.9962460342507848
262,298,1,37,other,1.0,5.536822638960406e-06,179932,0.9962515710734238
262,270,1,9,other,1.0,5.536822638960406e-06,179933,0.9962571078960628
262,268,1,7,other,1.0,5.536822638960406e-06,179934,0.9962626447187017
262,264,1,3,other,1.0,5.536822638960406e-06,179935,0.9962681815413407
261,320,1,60,other,1.0,5.536822638960406e-06,179936,0.9962737183639796
261,285,1,25,other,1.0,5.536822638960406e-06,179937,0.9962792551866186
-133,-31,1,103,other,0.1942,5.536822638960406e-06,179938,0.9962847920092576
270,363,1,94,other,0.8617,5.536822638960406e-06,179939,0.9962903288318965
270,350,1,81,other,1.0,5.536822638960406e-06,179940,0.9962958656545355
270,337,1,68,other,1.0,5.536822638960406e-06,179941,0.9963014024771745
270,300,1,31,other,1.0,5.536822638960406e-06,179942,0.9963069392998134
270,282,1,13,other,1.0,5.536822638960406e-06,179943,0.9963124761224523
270,274,1,5,other,1.0,5.536822638960406e-06,179944,0.9963180129450914
270,272,1,3,other,1.0,5.536822638960406e-06,179945,0.9963235497677303
269,400,1,132,other,0.6212,5.536822638960406e-06,179946,0.9963290865903692
269,282,1,14,other,1.0,5.536822638960406e-06,179947,0.9963346234130082
268,283,1,16,other,1.0,5.536822638960406e-06,179948,0.9963401602356472
268,282,1,15,other,1.0,5.536822638960406e-06,179949,0.9963456970582861
268,279,1,12,other,1.0,5.536822638960406e-06,179950,0.9963512338809251
267,668,1,402,other,0.209,5.536822638960406e-06,179951,0.9963567707035641
266,354,1,89,other,0.9551,5.536822638960406e-06,179952,0.996362307526203
51,194,1,144,other,1.0,5.536822638960406e-06,179953,0.996367844348842
51,65,1,15,other,1.0,5.536822638960406e-06,179954,0.9963733811714809
51,61,1,11,other,1.0,5.536822638960406e-06,179955,0.9963789179941199
51,87,1,37,other,1.0,5.536822638960406e-06,179956,0.9963844548167589
51,85,1,35,other,1.0,5.536822638960406e-06,179957,0.9963899916393978
51,83,1,33,other,1.0,5.536822638960406e-06,179958,0.9963955284620368
15,30,1,16,other,1.0,5.536822638960406e-06,179959,0.9964010652846758
15,26,1,12,other,1.0,5.536822638960406e-06,179960,0.9964066021073147
15,23,1,9,other,1.0,5.536822638960406e-06,179961,0.9964121389299536
15,19,1,5,other,1.0,5.536822638960406e-06,179962,0.9964176757525927
14,405,1,392,other,0.8597,5.536822638960406e-06,179963,0.9964232125752316
14,339,1,326,other,1.0,5.536822638960406e-06,179964,0.9964287493978705
14,270,1,257,other,1.0,5.536822638960406e-06,179965,0.9964342862205094
-130,-8,1,123,other,0.3496,5.536822638960406e-06,179966,0.9964398230431485
-130,-27,1,104,other,0.2308,5.536822638960406e-06,179967,0.9964453598657874
-133,27,1,161,bc_ad_boundary,0.4845,5.536822638960406e-06,179968,0.9964508966884263
-133,-27,1,107,other,0.2243,5.536822638960406e-06,179969,0.9964564335110654
-33,-3,1,31,other,1.0,5.536822638960406e-06,179970,0.9964619703337043
-33,-32,1,2,other,1.0,5.536822638960406e-06,179971,0.9964675071563432
-34,-34,1,1,year_precise,1.0,5.536822638960406e-06,179972,0.9964730439789822
-35,15,1,51,bc_ad_boundary,1.0,5.536822638960406e-06,179973,0.9964785808016212
-35,-11,1,25,other,1.0,5.536822638960406e-06,179974,0.9964841176242601
-35,-20,1,16,other,1.0,5.536822638960406e-06,179975,0.9964896544468991
271,288,1,18,other,1.0,5.536822638960406e-06,179976,0.9964951912695381
271,285,1,15,other,1.0,5.536822638960406e-06,179977,0.996500728092177
-105,20,1,126,bc_ad_boundary,0.5635,5.536822638960406e-06,179978,0.996506264914816
-110,-1,1,110,other,0.4545,5.536822638960406e-06,179979,0.9965118017374549
-125,-1,1,125,other,0.4,5.536822638960406e-06,179980,0.996517338560094
-130,300,1,431,bc_ad_boundary,0.8144,5.536822638960406e-06,179981,0.9965228753827329
-130,202,1,333,bc_ad_boundary,0.7598,5.536822638960406e-06,179982,0.9965284122053718
-130,130,1,261,bc_ad_boundary,0.6935,5.536822638960406e-06,179983,0.9965339490280107
14,130,1,117,other,1.0,5.536822638960406e-06,179984,0.9965394858506498
51,74,1,24,other,1.0,5.536822638960406e-06,179985,0.9965450226732887
271,380,1,110,other,0.7273,5.536822638960406e-06,179986,0.9965505594959276
271,306,1,36,other,1.0,5.536822638960406e-06,179987,0.9965560963185667
50,170,1,121,other,1.0,5.536822638960406e-06,179988,0.9965616331412056
50,168,1,119,other,1.0,5.536822638960406e-06,179989,0.9965671699638445
50,118,1,69,other,1.0,5.536822638960406e-06,179990,0.9965727067864835
50,101,1,52,other,1.0,5.536822638960406e-06,179991,0.9965782436091225
50,69,1,20,other,1.0,5.536822638960406e-06,179992,0.9965837804317614
50,68,1,19,other,1.0,5.536822638960406e-06,179993,0.9965893172544004
50,64,1,15,other,1.0,5.536822638960406e-06,179994,0.9965948540770394
50,59,1,10,other,1.0,5.536822638960406e-06,179995,0.9966003908996783
271,290,1,20,other,1.0,5.536822638960406e-06,179996,0.9966059277223173
-31,-15,1,17,other,1.0,5.536822638960406e-06,179997,0.9966114645449562
-32,30,1,63,bc_ad_boundary,1.0,5.536822638960406e-06,179998,0.9966170013675952
-32,-17,1,16,other,1.0,5.536822638960406e-06,179999,0.9966225381902342
-32,-31,1,2,other,1.0,5.536822638960406e-06,180000,0.9966280750128731
-32,-32,1,1,year_precise,1.0,5.536822638960406e-06,180001,0.996633611835512
276,277,1,2,other,1.0,5.536822638960406e-06,180002,0.9966391486581511
275,330,1,56,other,1.0,5.536822638960406e-06,180003,0.99664468548079
275,306,1,32,other,1.0,5.536822638960406e-06,180004,0.9966502223034289
275,305,1,31,other,1.0,5.536822638960406e-06,180005,0.996655759126068
275,300,1,26,other,1.0,5.536822638960406e-06,180006,0.9966612959487069
275,290,1,16,other,1.0,5.536822638960406e-06,180007,0.9966668327713458
275,282,1,8,other,1.0,5.536822638960406e-06,180008,0.9966723695939848
275,278,1,4,other,1.0,5.536822638960406e-06,180009,0.9966779064166238
274,500,1,227,other,0.3392,5.536822638960406e-06,180010,0.9966834432392627
274,380,1,107,other,0.7196,5.536822638960406e-06,180011,0.9966889800619017
274,350,1,77,other,1.0,5.536822638960406e-06,180012,0.9966945168845406
274,305,1,32,other,1.0,5.536822638960406e-06,180013,0.9967000537071796
273,274,1,2,other,1.0,5.536822638960406e-06,180014,0.9967055905298186
272,279,1,8,other,1.0,5.536822638960406e-06,180015,0.9967111273524575
272,274,1,3,other,1.0,5.536822638960406e-06,180016,0.9967166641750965
272,273,1,2,other,1.0,5.536822638960406e-06,180017,0.9967222009977355
278,282,1,5,other,1.0,5.536822638960406e-06,180018,0.9967277378203744
278,279,1,2,other,1.0,5.536822638960406e-06,180019,0.9967332746430133
276,402,1,127,other,0.5906,5.536822638960406e-06,180020,0.9967388114656524
276,400,1,125,other,0.6,5.536822638960406e-06,180021,0.9967443482882913
50,56,1,7,other,1.0,5.536822638960406e-06,180022,0.9967498851109302
50,52,1,3,other,1.0,5.536822638960406e-06,180023,0.9967554219335693
50,51,1,2,other,1.0,5.536822638960406e-06,180024,0.9967609587562082
49,89,1,41,other,1.0,5.536822638960406e-06,180025,0.9967664955788471
49,65,1,17,other,1.0,5.536822638960406e-06,180026,0.996772032401486
49,54,1,6,other,1.0,5.536822638960406e-06,180027,0.9967775692241251
48,60,1,13,other,1.0,5.536822638960406e-06,180028,0.996783106046764
48,56,1,9,other,1.0,5.536822638960406e-06,180029,0.9967886428694029
48,50,1,3,other,1.0,5.536822638960406e-06,180030,0.9967941796920419
276,305,1,30,other,1.0,5.536822638960406e-06,180031,0.9967997165146809
276,284,1,9,other,1.0,5.536822638960406e-06,180032,0.9968052533373198
276,283,1,8,other,1.0,5.536822638960406e-06,180033,0.9968107901599588
281,367,1,87,other,0.8046,5.536822638960406e-06,180034,0.9968163269825978
281,320,1,40,other,1.0,5.536822638960406e-06,180035,0.9968218638052367
281,290,1,10,other,1.0,5.536822638960406e-06,180036,0.9968274006278757
47,69,1,23,other,1.0,5.536822638960406e-06,180037,0.9968329374505146
47,56,1,10,other,1.0,5.536822638960406e-06,180038,0.9968384742731536
46,400,1,355,other,0.8592,5.536822638960406e-06,180039,0.9968440110957926
46,60,1,15,other,1.0,5.536822638960406e-06,180040,0.9968495479184315
46,59,1,14,other,1.0,5.536822638960406e-06,180041,0.9968550847410705
46,50,1,5,other,1.0,5.536822638960406e-06,180042,0.9968606215637095
46,48,1,3,other,1.0,5.536822638960406e-06,180043,0.9968661583863484
46,47,1,2,other,1.0,5.536822638960406e-06,180044,0.9968716952089873
45,115,1,71,other,1.0,5.536822638960406e-06,180045,0.9968772320316264
45,90,1,46,other,1.0,5.536822638960406e-06,180046,0.9968827688542653
280,290,1,11,other,1.0,5.536822638960406e-06,180047,0.9968883056769042
280,282,1,3,other,1.0,5.536822638960406e-06,180048,0.9968938424995432
279,363,1,85,other,0.8471,5.536822638960406e-06,180049,0.9968993793221822
-38,-12,1,27,other,1.0,5.536822638960406e-06,180050,0.9969049161448211
-38,-38,1,1,year_precise,1.0,5.536822638960406e-06,180051,0.9969104529674601
284,325,1,42,other,1.0,5.536822638960406e-06,180052,0.9969159897900991
284,310,1,27,other,1.0,5.536822638960406e-06,180053,0.996921526612738
284,298,1,15,other,1.0,5.536822638960406e-06,180054,0.996927063435377
284,290,1,7,other,1.0,5.536822638960406e-06,180055,0.9969326002580159
284,288,1,5,other,1.0,5.536822638960406e-06,180056,0.9969381370806549
283,383,1,101,other,0.6733,5.536822638960406e-06,180057,0.9969436739032939
283,340,1,58,other,1.0,5.536822638960406e-06,180058,0.9969492107259328
283,312,1,30,other,1.0,5.536822638960406e-06,180059,0.9969547475485718
283,305,1,23,reign:Tetrarchic,1.0,5.536822638960406e-06,180060,0.9969602843712108
283,298,1,16,other,1.0,5.536822638960406e-06,180061,0.9969658211938497
283,293,1,11,other,1.0,5.536822638960406e-06,180062,0.9969713580164886
282,335,1,54,other,1.0,5.536822638960406e-06,180063,0.9969768948391277
282,293,1,12,other,1.0,5.536822638960406e-06,180064,0.9969824316617666
281,380,1,100,other,0.7,5.536822638960406e-06,180065,0.9969879684844055
-37,-36,1,2,other,1.0,5.536822638960406e-06,180066,0.9969935053070444
-37,-37,1,1,year_precise,1.0,5.536822638960406e-06,180067,0.9969990421296835
45,85,1,41,other,1.0,5.536822638960406e-06,180068,0.9970045789523224
45,80,1,36,other,1.0,5.536822638960406e-06,180069,0.9970101157749613
45,65,1,21,other,1.0,5.536822638960406e-06,180070,0.9970156525976004
45,63,1,19,other,1.0,5.536822638960406e-06,180071,0.9970211894202393
45,61,1,17,other,1.0,5.536822638960406e-06,180072,0.9970267262428782
45,54,1,10,other,1.0,5.536822638960406e-06,180073,0.9970322630655172
44,130,1,87,other,1.0,5.536822638960406e-06,180074,0.9970377998881562
44,86,1,43,other,1.0,5.536822638960406e-06,180075,0.9970433367107951
44,80,1,37,other,1.0,5.536822638960406e-06,180076,0.9970488735334341
44,70,1,27,other,1.0,5.536822638960406e-06,180077,0.9970544103560731
44,69,1,26,other,1.0,5.536822638960406e-06,180078,0.997059947178712
44,59,1,16,other,1.0,5.536822638960406e-06,180079,0.997065484001351
44,50,1,7,other,1.0,5.536822638960406e-06,180080,0.9970710208239899
-38,14,1,53,bc_ad_boundary,1.0,5.536822638960406e-06,180081,0.997076557646629
16,18,1,3,other,1.0,5.536822638960406e-06,180082,0.9970820944692679
15,150,1,136,other,1.0,5.536822638960406e-06,180083,0.9970876312919068
15,70,1,56,other,1.0,5.536822638960406e-06,180084,0.9970931681145457
15,65,1,51,other,1.0,5.536822638960406e-06,180085,0.9970987049371848
15,59,1,45,other,1.0,5.536822638960406e-06,180086,0.9971042417598237
15,54,1,40,other,1.0,5.536822638960406e-06,180087,0.9971097785824626
15,43,1,29,other,1.0,5.536822638960406e-06,180088,0.9971153154051017
284,375,1,92,other,0.7283,5.536822638960406e-06,180089,0.9971208522277406
284,350,1,67,other,1.0,5.536822638960406e-06,180090,0.9971263890503795
-36,29,1,66,bc_ad_boundary,1.0,5.536822638960406e-06,180091,0.9971319258730185
-36,-1,1,36,other,1.0,5.536822638960406e-06,180092,0.9971374626956575
-36,-27,1,10,other,1.0,5.536822638960406e-06,180093,0.9971429995182964
-36,-30,1,7,other,1.0,5.536822638960406e-06,180094,0.9971485363409354
-36,-35,1,2,other,1.0,5.536822638960406e-06,180095,0.9971540731635744
-37,-29,1,9,other,1.0,5.536822638960406e-06,180096,0.9971596099862133
-37,-31,1,7,other,1.0,5.536822638960406e-06,180097,0.9971651468088523
43,400,1,358,other,0.8603,5.536822638960406e-06,180098,0.9971706836314912
43,330,1,288,other,1.0,5.536822638960406e-06,180099,0.9971762204541302
43,250,1,208,other,1.0,5.536822638960406e-06,180100,0.9971817572767692
43,150,1,108,other,1.0,5.536822638960406e-06,180101,0.9971872940994081
43,60,1,18,other,1.0,5.536822638960406e-06,180102,0.997192830922047
43,55,1,13,other,1.0,5.536822638960406e-06,180103,0.9971983677446861
43,50,1,8,other,1.0,5.536822638960406e-06,180104,0.997203904567325
43,49,1,7,other,1.0,5.536822638960406e-06,180105,0.9972094413899639
43,48,1,6,other,1.0,5.536822638960406e-06,180106,0.997214978212603
42,300,1,259,other,1.0,5.536822638960406e-06,180107,0.9972205150352419
285,325,1,41,other,1.0,5.536822638960406e-06,180108,0.9972260518578808
285,311,1,27,other,1.0,5.536822638960406e-06,180109,0.9972315886805198
285,287,1,3,other,1.0,5.536822638960406e-06,180110,0.9972371255031588
284,430,1,147,other,0.4558,5.536822638960406e-06,180111,0.9972426623257977
284,400,1,117,other,0.5726,5.536822638960406e-06,180112,0.9972481991484367
44,48,1,5,other,1.0,5.536822638960406e-06,180113,0.9972537359710756
290,430,1,141,other,0.4326,5.536822638960406e-06,180114,0.9972592727937146
290,400,1,111,other,0.5495,5.536822638960406e-06,180115,0.9972648096163536
290,395,1,106,other,0.5755,5.536822638960406e-06,180116,0.9972703464389925
290,300,1,11,other,1.0,5.536822638960406e-06,180117,0.9972758832616315
290,291,1,2,other,1.0,5.536822638960406e-06,180118,0.9972814200842705
288,300,1,13,other,1.0,5.536822638960406e-06,180119,0.9972869569069094
287,310,1,24,other,1.0,5.536822638960406e-06,180120,0.9972924937295483
287,304,1,18,other,1.0,5.536822638960406e-06,180121,0.9972980305521874
287,293,1,7,other,1.0,5.536822638960406e-06,180122,0.9973035673748263
287,290,1,4,other,1.0,5.536822638960406e-06,180123,0.9973091041974652
286,475,1,190,other,0.3421,5.536822638960406e-06,180124,0.9973146410201043
286,425,1,140,other,0.4643,5.536822638960406e-06,180125,0.9973201778427432
286,400,1,115,other,0.5652,5.536822638960406e-06,180126,0.9973257146653821
286,311,1,26,other,1.0,5.536822638960406e-06,180127,0.997331251488021
286,308,1,23,other,1.0,5.536822638960406e-06,180128,0.9973367883106601
286,306,1,21,other,1.0,5.536822638960406e-06,180129,0.997342325133299
291,500,1,210,other,0.2857,5.536822638960406e-06,180130,0.9973478619559379
291,361,1,71,other,0.8451,5.536822638960406e-06,180131,0.9973533987785769
291,330,1,40,other,1.0,5.536822638960406e-06,180132,0.9973589356012159
42,235,1,194,other,1.0,5.536822638960406e-06,180133,0.9973644724238548
42,130,1,89,other,1.0,5.536822638960406e-06,180134,0.9973700092464938
42,79,1,38,other,1.0,5.536822638960406e-06,180135,0.9973755460691328
42,68,1,27,other,1.0,5.536822638960406e-06,180136,0.9973810828917717
42,60,1,19,other,1.0,5.536822638960406e-06,180137,0.9973866197144107
42,56,1,15,other,1.0,5.536822638960406e-06,180138,0.9973921565370496
42,44,1,3,other,1.0,5.536822638960406e-06,180139,0.9973976933596886
41,400,1,360,other,0.8611,5.536822638960406e-06,180140,0.9974032301823276
41,370,1,330,other,0.9394,5.536822638960406e-06,180141,0.9974087670049665
41,250,1,210,other,1.0,5.536822638960406e-06,180142,0.9974143038276055
41,161,1,121,other,1.0,5.536822638960406e-06,180143,0.9974198406502445
291,313,1,23,other,1.0,5.536822638960406e-06,180144,0.9974253774728834
291,312,1,22,other,1.0,5.536822638960406e-06,180145,0.9974309142955223
41,130,1,90,other,1.0,5.536822638960406e-06,180146,0.9974364511181614
17,18,1,2,other,1.0,5.536822638960406e-06,180147,0.9974419879408003
16,150,1,135,other,1.0,5.536822638960406e-06,180148,0.9974475247634392
16,100,1,85,other,1.0,5.536822638960406e-06,180149,0.9974530615860782
16,55,1,40,other,1.0,5.536822638960406e-06,180150,0.9974585984087172
16,54,1,39,other,1.0,5.536822638960406e-06,180151,0.9974641352313561
16,45,1,30,other,1.0,5.536822638960406e-06,180152,0.9974696720539951
16,43,1,28,other,1.0,5.536822638960406e-06,180153,0.9974752088766341
16,30,1,15,other,1.0,5.536822638960406e-06,180154,0.997480745699273
293,295,1,3,other,1.0,5.536822638960406e-06,180155,0.997486282521912
293,294,1,2,other,1.0,5.536822638960406e-06,180156,0.9974918193445509
292,395,1,104,other,0.5673,5.536822638960406e-06,180157,0.9974973561671899
292,337,1,46,other,1.0,5.536822638960406e-06,180158,0.9975028929898289
292,317,1,26,other,1.0,5.536822638960406e-06,180159,0.9975084298124678
292,296,1,5,other,1.0,5.536822638960406e-06,180160,0.9975139666351068
292,293,1,2,other,1.0,5.536822638960406e-06,180161,0.9975195034577458
293,375,1,83,other,0.6988,5.536822638960406e-06,180162,0.9975250402803847
293,364,1,72,other,0.8056,5.536822638960406e-06,180163,0.9975305771030236
293,352,1,60,other,0.9667,5.536822638960406e-06,180164,0.9975361139256627
16,20,1,5,other,1.0,5.536822638960406e-06,180165,0.9975416507483016
16,19,1,4,other,1.0,5.536822638960406e-06,180166,0.9975471875709405
41,76,1,36,other,1.0,5.536822638960406e-06,180167,0.9975527243935794
-50,9,1,60,bc_ad_boundary,1.0,5.536822638960406e-06,180168,0.9975582612162185
-50,-13,1,38,other,1.0,5.536822638960406e-06,180169,0.9975637980388574
-50,-28,1,23,other,1.0,5.536822638960406e-06,180170,0.9975693348614963
-50,-29,1,22,other,1.0,5.536822638960406e-06,180171,0.9975748716841354
293,340,1,48,other,1.0,5.536822638960406e-06,180172,0.9975804085067743
293,330,1,38,other,1.0,5.536822638960406e-06,180173,0.9975859453294132
293,326,1,34,other,1.0,5.536822638960406e-06,180174,0.9975914821520522
293,313,1,21,other,1.0,5.536822638960406e-06,180175,0.9975970189746912
293,304,1,12,other,1.0,5.536822638960406e-06,180176,0.9976025557973301
293,296,1,4,other,1.0,5.536822638960406e-06,180177,0.9976080926199691
295,300,1,6,other,1.0,5.536822638960406e-06,180178,0.9976136294426081
294,318,1,25,other,1.0,5.536822638960406e-06,180179,0.997619166265247
-50,-35,1,16,other,1.0,5.536822638960406e-06,180180,0.997624703087886
41,62,1,22,other,1.0,5.536822638960406e-06,180181,0.9976302399105249
41,47,1,7,other,1.0,5.536822638960406e-06,180182,0.997635776733164
41,45,1,5,other,1.0,5.536822638960406e-06,180183,0.9976413135558029
40,250,1,211,other,1.0,5.536822638960406e-06,180184,0.9976468503784418
40,200,1,161,other,1.0,5.536822638960406e-06,180185,0.9976523872010807
40,85,1,46,other,1.0,5.536822638960406e-06,180186,0.9976579240237198
294,302,1,9,other,1.0,5.536822638960406e-06,180187,0.9976634608463587
294,295,1,2,other,1.0,5.536822638960406e-06,180188,0.9976689976689976
293,423,1,131,other,0.4427,5.536822638960406e-06,180189,0.9976745344916367
293,408,1,116,other,0.5,5.536822638960406e-06,180190,0.9976800713142756
293,400,1,108,other,0.537,5.536822638960406e-06,180191,0.9976856081369145
293,392,1,100,other,0.58,5.536822638960406e-06,180192,0.9976911449595535
293,383,1,91,other,0.6374,5.536822638960406e-06,180193,0.9976966817821925
297,418,1,122,other,0.4426,5.536822638960406e-06,180194,0.9977022186048314
297,400,1,104,other,0.5192,5.536822638960406e-06,180195,0.9977077554274704
297,337,1,41,other,1.0,5.536822638960406e-06,180196,0.9977132922501094
297,305,1,9,other,1.0,5.536822638960406e-06,180197,0.9977188290727483
296,337,1,42,other,1.0,5.536822638960406e-06,180198,0.9977243658953873
296,326,1,31,other,1.0,5.536822638960406e-06,180199,0.9977299027180262
296,313,1,18,other,1.0,5.536822638960406e-06,180200,0.9977354395406652
296,312,1,17,other,1.0,5.536822638960406e-06,180201,0.9977409763633042
296,310,1,15,other,1.0,5.536822638960406e-06,180202,0.9977465131859431
296,307,1,12,other,1.0,5.536822638960406e-06,180203,0.997752050008582
296,306,1,11,other,1.0,5.536822638960406e-06,180204,0.9977575868312211
296,304,1,9,other,1.0,5.536822638960406e-06,180205,0.99776312365386
296,300,1,5,other,1.0,5.536822638960406e-06,180206,0.9977686604764989
295,350,1,56,other,1.0,5.536822638960406e-06,180207,0.997774197299138
295,324,1,30,other,1.0,5.536822638960406e-06,180208,0.9977797341217769
295,313,1,19,other,1.0,5.536822638960406e-06,180209,0.9977852709444158
300,301,1,2,other,1.0,5.536822638960406e-06,180210,0.9977908077670548
299,326,1,28,other,1.0,5.536822638960406e-06,180211,0.9977963445896938
40,69,1,30,other,1.0,5.536822638960406e-06,180212,0.9978018814123327
40,61,1,22,other,1.0,5.536822638960406e-06,180213,0.9978074182349717
40,56,1,17,other,1.0,5.536822638960406e-06,180214,0.9978129550576106
40,50,1,11,other,1.0,5.536822638960406e-06,180215,0.9978184918802496
40,48,1,9,other,1.0,5.536822638960406e-06,180216,0.9978240287028886
40,44,1,5,other,1.0,5.536822638960406e-06,180217,0.9978295655255275
40,43,1,4,other,1.0,5.536822638960406e-06,180218,0.9978351023481665
40,42,1,3,other,1.0,5.536822638960406e-06,180219,0.9978406391708055
39,230,1,192,other,1.0,5.536822638960406e-06,180220,0.9978461759934444
299,300,1,2,other,1.0,5.536822638960406e-06,180221,0.9978517128160833
298,500,1,203,other,0.2611,5.536822638960406e-06,180222,0.9978572496387224
298,350,1,53,other,1.0,5.536822638960406e-06,180223,0.9978627864613613
298,340,1,43,other,1.0,5.536822638960406e-06,180224,0.9978683232840002
298,310,1,13,other,1.0,5.536822638960406e-06,180225,0.9978738601066393
301,508,1,208,other,0.2404,5.536822638960406e-06,180226,0.9978793969292782
301,499,1,199,other,0.2513,5.536822638960406e-06,180227,0.9978849337519171
301,498,1,198,other,0.2525,5.536822638960406e-06,180228,0.997890470574556
301,455,1,155,other,0.3226,5.536822638960406e-06,180229,0.9978960073971951
301,401,1,101,other,0.495,5.536822638960406e-06,180230,0.997901544219834
301,380,1,80,other,0.625,5.536822638960406e-06,180231,0.9979070810424729
301,369,1,69,other,0.7246,5.536822638960406e-06,180232,0.9979126178651119
301,364,1,64,other,0.7812,5.536822638960406e-06,180233,0.9979181546877509
301,363,1,63,other,0.7937,5.536822638960406e-06,180234,0.9979236915103898
301,343,1,43,other,1.0,5.536822638960406e-06,180235,0.9979292283330288
301,324,1,24,other,1.0,5.536822638960406e-06,180236,0.9979347651556678
301,317,1,17,other,1.0,5.536822638960406e-06,180237,0.9979403019783067
301,302,1,2,other,1.0,5.536822638960406e-06,180238,0.9979458388009457
300,500,1,201,other,0.2537,5.536822638960406e-06,180239,0.9979513756235846
300,400,1,101,other,0.505,5.536822638960406e-06,180240,0.9979569124462236
300,350,1,51,other,1.0,5.536822638960406e-06,180241,0.9979624492688626
-40,27,1,68,bc_ad_boundary,1.0,5.536822638960406e-06,180242,0.9979679860915015
-40,10,1,51,bc_ad_boundary,1.0,5.536822638960406e-06,180243,0.9979735229141405
-40,-8,1,33,other,1.0,5.536822638960406e-06,180244,0.9979790597367795
39,200,1,162,other,1.0,5.536822638960406e-06,180245,0.9979845965594184
39,80,1,42,other,1.0,5.536822638960406e-06,180246,0.9979901333820573
39,71,1,33,other,1.0,5.536822638960406e-06,180247,0.9979956702046964
39,69,1,31,other,1.0,5.536822638960406e-06,180248,0.9980012070273353
39,60,1,22,other,1.0,5.536822638960406e-06,180249,0.9980067438499742
39,58,1,20,other,1.0,5.536822638960406e-06,180250,0.9980122806726132
39,54,1,16,other,1.0,5.536822638960406e-06,180251,0.9980178174952522
39,51,1,13,other,1.0,5.536822638960406e-06,180252,0.9980233543178911
39,50,1,12,other,1.0,5.536822638960406e-06,180253,0.9980288911405301
39,47,1,9,other,1.0,5.536822638960406e-06,180254,0.9980344279631691
39,46,1,8,other,1.0,5.536822638960406e-06,180255,0.998039964785808
-40,-12,1,29,other,1.0,5.536822638960406e-06,180256,0.998045501608447
-40,-15,1,26,other,1.0,5.536822638960406e-06,180257,0.9980510384310859
301,544,1,244,other,0.2049,5.536822638960406e-06,180258,0.9980565752537249
39,44,1,6,other,1.0,5.536822638960406e-06,180259,0.9980621120763639
39,42,1,4,other,1.0,5.536822638960406e-06,180260,0.9980676488990028
39,40,1,2,other,1.0,5.536822638960406e-06,180261,0.9980731857216418
38,100,1,63,other,1.0,5.536822638960406e-06,180262,0.9980787225442808
38,56,1,19,other,1.0,5.536822638960406e-06,180263,0.9980842593669197
37,96,1,60,other,1.0,5.536822638960406e-06,180264,0.9980897961895586
37,79,1,43,other,1.0,5.536822638960406e-06,180265,0.9980953330121977
37,71,1,35,other,1.0,5.536822638960406e-06,180266,0.9981008698348366
301,525,1,225,other,0.2222,5.536822638960406e-06,180267,0.9981064066574755
301,524,1,224,other,0.2232,5.536822638960406e-06,180268,0.9981119434801144
301,519,1,219,other,0.2283,5.536822638960406e-06,180269,0.9981174803027535
301,517,1,217,other,0.2304,5.536822638960406e-06,180270,0.9981230171253924
-39,20,1,60,bc_ad_boundary,1.0,5.536822638960406e-06,180271,0.9981285539480313
-39,-28,1,12,other,1.0,5.536822638960406e-06,180272,0.9981340907706704
-40,40,1,81,bc_ad_boundary,1.0,5.536822638960406e-06,180273,0.9981396275933093
306,311,1,6,other,1.0,5.536822638960406e-06,180274,0.9981451644159482
305,383,1,79,other,0.5823,5.536822638960406e-06,180275,0.9981507012385872
305,352,1,48,other,0.9583,5.536822638960406e-06,180276,0.9981562380612262
305,350,1,46,other,1.0,5.536822638960406e-06,180277,0.9981617748838651
305,337,1,33,reign:Constantinian,1.0,5.536822638960406e-06,180278,0.9981673117065041
305,316,1,12,other,1.0,5.536822638960406e-06,180279,0.9981728485291431
305,313,1,9,other,1.0,5.536822638960406e-06,180280,0.998178385351782
303,320,1,18,other,1.0,5.536822638960406e-06,180281,0.998183922174421
303,305,1,3,other,1.0,5.536822638960406e-06,180282,0.9981894589970599
303,304,1,2,other,1.0,5.536822638960406e-06,180283,0.998194995819699
302,316,1,15,other,1.0,5.536822638960406e-06,180284,0.9982005326423379
302,305,1,4,other,1.0,5.536822638960406e-06,180285,0.9982060694649768
302,304,1,3,other,1.0,5.536822638960406e-06,180286,0.9982116062876157
301,800,1,500,multi_century,0.1,5.536822638960406e-06,180287,0.9982171431102548
301,578,1,278,other,0.1799,5.536822638960406e-06,180288,0.9982226799328937
301,564,1,264,other,0.1894,5.536822638960406e-06,180289,0.9982282167555326
306,363,1,58,other,0.7759,5.536822638960406e-06,180290,0.9982337535781717
306,361,1,56,other,0.8036,5.536822638960406e-06,180291,0.9982392904008106
37,63,1,27,other,1.0,5.536822638960406e-06,180292,0.9982448272234495
18,54,1,37,other,1.0,5.536822638960406e-06,180293,0.9982503640460885
18,31,1,14,other,1.0,5.536822638960406e-06,180294,0.9982559008687275
18,30,1,13,other,1.0,5.536822638960406e-06,180295,0.9982614376913664
18,29,1,12,other,1.0,5.536822638960406e-06,180296,0.9982669745140054
18,20,1,3,other,1.0,5.536822638960406e-06,180297,0.9982725113366444
17,200,1,184,other,1.0,5.536822638960406e-06,180298,0.9982780481592833
17,114,1,98,other,1.0,5.536822638960406e-06,180299,0.9982835849819223
17,50,1,34,other,1.0,5.536822638960406e-06,180300,0.9982891218045612
17,42,1,26,other,1.0,5.536822638960406e-06,180301,0.9982946586272002
17,40,1,24,other,1.0,5.536822638960406e-06,180302,0.9983001954498392
306,360,1,55,other,0.8182,5.536822638960406e-06,180303,0.9983057322724781
306,340,1,35,other,1.0,5.536822638960406e-06,180304,0.998311269095117
306,313,1,8,other,1.0,5.536822638960406e-06,180305,0.9983168059177561
-40,-27,1,14,other,1.0,5.536822638960406e-06,180306,0.998322342740395
-40,-39,1,2,other,1.0,5.536822638960406e-06,180307,0.9983278795630339
-41,-1,1,41,other,1.0,5.536822638960406e-06,180308,0.998333416385673
-41,-9,1,33,other,1.0,5.536822638960406e-06,180309,0.9983389532083119
-41,-30,1,12,other,1.0,5.536822638960406e-06,180310,0.9983444900309508
-41,-32,1,10,other,1.0,5.536822638960406e-06,180311,0.9983500268535898
-41,-39,1,3,other,1.0,5.536822638960406e-06,180312,0.9983555636762288
307,392,1,86,other,0.5116,5.536822638960406e-06,180313,0.9983611004988677
307,388,1,82,other,0.5366,5.536822638960406e-06,180314,0.9983666373215067
307,329,1,23,other,1.0,5.536822638960406e-06,180315,0.9983721741441456
307,323,1,17,other,1.0,5.536822638960406e-06,180316,0.9983777109667846
307,309,1,3,other,1.0,5.536822638960406e-06,180317,0.9983832477894236
306,400,1,95,other,0.4737,5.536822638960406e-06,180318,0.9983887846120625
306,383,1,78,other,0.5769,5.536822638960406e-06,180319,0.9983943214347015
306,375,1,70,other,0.6429,5.536822638960406e-06,180320,0.9983998582573405
306,367,1,62,other,0.7258,5.536822638960406e-06,180321,0.9984053950799794
308,361,1,54,other,0.7963,5.536822638960406e-06,180322,0.9984109319026183
308,326,1,19,other,1.0,5.536822638960406e-06,180323,0.9984164687252574
308,313,1,6,other,1.0,5.536822638960406e-06,180324,0.9984220055478963
37,53,1,17,other,1.0,5.536822638960406e-06,180325,0.9984275423705352
37,46,1,10,other,1.0,5.536822638960406e-06,180326,0.9984330791931743
37,40,1,4,reign:Caligulan,1.0,5.536822638960406e-06,180327,0.9984386160158132
36,105,1,70,other,1.0,5.536822638960406e-06,180328,0.9984441528384521
36,79,1,44,other,1.0,5.536822638960406e-06,180329,0.998449689661091
36,50,1,15,other,1.0,5.536822638960406e-06,180330,0.9984552264837301
36,41,1,6,reign:Caligulan,1.0,5.536822638960406e-06,180331,0.998460763306369
35,100,1,66,other,1.0,5.536822638960406e-06,180332,0.9984663001290079
35,70,1,36,other,1.0,5.536822638960406e-06,180333,0.9984718369516469
35,66,1,32,other,1.0,5.536822638960406e-06,180334,0.9984773737742859
35,65,1,31,other,1.0,5.536822638960406e-06,180335,0.9984829105969248
-40,-25,1,16,other,1.0,5.536822638960406e-06,180336,0.9984884474195638
-40,-26,1,15,other,1.0,5.536822638960406e-06,180337,0.9984939842422028
310,330,1,21,other,1.0,5.536822638960406e-06,180338,0.9984995210648417
35,40,1,6,other,1.0,5.536822638960406e-06,180339,0.9985050578874807
34,69,1,36,other,1.0,5.536822638960406e-06,180340,0.9985105947101196
34,62,1,29,other,1.0,5.536822638960406e-06,180341,0.9985161315327586
34,60,1,27,other,1.0,5.536822638960406e-06,180342,0.9985216683553976
34,40,1,7,other,1.0,5.536822638960406e-06,180343,0.9985272051780365
34,38,1,5,other,1.0,5.536822638960406e-06,180344,0.9985327420006755
33,50,1,18,other,1.0,5.536822638960406e-06,180345,0.9985382788233145
33,40,1,8,other,1.0,5.536822638960406e-06,180346,0.9985438156459534
33,36,1,4,other,1.0,5.536822638960406e-06,180347,0.9985493524685923
32,34,1,3,other,1.0,5.536822638960406e-06,180348,0.9985548892912314
31,700,1,670,other,0.4776,5.536822638960406e-06,180349,0.9985604261138703
310,323,1,14,other,1.0,5.536822638960406e-06,180350,0.9985659629365092
309,318,1,10,other,1.0,5.536822638960406e-06,180351,0.9985714997591482
309,311,1,3,other,1.0,5.536822638960406e-06,180352,0.9985770365817872
308,400,1,93,other,0.4624,5.536822638960406e-06,180353,0.9985825734044261
31,313,1,283,other,1.0,5.536822638960406e-06,180354,0.9985881102270651
31,260,1,230,other,1.0,5.536822638960406e-06,180355,0.9985936470497041
31,120,1,90,other,1.0,5.536822638960406e-06,180356,0.998599183872343
31,90,1,60,other,1.0,5.536822638960406e-06,180357,0.998604720694982
31,85,1,55,other,1.0,5.536822638960406e-06,180358,0.9986102575176209
31,75,1,45,other,1.0,5.536822638960406e-06,180359,0.9986157943402599
31,69,1,39,other,1.0,5.536822638960406e-06,180360,0.9986213311628989
31,61,1,31,other,1.0,5.536822638960406e-06,180361,0.9986268679855378
312,323,1,12,other,1.0,5.536822638960406e-06,180362,0.9986324048081768
312,317,1,6,other,1.0,5.536822638960406e-06,180363,0.9986379416308158
312,316,1,5,other,1.0,5.536822638960406e-06,180364,0.9986434784534547
311,383,1,73,other,0.5479,5.536822638960406e-06,180365,0.9986490152760936
311,340,1,30,other,1.0,5.536822638960406e-06,180366,0.9986545520987327
311,320,1,10,other,1.0,5.536822638960406e-06,180367,0.9986600889213716
310,400,1,91,other,0.4505,5.536822638960406e-06,180368,0.9986656257440105
310,361,1,52,other,0.7885,5.536822638960406e-06,180369,0.9986711625666495
315,317,1,3,other,1.0,5.536822638960406e-06,180370,0.9986766993892885
314,350,1,37,other,1.0,5.536822638960406e-06,180371,0.9986822362119274
314,319,1,6,other,1.0,5.536822638960406e-06,180372,0.9986877730345664
314,316,1,3,other,1.0,5.536822638960406e-06,180373,0.9986933098572054
314,315,1,2,other,1.0,5.536822638960406e-06,180374,0.9986988466798443
313,450,1,138,other,0.2754,5.536822638960406e-06,180375,0.9987043835024833
313,375,1,63,other,0.6032,5.536822638960406e-06,180376,0.9987099203251222
313,323,1,11,other,1.0,5.536822638960406e-06,180377,0.9987154571477612
312,640,1,329,other,0.1185,5.536822638960406e-06,180378,0.9987209939704002
312,450,1,139,other,0.2806,5.536822638960406e-06,180379,0.9987265307930391
312,363,1,52,other,0.75,5.536822638960406e-06,180380,0.9987320676156781
312,352,1,41,other,0.9512,5.536822638960406e-06,180381,0.998737604438317
312,350,1,39,other,1.0,5.536822638960406e-06,180382,0.998743141260956
312,340,1,29,other,1.0,5.536822638960406e-06,180383,0.9987486780835949
31,500,1,470,other,0.6809,5.536822638960406e-06,180384,0.998754214906234
31,400,1,370,other,0.8649,5.536822638960406e-06,180385,0.9987597517288729
315,400,1,86,other,0.4186,5.536822638960406e-06,180386,0.9987652885515118
315,379,1,65,other,0.5538,5.536822638960406e-06,180387,0.9987708253741507
315,337,1,23,other,1.0,5.536822638960406e-06,180388,0.9987763621967898
20,33,1,14,other,1.0,5.536822638960406e-06,180389,0.9987818990194287
20,32,1,13,other,1.0,5.536822638960406e-06,180390,0.9987874358420676
20,21,1,2,other,1.0,5.536822638960406e-06,180391,0.9987929726647067
19,68,1,50,other,1.0,5.536822638960406e-06,180392,0.9987985094873456
19,54,1,36,other,1.0,5.536822638960406e-06,180393,0.9988040463099845
19,50,1,32,other,1.0,5.536822638960406e-06,180394,0.9988095831326235
19,33,1,15,other,1.0,5.536822638960406e-06,180395,0.9988151199552625
19,31,1,13,other,1.0,5.536822638960406e-06,180396,0.9988206567779014
19,30,1,12,other,1.0,5.536822638960406e-06,180397,0.9988261936005404
31,45,1,15,other,1.0,5.536822638960406e-06,180398,0.9988317304231794
315,331,1,17,other,1.0,5.536822638960406e-06,180399,0.9988372672458183
315,320,1,6,other,1.0,5.536822638960406e-06,180400,0.9988428040684573
315,319,1,5,other,1.0,5.536822638960406e-06,180401,0.9988483408910962
31,43,1,13,other,1.0,5.536822638960406e-06,180402,0.9988538777137352
30,600,1,571,other,0.5622,5.536822638960406e-06,180403,0.9988594145363742
30,130,1,101,other,1.0,5.536822638960406e-06,180404,0.9988649513590131
30,100,1,71,other,1.0,5.536822638960406e-06,180405,0.998870488181652
30,96,1,67,other,1.0,5.536822638960406e-06,180406,0.9988760250042911
30,78,1,49,other,1.0,5.536822638960406e-06,180407,0.99888156182693
30,71,1,42,other,1.0,5.536822638960406e-06,180408,0.9988870986495689
30,60,1,31,other,1.0,5.536822638960406e-06,180409,0.998892635472208
30,54,1,25,other,1.0,5.536822638960406e-06,180410,0.9988981722948469
317,330,1,14,other,1.0,5.536822638960406e-06,180411,0.9989037091174858
316,430,1,115,other,0.3043,5.536822638960406e-06,180412,0.9989092459401248
316,425,1,110,other,0.3182,5.536822638960406e-06,180413,0.9989147827627638
316,400,1,85,other,0.4118,5.536822638960406e-06,180414,0.9989203195854027
316,363,1,48,other,0.7292,5.536822638960406e-06,180415,0.9989258564080417
316,350,1,35,other,1.0,5.536822638960406e-06,180416,0.9989313932306806
316,317,1,2,other,1.0,5.536822638960406e-06,180417,0.9989369300533196
-42,-23,1,20,other,1.0,5.536822638960406e-06,180418,0.9989424668759586
-43,100,1,144,bc_ad_boundary,1.0,5.536822638960406e-06,180419,0.9989480036985975
-43,50,1,94,bc_ad_boundary,1.0,5.536822638960406e-06,180420,0.9989535405212365
-43,27,1,71,bc_ad_boundary,1.0,5.536822638960406e-06,180421,0.9989590773438755
-43,17,1,61,bc_ad_boundary,1.0,5.536822638960406e-06,180422,0.9989646141665144
-43,-27,1,17,other,1.0,5.536822638960406e-06,180423,0.9989701509891533
319,350,1,32,other,1.0,5.536822638960406e-06,180424,0.9989756878117924
319,337,1,19,other,1.0,5.536822638960406e-06,180425,0.9989812246344313
318,331,1,14,other,1.0,5.536822638960406e-06,180426,0.9989867614570702
317,388,1,72,other,0.4722,5.536822638960406e-06,180427,0.9989922982797093
317,383,1,67,other,0.5075,5.536822638960406e-06,180428,0.9989978351023482
317,364,1,48,other,0.7083,5.536822638960406e-06,180429,0.9990033719249871
317,336,1,20,other,1.0,5.536822638960406e-06,180430,0.999008908747626
317,335,1,19,other,1.0,5.536822638960406e-06,180431,0.9990144455702651
317,333,1,17,other,1.0,5.536822638960406e-06,180432,0.999019982392904
31,44,1,14,other,1.0,5.536822638960406e-06,180433,0.999025519215543
320,337,1,18,other,1.0,5.536822638960406e-06,180434,0.9990310560381819
320,331,1,12,other,1.0,5.536822638960406e-06,180435,0.9990365928608209
320,330,1,11,other,1.0,5.536822638960406e-06,180436,0.9990421296834598
320,324,1,5,other,1.0,5.536822638960406e-06,180437,0.9990476665060988
30,52,1,23,other,1.0,5.536822638960406e-06,180438,0.9990532033287378
30,50,1,21,other,1.0,5.536822638960406e-06,180439,0.9990587401513767
30,46,1,17,other,1.0,5.536822638960406e-06,180440,0.9990642769740157
30,40,1,11,other,1.0,5.536822638960406e-06,180441,0.9990698137966546
30,38,1,9,other,1.0,5.536822638960406e-06,180442,0.9990753506192936
29,100,1,72,other,1.0,5.536822638960406e-06,180443,0.9990808874419326
29,42,1,14,other,1.0,5.536822638960406e-06,180444,0.9990864242645715
29,41,1,13,other,1.0,5.536822638960406e-06,180445,0.9990919610872105
28,43,1,16,other,1.0,5.536822638960406e-06,180446,0.9990974979098495
320,321,1,2,other,1.0,5.536822638960406e-06,180447,0.9991030347324884
319,360,1,42,other,0.7619,5.536822638960406e-06,180448,0.9991085715551273
319,355,1,37,other,0.8649,5.536822638960406e-06,180449,0.9991141083777664
28,41,1,14,other,1.0,5.536822638960406e-06,180450,0.9991196452004053
28,40,1,13,other,1.0,5.536822638960406e-06,180451,0.9991251820230442
27,70,1,44,other,1.0,5.536822638960406e-06,180452,0.9991307188456832
27,54,1,28,other,1.0,5.536822638960406e-06,180453,0.9991362556683222
27,41,1,15,other,1.0,5.536822638960406e-06,180454,0.9991417924909611
27,40,1,14,other,1.0,5.536822638960406e-06,180455,0.9991473293136001
27,39,1,13,other,1.0,5.536822638960406e-06,180456,0.9991528661362391
27,37,1,11,other,1.0,5.536822638960406e-06,180457,0.999158402958878
26,150,1,125,other,1.0,5.536822638960406e-06,180458,0.999163939781517
323,330,1,8,other,1.0,5.536822638960406e-06,180459,0.9991694766041559
323,326,1,4,other,1.0,5.536822638960406e-06,180460,0.9991750134267949
323,325,1,3,other,1.0,5.536822638960406e-06,180461,0.9991805502494339
321,400,1,80,other,0.375,5.536822638960406e-06,180462,0.9991860870720728
321,330,1,10,other,1.0,5.536822638960406e-06,180463,0.9991916238947118
321,324,1,4,other,1.0,5.536822638960406e-06,180464,0.9991971607173508
321,323,1,3,other,1.0,5.536822638960406e-06,180465,0.9992026975399897
326,525,1,200,other,0.125,5.536822638960406e-06,180466,0.9992082343626286
326,517,1,192,other,0.1302,5.536822638960406e-06,180467,0.9992137711852677
326,345,1,20,other,1.0,5.536822638960406e-06,180468,0.9992193080079066
326,331,1,6,other,1.0,5.536822638960406e-06,180469,0.9992248448305455
326,328,1,3,other,1.0,5.536822638960406e-06,180470,0.9992303816531845
325,333,1,9,other,1.0,5.536822638960406e-06,180471,0.9992359184758235
325,330,1,6,other,1.0,5.536822638960406e-06,180472,0.9992414552984624
325,329,1,5,other,1.0,5.536822638960406e-06,180473,0.9992469921211014
325,327,1,3,other,1.0,5.536822638960406e-06,180474,0.9992525289437404
324,400,1,77,other,0.3506,5.536822638960406e-06,180475,0.9992580657663793
324,388,1,65,other,0.4154,5.536822638960406e-06,180476,0.9992636025890183
324,370,1,47,other,0.5745,5.536822638960406e-06,180477,0.9992691394116572
324,367,1,44,other,0.6136,5.536822638960406e-06,180478,0.9992746762342962
324,364,1,41,other,0.6585,5.536822638960406e-06,180479,0.9992802130569352
324,333,1,10,other,1.0,5.536822638960406e-06,180480,0.9992857498795741
324,330,1,7,other,1.0,5.536822638960406e-06,180481,0.9992912867022131
328,400,1,73,other,0.3151,5.536822638960406e-06,180482,0.999296823524852
327,575,1,249,other,0.0964,5.536822638960406e-06,180483,0.999302360347491
26,125,1,100,other,1.0,5.536822638960406e-06,180484,0.9993078971701299
26,110,1,85,other,1.0,5.536822638960406e-06,180485,0.999313433992769
26,70,1,45,other,1.0,5.536822638960406e-06,180486,0.9993189708154079
26,40,1,15,other,1.0,5.536822638960406e-06,180487,0.9993245076380468
26,39,1,14,other,1.0,5.536822638960406e-06,180488,0.9993300444606857
26,36,1,11,other,1.0,5.536822638960406e-06,180489,0.9993355812833248
26,33,1,8,other,1.0,5.536822638960406e-06,180490,0.9993411181059637
26,30,1,5,other,1.0,5.536822638960406e-06,180491,0.9993466549286026
26,28,1,3,other,1.0,5.536822638960406e-06,180492,0.9993521917512417
25,54,1,30,other,1.0,5.536822638960406e-06,180493,0.9993577285738806
25,48,1,24,other,1.0,5.536822638960406e-06,180494,0.9993632653965195
25,37,1,13,other,1.0,5.536822638960406e-06,180495,0.9993688022191585
327,401,1,75,other,0.32,5.536822638960406e-06,180496,0.9993743390417975
327,337,1,11,other,1.0,5.536822638960406e-06,180497,0.9993798758644364
-150,-45,1,106,other,0.0566,5.536822638960406e-06,180498,0.9993854126870754
-150,-50,1,101,other,0.0099,5.536822638960406e-06,180499,0.9993909495097144
-151,-30,1,122,other,0.1721,5.536822638960406e-06,180500,0.9993964863323533
-169,168,1,338,bc_ad_boundary,0.6479,5.536822638960406e-06,180501,0.9994020231549923
-171,230,1,402,bc_ad_boundary,0.699,5.536822638960406e-06,180502,0.9994075599776312
-180,-1,1,180,other,0.2778,5.536822638960406e-06,180503,0.9994130968002702
-181,100,1,282,bc_ad_boundary,0.5355,5.536822638960406e-06,180504,0.9994186336229092
-188,-1,1,188,other,0.266,5.536822638960406e-06,180505,0.9994241704455481
-199,100,1,300,multi_century,0.5033,5.536822638960406e-06,180506,0.999429707268187
331,340,1,10,other,1.0,5.536822638960406e-06,180507,0.9994352440908261
331,333,1,3,other,1.0,5.536822638960406e-06,180508,0.999440780913465
330,522,1,193,other,0.1088,5.536822638960406e-06,180509,0.9994463177361039
330,500,1,171,other,0.1228,5.536822638960406e-06,180510,0.999451854558743
329,455,1,127,other,0.1732,5.536822638960406e-06,180511,0.9994573913813819
329,356,1,28,other,0.7857,5.536822638960406e-06,180512,0.9994629282040208
329,337,1,9,other,1.0,5.536822638960406e-06,180513,0.9994684650266598
331,730,1,400,other,0.05,5.536822638960406e-06,180514,0.9994740018492988
331,570,1,240,other,0.0833,5.536822638960406e-06,180515,0.9994795386719377
331,446,1,116,other,0.1724,5.536822638960406e-06,180516,0.9994850754945767
25,33,1,9,other,1.0,5.536822638960406e-06,180517,0.9994906123172156
25,27,1,3,other,1.0,5.536822638960406e-06,180518,0.9994961491398546
25,26,1,2,other,1.0,5.536822638960406e-06,180519,0.9995016859624936
24,30,1,7,other,1.0,5.536822638960406e-06,180520,0.9995072227851325
24,26,1,3,other,1.0,5.536822638960406e-06,180521,0.9995127596077715
23,239,1,217,other,1.0,5.536822638960406e-06,180522,0.9995182964304105
23,213,1,191,other,1.0,5.536822638960406e-06,180523,0.9995238332530494
23,50,1,28,other,1.0,5.536822638960406e-06,180524,0.9995293700756883
331,395,1,65,other,0.3077,5.536822638960406e-06,180525,0.9995349068983274
331,390,1,60,other,0.3333,5.536822638960406e-06,180526,0.9995404437209663
331,378,1,48,other,0.4167,5.536822638960406e-06,180527,0.9995459805436052
-140,20,1,161,bc_ad_boundary,0.441,5.536822638960406e-06,180528,0.9995515173662443
-150,-44,1,107,other,0.0654,5.536822638960406e-06,180529,0.9995570541888832
23,44,1,22,other,1.0,5.536822638960406e-06,180530,0.9995625910115221
23,33,1,11,other,1.0,5.536822638960406e-06,180531,0.999568127834161
23,31,1,9,other,1.0,5.536822638960406e-06,180532,0.9995736646568001
23,26,1,4,other,1.0,5.536822638960406e-06,180533,0.999579201479439
23,25,1,3,other,1.0,5.536822638960406e-06,180534,0.999584738302078
22,25,1,4,other,1.0,5.536822638960406e-06,180535,0.9995902751247169
22,24,1,3,other,1.0,5.536822638960406e-06,180536,0.9995958119473559
21,300,1,280,other,1.0,5.536822638960406e-06,180537,0.9996013487699948
21,270,1,250,other,1.0,5.536822638960406e-06,180538,0.9996068855926338
21,217,1,197,other,1.0,5.536822638960406e-06,180539,0.9996124224152728
-45,-33,1,13,other,1.0,5.536822638960406e-06,180540,0.9996179592379117
-45,-35,1,11,other,1.0,5.536822638960406e-06,180541,0.9996234960605507
-45,-41,1,5,other,1.0,5.536822638960406e-06,180542,0.9996290328831896
333,350,1,18,other,1.0,5.536822638960406e-06,180543,0.9996345697058286
333,334,1,2,other,1.0,5.536822638960406e-06,180544,0.9996401065284676
332,340,1,9,other,1.0,5.536822638960406e-06,180545,0.9996456433511065
335,345,1,11,other,1.0,5.536822638960406e-06,180546,0.9996511801737455
333,450,1,118,other,0.1525,5.536822638960406e-06,180547,0.9996567169963845
21,100,1,80,other,1.0,5.536822638960406e-06,180548,0.9996622538190234
21,68,1,48,other,1.0,5.536822638960406e-06,180549,0.9996677906416623
21,67,1,47,other,1.0,5.536822638960406e-06,180550,0.9996733274643014
21,37,1,17,other,1.0,5.536822638960406e-06,180551,0.9996788642869403
20,120,1,101,other,1.0,5.536822638960406e-06,180552,0.9996844011095792
20,79,1,60,other,1.0,5.536822638960406e-06,180553,0.9996899379322182
20,69,1,50,other,1.0,5.536822638960406e-06,180554,0.9996954747548572
333,423,1,91,other,0.1978,5.536822638960406e-06,180555,0.9997010115774961
333,388,1,56,other,0.3214,5.536822638960406e-06,180556,0.9997065484001351
333,375,1,43,other,0.4186,5.536822638960406e-06,180557,0.9997120852227741
-44,-44,1,1,year_precise,1.0,5.536822638960406e-06,180558,0.999717622045413
-45,14,1,60,bc_ad_boundary,1.0,5.536822638960406e-06,180559,0.999723158868052
-45,-11,1,35,other,1.0,5.536822638960406e-06,180560,0.9997286956906909
-45,-16,1,30,other,1.0,5.536822638960406e-06,180561,0.9997342325133299
338,500,1,163,other,0.0798,5.536822638960406e-06,180562,0.9997397693359689
338,341,1,4,other,1.0,5.536822638960406e-06,180563,0.9997453061586078
338,340,1,3,other,1.0,5.536822638960406e-06,180564,0.9997508429812468
338,339,1,2,other,1.0,5.536822638960406e-06,180565,0.9997563798038858
337,500,1,164,other,0.0854,5.536822638960406e-06,180566,0.9997619166265247
337,425,1,89,other,0.1573,5.536822638960406e-06,180567,0.9997674534491636
337,400,1,64,other,0.2188,5.536822638960406e-06,180568,0.9997729902718027
337,388,1,52,other,0.2692,5.536822638960406e-06,180569,0.9997785270944416
337,357,1,21,other,0.6667,5.536822638960406e-06,180570,0.9997840639170805
337,353,1,17,other,0.8235,5.536822638960406e-06,180571,0.9997896007397195
337,348,1,12,other,1.0,5.536822638960406e-06,180572,0.9997951375623585
337,345,1,9,other,1.0,5.536822638960406e-06,180573,0.9998006743849974
337,338,1,2,other,1.0,5.536822638960406e-06,180574,0.9998062112076364
336,337,1,2,other,1.0,5.536822638960406e-06,180575,0.9998117480302754
335,357,1,23,other,0.6957,5.536822638960406e-06,180576,0.9998172848529143
335,352,1,18,other,0.8889,5.536822638960406e-06,180577,0.9998228216755533
-400,400,1,801,bc_ad_boundary,0.5006,5.536822638960406e-06,180578,0.9998283584981922
342,457,1,116,other,0.0776,5.536822638960406e-06,180579,0.9998338953208312
342,446,1,105,other,0.0857,5.536822638960406e-06,180580,0.9998394321434702
342,360,1,19,other,0.4737,5.536822638960406e-06,180581,0.9998449689661091
342,350,1,9,other,1.0,5.536822638960406e-06,180582,0.9998505057887481
-430,371,1,802,bc_ad_boundary,0.5,5.536822638960406e-06,180583,0.999856042611387
346,444,1,99,other,0.0505,5.536822638960406e-06,180584,0.999861579434026
346,347,1,2,other,1.0,5.536822638960406e-06,180585,0.9998671162566649
342,344,1,3,other,1.0,5.536822638960406e-06,180586,0.999872653079304
342,343,1,2,other,1.0,5.536822638960406e-06,180587,0.9998781899019429
341,567,1,227,other,0.0441,5.536822638960406e-06,180588,0.9998837267245818
341,420,1,80,other,0.125,5.536822638960406e-06,180589,0.9998892635472207
-370,201,1,572,bc_ad_boundary,0.4406,5.536822638960406e-06,180590,0.9998948003698598
349,350,1,2,other,1.0,5.536822638960406e-06,180591,0.9999003371924987
348,349,1,2,other,1.0,5.536822638960406e-06,180592,0.9999058740151376
347,520,1,174,other,0.023,5.536822638960406e-06,180593,0.9999114108377767
-250,-31,1,220,other,0.0909,5.536822638960406e-06,180594,0.9999169476604156
-260,241,1,502,bc_ad_boundary,0.5817,5.536822638960406e-06,180595,0.9999224844830545
-264,100,1,365,bc_ad_boundary,0.4137,5.536822638960406e-06,180596,0.9999280213056935
-268,-1,1,268,other,0.1866,5.536822638960406e-06,180597,0.9999335581283325
-300,201,1,502,bc_ad_boundary,0.502,5.536822638960406e-06,180598,0.9999390949509714
350,400,1,51,other,0.0196,5.536822638960406e-06,180599,0.9999446317736104
350,370,1,21,other,0.0476,5.536822638960406e-06,180600,0.9999501685962494
347,368,1,22,other,0.1818,5.536822638960406e-06,180601,0.9999557054188883
347,350,1,4,other,1.0,5.536822638960406e-06,180602,0.9999612422415273
340,361,1,22,other,0.5,5.536822638960406e-06,180603,0.9999667790641662
350,368,1,19,other,0.0526,5.536822638960406e-06,180604,0.9999723158868052
350,367,1,18,other,0.0556,5.536822638960406e-06,180605,0.9999778527094442
350,363,1,14,other,0.0714,5.536822638960406e-06,180606,0.9999833895320831
350,361,1,12,other,0.0833,5.536822638960406e-06,180607,0.999988926354722
350,360,1,11,other,0.0909,5.536822638960406e-06,180608,0.9999944631773611
349,388,1,40,other,0.05,5.536822638960406e-06,180609,1.0
