city,province,log_pop,log_inscription_count,log_letter_mass,letter_mass,inscription_count,content_residual,scaling_residual,quadrant
Agedincum,Lugudunensis,10.737178978088382,0.0,3.4011973816621555,30,1,-0.5395478140244085,-6.193984324614531,"Q3: lo-scaling, lo-content"
Augusta Ambianorum,Belgica,10.555734610523901,0.0,4.430816798843313,84,1,0.49007160315674936,-6.0692436109052235,"Q2: lo-scaling, hi-content"
Camarina,Sicilia,10.184786798018687,0.0,3.332204510175204,28,1,-0.6085406855113602,-5.8142216694588305,"Q3: lo-scaling, lo-content"
Augusta Suessionum,Belgica,9.818147505369113,0.0,4.927253685157205,138,1,0.9865084894706411,-5.562161781059536,"Q2: lo-scaling, hi-content"
Augustonemetum,Aquitani(c)a,9.760655903428585,0.0,2.6390573296152584,14,1,-1.3016878660713056,-5.5226370300043435,"Q3: lo-scaling, lo-content"
Numluli,Africa proconsularis,9.588502797556337,0.0,3.6635616461296463,39,1,-0.2771835495569177,-5.404283941495566,"Q3: lo-scaling, lo-content"
Iatinum,Lugudunensis,9.48440514846878,0.0,3.970291913552122,53,1,0.02954671786555796,-5.3327181209802035,"Q2: lo-scaling, hi-content"
Mediolanum (Gallia Lugdunensis) (1),Lugudunensis,9.290444616217844,0.0,3.2188758248682006,25,1,-0.7218693708183634,-5.1993727019452445,"Q3: lo-scaling, lo-content"
Cibalae,Pannonia inferior,9.111955470054781,0.0,1.791759469228055,6,1,-2.148985726458509,-5.076663665668144,"Q3: lo-scaling, lo-content"
Cenabum,Lugudunensis,9.038483865029992,0.0,4.189654742026425,66,1,0.24890954633986118,-5.026152864086477,"Q2: lo-scaling, hi-content"
Augustomagus,Belgica,8.90598676523643,0.0,4.5217885770490405,92,1,0.5810433813624765,-4.9350627794808535,"Q2: lo-scaling, hi-content"
Leontini,Sicilia,8.662504922576291,,,0,1,,-4.767672084270161,
Andautonia,Pannonia superior,8.662504922576291,0.0,4.143134726391533,63,1,0.20238953070496857,-4.767672084270161,"Q2: lo-scaling, hi-content"
Augusta Tricastinorum,Gallia Narbonensis,8.628555659269699,0.0,2.772588722239781,16,1,-1.1681564734467829,-4.74433239403004,"Q3: lo-scaling, lo-content"
Vesontio,Germania superior,9.621522440413576,0.6931471805599453,4.02535169073515,56,2,-0.5882869284578822,-4.733837348844334,"Q3: lo-scaling, lo-content"
Faventia,Aemilia / Regio VIII,8.593969030218288,0.0,7.0326242610280065,1133,1,3.0918790653414425,-4.720554522880974,"Q2: lo-scaling, hi-content"
Aginnum,Aquitani(c)a,9.502338118495565,0.6931471805599453,4.02535169073515,56,2,-0.5882869284578822,-4.651899631082282,"Q3: lo-scaling, lo-content"
Caesarodunum,Lugudunensis,9.351579483668907,0.6931471805599453,4.990432586778736,147,2,0.37679396758570416,-4.548254971517772,"Q2: lo-scaling, hi-content"
Scallabis,Lusitania,8.278174290943738,0.0,2.5649493574615367,13,1,-1.3757958382250273,-4.503449623503191,"Q3: lo-scaling, lo-content"
Nemetacum,Belgica,8.278174290943738,0.0,3.044522437723423,21,1,-0.896222757963141,-4.503449623503191,"Q3: lo-scaling, lo-content"
Alesia,Lugudunensis,9.845964366292462,1.0986122886681098,4.3694478524670215,79,3,-0.637808186459174,-4.482673233355707,"Q3: lo-scaling, lo-content"
Autricum,Lugudunensis,10.446102498791525,1.6094379124341003,6.893656354602635,986,5,1.3905010140114626,-4.384435004706847,"Q2: lo-scaling, hi-content"
Leptiminus,Africa proconsularis,9.012986392348266,0.6931471805599453,5.6131281063880705,274,2,0.9994894871950386,-4.31547649271838,"Q2: lo-scaling, hi-content"
Limonum,Aquitani(c)a,9.588502797556337,1.0986122886681098,4.672828834461906,107,3,-0.33442720446428975,-4.305671652827456,"Q3: lo-scaling, lo-content"
Claterna,Aemilia / Regio VIII,7.9229859587111955,0.0,3.912023005428146,50,1,-0.028722190258418046,-4.259262125932286,"Q3: lo-scaling, lo-content"
Lambiridi,Numidia,7.8013913202914855,0.0,4.48863636973214,89,1,0.5478911740455756,-4.1756673459823945,"Q2: lo-scaling, hi-content"
Lopodunum,Germania superior,8.727616178321068,0.6931471805599453,3.6109179126442243,37,2,-1.0027207065488075,-4.119288070630931,"Q3: lo-scaling, lo-content"
Arausio,Gallia Narbonensis,9.311090275076326,1.0986122886681098,5.749392985908253,314,3,0.7421369469820576,-4.114954043289324,"Q2: lo-scaling, hi-content"
Nasium,Belgica,9.311090275076326,1.0986122886681098,4.836281906951478,126,3,-0.17097413197471756,-4.114954043289324,"Q3: lo-scaling, lo-content"
Termes,Hispania citerior,7.6676260915849905,0.0,3.4965075614664802,33,1,-0.4442376342200838,-4.08370543874707,"Q3: lo-scaling, lo-content"
Lixus,Mauretania Tingitana,7.6676260915849905,0.0,3.6888794541139363,40,1,-0.25186574157262775,-4.08370543874707,"Q3: lo-scaling, lo-content"
Picentia,Latium et Campania / Regio I,9.669535802505315,1.3862943611198906,5.717027701406222,304,4,0.4304956587067217,-4.073698749015221,"Q2: lo-scaling, hi-content"
Augustoritum,Aquitani(c)a,9.989481745702989,1.6094379124341003,5.5093883366279774,247,5,0.006232996036804828,-4.07051399740689,"Q2: lo-scaling, hi-content"
Bassiana (Pannonia Inferior),Pannonia superior,7.5953872788539725,0.0,2.772588722239781,16,1,-1.1681564734467829,-4.034042166315216,"Q3: lo-scaling, lo-content"
Blera,Etruria / Regio VII,7.5953872788539725,0.0,3.4011973816621555,30,1,-0.5395478140244085,-4.034042166315216,"Q3: lo-scaling, lo-content"
Segodunum,Aquitani(c)a,8.593969030218288,0.6931471805599453,5.099866427824199,164,2,0.4862278086311669,-4.027407342321029,"Q2: lo-scaling, hi-content"
Norba,Latium et Campania / Regio I,8.593969030218288,0.6931471805599453,4.61512051684126,101,2,0.0014818976482278146,-4.027407342321029,"Q2: lo-scaling, hi-content"
Mediolanum (Gallia Aquitania),Aquitani(c)a,10.174087045006633,1.791759469228055,6.695798917058491,809,6,1.0156494546258275,-4.015106255016535,"Q2: lo-scaling, hi-content"
Abthungi,Africa proconsularis,8.484049972822984,0.6931471805599453,5.713732805509369,303,2,1.100094186316337,-3.95183937703342,"Q2: lo-scaling, hi-content"
Sicca Veneria,Africa proconsularis,10.23720600096072,1.9459101490553132,6.037870919922137,419,7,0.20807505973449825,-3.9043490611375304,"Q2: lo-scaling, hi-content"
Thelepte,Africa proconsularis,10.671997275090702,2.302585092994046,6.214608098422191,500,10,0.0385593343245505,-3.846587633102117,"Q2: lo-scaling, hi-content"
Cartenna,Mauretania Caesariensis,9.311090275076326,1.3862943611198906,5.247024072160486,190,4,-0.039507970539014,-3.8272719708375433,"Q3: lo-scaling, lo-content"
Metapontum,Bruttium et Lucania / Regio III,7.259819610363186,0.0,3.5553480614894135,35,1,-0.3853971341971505,-3.8033436275444634,"Q3: lo-scaling, lo-content"
Gunugu,Mauretania Caesariensis,8.232706009860976,0.6931471805599453,5.099866427824199,164,2,0.4862278086311669,-3.779043573298898,"Q2: lo-scaling, hi-content"
Noviodunum (Gallia Lugdunensis),Lugudunensis,8.185907481482324,0.6931471805599453,4.189654742026425,66,2,-0.4239838771666067,-3.746870175420214,"Q3: lo-scaling, lo-content"
Choba,Mauretania Caesariensis,7.160845906664299,0.0,4.969813299576001,144,1,1.0290681038894367,-3.735300454843249,"Q2: lo-scaling, hi-content"
Tullum,Belgica,7.053585727193677,0.0,2.772588722239781,16,1,-1.1681564734467829,-3.6615604345860806,"Q3: lo-scaling, lo-content"
Avaricum,Aquitani(c)a,9.873234509365107,1.9459101490553132,5.616771097666572,275,7,-0.2130247625210675,-3.6541232523074854,"Q3: lo-scaling, lo-content"
Rusicada,Numidia,10.06172985026664,2.0794415416798357,6.313548046277095,552,8,0.3541225800711265,-3.6501800286107238,"Q2: lo-scaling, hi-content"
Isca,Britannia,8.558335134747413,1.0986122886681098,2.70805020110221,15,3,-2.2992058378239855,-3.597444380612089,"Q3: lo-scaling, lo-content"
Statonia,Etruria / Regio VII,6.907755278982137,0.0,2.5649493574615367,13,1,-1.3757958382250273,-3.561303841148474,"Q3: lo-scaling, lo-content"
Genusia,Apulia et Calabria / Regio II,6.907755278982137,0.0,3.1780538303479458,24,1,-0.7626913653386183,-3.561303841148474,"Q3: lo-scaling, lo-content"
Pitulum,Umbria / Regio VI,6.907755278982137,0.0,5.521460917862246,250,1,1.580715722175682,-3.561303841148474,"Q2: lo-scaling, hi-content"
Neapolis (Africa Proconsularis),Africa proconsularis,6.907755278982137,0.0,3.6635616461296463,39,1,-0.2771835495569177,-3.561303841148474,"Q3: lo-scaling, lo-content"
Thisica,Africa proconsularis,6.907755278982137,0.0,3.4011973816621555,30,1,-0.5395478140244085,-3.561303841148474,"Q3: lo-scaling, lo-content"
Consoranni,Aquitani(c)a,6.907755278982137,0.0,2.5649493574615367,13,1,-1.3757958382250273,-3.561303841148474,"Q3: lo-scaling, lo-content"
Lacimurga,Baetica,6.907755278982137,0.0,3.7376696182833684,42,1,-0.2030755774031956,-3.561303841148474,"Q3: lo-scaling, lo-content"
Roda,Hispania citerior,6.907755278982137,0.0,3.8918202981106265,49,1,-0.04892489757593754,-3.561303841148474,"Q3: lo-scaling, lo-content"
Ad Sava,Mauretania Caesariensis,6.907755278982137,0.0,2.995732273553991,20,1,-0.9450129221325732,-3.561303841148474,"Q3: lo-scaling, lo-content"
Apta,Gallia Narbonensis,6.907755278982137,0.0,4.532599493153256,93,1,0.5918542974666923,-3.561303841148474,"Q2: lo-scaling, hi-content"
Aquae Calidae,Mauretania Caesariensis,6.907755278982137,0.0,3.7612001156935624,43,1,-0.17954507999300162,-3.561303841148474,"Q3: lo-scaling, lo-content"
Enna,Sicilia,6.907755278982137,,,0,1,,-3.561303841148474,
Caesaromagus (Gallia Belgica),Belgica,6.907755278982137,0.0,1.9459101490553132,7,1,-1.9948350466312508,-3.561303841148474,"Q3: lo-scaling, lo-content"
Apollonia (Sicilia),Sicilia,6.907755278982137,,,0,1,,-3.561303841148474,
Aunobari,Africa proconsularis,6.907755278982137,0.0,3.828641396489095,46,1,-0.11210379919746893,-3.561303841148474,"Q3: lo-scaling, lo-content"
Solona,Aemilia / Regio VIII,6.907755278982137,0.0,4.02535169073515,56,1,0.08460649504858564,-3.561303841148474,"Q2: lo-scaling, hi-content"
Ugia,Baetica,6.907755278982137,0.0,3.828641396489095,46,1,-0.11210379919746893,-3.561303841148474,"Q3: lo-scaling, lo-content"
Bistua Nova,Dalmatia,6.907755278982137,0.0,1.9459101490553132,7,1,-1.9948350466312508,-3.561303841148474,"Q3: lo-scaling, lo-content"
Abbir Maius,Africa proconsularis,6.907755278982137,0.0,6.450470422144176,633,1,2.5097252264576118,-3.561303841148474,"Q2: lo-scaling, hi-content"
Sexi,Baetica,6.907755278982137,0.0,5.081404364984463,161,1,1.1406591692978991,-3.561303841148474,"Q2: lo-scaling, hi-content"
Iluro,Baetica,6.907755278982137,0.0,5.062595033026967,158,1,1.1218498373404029,-3.561303841148474,"Q2: lo-scaling, hi-content"
Vibinum,Bruttium et Lucania / Regio III,6.907755278982137,0.0,3.295836866004329,27,1,-0.6449083296822349,-3.561303841148474,"Q3: lo-scaling, lo-content"
Axati,Baetica,6.907755278982137,0.0,5.099866427824199,164,1,1.1591212321376347,-3.561303841148474,"Q2: lo-scaling, hi-content"
Aregenua,Lugudunensis,6.907755278982137,0.0,7.593877844605118,1986,1,3.6531326489185543,-3.561303841148474,"Q2: lo-scaling, hi-content"
Acholla,Africa proconsularis,6.907755278982137,0.0,5.746203190540153,313,1,1.805457994853589,-3.561303841148474,"Q2: lo-scaling, hi-content"
Pheradi Maius,Africa proconsularis,6.907755278982137,0.0,3.9889840465642745,54,1,0.048238850877710515,-3.561303841148474,"Q2: lo-scaling, hi-content"
Arsennaria,Mauretania Caesariensis,6.907755278982137,0.0,4.564348191467836,96,1,0.6236029957812721,-3.561303841148474,"Q2: lo-scaling, hi-content"
Hippo Diarrhytus,Africa proconsularis,6.907755278982137,0.0,3.7612001156935624,43,1,-0.17954507999300162,-3.561303841148474,"Q3: lo-scaling, lo-content"
Iuvavum,Noricum,6.907755278982137,0.0,2.3978952727983707,11,1,-1.5428499228881933,-3.561303841148474,"Q3: lo-scaling, lo-content"
Abitinae,Africa proconsularis,6.907755278982137,0.0,4.343805421853684,77,1,0.4030602261671201,-3.561303841148474,"Q2: lo-scaling, hi-content"
Uzelis,Numidia,6.907755278982137,0.0,5.726847747587197,307,1,1.7861025519006328,-3.561303841148474,"Q2: lo-scaling, hi-content"
Pons Saravi,Belgica,6.907755278982137,0.0,2.0794415416798357,8,1,-1.8613036540067283,-3.561303841148474,"Q3: lo-scaling, lo-content"
Saetabis,Hispania citerior,6.907755278982137,0.0,4.624972813284271,102,1,0.6842276175977067,-3.561303841148474,"Q2: lo-scaling, hi-content"
Ortoplinia,Dalmatia,6.907755278982137,0.0,4.442651256490317,85,1,0.5019060608037527,-3.561303841148474,"Q2: lo-scaling, hi-content"
Vegium,Dalmatia,6.907755278982137,0.0,4.1588830833596715,64,1,0.2181378876731075,-3.561303841148474,"Q2: lo-scaling, hi-content"
Diluntum,Dalmatia,6.907755278982137,0.0,4.804021044733257,122,1,0.8632758490466927,-3.561303841148474,"Q2: lo-scaling, hi-content"
Unknown (2),Aquitani(c)a,6.907755278982137,0.0,4.248495242049359,70,1,0.30775004636279535,-3.561303841148474,"Q2: lo-scaling, hi-content"
Pistorium,Etruria / Regio VII,6.907755278982137,0.0,3.8066624897703196,45,1,-0.13408270591624438,-3.561303841148474,"Q3: lo-scaling, lo-content"
Utica,Africa proconsularis,9.715892113239466,1.9459101490553132,6.003887067106539,405,7,0.17409120691889957,-3.545952339906636,"Q2: lo-scaling, hi-content"
Iuliomagus,Lugudunensis,10.026103336076316,2.1972245773362196,5.5053315359323625,246,9,-0.568435346233465,-3.5079042138908263,"Q3: lo-scaling, lo-content"
Avennio,Gallia Narbonensis,8.819813136232225,1.3862943611198906,4.890349128221754,133,4,-0.39618291447774645,-3.4895251355344215,"Q3: lo-scaling, lo-content"
Unknown (3),Gallia Narbonensis,7.8013913202914855,0.6931471805599453,4.343805421853684,77,2,-0.26983319733934774,-3.482520165422449,"Q3: lo-scaling, lo-content"
Agrigentum,Sicilia,10.88429180523535,2.833213344056216,6.016157159698354,410,17,-0.6750149006926263,-3.461909193336319,"Q3: lo-scaling, lo-content"
Iader,Dalmatia,10.297487182535015,2.4849066497880004,6.118097198041348,454,12,-0.2349456878977838,-3.4067951122666185,"Q3: lo-scaling, lo-content"
Thibiuca,Africa proconsularis,8.662504922576291,1.3862943611198906,5.831882477283517,341,4,0.5453504345840168,-3.38137772315027,"Q2: lo-scaling, hi-content"
Suana,Etruria / Regio VII,7.5953872788539725,0.6931471805599453,4.564348191467836,96,2,-0.04929042772519576,-3.3408949857552708,"Q3: lo-scaling, lo-content"
Venta Belgarum,Britannia,9.158836529109067,1.791759469228055,4.5217885770490405,92,6,-1.1583608853836234,-3.317134333117115,"Q3: lo-scaling, lo-content"
Syracusae,Sicilia,11.336558146464489,3.295836866004329,5.953243334287785,385,27,-1.1870343911176748,-3.310213075467428,"Q3: lo-scaling, lo-content"
Thysdrus,Africa proconsularis,10.63436394990608,2.833213344056216,7.1592919047975645,1286,17,0.4681198444065844,-3.2900869457345543,"Q2: lo-scaling, hi-content"
Osca,Hispania citerior,7.519149957669823,0.6931471805599453,3.713572066704308,41,2,-0.9000665524887239,-3.288482789204629,"Q3: lo-scaling, lo-content"
Flavia Solva,Noricum,7.519149957669823,0.6931471805599453,2.6390573296152584,14,2,-1.9745812895777735,-3.288482789204629,"Q3: lo-scaling, lo-content"
Acerrae,Latium et Campania / Regio I,7.519149957669823,0.6931471805599453,6.311734809152915,551,2,1.698096189959883,-3.288482789204629,"Q2: lo-scaling, hi-content"
Boutae,Gallia Narbonensis,8.087025470667701,1.0986122886681098,4.927253685157205,138,3,-0.08000235376899045,-3.2734249323120235,"Q3: lo-scaling, lo-content"
Vetulonia,Etruria / Regio VII,8.034631032923107,1.0986122886681098,4.6913478822291435,109,3,-0.3159081566970521,-3.2374044173388272,"Q3: lo-scaling, lo-content"
Numana,Picenum / Regio V,7.438383530044307,0.6931471805599453,3.8918202981106265,49,2,-0.7218183210824054,-3.2329568891119864,"Q3: lo-scaling, lo-content"
Margum,Moesia superior,9.248021438943871,1.9459101490553132,5.978885764901122,395,7,0.14908990471348282,-3.2242971536989575,"Q2: lo-scaling, hi-content"
Noviomagus (Gallia Lugdunensis),Lugudunensis,9.605148899895818,2.1972245773362196,4.204692619390966,67,9,-1.8690742627748618,-3.218503349520684,"Q3: lo-scaling, lo-content"
Hasta Regia,Baetica,8.727616178321068,1.6094379124341003,4.890349128221754,133,5,-0.6128062123694189,-3.2029973387567763,"Q3: lo-scaling, lo-content"
Numantia,Hispania citerior,7.980023592310645,1.0986122886681098,4.74493212836325,115,3,-0.26232391056294535,-3.1998624908118636,"Q3: lo-scaling, lo-content"
Vulci,Etruria / Regio VII,9.730977703126166,2.302585092994046,6.261491684321042,524,10,0.08544292022340105,-3.1996485487044257,"Q2: lo-scaling, hi-content"
Forum Segusiavorum,Lugudunensis,9.204121072162266,1.9459101490553132,6.369900982828227,584,7,0.540105122640588,-3.1941162053568064,"Q2: lo-scaling, hi-content"
Bantia,Apulia et Calabria / Regio II,8.364275084991524,1.3862943611198906,5.332718793265369,207,4,0.04618675056586863,-3.1763484720961452,"Q2: lo-scaling, hi-content"
Moridunum,Britannia,7.351799869057777,0.6931471805599453,3.044522437723423,21,2,-1.5691161814696089,-3.1734317144703086,"Q3: lo-scaling, lo-content"
Virunum,Noricum,8.877939834725023,1.791759469228055,4.6913478822291435,109,6,-0.9888015802035204,-3.1240213993491444,"Q3: lo-scaling, lo-content"
Valentia (Gallia Narbonensis),Gallia Narbonensis,8.278174290943738,1.3862943611198906,5.308267697401205,202,4,0.02173565470170491,-3.1171552623833003,"Q2: lo-scaling, hi-content"
Thuburnica,Africa proconsularis,8.278174290943738,1.3862943611198906,6.089044875446846,441,4,0.8025128327473459,-3.1171552623833003,"Q2: lo-scaling, hi-content"
Thignica,Africa proconsularis,9.588502797556337,2.302585092994046,7.335633981927201,1534,10,1.1595852178295605,-3.1016988485015204,"Q2: lo-scaling, hi-content"
Bagacum,Belgica,8.558335134747413,1.6094379124341003,5.638354669333745,281,5,0.1351993287425728,-3.0866187568460983,"Q2: lo-scaling, hi-content"
Graviscae,Etruria / Regio VII,8.13739583005665,1.3862943611198906,4.990432586778736,147,4,-0.29609945592076414,-3.0203718464984695,"Q3: lo-scaling, lo-content"
Tauromenium,Sicilia,9.311090275076326,2.1972245773362196,6.218600119691729,502,9,0.14483323752590138,-3.0163417546212146,"Q2: lo-scaling, hi-content"
Forum Iulii (Gallia Narbonensis),Gallia Narbonensis,8.93353229607628,1.9459101490553132,5.872117789475416,355,7,0.04232192928777678,-3.0080898353803516,"Q2: lo-scaling, hi-content"
Avitta,Africa proconsularis,8.90598676523643,1.9459101490553132,7.146772179452637,1270,7,1.316976319264998,-2.98915263042554,"Q2: lo-scaling, hi-content"
Ercavica,Hispania citerior,7.6676260915849905,1.0986122886681098,4.653960350157523,105,3,-0.35329568876867246,-2.98509315007896,"Q3: lo-scaling, lo-content"
Pollentia (Hispania Tarraconensis),Hispania citerior,7.053585727193677,0.6931471805599453,5.634789603169249,280,2,1.0211509839762174,-2.968413254026135,"Q2: lo-scaling, hi-content"
Durnovaria,Britannia,8.628555659269699,1.791759469228055,4.927253685157205,138,6,-0.7528957772754588,-2.9525729248019847,"Q3: lo-scaling, lo-content"
Savaria,Pannonia superior,8.84922702143852,1.9459101490553132,7.4815557019095165,1775,7,1.6517598417218773,-2.950131022610723,"Q2: lo-scaling, hi-content"
Drepanum (Silicia),Sicilia,7.5953872788539725,1.0986122886681098,1.0986122886681098,3,3,-3.9086437502580855,-2.935429877647106,"Q3: lo-scaling, lo-content"
Cillium,Africa proconsularis,8.321907968230423,1.6094379124341003,8.48446336679332,4839,5,2.9813080262021465,-2.924078062486336,"Q2: lo-scaling, hi-content"
Ossonoba,Lusitania,8.278174290943738,1.6094379124341003,5.62040086571715,276,5,0.11724552512597697,-2.8940117110690906,"Q2: lo-scaling, hi-content"
Carcaso,Gallia Narbonensis,6.907755278982137,0.6931471805599453,4.48863636973214,89,2,-0.12500224946089222,-2.8681566605885287,"Q3: lo-scaling, lo-content"
Urbana,Venetia et Histria / Regio X,6.907755278982137,0.6931471805599453,4.465908118654584,87,2,-0.14773050053844816,-2.8681566605885287,"Q3: lo-scaling, lo-content"
Caudium,Apulia et Calabria / Regio II,6.907755278982137,0.6931471805599453,4.382026634673881,80,2,-0.23161198451915066,-2.8681566605885287,"Q3: lo-scaling, lo-content"
Aeminium,Lusitania,6.907755278982137,0.6931471805599453,4.189654742026425,66,2,-0.4239838771666067,-2.8681566605885287,"Q3: lo-scaling, lo-content"
Diana Veteranorum,Numidia,6.907755278982137,0.6931471805599453,5.855071922202427,349,2,1.2414333030093951,-2.8681566605885287,"Q2: lo-scaling, hi-content"
Orippo,Baetica,6.907755278982137,0.6931471805599453,3.7612001156935624,43,2,-0.8524385034994695,-2.8681566605885287,"Q3: lo-scaling, lo-content"
Callet,Baetica,6.907755278982137,0.6931471805599453,6.030685260261263,416,2,1.4170466410682314,-2.8681566605885287,"Q2: lo-scaling, hi-content"
Baiae,Latium et Campania / Regio I,6.907755278982137,0.6931471805599453,5.081404364984463,161,2,0.46776574579143126,-2.8681566605885287,"Q2: lo-scaling, hi-content"
Phintias,Sicilia,6.907755278982137,0.6931471805599453,2.833213344056216,17,2,-1.7804252751368157,-2.8681566605885287,"Q3: lo-scaling, lo-content"
Mirobriga (Hispania Tarraconensis),Baetica,6.907755278982137,0.6931471805599453,3.7376696182833684,42,2,-0.8759690009096635,-2.8681566605885287,"Q3: lo-scaling, lo-content"
Lopsica,Dalmatia,6.907755278982137,0.6931471805599453,4.2626798770413155,71,2,-0.3509587421517164,-2.8681566605885287,"Q3: lo-scaling, lo-content"
Lucurgentum,Baetica,6.907755278982137,0.6931471805599453,3.4339872044851463,31,2,-1.1796514147078856,-2.8681566605885287,"Q3: lo-scaling, lo-content"
Igilgili,Numidia,6.907755278982137,0.6931471805599453,6.29156913955832,540,2,1.6779305203652886,-2.8681566605885287,"Q2: lo-scaling, hi-content"
Irni,Baetica,6.907755278982137,0.6931471805599453,3.6888794541139363,40,2,-0.9247591650790956,-2.8681566605885287,"Q3: lo-scaling, lo-content"
Acruvium,Dalmatia,6.907755278982137,0.6931471805599453,2.5649493574615367,13,2,-2.048689261731495,-2.8681566605885287,"Q3: lo-scaling, lo-content"
Rusazus,Mauretania Caesariensis,6.907755278982137,0.6931471805599453,5.442417710521793,231,2,0.8287790913287614,-2.8681566605885287,"Q2: lo-scaling, hi-content"
Rusuccuru,Mauretania Caesariensis,6.907755278982137,0.6931471805599453,4.955827057601261,142,2,0.342188438408229,-2.8681566605885287,"Q2: lo-scaling, hi-content"
Teurnia,Noricum,6.907755278982137,0.6931471805599453,3.8066624897703196,45,2,-0.8069761294227122,-2.8681566605885287,"Q3: lo-scaling, lo-content"
Agyrium,Sicilia,6.907755278982137,,,0,2,,-2.8681566605885287,
Aprustum,Bruttium et Lucania / Regio III,6.907755278982137,0.6931471805599453,4.5217885770490405,92,2,-0.0918500421439914,-2.8681566605885287,"Q3: lo-scaling, lo-content"
Thaenae,Africa proconsularis,6.907755278982137,0.6931471805599453,5.69035945432406,296,2,1.0767208351310282,-2.8681566605885287,"Q2: lo-scaling, hi-content"
Durobrivae (Britannia) (2),Britannia,6.907755278982137,0.6931471805599453,1.9459101490553132,7,2,-2.6677284701377184,-2.8681566605885287,"Q3: lo-scaling, lo-content"
Pupput,Africa proconsularis,6.907755278982137,0.6931471805599453,5.811140992976701,334,2,1.197502373783669,-2.8681566605885287,"Q2: lo-scaling, hi-content"
Fidentia,Aemilia / Regio VIII,6.907755278982137,0.6931471805599453,4.204692619390966,67,2,-0.40894599980206614,-2.8681566605885287,"Q3: lo-scaling, lo-content"
Flaviobriga,Hispania citerior,6.907755278982137,0.6931471805599453,4.454347296253507,86,2,-0.15929132293952453,-2.8681566605885287,"Q3: lo-scaling, lo-content"
Maraci,Africa proconsularis,6.907755278982137,0.6931471805599453,5.631211781821365,279,2,1.0175731626283335,-2.8681566605885287,"Q2: lo-scaling, hi-content"
Avedda,Africa proconsularis,6.907755278982137,0.6931471805599453,6.077642243349034,436,2,1.4640036241560024,-2.8681566605885287,"Q2: lo-scaling, hi-content"
Iulia Traducta,Baetica,6.907755278982137,0.6931471805599453,2.9444389791664403,19,2,-1.6691996400265916,-2.8681566605885287,"Q3: lo-scaling, lo-content"
Clupea,Africa proconsularis,6.907755278982137,0.6931471805599453,5.0369526024136295,154,2,0.42331398322059766,-2.8681566605885287,"Q2: lo-scaling, hi-content"
Iuliobriga,Hispania citerior,6.907755278982137,0.6931471805599453,4.110873864173311,61,2,-0.5027647550197205,-2.8681566605885287,"Q3: lo-scaling, lo-content"
Eryx,Sicilia,6.907755278982137,,,0,2,,-2.8681566605885287,
Calama,Africa proconsularis,7.8636512654486515,1.3862943611198906,6.102558594613569,447,4,0.816026551914069,-2.8321759117246303,"Q2: lo-scaling, hi-content"
Segermes,Africa proconsularis,7.438383530044307,1.0986122886681098,5.424950017481403,227,3,0.4176939785552074,-2.827491781003822,"Q2: lo-scaling, hi-content"
Lugdunum Convenarum,Aquitani(c)a,8.93353229607628,2.1972245773362196,6.082218910376446,438,9,0.008452028210618856,-2.7567754070994455,"Q2: lo-scaling, hi-content"
Messana,Sicilia,9.351579483668907,2.4849066497880004,6.0473721790462776,423,12,-0.3056707068928546,-2.756495502289717,"Q3: lo-scaling, lo-content"
Meninx,Numidia,8.75904072752422,2.0794415416798357,6.70808408385307,819,8,0.7486586176471013,-2.7545976906552965,"Q2: lo-scaling, hi-content"
Mauves,Gallia Narbonensis,7.736307096548285,1.3862943611198906,6.366470447731438,582,4,1.079938405031938,-2.744628402101852,"Q2: lo-scaling, hi-content"
Madauros,Africa proconsularis,7.736307096548285,1.3862943611198906,6.472346294500901,647,4,1.1858142518014008,-2.744628402101852,"Q2: lo-scaling, hi-content"
Durovernum,Britannia,9.181735114965848,2.3978952727983707,5.278114659230517,196,11,-0.9904593217074202,-2.7267410184487693,"Q3: lo-scaling, lo-content"
Scodra,Dalmatia,8.232706009860976,1.791759469228055,5.420534999272286,226,6,-0.2596144631603776,-2.6804312846307883,"Q3: lo-scaling, lo-content"
Verulamium,Britannia,9.745897631961357,2.833213344056216,4.499809670330265,90,17,-2.191362390060715,-2.679277560495744,"Q3: lo-scaling, lo-content"
Forum Cornelii,Aemilia / Regio VIII,8.75904072752422,2.1972245773362196,6.186208623900494,486,9,0.11244174173466615,-2.6368146549989127,"Q2: lo-scaling, hi-content"
Glanum,Gallia Narbonensis,8.364275084991524,1.9459101490553132,6.3784261836515865,589,7,0.5486303234639474,-2.6167326841607226,"Q2: lo-scaling, hi-content"
Saldae,Mauretania Caesariensis,9.087946723762116,2.4849066497880004,7.325148957955575,1518,12,0.9721060720164427,-2.5752513056836093,"Q2: lo-scaling, hi-content"
Scolacium,Bruttium et Lucania / Regio III,8.034631032923107,1.791759469228055,5.5053315359323625,246,6,-0.17481792650030137,-2.5442572367788823,"Q3: lo-scaling, lo-content"
Morgantina,Sicilia,8.034631032923107,,,0,6,,-2.5442572367788823,
Malaca,Baetica,8.034631032923107,1.791759469228055,8.588955557643128,5372,6,2.9088060952104646,-2.5442572367788823,"Q2: lo-scaling, hi-content"
Rusguniae,Mauretania Caesariensis,7.736307096548285,1.6094379124341003,5.929589143389895,376,5,0.426433802798722,-2.521484850787642,"Q2: lo-scaling, hi-content"
Pitinum Mergens,Umbria / Regio VI,7.351799869057777,1.3862943611198906,5.278114659230517,196,4,-0.008417383468983353,-2.480284533910363,"Q3: lo-scaling, lo-content"
Fregenae,Etruria / Regio VII,6.907755278982137,1.0986122886681098,4.736198448394496,114,3,-0.27105759053169987,-2.462691552480364,"Q3: lo-scaling, lo-content"
Icosium,Mauretania Caesariensis,6.907755278982137,1.0986122886681098,5.517452896464707,249,3,0.5101968575385118,-2.462691552480364,"Q2: lo-scaling, hi-content"
Neviodunum,Pannonia superior,6.907755278982137,1.0986122886681098,3.9512437185814275,52,3,-1.056012320344768,-2.462691552480364,"Q3: lo-scaling, lo-content"
Sala,Mauretania Tingitana,6.907755278982137,1.0986122886681098,5.3230099791384085,205,3,0.3157539402122129,-2.462691552480364,"Q2: lo-scaling, hi-content"
Labicum,Latium et Campania / Regio I,6.907755278982137,1.0986122886681098,5.572154032177765,263,3,0.5648979932515692,-2.462691552480364,"Q2: lo-scaling, hi-content"
Segida,Baetica,6.907755278982137,1.0986122886681098,4.820281565605037,124,3,-0.18697447332115846,-2.462691552480364,"Q3: lo-scaling, lo-content"
Arva,Baetica,6.907755278982137,1.0986122886681098,5.135798437050262,170,3,0.12854239812406654,-2.462691552480364,"Q2: lo-scaling, hi-content"
Zama Regia,Africa proconsularis,6.907755278982137,1.0986122886681098,5.552959584921617,258,3,0.5457035459954218,-2.462691552480364,"Q2: lo-scaling, hi-content"
Thabraca,Africa proconsularis,6.907755278982137,1.0986122886681098,5.0238805208462765,152,3,0.016624481920080925,-2.462691552480364,"Q2: lo-scaling, hi-content"
Leusaba,Dalmatia,6.907755278982137,1.0986122886681098,4.418840607796598,83,3,-0.5884154311295973,-2.462691552480364,"Q3: lo-scaling, lo-content"
Silvium,Apulia et Calabria / Regio II,6.907755278982137,1.0986122886681098,5.056245805348308,157,3,0.04898976642211217,-2.462691552480364,"Q2: lo-scaling, hi-content"
Carpentorate,Gallia Narbonensis,6.907755278982137,1.0986122886681098,5.318119993844216,204,3,0.31086395491802055,-2.462691552480364,"Q2: lo-scaling, hi-content"
Siga,Mauretania Caesariensis,6.907755278982137,1.0986122886681098,4.442651256490317,85,3,-0.5646047824358789,-2.462691552480364,"Q3: lo-scaling, lo-content"
Curubis,Africa proconsularis,6.907755278982137,1.0986122886681098,5.730099782973574,308,3,0.7228437440473785,-2.462691552480364,"Q2: lo-scaling, hi-content"
Tarvenna,Belgica,6.907755278982137,1.0986122886681098,4.127134385045092,62,3,-0.8801216538811039,-2.462691552480364,"Q3: lo-scaling, lo-content"
Chidibbia,Africa proconsularis,6.907755278982137,1.0986122886681098,5.921578419643816,373,3,0.9143223807176204,-2.462691552480364,"Q2: lo-scaling, hi-content"
Balsa,Lusitania,6.907755278982137,1.0986122886681098,5.869296913133774,354,3,0.8620408742075787,-2.462691552480364,"Q2: lo-scaling, hi-content"
Acci,Hispania citerior,6.907755278982137,1.0986122886681098,5.438079308923196,230,3,0.43082326999700005,-2.462691552480364,"Q2: lo-scaling, hi-content"
Ostra,Umbria / Regio VI,6.907755278982137,1.0986122886681098,4.31748811353631,75,3,-0.6897679253898854,-2.462691552480364,"Q3: lo-scaling, lo-content"
Netum,Sicilia,6.907755278982137,,,0,3,,-2.462691552480364,
Uluzibbira,Africa proconsularis,6.907755278982137,1.0986122886681098,5.236441962829949,188,3,0.2291859239037537,-2.462691552480364,"Q2: lo-scaling, hi-content"
Fulfinium,Dalmatia,6.907755278982137,1.0986122886681098,5.517452896464707,249,3,0.5101968575385118,-2.462691552480364,"Q2: lo-scaling, hi-content"
Pyrgi,Etruria / Regio VII,6.907755278982137,1.0986122886681098,5.153291594497779,173,3,0.14603555557158376,-2.462691552480364,"Q2: lo-scaling, hi-content"
Consentia,Bruttium et Lucania / Regio III,6.907755278982137,1.0986122886681098,4.890349128221754,133,3,-0.11690691070444181,-2.462691552480364,"Q3: lo-scaling, lo-content"
Hippo Regius,Africa proconsularis,9.204121072162266,2.70805020110221,6.601230118728877,736,15,0.03156393489807208,-2.43197615330991,"Q2: lo-scaling, hi-content"
Aquincum,Pannonia inferior,8.278174290943738,2.0794415416798357,6.542471960506805,694,8,0.5830464943008362,-2.4240080818233554,"Q2: lo-scaling, hi-content"
Eporedia,Transpadana / Regio XI,9.37143829231851,2.833213344056216,6.993932975223189,1090,17,0.30276091483220924,-2.4218414884415083,"Q2: lo-scaling, hi-content"
Lissus,Dalmatia,7.980023592310645,1.9459101490553132,6.091309882077698,442,7,0.2615140218900587,-2.35256463042466,"Q2: lo-scaling, hi-content"
Saletio,Germania superior,7.736307096548285,1.791759469228055,5.0689042022202315,159,6,-0.6112452602124323,-2.3391632939936877,"Q3: lo-scaling, lo-content"
Lutetia,Lugudunensis,8.819813136232225,2.5649493574615367,5.402677381872279,222,13,-1.0280693642335548,-2.3108701391927755,"Q3: lo-scaling, lo-content"
Ardea,Latium et Campania / Regio I,8.819813136232225,2.5649493574615367,6.682108597449809,798,13,0.25136185134397504,-2.3108701391927755,"Q2: lo-scaling, hi-content"
Bulla Regia,Africa proconsularis,8.695506726812653,2.4849066497880004,7.7306140660637395,2277,12,1.3775711801246073,-2.3054537585640618,"Q2: lo-scaling, hi-content"
Thubursicum Numidarum,Africa proconsularis,8.877939834725023,2.6390573296152584,7.0825485693553,1191,14,0.5798592856611933,-2.276723538961941,"Q2: lo-scaling, hi-content"
Carmo,Baetica,8.877939834725023,2.6390573296152584,7.069874128458572,1176,14,0.5671848447644656,-2.276723538961941,"Q2: lo-scaling, hi-content"
Ebora,Lusitania,7.053585727193677,1.3862943611198906,5.765191102784844,319,4,0.4786590600853442,-2.27526607346619,"Q2: lo-scaling, hi-content"
Soluntum,Sicilia,7.351799869057777,,,0,5,,-2.2571409825961535,
Vardagate,Liguria / Regio IX,7.351799869057777,1.6094379124341003,6.75110146893676,855,5,1.2479461283455873,-2.2571409825961535,"Q2: lo-scaling, hi-content"
Faesulae,Etruria / Regio VII,8.321907968230423,2.302585092994046,6.129050210060545,459,10,-0.04699855403709563,-2.2309308819263904,"Q3: lo-scaling, lo-content"
Luca,Etruria / Regio VII,8.90598676523643,2.70805020110221,6.8001700683022,898,15,0.23050388447139536,-2.2270125783786434,"Q2: lo-scaling, hi-content"
Tolosa,Gallia Narbonensis,9.760655903428585,3.295836866004329,6.401917196727186,603,27,-0.7383605286782737,-2.2268001640000143,"Q3: lo-scaling, lo-content"
Lucus Augusti (Hispania Tarraconensis),Hispania citerior,8.695506726812653,2.5649493574615367,6.694562058521095,808,13,0.2638153124152609,-2.2254110508905254,"Q2: lo-scaling, hi-content"
Condevicnum,Lugudunensis,7.519149957669823,1.791759469228055,5.4680601411351315,237,6,-0.21208932129753233,-2.1898705005365193,"Q3: lo-scaling, lo-content"
Dea Augusta Vocontiorum,Gallia Narbonensis,7.9229859587111955,2.0794415416798357,6.637258031284457,763,8,0.6778325650784884,-2.17982058425245,"Q2: lo-scaling, hi-content"
Odessus,Moesia inferior,8.628555659269699,2.5649493574615367,6.814542897259958,911,13,0.38379615115412413,-2.179383036568503,"Q2: lo-scaling, hi-content"
Cabellio,Gallia Narbonensis,6.907755278982137,1.3862943611198906,5.247024072160486,190,4,-0.039507970539014,-2.1750094800285833,"Q3: lo-scaling, lo-content"
Nesactium,Venetia et Histria / Regio X,6.907755278982137,1.3862943611198906,5.54907608489522,257,4,0.2625440421957199,-2.1750094800285833,"Q2: lo-scaling, hi-content"
Visentium,Etruria / Regio VII,6.907755278982137,1.3862943611198906,5.717027701406222,304,4,0.4304956587067217,-2.1750094800285833,"Q2: lo-scaling, hi-content"
Attacum,Hispania citerior,6.907755278982137,1.3862943611198906,4.844187086458591,127,4,-0.44234495624090897,-2.1750094800285833,"Q3: lo-scaling, lo-content"
Siarum,Baetica,6.907755278982137,1.3862943611198906,7.905072849498666,2711,4,2.6185408067991656,-2.1750094800285833,"Q2: lo-scaling, hi-content"
Neretum,Apulia et Calabria / Regio II,6.907755278982137,1.3862943611198906,6.682108597449809,798,4,1.395576554750309,-2.1750094800285833,"Q2: lo-scaling, hi-content"
Iria,Liguria / Regio IX,6.907755278982137,1.3862943611198906,4.219507705176107,68,4,-1.0670243375233932,-2.1750094800285833,"Q3: lo-scaling, lo-content"
Tigava,Mauretania Caesariensis,6.907755278982137,1.3862943611198906,5.860786223465865,351,4,0.5742541807663653,-2.1750094800285833,"Q2: lo-scaling, hi-content"
Tunisa,Africa proconsularis,6.907755278982137,1.3862943611198906,5.929589143389895,376,4,0.6430571006903945,-2.1750094800285833,"Q2: lo-scaling, hi-content"
Vaga,Africa proconsularis,6.907755278982137,1.3862943611198906,5.720311776607412,305,4,0.4337797339079117,-2.1750094800285833,"Q2: lo-scaling, hi-content"
Bida,Mauretania Caesariensis,6.907755278982137,1.3862943611198906,5.209486152841421,183,4,-0.07704588985807881,-2.1750094800285833,"Q3: lo-scaling, lo-content"
Apisa Maius,Africa proconsularis,6.907755278982137,1.3862943611198906,5.521460917862246,250,4,0.23492887516274585,-2.1750094800285833,"Q2: lo-scaling, hi-content"
Sufes,Africa proconsularis,6.907755278982137,1.3862943611198906,6.09807428216624,445,4,0.81154223946674,-2.1750094800285833,"Q2: lo-scaling, hi-content"
Crexa,Dalmatia,6.907755278982137,1.3862943611198906,4.499809670330265,90,4,-0.7867223723692351,-2.1750094800285833,"Q3: lo-scaling, lo-content"
Valentia (Italia (IX Liguria)),Liguria / Regio IX,6.907755278982137,1.3862943611198906,5.786897381366708,326,4,0.5003653386672076,-2.1750094800285833,"Q2: lo-scaling, hi-content"
Seria,Baetica,6.907755278982137,1.3862943611198906,4.983606621708336,146,4,-0.3029254209911638,-2.1750094800285833,"Q3: lo-scaling, lo-content"
Argentomagus,Aquitani(c)a,6.907755278982137,1.3862943611198906,4.219507705176107,68,4,-1.0670243375233932,-2.1750094800285833,"Q3: lo-scaling, lo-content"
Althiburos,Africa proconsularis,6.907755278982137,1.3862943611198906,5.910796644040527,369,4,0.6242646013410269,-2.1750094800285833,"Q2: lo-scaling, hi-content"
Aquae Flaviae,Hispania citerior,6.907755278982137,1.3862943611198906,5.5093883366279774,247,4,0.22285629392847728,-2.1750094800285833,"Q2: lo-scaling, hi-content"
Uxama,Hispania citerior,8.087025470667701,2.1972245773362196,5.805134968916488,332,9,-0.2686319132493393,-2.174812643643914,"Q3: lo-scaling, lo-content"
Plestia,Umbria / Regio VI,8.484049972822984,2.4849066497880004,5.87493073085203,356,12,-0.4781121550871017,-2.160079907805365,"Q3: lo-scaling, lo-content"
Aquae Sextiae,Gallia Narbonensis,9.226213721132472,2.995732273553991,6.131226489483141,460,20,-0.7177156981209682,-2.1594824983177863,"Q3: lo-scaling, lo-content"
Gigthis,Africa proconsularis,8.960596138864794,2.833213344056216,7.4073177104694174,1648,17,0.7161456500784373,-2.139392690875649,"Q2: lo-scaling, hi-content"
Uthina,Africa proconsularis,10.13026449508276,3.6375861597263857,7.38770923908104,1616,38,-0.08433186744036458,-2.1391521142840535,"Q3: lo-scaling, lo-content"
Tingis,Mauretania Tingitana,7.6676260915849905,1.9459101490553132,6.694562058521095,808,7,0.8647661983334558,-2.1377952896917565,"Q2: lo-scaling, hi-content"
Massalia,Gallia Narbonensis,9.111955470054781,2.9444389791664403,6.576469569048224,718,19,-0.22267811396671267,-2.1322246865017034,"Q3: lo-scaling, lo-content"
Alba Helviorum,Gallia Narbonensis,7.160845906664299,1.6094379124341003,5.342334251964811,209,5,-0.16082108862636169,-2.1258625424091484,"Q3: lo-scaling, lo-content"
Viroconium,Britannia,9.621522440413576,3.332204510175204,7.174724309836376,1306,28,-0.0008583973641993481,-2.0947800192290758,"Q3: lo-scaling, lo-content"
Venta Icenorum,Britannia,7.5953872788539725,1.9459101490553132,6.257667587882639,522,7,0.4278717276949999,-2.0881320172599027,"Q2: lo-scaling, hi-content"
Baeterrae,Gallia Narbonensis,7.351799869057777,1.791759469228055,5.648974238161206,284,6,-0.03117522427145758,-2.074819425802199,"Q3: lo-scaling, lo-content"
Isurium,Britannia,7.736307096548285,2.0794415416798357,5.030437921392435,153,8,-0.9289875448135332,-2.051481221541907,"Q3: lo-scaling, lo-content"
Carnuntum (2),Pannonia superior,9.204121072162266,3.091042453358316,7.737616282857904,2293,22,0.796148878413498,-2.048983901053804,"Q2: lo-scaling, hi-content"
Pollentia (Italia (V Picenum)),Picenum / Regio V,8.034631032923107,2.302585092994046,5.777652323222656,323,10,-0.3983964408749845,-2.0334316130128913,"Q3: lo-scaling, lo-content"
Oea,Africa proconsularis,9.012986392348266,2.995732273553991,7.189922170745808,1326,20,0.34097998314169864,-2.0128913997243347,"Q2: lo-scaling, hi-content"
Carteia,Baetica,7.980023592310645,2.302585092994046,6.021023349349527,412,10,-0.15502541474811427,-1.9958896864859277,"Q3: lo-scaling, lo-content"
Nemausus,Gallia Narbonensis,10.63436394990608,4.143134726391533,8.19450550976564,3621,63,0.23168796309873763,-1.9801655633992379,"Q2: lo-scaling, hi-content"
Copia,Bruttium et Lucania / Regio III,8.960596138864794,2.995732273553991,7.266827347520591,1432,20,0.4178851599164819,-1.9768737613778744,"Q2: lo-scaling, hi-content"
Divodurum,Belgica,9.012986392348266,3.044522437723423,6.651571873589727,774,21,-0.2447348298375438,-1.9641012355549026,"Q3: lo-scaling, lo-content"
Nertobriga,Baetica,6.907755278982137,1.6094379124341003,5.117993812416755,167,5,-0.3851615281744172,-1.9518659287143738,"Q3: lo-scaling, lo-content"
Adria,Venetia et Histria / Regio X,6.907755278982137,1.6094379124341003,5.225746673713202,186,5,-0.27740866687797094,-1.9518659287143738,"Q3: lo-scaling, lo-content"
Alsium,Etruria / Regio VII,6.907755278982137,1.6094379124341003,6.230481447578482,508,5,0.7273261069873094,-1.9518659287143738,"Q2: lo-scaling, hi-content"
Nabrissa,Baetica,6.907755278982137,1.6094379124341003,4.867534450455582,130,5,-0.6356208901355904,-1.9518659287143738,"Q3: lo-scaling, lo-content"
Baccanae,Etruria / Regio VII,6.907755278982137,1.6094379124341003,5.54907608489522,257,5,0.04592074430404747,-1.9518659287143738,"Q2: lo-scaling, hi-content"
Frusino,Latium et Campania / Regio I,6.907755278982137,1.6094379124341003,6.525029657843462,682,5,1.0218743172522897,-1.9518659287143738,"Q2: lo-scaling, hi-content"
Unknown (4),Lusitania,6.907755278982137,1.6094379124341003,4.59511985013459,99,5,-0.9080354904565828,-1.9518659287143738,"Q3: lo-scaling, lo-content"
Forum Hadriani,Germania inferior,6.907755278982137,1.6094379124341003,3.8066624897703196,45,5,-1.696492850820853,-1.9518659287143738,"Q3: lo-scaling, lo-content"
Treba,Latium et Campania / Regio I,6.907755278982137,1.6094379124341003,6.48768401848461,657,5,0.9845286778934375,-1.9518659287143738,"Q2: lo-scaling, hi-content"
Acrae,Sicilia,8.593969030218288,2.772588722239781,2.995732273553991,20,16,-3.636586616158446,-1.9479658006411928,"Q3: lo-scaling, lo-content"
Iamo,Hispania citerior,7.160845906664299,1.791759469228055,4.90527477843843,135,6,-0.7748746839942342,-1.943540985615194,"Q3: lo-scaling, lo-content"
Iesso,Hispania citerior,7.736307096548285,2.1972245773362196,6.428105272684596,619,9,0.3543383905187687,-1.9336981858855231,"Q2: lo-scaling, hi-content"
Alebaece,Gallia Narbonensis,7.351799869057777,1.9459101490553132,5.537334267018537,254,7,-0.2924615931691026,-1.9206687459749407,"Q3: lo-scaling, lo-content"
Halaesa,Sicilia,7.519149957669823,2.0794415416798357,5.0106352940962555,150,8,-0.948790172109713,-1.9021884280847385,"Q3: lo-scaling, lo-content"
Hadrumetum,Africa proconsularis,10.480802917570951,4.127134385045092,8.20903626577507,3674,62,0.2617515305627016,-1.8905946322474314,"Q2: lo-scaling, hi-content"
Gades,Baetica,9.605148899895818,3.5263605246161616,6.862757913051401,956,34,-0.5013075708460475,-1.889367402240742,"Q3: lo-scaling, lo-content"
Forentum,Apulia et Calabria / Regio II,7.736307096548285,2.302585092994046,6.490723534502507,659,10,0.31467477040486624,-1.8283376702276968,"Q2: lo-scaling, hi-content"
Noviomagus (Britannia (Inferior et Superior)),Britannia,8.727616178321068,2.995732273553991,6.07993319509559,437,20,-0.7690089925085193,-1.816702977636886,"Q3: lo-scaling, lo-content"
Sufetula,Africa proconsularis,8.84922702143852,3.091042453358316,6.9985096422506015,1095,22,0.05704223780619522,-1.8049987183077203,"Q2: lo-scaling, hi-content"
Genava,Gallia Narbonensis,8.185907481482324,2.6390573296152584,6.906754778648554,999,14,0.4040654949544473,-1.8009600263649008,"Q2: lo-scaling, hi-content"
Glevum,Britannia,9.012986392348266,3.2188758248682006,6.021023349349527,412,25,-1.044542136146255,-1.789747848410125,"Q3: lo-scaling, lo-content"
Caesaraugusta,Hispania citerior,8.877939834725023,3.1354942159291497,6.842683282238422,937,23,-0.1419370045029611,-1.7802866526480496,"Q3: lo-scaling, lo-content"
Lilybaeum,Sicilia,9.669535802505315,3.6888794541139363,7.747164966520335,2315,40,0.22532935540975796,-1.7711136560211753,"Q2: lo-scaling, hi-content"
Bisica,Africa proconsularis,6.907755278982137,1.791759469228055,6.309918278226516,550,6,0.6297688157938524,-1.7695443719204191,"Q2: lo-scaling, hi-content"
Salpensa,Baetica,6.907755278982137,1.791759469228055,6.2166061010848646,501,6,0.5364566386522007,-1.7695443719204191,"Q2: lo-scaling, hi-content"
Munigua,Baetica,6.907755278982137,1.791759469228055,7.13966033596492,1261,6,1.4595108735322562,-1.7695443719204191,"Q2: lo-scaling, hi-content"
Mascula,Numidia,6.907755278982137,1.791759469228055,5.7745515455444085,322,6,0.0944020831117447,-1.7695443719204191,"Q2: lo-scaling, hi-content"
Cosilinum,Bruttium et Lucania / Regio III,6.907755278982137,1.791759469228055,5.950642552587727,384,6,0.27049309015506307,-1.7695443719204191,"Q2: lo-scaling, hi-content"
Cornus,Sardinia,6.907755278982137,1.791759469228055,6.289715570908998,539,6,0.6095661084763337,-1.7695443719204191,"Q2: lo-scaling, hi-content"
Anxa,Apulia et Calabria / Regio II,6.907755278982137,1.791759469228055,5.459585514144159,235,6,-0.2205639482885049,-1.7695443719204191,"Q3: lo-scaling, lo-content"
Tucci,Baetica,6.907755278982137,1.791759469228055,3.295836866004329,27,6,-2.3843125964283347,-1.7695443719204191,"Q3: lo-scaling, lo-content"
Buxentum,Bruttium et Lucania / Regio III,6.907755278982137,1.791759469228055,5.683579767338681,294,6,0.0034303049060175894,-1.7695443719204191,"Q2: lo-scaling, hi-content"
Sisapo,Baetica,7.053585727193677,1.9459101490553132,4.553876891600541,95,7,-1.2759189685870984,-1.7156502855307674,"Q3: lo-scaling, lo-content"
Castrum Novum (Italia (V Picenum)),Picenum / Regio V,7.053585727193677,1.9459101490553132,5.857933154483459,350,7,0.028137294295819792,-1.7156502855307674,"Q2: lo-scaling, hi-content"
Nicopolis (Moesia Inferior),Moesia inferior,8.13739583005665,2.70805020110221,7.138866999945524,1260,15,0.5692008161147193,-1.6986160065161502,"Q2: lo-scaling, hi-content"
Cortona,Etruria / Regio VII,8.819813136232225,3.1780538303479458,6.747586526829315,852,24,-0.27834978261628507,-1.6977656663063665,"Q3: lo-scaling, lo-content"
Tipasa,Africa proconsularis,9.135616825780247,3.4339872044851463,7.621684998724611,2042,31,0.3472936870187091,-1.6589433447470494,"Q2: lo-scaling, hi-content"
Thuburbo Maius,Africa proconsularis,8.034631032923107,2.70805020110221,7.273092595999522,1441,15,0.7034264121687173,-1.6279665049047272,"Q2: lo-scaling, hi-content"
Conimbriga,Lusitania,7.9229859587111955,2.6390573296152584,5.811140992976701,334,14,-0.6915482907174058,-1.6202047963170272,"Q3: lo-scaling, lo-content"
Calleva,Britannia,8.819813136232225,3.258096538021482,6.1070228877422545,449,26,-0.996617281870047,-1.61772295863283,"Q3: lo-scaling, lo-content"
Petuaria,Britannia,6.907755278982137,1.9459101490553132,5.2832037287379885,197,7,-0.5465921314496507,-1.6153936920931609,"Q3: lo-scaling, lo-content"
Thibilis,Numidia,6.907755278982137,1.9459101490553132,6.839476438228843,934,7,1.0096805780412037,-1.6153936920931609,"Q2: lo-scaling, hi-content"
Tarsatica,Dalmatia,6.907755278982137,1.9459101490553132,5.736572297479192,310,7,-0.093223562708447,-1.6153936920931609,"Q3: lo-scaling, lo-content"
Cluana,Picenum / Regio V,6.907755278982137,1.9459101490553132,5.356586274672012,212,7,-0.47320958551562686,-1.6153936920931609,"Q3: lo-scaling, lo-content"
Libisosa,Hispania citerior,6.907755278982137,1.9459101490553132,5.720311776607412,305,7,-0.10948408358022732,-1.6153936920931609,"Q3: lo-scaling, lo-content"
Uxentum,Apulia et Calabria / Regio II,6.907755278982137,1.9459101490553132,5.327876168789581,206,7,-0.5019196913980579,-1.6153936920931609,"Q3: lo-scaling, lo-content"
Myrtilis,Lusitania,6.907755278982137,1.9459101490553132,5.389071729816501,219,7,-0.4407241303711382,-1.6153936920931609,"Q3: lo-scaling, lo-content"
Mago,Hispania citerior,6.907755278982137,1.9459101490553132,6.410174881966167,608,7,0.5803790217785281,-1.6153936920931609,"Q2: lo-scaling, hi-content"
Portus Magnus,Mauretania Caesariensis,6.907755278982137,1.9459101490553132,6.336825731146441,565,7,0.5070298709588021,-1.6153936920931609,"Q2: lo-scaling, hi-content"
Cupra Maritima,Picenum / Regio V,8.278174290943738,2.8903717578961645,6.253828811575473,520,18,-0.4928314940968219,-1.6130778656070266,"Q3: lo-scaling, lo-content"
Atella,Latium et Campania / Regio I,8.960596138864794,3.367295829986474,7.752335163302292,2327,29,0.5426865044749771,-1.6053102049453911,"Q2: lo-scaling, hi-content"
Barcino,Hispania citerior,7.053585727193677,2.0794415416798357,4.969813299576001,144,8,-0.9896121666299678,-1.5821188929062449,"Q3: lo-scaling, lo-content"
Locri,Bruttium et Lucania / Regio III,9.55470991405776,3.8066624897703196,7.652545692693921,2106,45,0.01636866562348427,-1.574389270630344,"Q2: lo-scaling, hi-content"
Pax Iulia,Lusitania,8.13739583005665,2.833213344056216,6.489204931325317,658,17,-0.20196712906566283,-1.573452863562144,"Q3: lo-scaling, lo-content"
Vesunna,Aquitani(c)a,8.90598676523643,3.367295829986474,6.714170529909472,824,29,-0.49547812891784293,-1.5677669494943793,"Q3: lo-scaling, lo-content"
Tubusuctu,Mauretania Caesariensis,8.628555659269699,3.1780538303479458,7.317876198626496,1507,24,0.2919398891808953,-1.566278563682094,"Q2: lo-scaling, hi-content"
Sumelocenna,Germania superior,8.52158353971753,3.1354942159291497,6.612041034833092,744,23,-0.37257925190829155,-1.5352961954036717,"Q3: lo-scaling, lo-content"
Bilbilis,Hispania citerior,8.232706009860976,2.9444389791664403,5.389071729816501,219,19,-1.4100759531984357,-1.527751774692403,"Q3: lo-scaling, lo-content"
Salmantica,Lusitania,8.819813136232225,3.367295829986474,6.86484777797086,958,29,-0.34480088085645466,-1.508523666667838,"Q3: lo-scaling, lo-content"
Baelo,Baetica,6.937314081223682,2.0794415416798357,5.659482215759621,287,8,-0.29994325044634707,-1.5021836031139126,"Q3: lo-scaling, lo-content"
Capsa,Africa proconsularis,8.185907481482324,2.9444389791664403,6.752270376141742,856,19,-0.04687730687319469,-1.495578376813719,"Q3: lo-scaling, lo-content"
Genua,Liguria / Regio IX,7.736307096548285,2.6390573296152584,6.282266746896006,535,14,-0.2204225367981003,-1.4918654336064843,"Q3: lo-scaling, lo-content"
Cremona,Venetia et Histria / Regio X,9.135616825780247,3.6109179126442243,8.065265208897733,3182,37,0.6191131034158124,-1.4820126365879713,"Q2: lo-scaling, hi-content"
Gracchuris,Hispania citerior,6.907755278982137,2.0794415416798357,4.700480365792417,110,8,-1.258945100413552,-1.4818622994686383,"Q3: lo-scaling, lo-content"
Aesis,Umbria / Regio VI,6.907755278982137,2.0794415416798357,5.796057750765372,329,8,-0.16336771544059658,-1.4818622994686383,"Q3: lo-scaling, lo-content"
Caelia,Apulia et Calabria / Regio II,6.907755278982137,2.0794415416798357,5.6131281063880705,274,8,-0.346297359817898,-1.4818622994686383,"Q3: lo-scaling, lo-content"
Ugultunia,Baetica,6.907755278982137,2.0794415416798357,5.877735781779639,357,8,-0.08168968442632973,-1.4818622994686383,"Q3: lo-scaling, lo-content"
Mopthensium,Numidia,6.907755278982137,2.0794415416798357,6.677083461247136,794,8,0.7176579950411677,-1.4818622994686383,"Q2: lo-scaling, hi-content"
Centuripae,Sicilia,6.907755278982137,2.0794415416798357,4.51085950651685,91,8,-1.4485659596891187,-1.4818622994686383,"Q3: lo-scaling, lo-content"
Aceruntia,Apulia et Calabria / Regio II,6.907755278982137,2.0794415416798357,5.988961416889864,399,8,0.02953595068389525,-1.4818622994686383,"Q2: lo-scaling, hi-content"
Olisipo,Lusitania,8.90598676523643,3.4657359027997265,7.395721608602045,1629,32,0.09050929538314101,-1.469326876681127,"Q2: lo-scaling, hi-content"
Carreum,Liguria / Regio IX,7.351799869057777,2.3978952727983707,6.274762021241939,531,11,0.006188040304001774,-1.4686836222318833,"Q2: lo-scaling, hi-content"
Ovilava,Noricum,9.637697426500445,3.9889840465642745,8.129469764784231,3393,54,0.3162986158723031,-1.4491205817209867,"Q2: lo-scaling, hi-content"
Corinium Dobunnorum,Britannia,9.789702763229508,4.0943445622221,6.848005274576363,942,60,-1.0674477562673772,-1.4482618174579436,"Q3: lo-scaling, lo-content"
Caesaromagus (Britannia),Britannia,7.438383530044307,2.4849066497880004,4.143134726391533,63,12,-2.2099081595475996,-1.4411974198839315,"Q3: lo-scaling, lo-content"
Ratae,Britannia,8.84922702143852,3.4657359027997265,6.480044561926653,652,32,-0.8251677512922511,-1.4303052688663098,"Q3: lo-scaling, lo-content"
Urso,Baetica,10.084975428581505,4.31748811353631,10.392680876175005,32620,75,2.2606045474395913,-1.4281144985937066,"Q2: lo-scaling, hi-content"
Libarna,Liguria / Regio IX,7.736307096548285,2.70805020110221,6.787844982309579,887,15,0.21817879847877464,-1.4228725621195326,"Q2: lo-scaling, hi-content"
Caesena,Aemilia / Regio VIII,7.8013913202914855,2.772588722239781,6.646390514847729,770,16,0.014071625135292365,-1.4030786237426134,"Q2: lo-scaling, hi-content"
Larinum,Apulia et Calabria / Regio II,8.445267451844648,3.2188758248682006,8.012680929706839,3019,25,0.9471154442110574,-1.3994482388091467,"Q2: lo-scaling, hi-content"
Augustodurum,Lugudunensis,7.351799869057777,2.4849066497880004,6.428105272684596,619,12,0.07506238674546406,-1.3816722452422536,"Q2: lo-scaling, hi-content"
Heraclea (Italia (III Lucania et Brutii)),Bruttium et Lucania / Regio III,7.351799869057777,2.4849066497880004,6.208590026096629,497,12,-0.14445285984250322,-1.3816722452422536,"Q3: lo-scaling, lo-content"
Vasio,Gallia Narbonensis,8.52158353971753,3.295836866004329,6.519147287940395,678,27,-0.6211304374650641,-1.3749535453284922,"Q3: lo-scaling, lo-content"
Tyndaris,Sicilia,8.278174290943738,3.1354942159291497,6.756932389247553,860,23,-0.2276878974938299,-1.3679554075740414,"Q3: lo-scaling, lo-content"
Himera,Sicilia,9.621522440413576,4.060443010546419,7.260522598089852,1423,58,-0.622019484243931,-1.3665415188578605,"Q3: lo-scaling, lo-content"
Hortona,Samnium / Regio IV,6.907755278982137,2.1972245773362196,6.025865973825314,414,9,-0.047900908340513304,-1.3640792638122545,"Q3: lo-scaling, lo-content"
Norba Caesarina,Lusitania,6.907755278982137,2.1972245773362196,6.139884552226255,464,9,0.06611767006042779,-1.3640792638122545,"Q2: lo-scaling, hi-content"
Compsa,Apulia et Calabria / Regio II,6.907755278982137,2.1972245773362196,6.490723534502507,659,9,0.41695665233667967,-1.3640792638122545,"Q2: lo-scaling, hi-content"
Butuntum,Apulia et Calabria / Regio II,6.907755278982137,2.1972245773362196,5.814130531825066,335,9,-0.25963635034076127,-1.3640792638122545,"Q3: lo-scaling, lo-content"
Saena,Etruria / Regio VII,6.907755278982137,2.1972245773362196,6.135564891081739,462,9,0.06179800891591114,-1.3640792638122545,"Q2: lo-scaling, hi-content"
Aufidena,Samnium / Regio IV,6.907755278982137,2.1972245773362196,5.863631175598097,352,9,-0.21013570656773073,-1.3640792638122545,"Q3: lo-scaling, lo-content"
Gerunda,Hispania citerior,6.907755278982137,2.1972245773362196,6.054439346269371,426,9,-0.019327535896456638,-1.3640792638122545,"Q3: lo-scaling, lo-content"
Epamanduodurum,Germania superior,8.695506726812653,3.4339872044851463,6.76849321164863,870,31,-0.505898100057272,-1.3563732038669158,"Q3: lo-scaling, lo-content"
Grumentum,Bruttium et Lucania / Regio III,8.405367376233981,3.258096538021482,7.182352111885263,1316,26,0.07871194227296119,-1.3327967270285055,"Q2: lo-scaling, hi-content"
Romula,Dacia,9.447781227991216,3.9889840465642745,7.56164174558878,1923,54,-0.2515294033231479,-1.3185555911126068,"Q3: lo-scaling, lo-content"
Ausculum,Apulia et Calabria / Regio II,7.351799869057777,2.5649493574615367,6.386879319362645,594,13,-0.043867426743188886,-1.3016295375687172,"Q3: lo-scaling, lo-content"
Hispalis,Baetica,8.819813136232225,3.58351893845611,8.915432254432663,7446,36,1.4958785252538984,-1.2923005581982023,"Q2: lo-scaling, hi-content"
Thamusida,Mauretania Tingitana,7.438383530044307,2.6390573296152584,7.301822342137932,1483,14,0.7991330584438252,-1.2870467400566734,"Q2: lo-scaling, hi-content"
Ilugo,Hispania citerior,6.907755278982137,2.302585092994046,6.338594078203183,566,10,0.16254531410554218,-1.2587187481544282,"Q2: lo-scaling, hi-content"
Vada Sabatia,Liguria / Regio IX,6.907755278982137,2.302585092994046,5.730099782973574,308,10,-0.4459489811240669,-1.2587187481544282,"Q3: lo-scaling, lo-content"
Hydruntum,Apulia et Calabria / Regio II,6.907755278982137,2.302585092994046,6.180016653652572,483,10,0.003967889554931325,-1.2587187481544282,"Q2: lo-scaling, hi-content"
Antipolis,Gallia Narbonensis,6.907755278982137,2.302585092994046,6.4692503167957724,645,10,0.29320155269813153,-1.2587187481544282,"Q2: lo-scaling, hi-content"
Metulum,Dalmatia,6.907755278982137,2.302585092994046,6.016157159698354,410,10,-0.15989160439928707,-1.2587187481544282,"Q3: lo-scaling, lo-content"
Pontia,Latium et Campania / Regio I,6.907755278982137,2.302585092994046,6.030685260261263,416,10,-0.14536350383637764,-1.2587187481544282,"Q3: lo-scaling, lo-content"
Nuceria Alfaterna,Latium et Campania / Regio I,10.06172985026664,4.477336814478207,8.013012110368916,3020,88,-0.27424214108842726,-1.2522847558123527,"Q3: lo-scaling, lo-content"
Tifernum Tiberinum,Umbria / Regio VI,8.278174290943738,3.258096538021482,7.532088143541722,1867,26,0.4284479739294209,-1.245353085481709,"Q2: lo-scaling, hi-content"
Sinuessa,Latium et Campania / Regio I,8.321907968230423,3.295836866004329,6.9874902470009905,1083,27,-0.15278747840446893,-1.2376791089161072,"Q3: lo-scaling, lo-content"
Pompaelo,Hispania citerior,7.351799869057777,2.6390573296152584,6.634633357861686,761,14,0.13194407416757947,-1.2275215654149956,"Q2: lo-scaling, hi-content"
Teanum Apulum,Apulia et Calabria / Regio II,8.960596138864794,3.7612001156935624,7.480428306074208,1773,43,-0.11161475725633707,-1.2114059192383029,"Q3: lo-scaling, lo-content"
Ravenna,Aemilia / Regio VIII,10.049966018914853,4.543294782270004,9.181014542594355,9711,94,0.8297296148250961,-1.1782393023715105,"Q2: lo-scaling, hi-content"
Camulodunum,Britannia,8.90598676523643,3.7612001156935624,6.92951677076365,1022,43,-0.6625262925668949,-1.173862663787291,"Q3: lo-scaling, lo-content"
Dierna,Dacia,7.160845906664299,2.5649493574615367,5.424950017481403,227,13,-1.0057967286244311,-1.1703510973817122,"Q3: lo-scaling, lo-content"
Heba,Etruria / Regio VII,7.259819610363186,2.6390573296152584,8.47261414801827,4782,14,1.9699248643241631,-1.164286297929205,"Q2: lo-scaling, hi-content"
Salacia,Lusitania,6.907755278982137,2.3978952727983707,6.523562306149512,681,11,0.254988325211575,-1.1634085683501034,"Q2: lo-scaling, hi-content"
Ris,Dalmatia,6.907755278982137,2.3978952727983707,5.645446897643238,283,11,-0.6231270832946993,-1.1634085683501034,"Q3: lo-scaling, lo-content"
Thubursicum Bure,Africa proconsularis,6.907755278982137,2.3978952727983707,6.687108607866515,802,11,0.4185346269285777,-1.1634085683501034,"Q2: lo-scaling, hi-content"
Curia,Raetia,6.907755278982137,2.3978952727983707,4.969813299576001,144,11,-1.2987606813619363,-1.1634085683501034,"Q3: lo-scaling, lo-content"
Melita,Sicilia,6.907755278982137,2.3978952727983707,6.884486652042782,977,11,0.6159126711048453,-1.1634085683501034,"Q2: lo-scaling, hi-content"
Sena Gallica,Umbria / Regio VI,6.907755278982137,2.3978952727983707,5.877735781779639,357,11,-0.3908381991582983,-1.1634085683501034,"Q3: lo-scaling, lo-content"
Forum Livii,Aemilia / Regio VIII,8.628555659269699,3.58351893845611,7.44716835960004,1715,36,0.027614630421275876,-1.1608134555739298,"Q2: lo-scaling, hi-content"
Sipontum,Apulia et Calabria / Regio II,7.519149957669823,2.833213344056216,6.96979066990159,1064,17,0.2786186095106098,-1.1484166257083581,"Q2: lo-scaling, hi-content"
Regium,Bruttium et Lucania / Regio III,9.351579483668907,4.0943445622221,7.911690520708339,2729,60,-0.00376251013540152,-1.147057589855617,"Q3: lo-scaling, lo-content"
Durobrivae (Britannia) (1),Britannia,7.5953872788539725,2.8903717578961645,5.087596335232384,162,18,-1.6590639704399113,-1.1436704084190517,"Q3: lo-scaling, lo-content"
Iol,Mauretania Caesariensis,10.531215824531195,4.912654885736052,9.290259995152056,10832,136,0.5804076642416707,-1.139732369113208,"Q2: lo-scaling, hi-content"
Hasta,Liguria / Regio IX,8.593969030218288,3.58351893845611,7.469083884921234,1753,36,0.04953015574247033,-1.137035584424864,"Q2: lo-scaling, hi-content"
Feltria,Venetia et Histria / Regio X,7.8013913202914855,3.044522437723423,7.258412150595307,1420,21,0.3621054471680356,-1.1311449082589715,"Q2: lo-scaling, hi-content"
Italica,Baetica,8.93353229607628,3.8501476017100584,7.862497197230545,2598,47,0.18410569296775403,-1.1038523827256066,"Q2: lo-scaling, hi-content"
Arelate,Gallia Narbonensis,9.248021438943871,4.07753744390572,7.720905251936779,2255,59,-0.17823176450140377,-1.0926698588485513,"Q3: lo-scaling, lo-content"
Venta Silurum,Britannia,7.5953872788539725,2.9444389791664403,5.857933154483459,350,19,-0.9412145285314777,-1.089603187148776,"Q3: lo-scaling, lo-content"
Velia,Bruttium et Lucania / Regio III,7.9229859587111955,3.1780538303479458,7.265429723253953,1430,24,0.23949341380835243,-1.0812082955843398,"Q2: lo-scaling, hi-content"
Remesiana,Moesia superior,6.907755278982137,2.4849066497880004,7.004881989712859,1102,12,0.6518391037737272,-1.0763971913604737,"Q2: lo-scaling, hi-content"
Limisa,Africa proconsularis,6.907755278982137,2.4849066497880004,6.990256500493881,1086,12,0.6372136145547485,-1.0763971913604737,"Q2: lo-scaling, hi-content"
Ilipa,Baetica,6.907755278982137,2.4849066497880004,6.923628628138427,1016,12,0.5705857421992953,-1.0763971913604737,"Q2: lo-scaling, hi-content"
Croton,Bruttium et Lucania / Regio III,6.907755278982137,2.4849066497880004,7.016609683894219,1115,12,0.6635667979550872,-1.0763971913604737,"Q2: lo-scaling, hi-content"
Bracara,Hispania citerior,8.232706009860976,3.4011973816621555,6.790097235513905,889,30,-0.45246237182336735,-1.0709933721966878,"Q3: lo-scaling, lo-content"
Pedona,Liguria / Regio IX,7.8636512654486515,3.1780538303479458,6.858565034791365,952,24,-0.1673712746542355,-1.0404164424965754,"Q3: lo-scaling, lo-content"
Atria,Picenum / Regio V,7.980023592310645,3.258096538021482,7.291656209174461,1468,26,0.18801603956215907,-1.0403782414584914,"Q2: lo-scaling, hi-content"
Setia,Latium et Campania / Regio I,7.259819610363186,2.772588722239781,7.1204443723924875,1237,16,0.48812548268005074,-1.0307549053046823,"Q2: lo-scaling, hi-content"
Ancona,Picenum / Regio V,8.662504922576291,3.7376696182833684,7.7279755421055585,2271,42,0.15877541517181903,-1.0300024659867923,"Q2: lo-scaling, hi-content"
Ulpiana,Moesia superior,8.445267451844648,3.6109179126442243,8.011355109161286,3015,37,0.5652030036793656,-1.007406151033123,"Q2: lo-scaling, hi-content"
Panormus,Sicilia,8.52158353971753,3.6635616461296463,7.950502434808851,2837,39,0.45324484546338617,-1.007228765203175,"Q2: lo-scaling, hi-content"
Dard(...),Moesia superior,8.278174290943738,3.4965075614664802,7.19668657083435,1335,33,-0.13839825334321887,-1.0069420620367109,"Q3: lo-scaling, lo-content"
Caere,Etruria / Regio VII,10.13026449508276,4.770684624465665,8.690810307580046,5948,118,0.11877986763539461,-1.006053649544774,"Q2: lo-scaling, hi-content"
Lugdunum,Lugudunensis,10.59563423276249,5.093750200806762,10.077440859659566,23800,163,1.1917848178540833,-1.0029238970382375,"Q2: lo-scaling, hi-content"
Nuceria Camellaria,Umbria / Regio VI,6.907755278982137,2.5649493574615367,6.601230118728877,736,13,0.17048337262304258,-0.9963544836869374,"Q2: lo-scaling, hi-content"
Verulae,Latium et Campania / Regio I,6.907755278982137,2.5649493574615367,7.294377299288821,1472,13,0.8636305531829871,-0.9963544836869374,"Q2: lo-scaling, hi-content"
Laumellum,Transpadana / Regio XI,6.907755278982137,2.5649493574615367,6.75343791859778,857,13,0.3226911724919459,-0.9963544836869374,"Q2: lo-scaling, hi-content"
Narbo Martius,Gallia Narbonensis,10.671997275090702,5.1647859739235145,9.417760962825156,12305,175,0.46314481282829867,-0.9843867521726484,"Q2: lo-scaling, hi-content"
Lindum,Britannia,8.695506726812653,3.8066624897703196,7.237778191923443,1391,45,-0.3983988351469936,-0.9836979185817425,"Q3: lo-scaling, lo-content"
Ferentum,Etruria / Regio VII,8.321907968230423,3.5553480614894135,7.454141078146678,1727,35,0.061935073054430134,-0.9781679134310228,"Q2: lo-scaling, hi-content"
Lepcis Magna,Africa proconsularis,11.94290105526289,6.052089168924417,10.321737255003711,30386,425,0.5057449048035139,-0.970813873094599,"Q2: lo-scaling, hi-content"
Arae Flaviae,Germania superior,8.278174290943738,3.5553480614894135,6.815639990074331,912,35,-0.5765660150179173,-0.9481015620137776,"Q3: lo-scaling, lo-content"
Tarquinii,Etruria / Regio VII,10.174087045006633,4.867534450455582,8.53503310954457,5090,130,-0.13101720497234126,-0.9393312737890076,"Q3: lo-scaling, lo-content"
Calagurris,Hispania citerior,7.438383530044307,2.995732273553991,5.993961427306569,401,20,-0.8549807602975399,-0.930371796117941,"Q3: lo-scaling, lo-content"
Fidenae,Latium et Campania / Regio I,8.819813136232225,3.9512437185814275,7.771488760117616,2372,52,-0.005044833001154103,-0.9245757780728847,"Q3: lo-scaling, lo-content"
Turiaso,Hispania citerior,6.907755278982137,2.6390573296152584,6.1675164908883415,477,14,-0.33517279280576506,-0.9222465115332157,"Q3: lo-scaling, lo-content"
Sacili,Baetica,6.907755278982137,2.6390573296152584,6.837332814685591,932,14,0.33464353099148436,-0.9222465115332157,"Q2: lo-scaling, hi-content"
Vitellia,Latium et Campania / Regio I,6.907755278982137,2.6390573296152584,6.775366090936392,876,14,0.27267680724228516,-0.9222465115332157,"Q2: lo-scaling, hi-content"
Argyruntum,Dalmatia,6.907755278982137,2.6390573296152584,6.066108090103747,431,14,-0.4365811935903592,-0.9222465115332157,"Q3: lo-scaling, lo-content"
Abdera (Baetica),Baetica,6.907755278982137,2.6390573296152584,6.152732694704104,470,14,-0.34995658899000226,-0.9222465115332157,"Q3: lo-scaling, lo-content"
Volturnum,Latium et Campania / Regio I,6.907755278982137,2.6390573296152584,7.2909747781429814,1467,14,0.7882854944488749,-0.9222465115332157,"Q2: lo-scaling, hi-content"
Regium Lepidum,Aemilia / Regio VIII,8.75904072752422,3.912023005428146,8.220941168281389,3718,50,0.48248225927913957,-0.9220162269069863,"Q2: lo-scaling, hi-content"
Placentia,Aemilia / Regio VIII,8.75904072752422,3.9318256327243257,8.069655306886165,3196,51,0.3119724032555533,-0.9022135996108065,"Q2: lo-scaling, hi-content"
Segesta,Sicilia,8.405367376233981,3.6888794541139363,6.061456918928017,429,40,-1.4603786921825597,-0.9020138109360514,"Q3: lo-scaling, lo-content"
Tuficum,Umbria / Regio VI,8.662504922576291,3.8918202981106265,8.122371243406553,3369,49,0.4035247187178381,-0.8758517861595343,"Q2: lo-scaling, hi-content"
Teanum Sidicinum,Latium et Campania / Regio I,9.745897631961357,4.6443908991413725,8.437067146936952,4615,104,-0.01235986968828584,-0.8681000054105876,"Q3: lo-scaling, lo-content"
Catania,Sicilia,10.247431803996042,4.990432586778736,8.637107288081575,5637,147,-0.14825007984677185,-0.866856733998409,"Q3: lo-scaling, lo-content"
Saturnia,Etruria / Regio VII,7.980023592310645,3.4339872044851463,7.57353126274595,1946,31,0.29913995104004876,-0.8644875749948273,"Q2: lo-scaling, hi-content"
Vienna,Gallia Narbonensis,9.637697426500445,4.574710978503383,8.575462099540212,5300,97,0.1936789566300483,-0.8633936497818784,"Q2: lo-scaling, hi-content"
Augustodunum,Lugudunensis,10.611252372919454,5.247024072160486,7.884199933676039,2655,190,-1.1502513177499738,-0.8603873000135129,"Q3: lo-scaling, lo-content"
Isturgi,Baetica,6.907755278982137,2.70805020110221,6.5638555265321274,709,15,-0.005810657298677135,-0.853253640046264,"Q3: lo-scaling, lo-content"
Forum Cassii,Etruria / Regio VII,6.907755278982137,2.70805020110221,6.4425401664681985,628,15,-0.1271260173626061,-0.853253640046264,"Q3: lo-scaling, lo-content"
Baloie,Dalmatia,6.907755278982137,2.70805020110221,6.410174881966167,608,15,-0.15949130186463734,-0.853253640046264,"Q3: lo-scaling, lo-content"
Condate Redonum,Lugudunensis,6.907755278982137,2.70805020110221,7.1049654482698426,1218,15,0.535299264439038,-0.853253640046264,"Q2: lo-scaling, hi-content"
Asido,Baetica,6.907755278982137,2.70805020110221,5.631211781821365,279,15,-0.9384544020094392,-0.853253640046264,"Q3: lo-scaling, lo-content"
Rubi,Apulia et Calabria / Regio II,6.907755278982137,2.70805020110221,6.727431724850855,835,15,0.15776554102005047,-0.853253640046264,"Q2: lo-scaling, hi-content"
Issa,Dalmatia,7.519149957669823,3.1354942159291497,6.709304340258298,820,23,-0.2753159464830848,-0.8461357538354246,"Q3: lo-scaling, lo-content"
Pisae,Etruria / Regio VII,8.278174290943738,3.6888794541139363,8.69851424787661,5994,40,1.1766786367660327,-0.8145701693892549,"Q2: lo-scaling, hi-content"
Tarentum,Apulia et Calabria / Regio II,10.316986965672614,5.093750200806762,8.468002947225466,4760,163,-0.4176530945800163,-0.8113574161576063,"Q3: lo-scaling, lo-content"
Sora,Latium et Campania / Regio I,9.429074214801693,4.48863636973214,8.07775756373692,3222,89,-0.22046607002791063,-0.8060424323731921,"Q3: lo-scaling, lo-content"
Camerinum,Umbria / Regio VI,7.736307096548285,3.332204510175204,7.61972421378267,2038,28,0.4441415065820946,-0.7987182530465389,"Q2: lo-scaling, hi-content"
Anxanum,Samnium / Regio IV,6.907755278982137,2.772588722239781,7.218176838403408,1364,16,0.585857948690971,-0.788715118908693,"Q2: lo-scaling, hi-content"
Iomnium,Mauretania Caesariensis,6.907755278982137,2.772588722239781,6.96979066990159,1064,16,0.33747178018915314,-0.788715118908693,"Q2: lo-scaling, hi-content"
Cissa,Dalmatia,6.907755278982137,2.772588722239781,6.588926477533519,727,16,-0.04339241217891754,-0.788715118908693,"Q3: lo-scaling, lo-content"
Agbia,Africa proconsularis,6.907755278982137,2.772588722239781,7.016609683894219,1115,16,0.3842907941817826,-0.788715118908693,"Q2: lo-scaling, hi-content"
Horta,Etruria / Regio VII,6.907755278982137,2.772588722239781,5.981414211254481,396,16,-0.6509046784579562,-0.788715118908693,"Q3: lo-scaling, lo-content"
Saticula,Apulia et Calabria / Regio II,6.907755278982137,2.772588722239781,6.659293919683638,780,16,0.026975029971200826,-0.788715118908693,"Q2: lo-scaling, hi-content"
Tuscana,Etruria / Regio VII,6.907755278982137,2.772588722239781,6.142037405587356,465,16,-0.4902814841250809,-0.788715118908693,"Q3: lo-scaling, lo-content"
Abodiacum,Raetia,6.907755278982137,2.772588722239781,6.580639137284949,721,16,-0.05167975242748746,-0.788715118908693,"Q3: lo-scaling, lo-content"
Arna,Umbria / Regio VI,6.907755278982137,2.772588722239781,6.156978985585555,472,16,-0.47533990412688176,-0.788715118908693,"Q3: lo-scaling, lo-content"
Paestum,Bruttium et Lucania / Regio III,10.195447959847472,5.049856007249537,9.319015388601839,11148,156,0.4759709522434381,-0.7716950764718797,"Q2: lo-scaling, hi-content"
Aquae Tarbellicae,Aquitani(c)a,7.438383530044307,3.1780538303479458,6.352629396319567,574,24,-0.6733069131260336,-0.7480502393239861,"Q3: lo-scaling, lo-content"
Zucchabar,Mauretania Caesariensis,6.907755278982137,2.833213344056216,7.1204443723924875,1237,17,0.4292723120015074,-0.7280904970922579,"Q2: lo-scaling, hi-content"
Salvium,Dalmatia,6.907755278982137,2.833213344056216,6.139884552226255,464,17,-0.5512875081647248,-0.7280904970922579,"Q3: lo-scaling, lo-content"
Metellinum,Lusitania,6.907755278982137,2.833213344056216,6.278521424165844,533,17,-0.41265063622513587,-0.7280904970922579,"Q3: lo-scaling, lo-content"
Antinum,Samnium / Regio IV,6.907755278982137,2.833213344056216,7.349873704738337,1556,17,0.6587016443473566,-0.7280904970922579,"Q2: lo-scaling, hi-content"
Butua,Dalmatia,6.907755278982137,2.833213344056216,6.501289670540389,666,17,-0.1898823898505908,-0.7280904970922579,"Q3: lo-scaling, lo-content"
Acelum,Venetia et Histria / Regio X,6.907755278982137,2.833213344056216,6.669498089857879,788,17,-0.021673970533100828,-0.7280904970922579,"Q3: lo-scaling, lo-content"
Ucubi,Baetica,6.907755278982137,2.833213344056216,6.755768921984255,859,17,0.06459686159327482,-0.7280904970922579,"Q2: lo-scaling, hi-content"
Brigantium,Raetia,6.907755278982137,2.833213344056216,6.530877627725885,686,17,-0.16029443266509524,-0.7280904970922579,"Q3: lo-scaling, lo-content"
Cluviae,Samnium / Regio IV,6.907755278982137,2.833213344056216,6.54965074223381,699,17,-0.14152131815716995,-0.7280904970922579,"Q3: lo-scaling, lo-content"
Abella,Latium et Campania / Regio I,8.185907481482324,3.713572066704308,7.936302693201959,2797,41,0.39049598751399195,-0.7264452892758513,"Q2: lo-scaling, hi-content"
Thamugadi,Numidia,8.960596138864794,4.248495242049359,9.262648151599528,10537,70,1.1975487230008124,-0.7241107928825059,"Q2: lo-scaling, hi-content"
Rapidum,Mauretania Caesariensis,7.053585727193677,2.9444389791664403,7.596894438144544,1992,19,0.7977467551296069,-0.7171214554196403,"Q2: lo-scaling, hi-content"
Asturica,Hispania citerior,8.087025470667701,3.6635616461296463,7.848933726364071,2563,39,0.3516761370186057,-0.7084755748504872,"Q2: lo-scaling, hi-content"
Mevaniola,Umbria / Regio VI,6.907755278982137,2.8903717578961645,6.705639094860003,817,18,-0.04102121081229182,-0.6709320832523096,"Q3: lo-scaling, lo-content"
Cubulteria,Latium et Campania / Regio I,6.907755278982137,2.8903717578961645,6.470799503782602,646,18,-0.2758608018896931,-0.6709320832523096,"Q3: lo-scaling, lo-content"
Laepia,Baetica,6.907755278982137,2.8903717578961645,6.342121418721152,568,18,-0.40453888695114326,-0.6709320832523096,"Q3: lo-scaling, lo-content"
Carthago,Africa proconsularis,11.533453319421689,6.091309882077698,10.16250005226458,25913,442,0.3084330179478627,-0.650103006892941,"Q2: lo-scaling, hi-content"
Iguvium,Umbria / Regio VI,9.48440514846878,4.6913478822291435,8.149890544402423,3463,109,-0.34512137250609953,-0.64137023875106,"Q3: lo-scaling, lo-content"
Vicetia,Venetia et Histria / Regio X,8.185907481482324,3.8066624897703196,7.5126175446745105,1831,45,-0.12355948239592607,-0.6333548662098396,"Q3: lo-scaling, lo-content"
Cosa,Etruria / Regio VII,7.259819610363186,3.1780538303479458,6.70073110954781,813,24,-0.3252051998977903,-0.6252897971965177,"Q3: lo-scaling, lo-content"
Atina,Latium et Campania / Regio I,8.484049972822984,4.02535169073515,8.118505067587098,3356,56,0.27002893688005347,-0.6196348668582159,"Q2: lo-scaling, hi-content"
Urgao,Baetica,6.907755278982137,2.9444389791664403,6.8308742346461795,926,19,0.03172655163124283,-0.6168648619820338,"Q2: lo-scaling, hi-content"
Mactaris,Africa proconsularis,6.907755278982137,2.9444389791664403,8.255308811785596,3848,19,1.4561611287706597,-0.6168648619820338,"Q2: lo-scaling, hi-content"
Forum Popili (Italia (I Latium and Campania)),Latium et Campania / Regio I,6.907755278982137,2.9444389791664403,7.3453648404168685,1549,19,0.5462171574019319,-0.6168648619820338,"Q2: lo-scaling, hi-content"
Cales,Latium et Campania / Regio I,9.290444616217844,4.584967478670572,8.714567550836485,6091,98,0.3228276026413024,-0.6144052232746722,"Q2: lo-scaling, hi-content"
Londinium,Britannia,10.514638034291343,5.429345628954441,8.24143968982973,3795,228,-0.9700056834377744,-0.6116446042401931,"Q3: lo-scaling, lo-content"
Aquae Statiellae,Liguria / Regio IX,8.232706009860976,3.871201010907891,7.398174092970465,1633,48,-0.3006556399816036,-0.6009897429509521,"Q3: lo-scaling, lo-content"
Lipara,Sicilia,7.6676260915849905,3.4965075614664802,6.736966958001855,843,33,-0.5981178661757136,-0.5871978772805897,"Q3: lo-scaling, lo-content"
Pausulae,Picenum / Regio V,7.259819610363186,3.2188758248682006,6.63200177739563,759,25,-0.4335637081001513,-0.5844678026762629,"Q3: lo-scaling, lo-content"
Sitifis,Mauretania Caesariensis,8.789812386190972,4.276666119016055,8.77786371462117,6489,72,0.6854165619359378,-0.5785282404560261,"Q2: lo-scaling, hi-content"
Cora,Latium et Campania / Regio I,7.351799869057777,3.295836866004329,7.252053951852814,1411,27,0.11177622644735496,-0.5707420290259249,"Q2: lo-scaling, hi-content"
Cabillonum,Lugudunensis,7.351799869057777,3.295836866004329,7.171656822768514,1302,27,0.031379097363054775,-0.5707420290259249,"Q2: lo-scaling, hi-content"
Cannae,Apulia et Calabria / Regio II,6.907755278982137,2.995732273553991,7.358830898342354,1570,20,0.5098887107382444,-0.5655715675944832,"Q2: lo-scaling, hi-content"
Cures,Samnium / Regio IV,6.907755278982137,2.995732273553991,7.90100705199242,2700,20,1.0520648643883108,-0.5655715675944832,"Q2: lo-scaling, hi-content"
Lavinium,Latium et Campania / Regio I,8.232706009860976,3.912023005428146,8.752265313595721,6325,50,1.0138064045934723,-0.5601677484306973,"Q2: lo-scaling, hi-content"
Tiddis,Numidia,7.5953872788539725,3.4965075614664802,7.319202458767849,1509,33,-0.015882365409719768,-0.5375346048487359,"Q3: lo-scaling, lo-content"
Industria,Liguria / Regio IX,8.034631032923107,3.8066624897703196,7.8343923029104365,2526,45,0.19821527583999998,-0.5293542162366176,"Q2: lo-scaling, hi-content"
Ebusus,Hispania citerior,6.907755278982137,3.044522437723423,7.080026499922591,1188,21,0.18371979649531944,-0.5167814034250511,"Q2: lo-scaling, hi-content"
Ansium,Dalmatia,6.907755278982137,3.044522437723423,6.202535517187923,494,21,-0.6937711862393483,-0.5167814034250511,"Q3: lo-scaling, lo-content"
Fagifulae,Samnium / Regio IV,6.907755278982137,3.044522437723423,7.009408932708637,1107,21,0.11310222928136593,-0.5167814034250511,"Q2: lo-scaling, hi-content"
Volaterra,Etruria / Regio VII,8.278174290943738,4.007333185232471,7.453561871643373,1726,55,-0.37742225419917297,-0.49611643827071994,"Q3: lo-scaling, lo-content"
Signia,Latium et Campania / Regio I,7.519149957669823,3.4965075614664802,7.70210434005105,2213,33,0.3670195158734808,-0.48512240829809405,"Q2: lo-scaling, hi-content"
Potentia (Italia (V Picenum)),Picenum / Regio V,7.6676260915849905,3.6109179126442243,6.796823718274855,895,37,-0.6493283872070652,-0.4727875261028456,"Q3: lo-scaling, lo-content"
Ilerda,Hispania citerior,6.907755278982137,3.091042453358316,6.230481447578482,508,22,-0.7109859568659243,-0.470261387790158,"Q3: lo-scaling, lo-content"
Regina,Baetica,6.907755278982137,3.091042453358316,6.588926477533519,727,22,-0.352540926910887,-0.470261387790158,"Q3: lo-scaling, lo-content"
Arpinum,Latium et Campania / Regio I,6.907755278982137,3.091042453358316,6.8501261661455,944,22,-0.09134123829890584,-0.470261387790158,"Q3: lo-scaling, lo-content"
Cambodunum,Raetia,6.907755278982137,3.091042453358316,6.900730664045173,993,22,-0.04073674039923336,-0.470261387790158,"Q3: lo-scaling, lo-content"
Arba,Dalmatia,6.907755278982137,3.091042453358316,7.05444965813294,1158,22,0.11298225368853387,-0.470261387790158,"Q2: lo-scaling, hi-content"
Arretium,Etruria / Regio VII,9.087946723762116,4.59511985013459,8.525558107747866,5042,99,0.12396244033066495,-0.46503810533701984,"Q2: lo-scaling, hi-content"
Falerii Novi,Etruria / Regio VII,8.321907968230423,4.07753744390572,8.265650165580329,3888,59,0.36651314914214606,-0.45597853101471664,"Q2: lo-scaling, hi-content"
Alba Pompeia,Liguria / Regio IX,8.484049972822984,4.189654742026425,7.7306140660637395,2277,66,-0.27736418162029697,-0.45533181556694036,"Q3: lo-scaling, lo-content"
Augusta Praetoria,Transpadana / Regio XI,8.695506726812653,4.343805421853684,7.725330037917135,2265,77,-0.43229460752187787,-0.446554986498378,"Q3: lo-scaling, lo-content"
Lupiae,Apulia et Calabria / Regio II,7.736307096548285,3.6888794541139363,7.395721608602045,1629,40,-0.12611400250853144,-0.4420433091078064,"Q3: lo-scaling, lo-content"
Brixellum,Aemilia / Regio VIII,7.160845906664299,3.295836866004329,7.621684998724611,2042,27,0.48140727331915123,-0.4394635888389198,"Q2: lo-scaling, hi-content"
Trebula Balliensis,Latium et Campania / Regio I,7.351799869057777,3.4339872044851463,7.2078598714324755,1350,31,-0.06653144027342606,-0.4325916905451077,"Q3: lo-scaling, lo-content"
Potentia (Italia (III Lucania et Brutii)),Bruttium et Lucania / Regio III,6.907755278982137,3.1354942159291497,7.02108396428914,1120,23,0.03646367754775692,-0.4258096252193244,"Q2: lo-scaling, hi-content"
Senia,Dalmatia,6.907755278982137,3.1354942159291497,6.960347729101308,1054,23,-0.0242725576400753,-0.4258096252193244,"Q3: lo-scaling, lo-content"
Aquae Balissae,Pannonia superior,6.907755278982137,3.1354942159291497,7.467942332285852,1751,23,0.4833220455444689,-0.4258096252193244,"Q2: lo-scaling, hi-content"
Pitinum Pisaurense,Umbria / Regio VI,6.907755278982137,3.1354942159291497,7.242797922793756,1398,23,0.25817763605237243,-0.4258096252193244,"Q2: lo-scaling, hi-content"
Laus Pompeia,Transpadana / Regio XI,7.736307096548285,3.713572066704308,7.822044008185619,2495,41,0.2762373024976519,-0.4173506965174347,"Q2: lo-scaling, hi-content"
Volubilis,Mauretania Tingitana,8.75904072752422,4.418840607796598,9.135616825780247,9280,83,0.9051495221459227,-0.41519862453853396,"Q2: lo-scaling, hi-content"
Drobeta,Dacia,9.181735114965848,4.709530201312334,8.810907036099737,6707,111,0.2982440873781851,-0.415106089934806,"Q2: lo-scaling, hi-content"
Helvia Ricina,Picenum / Regio V,7.8636512654486515,3.8066624897703196,7.794823152179389,2428,45,0.1586461251089526,-0.4118077830742015,"Q2: lo-scaling, hi-content"
Suessa,Latium et Campania / Regio I,8.484049972822984,4.23410650459726,8.39931015075952,4444,69,0.34817902077850604,-0.41088005299610586,"Q2: lo-scaling, hi-content"
Novaria,Transpadana / Regio XI,8.364275084991524,4.1588830833596715,8.21851757748959,3709,64,0.2404118407642173,-0.40375974985636454,"Q2: lo-scaling, hi-content"
Aquinum,Latium et Campania / Regio I,9.429074214801693,4.90527477843843,8.810757927026174,6706,135,0.10807005671610526,-0.3894040236669021,"Q2: lo-scaling, hi-content"
Lousonna,Germania superior,6.907755278982137,3.1780538303479458,6.6895992691789665,804,24,-0.3363370402666339,-0.38325001080052834,"Q3: lo-scaling, lo-content"
Thala,Africa proconsularis,6.907755278982137,3.1780538303479458,6.827629234502852,923,24,-0.19830707494274868,-0.38325001080052834,"Q3: lo-scaling, lo-content"
Palma,Hispania citerior,6.907755278982137,3.1780538303479458,6.559615237493242,706,24,-0.4663210719523585,-0.38325001080052834,"Q3: lo-scaling, lo-content"
Musti,Africa proconsularis,6.907755278982137,3.1780538303479458,7.8528278122817445,2573,24,0.8268915028361441,-0.38325001080052834,"Q2: lo-scaling, hi-content"
Arupium,Dalmatia,6.907755278982137,3.1780538303479458,6.790097235513905,889,24,-0.2358390739316958,-0.38325001080052834,"Q3: lo-scaling, lo-content"
Iliturgi,Baetica,6.907755278982137,3.1780538303479458,7.210079628170788,1353,24,0.1841433187251873,-0.38325001080052834,"Q2: lo-scaling, hi-content"
Colonia Agrippinensis,Germania inferior,9.502338118495565,4.976733742420574,7.634820677745543,2069,145,-1.1372381259863804,-0.36831306922165297,"Q3: lo-scaling, lo-content"
Nora,Sardinia,8.034631032923107,3.970291913552122,7.715123603632105,2242,53,-0.0799015962982148,-0.36572479245481526,"Q3: lo-scaling, lo-content"
Nepet,Etruria / Regio VII,7.053585727193677,3.295836866004329,7.688913336864796,2184,27,0.5486356114593365,-0.3657235685817515,"Q2: lo-scaling, hi-content"
Argentoratum,Germania superior,9.087946723762116,4.709530201312334,7.930925372483388,2782,111,-0.5817375762381634,-0.3506277541592757,"Q3: lo-scaling, lo-content"
Flanona,Dalmatia,6.907755278982137,3.2188758248682006,6.511745329644728,673,25,-0.5538201558510538,-0.34242801628027353,"Q3: lo-scaling, lo-content"
Uchi Maius,Africa proconsularis,6.907755278982137,3.2188758248682006,7.65491704784832,2111,25,0.5893515623525385,-0.34242801628027353,"Q2: lo-scaling, hi-content"
Intaranum,Lugudunensis,6.907755278982137,3.2188758248682006,6.317164686747284,554,25,-0.7484007987484977,-0.34242801628027353,"Q3: lo-scaling, lo-content"
Matilica,Umbria / Regio VI,6.907755278982137,3.2188758248682006,7.106606137727303,1220,25,0.04104065223152098,-0.34242801628027353,"Q2: lo-scaling, hi-content"
Napoca,Dacia,8.593969030218288,4.394449154672439,8.31090675716845,4068,81,0.10411818852335841,-0.32610536820853486,"Q2: lo-scaling, hi-content"
Barium,Apulia et Calabria / Regio II,6.907755278982137,3.258096538021482,7.15305163493748,1278,26,0.04941146532517848,-0.30320730312699196,"Q2: lo-scaling, hi-content"
Petelia,Bruttium et Lucania / Regio III,6.907755278982137,3.258096538021482,8.213110697596676,3689,26,1.1094705279843744,-0.30320730312699196,"Q2: lo-scaling, hi-content"
Dertona,Liguria / Regio IX,8.593969030218288,4.418840607796598,8.261526448396468,3872,83,0.03105914476214444,-0.30171391508437573,"Q2: lo-scaling, hi-content"
Tarvisium,Venetia et Histria / Regio X,8.278174290943738,4.204692619390966,7.851661177889265,2570,67,-0.17091554046000912,-0.2987570041122254,"Q3: lo-scaling, lo-content"
Altinum,Venetia et Histria / Regio X,10.267679175328517,5.575949103146316,8.881002624255569,7194,264,-0.4727624704414044,-0.2952600299934405,"Q3: lo-scaling, lo-content"
Vibo Valentia,Bruttium et Lucania / Regio III,8.278174290943738,4.219507705176107,7.9714309977693505,2897,68,-0.06552790963456712,-0.28394191832708415,"Q3: lo-scaling, lo-content"
Angitia,Samnium / Regio IV,7.351799869057777,3.58351893845611,6.86484777797086,958,36,-0.5547059512079038,-0.28305995657414407,"Q3: lo-scaling, lo-content"
Fabrateria Nova,Latium et Campania / Regio I,8.185907481482324,4.1588830833596715,8.117312461601975,3352,64,0.13920672487660113,-0.28113427262048774,"Q2: lo-scaling, hi-content"
Liternum,Latium et Campania / Regio I,7.160845906664299,3.4657359027997265,8.016647877057803,3031,32,0.7114355638388989,-0.26956455204352237,"Q2: lo-scaling, hi-content"
Tolentinum,Picenum / Regio V,6.907755278982137,3.295836866004329,7.157735484249907,1284,27,0.017457758844447113,-0.26546697514414497,"Q2: lo-scaling, hi-content"
Noviomagus (Germania Superior),Germania superior,6.907755278982137,3.295836866004329,6.759255270663693,862,27,-0.38102245474176666,-0.26546697514414497,"Q3: lo-scaling, lo-content"
Parentium,Venetia et Histria / Regio X,6.907755278982137,3.295836866004329,7.564757012905729,1929,27,0.42447928750026964,-0.26546697514414497,"Q2: lo-scaling, hi-content"
Ulia,Baetica,6.907755278982137,3.295836866004329,7.668561108015897,2140,27,0.5282833826104376,-0.26546697514414497,"Q2: lo-scaling, hi-content"
Superaequum,Samnium / Regio IV,8.628555659269699,4.51085950651685,8.237743803890933,3781,91,-0.08205360671597539,-0.23347288751318995,"Q3: lo-scaling, lo-content"
Forum Popili (Italia (VIII Aemilia)),Aemilia / Regio VIII,6.907755278982137,3.332204510175204,7.026426808699636,1126,28,-0.1491558985009398,-0.2290993309732703,"Q3: lo-scaling, lo-content"
Castrum Novum (Italia (VII Etruria)),Etruria / Regio VII,7.053585727193677,3.4339872044851463,7.577633832602728,1954,31,0.30324252089682613,-0.22757323010093433,"Q2: lo-scaling, hi-content"
Astigi,Baetica,9.537483513308878,5.147494476813453,8.892061625546935,7274,172,-0.04576828479654438,-0.22171435039010046,"Q3: lo-scaling, lo-content"
Forum Sempronii,Umbria / Regio VI,8.034631032923107,4.127134385045092,8.617400451833262,5527,62,0.6701157166208933,-0.20888232096184556,"Q2: lo-scaling, hi-content"
Olbia,Sardinia,8.364275084991524,4.356708826689592,7.909489492673759,2723,78,-0.2606615201781741,-0.20593400652644434,"Q3: lo-scaling, lo-content"
Egnatia,Apulia et Calabria / Regio II,7.736307096548285,3.9318256327243257,7.1731917424865985,1304,51,-0.5844911611440136,-0.19909713049741695,"Q3: lo-scaling, lo-content"
Aletrium,Latium et Campania / Regio I,7.9229859587111955,4.060443010546419,7.71289096149013,2237,58,-0.1696511208436533,-0.1988191153858665,"Q3: lo-scaling, lo-content"
Segovia,Hispania citerior,6.907755278982137,3.367295829986474,6.846943139585379,941,29,-0.3627055192419357,-0.19400801116199995,"Q3: lo-scaling, lo-content"
Absortium,Dalmatia,6.907755278982137,3.367295829986474,7.216709486709457,1362,29,0.007060827882142462,-0.19400801116199995,"Q2: lo-scaling, hi-content"
Ruscino,Gallia Narbonensis,6.907755278982137,3.367295829986474,6.052089168924417,425,29,-1.1575594899028978,-0.19400801116199995,"Q3: lo-scaling, lo-content"
Cuicul,Numidia,6.907755278982137,3.367295829986474,8.134174272137903,3409,29,0.9245256133105881,-0.19400801116199995,"Q2: lo-scaling, hi-content"
Cingulum,Picenum / Regio V,6.907755278982137,3.367295829986474,6.919683849847411,1012,29,-0.28996480897990384,-0.19400801116199995,"Q3: lo-scaling, lo-content"
Callatis,Moesia inferior,6.907755278982137,3.367295829986474,7.592366128519796,1983,29,0.3827174696924809,-0.19400801116199995,"Q2: lo-scaling, hi-content"
Mursa,Pannonia inferior,8.90598676523643,4.74493212836325,8.315321775377567,4086,115,-0.23170865626842385,-0.1901306511176033,"Q3: lo-scaling, lo-content"
Vercellae,Transpadana / Regio XI,8.593969030218288,4.532599493153256,8.14902386805177,3460,93,-0.19187828689376296,-0.18795502972771772,"Q3: lo-scaling, lo-content"
Rudiae,Apulia et Calabria / Regio II,7.160845906664299,3.5553480614894135,6.767343125265392,869,35,-0.6248628798268561,-0.1799523933538354,"Q3: lo-scaling, lo-content"
Urbs Salvia,Picenum / Regio V,8.558335134747413,4.532599493153256,8.139148678884066,3426,93,-0.20175347606146765,-0.16345717612694255,"Q3: lo-scaling, lo-content"
Ateste,Venetia et Histria / Regio X,8.960596138864794,4.812184355372417,8.632484235750972,5611,123,0.02016668682337297,-0.1604216795594482,"Q2: lo-scaling, hi-content"
Ossigi,Baetica,6.907755278982137,3.4011973816621555,7.150701457592526,1275,30,-0.09185814974474571,-0.16010645948631863,"Q3: lo-scaling, lo-content"
Iptuci,Baetica,6.907755278982137,3.4011973816621555,6.568077911411976,712,30,-0.6744816959252962,-0.16010645948631863,"Q3: lo-scaling, lo-content"
Mantua,Venetia et Histria / Regio X,6.907755278982137,3.4011973816621555,8.073091199693154,3207,30,0.8305315923558823,-0.16010645948631863,"Q2: lo-scaling, hi-content"
Numistro,Bruttium et Lucania / Regio III,6.907755278982137,3.4011973816621555,7.282073658093465,1454,30,0.03951405075619263,-0.16010645948631863,"Q2: lo-scaling, hi-content"
Potaissa,Dacia,9.447781227991216,5.153291594497779,8.891098830616636,7267,173,-0.05235880566222839,-0.154248043179102,"Q3: lo-scaling, lo-content"
Opitergum,Venetia et Histria / Regio X,8.558335134747413,4.543294782270004,8.16961956172385,3532,94,-0.18166536604540795,-0.152761887010195,"Q3: lo-scaling, lo-content"
Eburacum,Britannia,8.662504922576291,4.61512051684126,8.06777619577889,3190,101,-0.3532357189666069,-0.15255156742890108,"Q3: lo-scaling, lo-content"
Aurgi,Baetica,6.907755278982137,3.4339872044851463,7.319202458767849,1509,31,0.044811147061947665,-0.12731663666332782,"Q2: lo-scaling, hi-content"
Lucentum,Hispania citerior,6.907755278982137,3.4339872044851463,6.555356891810665,703,31,-0.7190344198952365,-0.12731663666332782,"Q3: lo-scaling, lo-content"
Ticinum,Transpadana / Regio XI,8.789812386190972,4.74493212836325,8.59711281459211,5416,115,0.050082382946119,-0.11026223110883127,"Q2: lo-scaling, hi-content"
Baetulo,Hispania citerior,7.053585727193677,3.5553480614894135,7.212294468500341,1356,35,-0.1799115365919075,-0.10621237309666709,"Q3: lo-scaling, lo-content"
Aveia,Samnium / Regio IV,7.438383530044307,3.828641396489095,7.761744984658913,2349,46,0.10423127441106139,-0.09746267318283675,"Q2: lo-scaling, hi-content"
Interamna Lirenas,Latium et Campania / Regio I,8.13739583005665,4.31748811353631,8.22817689595132,3745,75,0.0961005672159061,-0.08917809408205013,"Q2: lo-scaling, hi-content"
Aecae,Apulia et Calabria / Regio II,6.907755278982137,3.4965075614664802,7.444833273892193,1711,33,0.10974844971462439,-0.06479627968199386,"Q2: lo-scaling, hi-content"
Sutrium,Etruria / Regio VII,6.907755278982137,3.4965075614664802,8.742893471512136,6266,33,1.4078086473345675,-0.06479627968199386,"Q2: lo-scaling, hi-content"
Illiberi,Baetica,6.907755278982137,3.4965075614664802,7.404279118037268,1643,33,0.06919429385969877,-0.06479627968199386,"Q2: lo-scaling, hi-content"
Antium,Latium et Campania / Regio I,9.204121072162266,5.081404364984463,9.32607687045878,11227,161,0.45240591921632145,-0.05862198942765673,"Q2: lo-scaling, hi-content"
Auzia,Mauretania Caesariensis,7.736307096548285,4.07753744390572,9.13755460225053,9298,59,1.2384175858123472,-0.05338531931602297,"Q2: lo-scaling, hi-content"
Simitthus,Africa proconsularis,8.662504922576291,4.727387818712341,8.475746001502063,4797,113,-0.054252765130847536,-0.04028426555781994,"Q3: lo-scaling, lo-content"
Beda,Belgica,6.907755278982137,3.5263605246161616,6.849066282633458,943,34,-0.5149992012639908,-0.03494331653231253,"Q3: lo-scaling, lo-content"
Albintimilium,Liguria / Regio IX,7.980023592310645,4.276666119016055,8.137980454452139,3422,72,0.045533301766907286,-0.021808660463918272,"Q2: lo-scaling, hi-content"
Nola,Latium et Campania / Regio I,8.987071812848821,4.969813299576001,9.10974625674048,9043,144,0.34440568054878007,-0.020994427218957945,"Q2: lo-scaling, hi-content"
Anderitum,Aquitani(c)a,8.484049972822984,4.624972813284271,6.234410725718371,510,102,-2.196165601418709,-0.02001374430909486,"Q3: lo-scaling, lo-content"
Luceria,Apulia et Calabria / Regio II,9.502338118495565,5.327876168789581,9.207736986106068,9974,206,0.09479613589891578,-0.017170642852645912,"Q2: lo-scaling, hi-content"
Bononia,Aemilia / Regio VIII,8.628555659269699,4.727387818712341,8.22282213081366,3725,113,-0.3071766358192516,-0.016944575317698884,"Q3: lo-scaling, lo-content"
Asculum,Picenum / Regio V,8.628555659269699,4.727387818712341,8.341171747170762,4193,113,-0.18882701946214908,-0.016944575317698884,"Q3: lo-scaling, lo-content"
Augusta Taurinorum,Transpadana / Regio XI,9.063347348235522,5.030437921392435,9.133027268873512,9256,153,0.30883352200326897,-0.012808273735331888,"Q2: lo-scaling, hi-content"
Toletum,Hispania citerior,6.907755278982137,3.5553480614894135,6.837332814685591,932,35,-0.5548731904066573,-0.005955779659060578,"Q3: lo-scaling, lo-content"
Celsa,Hispania citerior,6.907755278982137,3.5553480614894135,6.144185634125646,466,35,-1.2480203709666027,-0.005955779659060578,"Q3: lo-scaling, lo-content"
Interamna Nahars,Umbria / Regio VI,8.90598676523643,4.9344739331306915,8.95364003713313,7736,139,0.22260621128083713,-0.0005888463501619867,"Q2: lo-scaling, hi-content"
Lucus Feroniae,Etruria / Regio VII,8.034631032923107,4.343805421853684,8.596558746796978,5413,77,0.4389341013579653,0.007788715846746896,"Q1: hi-scaling, hi-content"
Patavium,Venetia et Histria / Regio X,10.23720600096072,5.860786223465865,9.885679933886163,19647,351,0.2554006580614345,0.010527013273021524,"Q1: hi-scaling, hi-content"
Forum Claudii,Alpes Poeninae,7.8636512654486515,4.23410650459726,7.31986492980897,1510,69,-0.731266200172044,0.01563623175273854,"Q4: hi-scaling, lo-content"
Colonia Ulpia Traiana,Germania inferior,9.588502797556337,5.424950017481403,8.506132244056813,4945,227,-0.7010459574823038,0.020666075985836585,"Q4: hi-scaling, lo-content"
Tragurium,Dalmatia,6.907755278982137,3.58351893845611,7.388946097618437,1618,36,-0.03060763156032742,0.022215097307635823,"Q4: hi-scaling, lo-content"
Aeso,Hispania citerior,6.907755278982137,3.58351893845611,7.735870319952567,2289,36,0.3163165907738028,0.022215097307635823,"Q1: hi-scaling, hi-content"
Magnum,Dalmatia,6.907755278982137,3.58351893845611,6.593044534142437,730,36,-0.8265091950363272,0.022215097307635823,"Q4: hi-scaling, lo-content"
Tuder,Umbria / Regio VI,7.5953872788539725,4.060443010546419,8.008698182988528,3007,58,0.12615610065474492,0.026400844231202925,"Q1: hi-scaling, hi-content"
Florentia,Etruria / Regio VII,7.8636512654486515,4.248495242049359,8.10530751550515,3312,70,0.04020808690643385,0.030024969204838214,"Q1: hi-scaling, hi-content"
Banasa,Mauretania Tingitana,6.907755278982137,3.6109179126442243,9.323133199451306,11194,37,1.876981093969385,0.049614071495750256,"Q1: hi-scaling, hi-content"
Augusta Raurica,Germania superior,8.75904072752422,4.890349128221754,7.881559917056899,2648,133,-0.8066384304591132,0.0563098958866215,"Q4: hi-scaling, lo-content"
Cumae,Latium et Campania / Regio I,9.588502797556337,5.4638318050256105,9.68638819820623,16097,236,0.4414643347551106,0.059547863530044154,"Q1: hi-scaling, hi-content"
Suasa,Umbria / Regio VI,7.8013913202914855,4.248495242049359,8.038189179973203,3097,70,-0.026910248625512168,0.07282789606696483,"Q4: hi-scaling, lo-content"
Cetium,Noricum,6.907755278982137,3.6375861597263857,7.362010551259734,1575,38,-0.11003055526167138,0.07628231857791157,"Q4: hi-scaling, lo-content"
Trea,Picenum / Regio V,6.907755278982137,3.6375861597263857,7.403061091090091,1641,38,-0.06898001543131382,0.07628231857791157,"Q4: hi-scaling, lo-content"
Trebula Mutuesca,Samnium / Regio IV,6.907755278982137,3.6375861597263857,8.468423027046809,4762,38,0.9963819205254039,0.07628231857791157,"Q1: hi-scaling, hi-content"
Obulco,Baetica,6.907755278982137,3.6635616461296463,8.052296499538647,3141,39,0.5550389101931819,0.1022578049811722,"Q1: hi-scaling, hi-content"
Domavium,Dalmatia,6.907755278982137,3.6635616461296463,7.653494909661253,2108,39,0.15623732031578808,0.1022578049811722,"Q1: hi-scaling, hi-content"
Sestinum,Umbria / Regio VI,6.907755278982137,3.6635616461296463,7.940583827104244,2809,39,0.4433262377587788,0.1022578049811722,"Q1: hi-scaling, hi-content"
Ratiaria,Moesia superior,8.405367376233981,4.700480365792417,8.669227347271736,5821,110,0.16534979792272075,0.10958710074242894,"Q1: hi-scaling, hi-content"
Tarraco,Hispania citerior,9.410092463833022,5.402677381872279,8.869116865929483,7109,222,-0.3164395062985381,0.12104829409573625,"Q4: hi-scaling, lo-content"
Augusta Vindelicum,Raetia,9.269363712425644,5.308267697401205,8.974997713204976,7903,202,-0.11890762504698849,0.12338785086929693,"Q4: hi-scaling, lo-content"
Sopianae,Pannonia inferior,7.5953872788539725,4.1588830833596715,7.926241523170962,2769,64,-0.05186421355441162,0.12484091704445532,"Q4: hi-scaling, lo-content"
Dertosa,Hispania citerior,6.907755278982137,3.6888794541139363,7.910957382845589,2727,40,0.38912177173501217,0.12757561296546216,"Q1: hi-scaling, hi-content"
Abellinum,Latium et Campania / Regio I,8.034631032923107,4.465908118654584,8.641532465671846,5662,87,0.3653729636048997,0.12989141264764648,"Q1: hi-scaling, hi-content"
Ocriculum,Umbria / Regio VI,8.034631032923107,4.465908118654584,8.36730010184162,4304,87,0.0911405997746737,0.12989141264764648,"Q1: hi-scaling, hi-content"
Fanum Fortunae,Umbria / Regio VI,7.980023592310645,4.430816798843313,8.340217320947035,4189,84,0.09812377050682741,0.13234201936333978,"Q1: hi-scaling, hi-content"
Gabii,Latium et Campania / Regio I,7.351799869057777,4.007333185232471,8.561210076833012,5225,55,0.7302259509904658,0.1407542902022172,"Q1: hi-scaling, hi-content"
Vettona,Umbria / Regio VI,6.907755278982137,3.713572066704308,7.699389406256737,2207,41,0.15358270056876933,0.15226822555583386,"Q1: hi-scaling, hi-content"
Epidaurum,Dalmatia,6.907755278982137,3.713572066704308,7.716015266642587,2244,41,0.17020856095461934,0.15226822555583386,"Q1: hi-scaling, hi-content"
Bovillae,Latium et Campania / Regio I,6.907755278982137,3.713572066704308,7.52131798019924,1847,41,-0.024488725488727603,0.15226822555583386,"Q4: hi-scaling, lo-content"
Aguntum,Noricum,6.907755278982137,3.7376696182833684,7.850103545175582,2566,42,0.2809034182418424,0.17636577713489432,"Q1: hi-scaling, hi-content"
Anagnia,Latium et Campania / Regio I,7.736307096548285,4.31748811353631,8.62191350218664,5552,75,0.48983717345122635,0.18656535031456745,"Q1: hi-scaling, hi-content"
Iuvanum,Samnium / Regio IV,6.907755278982137,3.7612001156935624,7.898039690764619,2692,43,0.30599662743407396,0.1998962745450883,"Q1: hi-scaling, hi-content"
Pinna,Samnium / Regio IV,7.5953872788539725,4.23410650459726,7.9229859587111955,2760,69,-0.12814517126981873,0.2000643382820435,"Q4: hi-scaling, lo-content"
Vindobona,Pannonia superior,8.484049972822984,4.852030263919617,8.641002477142523,5659,128,-0.00999668308931767,0.20704370632625135,"Q4: hi-scaling, lo-content"
Veii,Etruria / Regio VII,8.034631032923107,4.553876891600541,8.74909824839902,6305,95,0.3875404204794748,0.21786018559360354,"Q1: hi-scaling, hi-content"
Interamnia Praetuttiorum,Picenum / Regio V,7.9229859587111955,4.477336814478207,8.295798110636145,4007,88,0.008543859178802293,0.21807468854592127,"Q1: hi-scaling, hi-content"
Minturnae,Latium et Campania / Regio I,8.405367376233981,4.812184355372417,8.631057447565285,5603,123,0.018739898637685215,0.22129109032242944,"Q1: hi-scaling, hi-content"
Albona,Dalmatia,6.907755278982137,3.784189633918261,7.257707677160043,1419,44,-0.35665315079083104,0.22288579276978693,"Q4: hi-scaling, lo-content"
Mutina,Aemilia / Regio VIII,9.063347348235522,5.267858159063328,9.315150736328528,11105,194,0.26047416991189465,0.22461196393556104,"Q1: hi-scaling, hi-content"
Parma,Aemilia / Regio VIII,7.8013913202914855,4.406719247264253,8.64979915596426,5709,82,0.43109902676982337,0.23105190128185882,"Q1: hi-scaling, hi-content"
Caiatia,Latium et Campania / Regio I,7.259819610363186,4.04305126783455,7.81923445385907,2488,57,-0.046424072395498506,0.23970764029008684,"Q4: hi-scaling, lo-content"
Colonia Augusta Treverorum,Belgica,10.247431803996042,6.102558594613569,9.386476169683052,11926,447,-0.4785108898470529,0.24526927383642416,"Q4: hi-scaling, lo-content"
Aquae Mattiacorum,Germania superior,6.907755278982137,3.8066624897703196,8.343553835005117,4203,45,0.7073768079346809,0.24535864862184553,"Q1: hi-scaling, hi-content"
Egitania,Lusitania,6.907755278982137,3.8066624897703196,7.552762084214147,1906,45,-0.08341494285628936,0.24535864862184553,"Q4: hi-scaling, lo-content"
Scardona,Dalmatia,6.907755278982137,3.8066624897703196,7.631916513071252,2063,45,-0.004260513999184923,0.24535864862184553,"Q4: hi-scaling, lo-content"
Noviodunum (Germania Superior),Germania superior,6.907755278982137,3.8066624897703196,7.479299637782834,1771,45,-0.15687738928760275,0.24535864862184553,"Q4: hi-scaling, lo-content"
Carseoli,Samnium / Regio IV,6.907755278982137,3.8066624897703196,7.683403681053826,2172,45,0.04722665398338943,0.24535864862184553,"Q1: hi-scaling, hi-content"
Corinium,Dalmatia,6.907755278982137,3.8066624897703196,7.566828479208331,1933,45,-0.06934854786210565,0.24535864862184553,"Q4: hi-scaling, lo-content"
Sirmium,Pannonia inferior,9.55470991405776,5.627621113690637,9.345570321236286,11448,278,-0.058356928122476504,0.24656935328997331,"Q4: hi-scaling, lo-content"
Singidunum,Moesia superior,8.185907481482324,4.700480365792417,8.692322277628687,5957,110,0.18844472827967174,0.26046300981225734,"Q1: hi-scaling, hi-content"
Sentinum,Umbria / Regio VI,7.438383530044307,4.189654742026425,8.91972065553706,7478,66,0.9117424078530227,0.26355067235449336,"Q1: hi-scaling, hi-content"
Risinium,Dalmatia,6.907755278982137,3.828641396489095,7.4949862339505335,1799,46,-0.1625274762973179,0.267337555340621,"Q4: hi-scaling, lo-content"
Narnia,Umbria / Regio VI,6.937314081223682,3.8501476017100584,7.862112211662748,2597,47,0.18372070739995738,0.26852245691631005,"Q1: hi-scaling, hi-content"
Auximum,Picenum / Regio V,7.160845906664299,4.007333185232471,8.597666575566114,5419,55,0.766682449723568,0.27203273038922227,"Q1: hi-scaling, hi-content"
Brixia,Venetia et Histria / Regio X,8.484049972822984,4.919980925828125,9.129997619293645,9228,137,0.41303331514502517,0.27499436823475953,"Q1: hi-scaling, hi-content"
Doclea,Dalmatia,8.034631032923107,4.61512051684126,8.465057436995709,4746,101,0.04404552225021163,0.27910381083432245,"Q1: hi-scaling, hi-content"
Oescus,Moesia inferior,8.364275084991524,4.844187086458591,8.882391706295847,7204,127,0.2390065459199313,0.28154425324255516,"Q1: hi-scaling, hi-content"
Herdoniae,Apulia et Calabria / Regio II,7.6676260915849905,4.3694478524670215,7.8632667240095735,2600,79,-0.3192510803520463,0.28574241371995157,"Q4: hi-scaling, lo-content"
Ilici,Hispania citerior,6.907755278982137,3.8501476017100584,7.0630481633881725,1168,47,-0.6153433408746185,0.28884376056158434,"Q4: hi-scaling, lo-content"
Macomades,Africa proconsularis,6.907755278982137,3.8501476017100584,6.577861357721047,719,47,-1.100530146541744,0.28884376056158434,"Q4: hi-scaling, lo-content"
Bellunum,Venetia et Histria / Regio X,7.160845906664299,4.04305126783455,7.83002808253384,2515,57,-0.03563044372072888,0.30775081299130136,"Q4: hi-scaling, lo-content"
Bovianum,Samnium / Regio IV,7.351799869057777,4.174387269895637,7.731053144007127,2278,65,-0.26210374700331407,0.3078083748653828,"Q4: hi-scaling, lo-content"
Carthago Nova,Hispania citerior,9.158836529109067,5.429345628954441,9.024131268455035,8301,228,-0.18731410481247046,0.3204518266092711,"Q4: hi-scaling, lo-content"
Valentia (Hispania Tarraconensis) (1),Hispania citerior,8.558335134747413,5.0238805208462765,8.74321260347591,6268,152,-0.0746153500584299,0.32782385156607763,"Q4: hi-scaling, lo-content"
Burdigala,Aquitani(c)a,9.68514495816296,5.808142489980444,9.29394595583098,10872,333,-0.2852278361302041,0.33741828224627124,"Q4: hi-scaling, lo-content"
Veleia,Aemilia / Regio VIII,6.907755278982137,3.912023005428146,10.692853590836616,44040,50,2.9543946818343674,0.35071916427967187,"Q1: hi-scaling, hi-content"
Aenona,Dalmatia,7.438383530044307,4.30406509320417,7.798933310041217,2438,74,-0.32011221894717234,0.37796102353223837,"Q4: hi-scaling, lo-content"
Centumcellae,Etruria / Regio VII,7.5953872788539725,4.418840607796598,8.596743470174246,5414,83,0.36627616653992234,0.3847984414813821,"Q1: hi-scaling, hi-content"
Amiternum,Samnium / Regio IV,9.311090275076326,5.598421958998375,9.276221741089696,10681,270,-0.09935955272684005,0.3848556270409409,"Q4: hi-scaling, lo-content"
Clunia,Hispania citerior,9.410092463833022,5.673323267171493,8.552946361122055,5182,291,-0.8953476250277408,0.39169417939494977,"Q4: hi-scaling, lo-content"
Durocortorum,Belgica,9.135616825780247,5.484796933490655,8.442900586834382,4642,241,-0.8223758041357847,0.3918663842584591,"Q4: hi-scaling, lo-content"
Gorsium,Pannonia inferior,6.907755278982137,3.970291913552122,7.1785454837637,1311,53,-0.6164797161666202,0.4089880724036479,"Q4: hi-scaling, lo-content"
Delminium,Dalmatia,6.907755278982137,3.970291913552122,7.255591274253665,1416,53,-0.5394339256766552,0.4089880724036479,"Q4: hi-scaling, lo-content"
Septempeda,Picenum / Regio V,7.259819610363186,4.219507705176107,7.813187267521416,2473,68,-0.22377163988250182,0.41616407763164354,"Q4: hi-scaling, lo-content"
Sabratha,Africa proconsularis,8.484049972822984,5.062595033026967,8.762489547371581,6390,158,-0.09292168049650762,0.41760847543360136,"Q4: hi-scaling, lo-content"
Noviomagus (Germania Inferior),Germania inferior,8.484049972822984,5.062595033026967,8.143226750367445,3440,158,-0.7121844775006441,0.41760847543360136,"Q4: hi-scaling, lo-content"
Theveste,Africa proconsularis,9.351579483668907,5.659482215759621,9.660523873772611,15686,287,0.2256665035835681,0.418080063681904,"Q1: hi-scaling, hi-content"
Albingaunum,Liguria / Regio IX,6.907755278982137,3.9889840465642745,7.630946580890459,2061,54,-0.1822245680214687,0.42768020541580043,"Q4: hi-scaling, lo-content"
Labitolosa,Hispania citerior,6.907755278982137,3.9889840465642745,6.666956792429207,786,54,-1.1462143564827212,0.42768020541580043,"Q4: hi-scaling, lo-content"
Ariminum,Aemilia / Regio VIII,8.662504922576291,5.198497031265826,9.37092743662413,11742,181,0.383585266207243,0.4308249469956653,"Q1: hi-scaling, hi-content"
Parlais,Baetica,6.907755278982137,4.007333185232471,8.08271113423758,3238,55,0.2517270083950347,0.4460293440839971,"Q1: hi-scaling, hi-content"
Velitrae,Latium et Campania / Regio I,8.364275084991524,5.017279836814924,8.939974177289633,7631,151,0.12855403583317226,0.45463700359888826,"Q1: hi-scaling, hi-content"
Teate Marrucinorum,Samnium / Regio IV,7.736307096548285,4.59511985013459,8.721276239991704,6132,99,0.31968057257450333,0.4641970869128471,"Q1: hi-scaling, hi-content"
Emporiae,Hispania citerior,7.980023592310645,4.770684624465665,7.930565854233965,2781,118,-0.6414645857106862,0.4722098449856915,"Q4: hi-scaling, lo-content"
Luguvalium,Britannia,8.185907481482324,4.919980925828125,8.127109185346375,3385,137,-0.5898551188022445,0.47996356984796584,"Q4: hi-scaling, lo-content"
Aequi,Samnium / Regio IV,6.907755278982137,4.04305126783455,8.058327306580958,3160,57,0.19266878032638957,0.4817474266860762,"Q1: hi-scaling, hi-content"
Cereatae,Latium et Campania / Regio I,6.907755278982137,4.04305126783455,7.587310506022615,1973,57,-0.27834802023195326,0.4817474266860762,"Q4: hi-scaling, lo-content"
Nedinum,Dalmatia,6.907755278982137,4.060443010546419,7.9561263512135,2853,58,0.07358426887971703,0.499139169397945,"Q1: hi-scaling, hi-content"
Cularo,Gallia Narbonensis,6.907755278982137,4.060443010546419,8.211754397375197,3684,58,0.32921231504141346,0.499139169397945,"Q1: hi-scaling, hi-content"
Siscia,Pannonia superior,8.034631032923107,4.836281906951478,8.99850761180784,8091,126,0.36279664163446945,0.5002652009445407,"Q1: hi-scaling, hi-content"
Tomis,Moesia inferior,8.727616178321068,5.313205979041787,9.310638093291546,11055,203,0.2119387699631563,0.5007707278509104,"Q1: hi-scaling, hi-content"
Urvinum Mataurense,Umbria / Regio VI,7.053585727193677,4.174387269895637,8.616314282284044,5521,65,0.6231573912736028,0.5128268353095562,"Q1: hi-scaling, hi-content"
Bergomum,Transpadana / Regio XI,7.6676260915849905,4.61512051684126,8.502688505213357,4928,101,0.08167659046785936,0.5314150780941898,"Q1: hi-scaling, hi-content"
Durostorum,Moesia inferior,6.907755278982137,4.0943445622221,8.717027173294824,6106,60,0.8015741424510834,0.5330407210736263,"Q1: hi-scaling, hi-content"
Tharrus,Sardinia,6.907755278982137,4.0943445622221,7.271703706887368,1439,60,-0.6437493239563725,0.5330407210736263,"Q4: hi-scaling, lo-content"
Mogentiana,Pannonia superior,6.907755278982137,4.0943445622221,7.513163545234075,1832,60,-0.40228948560966504,0.5330407210736263,"Q4: hi-scaling, lo-content"
Sulcis,Sardinia,6.907755278982137,4.110873864173311,7.952615111651,2843,61,0.02111576497410983,0.5495700230248373,"Q1: hi-scaling, hi-content"
Histria,Moesia inferior,7.438383530044307,4.477336814478207,8.61286694148452,5502,88,0.3256126900271763,0.551232744806275,"Q1: hi-scaling, hi-content"
Tridentum,Venetia et Histria / Regio X,6.937314081223682,4.143134726391533,7.797291273547472,2434,63,-0.1655262731194309,0.5615095815977842,"Q4: hi-scaling, lo-content"
Rusellae,Etruria / Regio VII,7.736307096548285,4.700480365792417,8.239065331769268,3786,110,-0.26481221757974716,0.5695576025706739,"Q4: hi-scaling, lo-content"
Neapolis (Italia (I Latium and Campania)),Latium et Campania / Regio I,9.621522440413576,5.998936561946683,9.349580439067687,11494,403,-0.41481242305748367,0.571952032542403,"Q4: hi-scaling, lo-content"
Caesarobriga,Lusitania,6.907755278982137,4.143134726391533,7.665753431861699,2134,63,-0.2970641148052042,0.5818308852430585,"Q4: hi-scaling, lo-content"
Tropaeum Traiani,Moesia inferior,6.907755278982137,4.143134726391533,8.570733958344267,5275,63,0.6079164116773637,0.5818308852430585,"Q1: hi-scaling, hi-content"
Fulginiae,Umbria / Regio VI,8.558335134747413,5.278114659230517,9.266909723464076,10582,196,0.20227635176242664,0.582057989950318,"Q1: hi-scaling, hi-content"
Firmum,Picenum / Regio V,7.438383530044307,4.51085950651685,8.446341450444287,4658,91,0.12654403983737872,0.5847554368449179,"Q1: hi-scaling, hi-content"
Privernum,Latium et Campania / Regio I,6.907755278982137,4.1588830833596715,8.089789175789319,3261,64,0.1116834390639454,0.5975792422111974,"Q1: hi-scaling, hi-content"
Peltuinum,Samnium / Regio IV,8.087025470667701,4.983606621708336,9.012986392348266,8209,146,0.234255534826044,0.6115694007282029,"Q1: hi-scaling, hi-content"
Urvinum Hortense,Umbria / Regio VI,6.907755278982137,4.174387269895637,6.646390514847729,770,65,-1.3467663761627122,0.6130834287471627,"Q4: hi-scaling, lo-content"
Lambaesis,Numidia,9.466222131878165,5.937536205082426,10.40147106828882,32908,379,0.6966844449159044,0.6173186786224427,"Q1: hi-scaling, hi-content"
Viminacium (1),Moesia superior,9.135616825780247,5.713732805509369,10.008297916888473,22210,303,0.520775158903346,0.6208022562771731,"Q1: hi-scaling, hi-content"
Carsulae,Umbria / Regio VI,7.351799869057777,4.48863636973214,8.538758969330798,5109,89,0.2405353355659674,0.6220574747018857,"Q1: hi-scaling, hi-content"
Naissus,Moesia superior,6.907755278982137,4.189654742026425,8.038512020976814,3098,66,0.03053377329277751,0.6283509008779511,"Q1: hi-scaling, hi-content"
Corduba,Baetica,9.873234509365107,6.234410725718371,10.123385843685309,24919,510,0.13039937164362136,0.6343773243555724,"Q1: hi-scaling, hi-content"
Nursia,Samnium / Regio IV,8.321907968230423,5.170483995038151,8.558143177745192,5209,176,-0.4020044972186181,0.636968020117715,"Q4: hi-scaling, lo-content"
Falerio,Picenum / Regio V,7.438383530044307,4.574710978503383,8.813735892300215,6726,97,0.43195274939005124,0.648606908831451,"Q1: hi-scaling, hi-content"
Forum Iulii (X Venetia et Histria),Venetia et Histria / Regio X,7.053585727193677,4.31748811353631,7.725771441587952,2266,75,-0.4063048871474617,0.6559276789502295,"Q4: hi-scaling, lo-content"
Forum Novum,Samnium / Regio IV,6.907755278982137,4.219507705176107,7.638198244285779,2076,68,-0.3987606631181384,0.6582038640276329,"Q4: hi-scaling, lo-content"
Capua,Latium et Campania / Regio I,10.701355043866476,6.834108738813838,10.709338223009158,44772,929,0.13417691073245663,0.6647529170440025,"Q1: hi-scaling, hi-content"
Fundi,Latium et Campania / Regio I,7.259819610363186,4.477336814478207,8.290292591224315,3985,88,0.003038339766971987,0.6739931869337434,"Q1: hi-scaling, hi-content"
Beneventum,Apulia et Calabria / Regio II,8.877939834725023,5.605802066295998,9.962228047558728,21210,272,0.5794822931418757,0.6900211977187984,"Q1: hi-scaling, hi-content"
Tibur,Latium et Campania / Regio I,8.819813136232225,5.583496308781699,10.052941505704466,23224,266,0.6918497346819859,0.7076768121273869,"Q1: hi-scaling, hi-content"
Augusta Bagiennorum,Liguria / Regio IX,7.438383530044307,4.634728988229636,8.145549631783584,3448,103,-0.29449779491709904,0.708624918557704,"Q4: hi-scaling, lo-content"
Allifae,Latium et Campania / Regio I,7.8636512654486515,4.941642422609304,8.776938645174996,6483,140,0.038945793069812495,0.7231721497647827,"Q1: hi-scaling, hi-content"
Terventum,Samnium / Regio IV,6.937314081223682,4.31748811353631,8.413608875159667,4508,75,0.28153254642425374,0.7358629687425617,"Q1: hi-scaling, hi-content"
Concordia,Venetia et Histria / Regio X,8.727616178321068,5.552959584921617,9.337413454539659,11355,258,0.005966124463014921,0.7405243337307406,"Q1: hi-scaling, hi-content"
Surrentum,Latium et Campania / Regio I,7.8636512654486515,4.962844630259907,8.694167141883597,5968,143,-0.06440838947361094,0.7443743574153858,"Q4: hi-scaling, lo-content"
Scarbantia,Pannonia superior,7.9229859587111955,5.0106352940962555,8.6328406149422,5613,150,-0.17212913729968093,0.7513731681639699,"Q4: hi-scaling, lo-content"
Tegianum,Bruttium et Lucania / Regio III,6.907755278982137,4.330733340286331,8.249052274171293,3824,76,0.10411774414341934,0.769429499137857,"Q1: hi-scaling, hi-content"
Volcei,Bruttium et Lucania / Regio III,6.907755278982137,4.343805421853684,8.41913925094085,4533,77,0.26151460550183714,0.78250158070521,"Q1: hi-scaling, hi-content"
Tarracina,Latium et Campania / Regio I,8.662504922576291,5.556828061699537,9.481359383531425,13113,259,0.14615661354842935,0.7891559774293766,"Q1: hi-scaling, hi-content"
Sarsina,Umbria / Regio VI,6.907755278982137,4.356708826689592,8.525756422076725,5043,78,0.35560540922479156,0.7954049855411176,"Q1: hi-scaling, hi-content"
Mediolanum (Italia (XI Transpadana)),Transpadana / Regio XI,9.951849053414007,6.459904454377535,10.687731503489951,43815,639,0.47584022838157836,0.8058245457341684,"Q1: hi-scaling, hi-content"
Aequum,Dalmatia,7.160845906664299,4.543294782270004,8.39795910349254,4438,94,0.0466741757232807,0.8079943274267549,"Q1: hi-scaling, hi-content"
Spoletium,Umbria / Regio VI,7.9229859587111955,5.075173815233827,8.823942326585245,6795,160,-0.04368013153826844,0.815911689301541,"Q4: hi-scaling, lo-content"
Ammaedara,Africa proconsularis,9.39091039573133,6.111467339502679,10.34212950533885,31012,451,0.4684940143995089,0.8430256815567985,"Q1: hi-scaling, hi-content"
Emona,Pannonia superior,7.9229859587111955,5.117993812416755,8.577535420422398,5311,167,-0.3316558347864351,0.8587316864844698,"Q4: hi-scaling, lo-content"
Valeria,Hispania citerior,7.259819610363186,4.663439094112067,7.641564441260972,2083,106,-0.826354182175816,0.8600954665676035,"Q4: hi-scaling, lo-content"
Scupi,Moesia superior,8.185907481482324,5.303304908059076,9.584589972931425,14539,201,0.49550241134251927,0.8632875520789165,"Q1: hi-scaling, hi-content"
Perusia,Etruria / Regio VII,8.484049972822984,5.5093883366279774,8.923591197573002,7507,247,-0.3655580358612056,0.8644017790346119,"Q4: hi-scaling, lo-content"
Trebula Suffenas,Samnium / Regio IV,6.907755278982137,4.454347296253507,7.974188669286011,2905,86,-0.29074781755100076,0.8930434551050332,"Q4: hi-scaling, lo-content"
Augusta Auscorum,Aquitani(c)a,6.907755278982137,4.454347296253507,7.714677473800927,2241,86,-0.5502590130360847,0.8930434551050332,"Q4: hi-scaling, lo-content"
Iulium Carnicum,Venetia et Histria / Regio X,6.907755278982137,4.465908118654584,8.062432791583195,3173,87,-0.21372671048375125,0.9046042775061096,"Q4: hi-scaling, lo-content"
Augusta Emerita,Lusitania,9.605148899895818,6.322565239927284,9.931540366978163,20569,557,-0.1470247448203299,0.9068373130703806,"Q4: hi-scaling, lo-content"
Verona,Venetia et Histria / Regio X,9.012986392348266,5.918893854273146,9.84882015119382,18936,372,0.16213114923535166,0.9102701809948206,"Q1: hi-scaling, hi-content"
Salernum,Latium et Campania / Regio I,8.13739583005665,5.318119993844216,9.463586267106836,12882,204,0.3601165164632878,0.9114537862258558,"Q1: hi-scaling, hi-content"
Troesmis,Moesia inferior,6.907755278982137,4.51085950651685,9.25674674479034,10475,91,0.9369493341834314,0.9495556653683757,"Q1: hi-scaling, hi-content"
Brundisium,Apulia et Calabria / Regio II,9.248021438943871,6.1224928095143865,9.440499258184298,12588,456,-0.44383953858967473,0.9522855067601155,"Q4: hi-scaling, lo-content"
Aleria,Corsica,6.907755278982137,4.5217885770490405,8.045908742270779,3121,92,-0.28449839148353995,0.9604847359005664,"Q4: hi-scaling, lo-content"
Corstopitum,Britannia,7.438383530044307,4.890349128221754,7.912423121473705,2731,133,-0.775775226042307,0.9642450585498219,"Q4: hi-scaling, lo-content"
Montana,Moesia inferior,6.907755278982137,4.532599493153256,9.138951775888529,9311,93,0.7980496209429955,0.9712956520047822,"Q1: hi-scaling, hi-content"
Tibiscum,Dacia,6.907755278982137,4.543294782270004,8.357962965845681,4264,94,0.006678038076422865,0.9819909411215297,"Q1: hi-scaling, hi-content"
Praeneste,Latium et Campania / Regio I,8.789812386190972,5.846438775057725,10.179982279347332,26370,346,0.5636312195619979,0.9912444155856432,"Q1: hi-scaling, hi-content"
Marruvium,Samnium / Regio IV,8.034631032923107,5.332718793265369,8.97335141383992,7890,207,-0.14429055938072644,0.9967020872584316,"Q4: hi-scaling, lo-content"
Pola,Venetia et Histria / Regio X,7.980023592310645,5.298317366548036,9.326611153641569,11233,200,0.24236539762638287,0.9998425870680627,"Q1: hi-scaling, hi-content"
Municipium S,Dalmatia,6.907755278982137,4.574710978503383,8.188966863648876,3601,97,-0.19281627926128841,1.0134071373549087,"Q4: hi-scaling, lo-content"
Pisaurum,Umbria / Regio VI,7.519149957669823,5.043425116919247,9.406975663409597,12173,155,0.570174206799086,1.0617951471546725,"Q1: hi-scaling, hi-content"
Telesia,Samnium / Regio IV,7.736307096548285,5.19295685089021,9.044049632254756,8468,180,0.062085758171383176,1.0620340876684677,"Q1: hi-scaling, hi-content"
Ameria,Umbria / Regio VI,8.034631032923107,5.3981627015177525,9.301733800405394,10957,221,0.12056018959514425,1.0621459955108152,"Q1: hi-scaling, hi-content"
Venusia,Apulia et Calabria / Regio II,8.789812386190972,5.945420608606575,9.460009002229748,12836,382,-0.2524316424368642,1.0902262491344938,"Q4: hi-scaling, lo-content"
Malvesia,Dalmatia,6.907755278982137,4.653960350157523,8.197814032221203,3633,105,-0.26090281611067745,1.092656509009049,"Q4: hi-scaling, lo-content"
Brigetio,Pannonia superior,8.987071812848821,6.09807428216624,10.295462070461793,29598,445,0.43482829179235516,1.1072665553712815,"Q1: hi-scaling, hi-content"
Luna,Etruria / Regio VII,7.9229859587111955,5.384495062789089,9.124564594954778,9178,218,-0.04334074546021327,1.1252329368568033,"Q4: hi-scaling, lo-content"
Raetinium,Dalmatia,6.907755278982137,4.727387818712341,7.66105638236183,2124,113,-0.8689423842710813,1.1660839775638667,"Q4: hi-scaling, lo-content"
Alba Fucentia,Samnium / Regio IV,8.405367376233981,5.75890177387728,9.360483030405902,11620,317,-0.1708888589235773,1.1680085088272927,"Q4: hi-scaling, lo-content"
Casinum,Latium et Campania / Regio I,6.907755278982137,4.736198448394496,8.721113147762688,6131,114,0.18256119800165216,1.1748946072460216,"Q1: hi-scaling, hi-content"
Formiae,Latium et Campania / Regio I,7.736307096548285,5.308267697401205,9.355219633294267,11559,202,0.2613142950423022,1.1773449341794624,"Q1: hi-scaling, hi-content"
Rider,Dalmatia,6.907755278982137,4.74493212836325,8.129174996911793,3392,115,-0.4178554347341983,1.183628287214776,"Q4: hi-scaling, lo-content"
Ampelum,Dacia,6.907755278982137,4.7535901911063645,8.603554357064281,5451,116,0.04811885122403048,1.1922863499578904,"Q1: hi-scaling, hi-content"
Ferentinum,Latium et Campania / Regio I,6.907755278982137,4.762173934797756,8.705993714307901,6039,117,0.14222528172280313,1.2008700936492822,"Q1: hi-scaling, hi-content"
Sulmo,Samnium / Regio IV,7.351799869057777,5.0689042022202315,8.924656302187074,7515,159,0.06312025901712204,1.2023253071899775,"Q1: hi-scaling, hi-content"
Comum,Transpadana / Regio XI,8.034631032923107,5.541263545158426,9.446992273315185,12670,255,0.12689922477996518,1.2052468391514886,"Q1: hi-scaling, hi-content"
Venafrum,Latium et Campania / Regio I,8.13739583005665,5.6131281063880705,9.659375694785721,15668,274,0.26951796713063203,1.2064618987697102,"Q1: hi-scaling, hi-content"
Reate,Samnium / Regio IV,6.907755278982137,4.787491742782046,8.77786371462117,6489,120,0.18951726027096072,1.2261879016335717,"Q1: hi-scaling, hi-content"
Histonium,Samnium / Regio IV,7.053585727193677,4.897839799950911,8.672314828283538,5839,134,-0.023155313572203795,1.2362793653648305,"Q4: hi-scaling, lo-content"
Apulum (2),Dacia,9.730977703126166,6.748759547491679,10.440711650156649,34225,853,-0.05159437372966735,1.2465259057932077,"Q4: hi-scaling, lo-content"
Aquae Sulis,Britannia,7.053585727193677,4.927253685157205,8.958025443361693,7770,138,0.23400088987420986,1.2656932505711245,"Q1: hi-scaling, hi-content"
Aventicum,Germania superior,8.52158353971753,5.940171252720432,8.875007486048396,7151,380,-0.832337188884086,1.2693808413876102,"Q4: hi-scaling, lo-content"
Asisium,Umbria / Regio VI,8.321907968230423,5.805134968916488,9.165238398063762,9559,332,-0.41101575258349854,1.2716189939960518,"Q4: hi-scaling, lo-content"
Lauriacum,Noricum,6.907755278982137,4.852030263919617,8.473868066677865,4788,128,-0.17713109355397627,1.2907264227711428,"Q4: hi-scaling, lo-content"
Lanuvium,Latium et Campania / Regio I,6.907755278982137,4.875197323201151,9.264354960282422,10555,131,0.5908656821221836,1.313893482052677,"Q1: hi-scaling, hi-content"
Canusium,Apulia et Calabria / Regio II,7.736307096548285,5.4638318050256105,9.636130846545592,15308,236,0.39120698309447377,1.3329090418038678,"Q1: hi-scaling, hi-content"
Asseria,Dalmatia,6.907755278982137,4.90527477843843,8.46779284112111,4759,135,-0.23489502918895866,1.3439709372899555,"Q4: hi-scaling, lo-content"
Turris Libisonis,Sardinia,6.907755278982137,4.90527477843843,8.518392471991719,5006,135,-0.1842953983183495,1.3439709372899555,"Q4: hi-scaling, lo-content"
Capena,Etruria / Regio VII,6.907755278982137,4.919980925828125,9.088624613292087,8854,137,0.3716603091434667,1.358677084679651,"Q1: hi-scaling, hi-content"
Mevania,Umbria / Regio VI,7.259819610363186,5.170483995038151,8.495152060539358,4891,176,-0.4649956144244527,1.367140367493688,"Q4: hi-scaling, lo-content"
Tusculum,Latium et Campania / Regio I,7.6676260915849905,5.472270673671475,9.16858043772795,9591,238,-0.08453571067057375,1.388565234924405,"Q4: hi-scaling, lo-content"
Thugga,Africa proconsularis,8.034631032923107,5.726847747587197,9.95122954852155,20978,307,0.45097506699870316,1.3908310415802596,"Q1: hi-scaling, hi-content"
Burnum,Dalmatia,6.907755278982137,4.990432586778736,8.685077700412423,5914,147,-0.10027966751592388,1.429128745630262,"Q4: hi-scaling, lo-content"
Clusium,Etruria / Regio VII,8.087025470667701,5.805134968916488,9.3803362790795,11853,332,-0.19591787156775986,1.4330977479363547,"Q4: hi-scaling, lo-content"
Cemelenum,Alpes Maritimae,7.5953872788539725,5.480638923341991,9.20391980417326,9936,240,-0.057320073683417405,1.446596757026775,"Q4: hi-scaling, lo-content"
Castrimoenium,Latium et Campania / Regio I,6.907755278982137,5.0238805208462765,9.325987795502144,11226,152,0.5081598419678031,1.4625766796978024,"Q1: hi-scaling, hi-content"
Segusio,Alpes Cottiae,6.907755278982137,5.0238805208462765,8.734560089952993,6214,152,-0.08326786358134797,1.4625766796978024,"Q4: hi-scaling, lo-content"
Saguntum,Hispania citerior,8.13739583005665,5.918893854273146,9.310818990542401,11057,372,-0.37587001141606713,1.512227646654786,"Q4: hi-scaling, lo-content"
Nomentum,Latium et Campania / Regio I,6.907755278982137,5.075173815233827,9.054388070202297,8556,160,0.1867656120787835,1.5138699740853525,"Q1: hi-scaling, hi-content"
Narona,Dalmatia,7.736307096548285,5.648974238161206,9.345482965918476,11447,284,-0.07917346972357109,1.5180514749394636,"Q4: hi-scaling, lo-content"
Aesernia,Samnium / Regio IV,7.351799869057777,5.3981627015177525,9.120415664448196,9140,221,-0.06075794636205423,1.5315838064874985,"Q4: hi-scaling, lo-content"
Aeclanum,Apulia et Calabria / Regio II,7.736307096548285,5.707110264748875,9.542015406113592,13933,301,0.06092167828197326,1.5761875015271327,"Q1: hi-scaling, hi-content"
Saepinum,Samnium / Regio IV,7.053585727193677,5.288267030694535,9.236592743120248,10266,198,0.16210365219657952,1.6267065961084546,"Q1: hi-scaling, hi-content"
Micia,Dacia,6.907755278982137,5.198497031265826,8.84922702143852,6969,181,-0.1381151489783683,1.637193190117352,"Q4: hi-scaling, lo-content"
Puteoli,Latium et Campania / Regio I,10.13026449508276,7.484368643286131,11.602052934788668,109322,1780,0.39563230910629343,1.7076303692756918,"Q1: hi-scaling, hi-content"
Aricia,Latium et Campania / Regio I,7.8636512654486515,5.978885764901122,9.9686664935611,21347,395,0.2237385442948714,1.7604154920566009,"Q1: hi-scaling, hi-content"
Vindonissa,Germania superior,6.907755278982137,5.4116460518550396,8.790269111478656,6570,224,-0.40399386624132383,1.8503422107065655,"Q4: hi-scaling, lo-content"
Ostia,Latium et Campania / Regio I,10.463560378870731,7.880048200971577,12.173885141276928,193665,2644,0.5833467125510499,1.8741732115141216,"Q1: hi-scaling, hi-content"
Novae (Moesia Inferior),Moesia inferior,6.907755278982137,5.5254529391317835,9.36691667901828,11695,251,0.06217225068286325,1.9641490979833094,"Q1: hi-scaling, hi-content"
Tergestum,Venetia et Histria / Regio X,7.351799869057777,5.846438775057725,9.506288188844996,13444,346,-0.11006287094033773,1.9798598800274707,"Q4: hi-scaling, lo-content"
Sarmizegetusa,Dacia,8.364275084991524,6.546785410760524,10.153350928549719,25677,697,-0.1428826418426663,1.984142577544488,"Q4: hi-scaling, lo-content"
Herculaneum,Latium et Campania / Regio I,7.736307096548285,6.263398262591624,10.067093391134142,23555,525,0.04596639789765433,2.132475499369881,"Q1: hi-scaling, hi-content"
Corfinium,Samnium / Regio IV,6.937314081223682,5.723585101952381,9.69566355532975,16247,306,0.19857638495303753,2.1419599571586323,"Q1: hi-scaling, hi-content"
Mogontiacum,Germania superior,9.89998141320684,7.7823903355874595,10.947995582211037,56840,2398,-0.5477385434553277,2.1639687752560643,"Q4: hi-scaling, lo-content"
Aquileia,Venetia et Histria / Regio X,9.588502797556337,7.617759576608505,11.306798801635873,81373,2034,-0.02911507498276933,2.213475635112939,"Q4: hi-scaling, lo-content"
Cirta,Numidia,8.558335134747413,6.927557906278317,10.374709189708955,32039,1020,-0.29117070583920146,2.2315012369981178,"Q4: hi-scaling, lo-content"
Celeia,Noricum,6.907755278982137,5.921578419643816,9.89957992770511,19922,373,0.21028480336230437,2.360274578495342,"Q1: hi-scaling, hi-content"
Poetovio,Pannonia superior,6.907755278982137,5.934894195619588,9.509184911634074,13483,378,-0.19303690177892818,2.373590354471114,"Q4: hi-scaling, lo-content"
Caralis,Sardinia,6.907755278982137,5.978885764901122,9.878426121940757,19505,395,0.13349817267452835,2.417581923752648,"Q1: hi-scaling, hi-content"
Carnuntum (1),Pannonia superior,8.960596138864794,7.403061091090091,10.842244029125947,51136,1641,-0.285244850617671,2.430455056158226,"Q4: hi-scaling, lo-content"
Misenum,Latium et Campania / Regio I,7.259819610363186,6.385194398997726,10.837814646896382,50910,593,0.6984503997335967,2.5818507714532624,"Q1: hi-scaling, hi-content"
Porolissum,Dacia,7.8636512654486515,6.874198495453294,8.489821994620105,4865,967,-2.1242576518130925,2.655728222608773,"Q4: hi-scaling, lo-content"
Segobriga,Hispania citerior,6.937314081223682,6.385194398997726,8.936035096566041,7601,593,-1.203329150596744,2.8035692542039774,"Q4: hi-scaling, lo-content"
Salona,Dalmatia,9.158836529109067,8.150467911624004,11.790996499002652,132058,3465,-0.062059977820233314,3.0415741092788338,"Q4: hi-scaling, lo-content"
Pompeii,Latium et Campania / Regio I,9.204121072162266,8.413608875159667,11.659542120893406,115791,4508,-0.4489663418630645,3.2735825207475475,"Q4: hi-scaling, lo-content"
