variant,draw_index,f_within
inscription,0,0.316530
inscription,1,0.276041
inscription,2,0.324457
inscription,3,0.358962
inscription,4,0.255738
inscription,5,0.305246
inscription,6,0.301792
inscription,7,0.301064
inscription,8,0.266634
inscription,9,0.306627
inscription,10,0.287934
inscription,11,0.313601
inscription,12,0.307998
inscription,13,0.272166
inscription,14,0.369830
inscription,15,0.266930
inscription,16,0.266759
inscription,17,0.263102
inscription,18,0.315518
inscription,19,0.306447
inscription,20,0.250638
inscription,21,0.241940
inscription,22,0.297145
inscription,23,0.274152
inscription,24,0.333587
inscription,25,0.299898
inscription,26,0.260447
inscription,27,0.280944
inscription,28,0.300473
inscription,29,0.326994
inscription,30,0.251966
inscription,31,0.304513
inscription,32,0.282736
inscription,33,0.338833
inscription,34,0.298450
inscription,35,0.314448
inscription,36,0.239989
inscription,37,0.308397
inscription,38,0.282562
inscription,39,0.305502
inscription,40,0.290589
inscription,41,0.319772
inscription,42,0.294960
inscription,43,0.279332
inscription,44,0.239627
inscription,45,0.344744
inscription,46,0.233966
inscription,47,0.231026
inscription,48,0.316930
inscription,49,0.307361
inscription,50,0.261263
inscription,51,0.287782
inscription,52,0.309624
inscription,53,0.314084
inscription,54,0.244953
inscription,55,0.266049
inscription,56,0.286058
inscription,57,0.300735
inscription,58,0.324040
inscription,59,0.310237
inscription,60,0.299729
inscription,61,0.277399
inscription,62,0.305806
inscription,63,0.271326
inscription,64,0.315978
inscription,65,0.315530
inscription,66,0.266291
inscription,67,0.249607
inscription,68,0.327425
inscription,69,0.277167
inscription,70,0.264369
inscription,71,0.271041
inscription,72,0.303534
inscription,73,0.278325
inscription,74,0.312198
inscription,75,0.283858
inscription,76,0.209514
inscription,77,0.368004
inscription,78,0.316093
inscription,79,0.303366
inscription,80,0.305590
inscription,81,0.313983
inscription,82,0.308465
inscription,83,0.248345
inscription,84,0.266230
inscription,85,0.277112
inscription,86,0.284906
inscription,87,0.286446
inscription,88,0.291017
inscription,89,0.314227
inscription,90,0.337908
inscription,91,0.303242
inscription,92,0.281664
inscription,93,0.315248
inscription,94,0.302524
inscription,95,0.278002
inscription,96,0.278550
inscription,97,0.296527
inscription,98,0.287852
inscription,99,0.257428
inscription,100,0.316978
inscription,101,0.316909
inscription,102,0.301402
inscription,103,0.253476
inscription,104,0.314314
inscription,105,0.338061
inscription,106,0.281676
inscription,107,0.284250
inscription,108,0.329459
inscription,109,0.246655
inscription,110,0.341490
inscription,111,0.349149
inscription,112,0.307075
inscription,113,0.269096
inscription,114,0.290103
inscription,115,0.367751
inscription,116,0.292336
inscription,117,0.289592
inscription,118,0.271064
inscription,119,0.283479
inscription,120,0.304472
inscription,121,0.315569
inscription,122,0.300747
inscription,123,0.280361
inscription,124,0.292760
inscription,125,0.357930
inscription,126,0.322910
inscription,127,0.339157
inscription,128,0.327635
inscription,129,0.286394
inscription,130,0.320467
inscription,131,0.349185
inscription,132,0.268343
inscription,133,0.332261
inscription,134,0.344854
inscription,135,0.287824
inscription,136,0.320531
inscription,137,0.285979
inscription,138,0.297409
inscription,139,0.344255
inscription,140,0.286285
inscription,141,0.306577
inscription,142,0.312716
inscription,143,0.251738
inscription,144,0.309983
inscription,145,0.321027
inscription,146,0.244120
inscription,147,0.317223
inscription,148,0.313881
inscription,149,0.289133
inscription,150,0.314161
inscription,151,0.308051
inscription,152,0.273815
inscription,153,0.280663
inscription,154,0.285301
inscription,155,0.318596
inscription,156,0.249546
inscription,157,0.353456
inscription,158,0.372677
inscription,159,0.323169
inscription,160,0.243048
inscription,161,0.318228
inscription,162,0.290332
inscription,163,0.290059
inscription,164,0.292330
inscription,165,0.259416
inscription,166,0.361949
inscription,167,0.250657
inscription,168,0.355480
inscription,169,0.344104
inscription,170,0.278555
inscription,171,0.280192
inscription,172,0.273423
inscription,173,0.335225
inscription,174,0.290818
inscription,175,0.337364
inscription,176,0.244549
inscription,177,0.321692
inscription,178,0.292159
inscription,179,0.281512
inscription,180,0.326572
inscription,181,0.300755
inscription,182,0.234333
inscription,183,0.409050
inscription,184,0.237270
inscription,185,0.327313
inscription,186,0.321786
inscription,187,0.348125
inscription,188,0.317917
inscription,189,0.364160
inscription,190,0.316553
inscription,191,0.259211
inscription,192,0.290071
inscription,193,0.333509
inscription,194,0.296565
inscription,195,0.320298
inscription,196,0.312818
inscription,197,0.324441
inscription,198,0.280401
inscription,199,0.271651
inscription,200,0.269021
inscription,201,0.309133
inscription,202,0.287690
inscription,203,0.309520
inscription,204,0.317521
inscription,205,0.332365
inscription,206,0.313748
inscription,207,0.290764
inscription,208,0.263700
inscription,209,0.294745
inscription,210,0.326730
inscription,211,0.310712
inscription,212,0.290041
inscription,213,0.296585
inscription,214,0.378290
inscription,215,0.276064
inscription,216,0.295832
inscription,217,0.334365
inscription,218,0.293164
inscription,219,0.349480
inscription,220,0.261109
inscription,221,0.302561
inscription,222,0.290703
inscription,223,0.288749
inscription,224,0.323134
inscription,225,0.247161
inscription,226,0.337931
inscription,227,0.347739
inscription,228,0.276260
inscription,229,0.349098
inscription,230,0.253883
inscription,231,0.299234
inscription,232,0.310987
inscription,233,0.289137
inscription,234,0.256733
inscription,235,0.290845
inscription,236,0.278002
inscription,237,0.318862
inscription,238,0.296758
inscription,239,0.260757
inscription,240,0.307715
inscription,241,0.278536
inscription,242,0.238614
inscription,243,0.367982
inscription,244,0.244774
inscription,245,0.347619
inscription,246,0.252098
inscription,247,0.263903
inscription,248,0.292741
inscription,249,0.297848
inscription,250,0.306850
inscription,251,0.342310
inscription,252,0.302944
inscription,253,0.315481
inscription,254,0.333226
inscription,255,0.353154
inscription,256,0.286974
inscription,257,0.339415
inscription,258,0.317869
inscription,259,0.282109
inscription,260,0.308622
inscription,261,0.303503
inscription,262,0.294537
inscription,263,0.295272
inscription,264,0.289774
inscription,265,0.297433
inscription,266,0.314880
inscription,267,0.363705
inscription,268,0.286189
inscription,269,0.315375
inscription,270,0.325857
inscription,271,0.333137
inscription,272,0.288865
inscription,273,0.287958
inscription,274,0.274227
inscription,275,0.308371
inscription,276,0.289284
inscription,277,0.363832
inscription,278,0.336649
inscription,279,0.266905
inscription,280,0.271733
inscription,281,0.283066
inscription,282,0.312373
inscription,283,0.337947
inscription,284,0.286443
inscription,285,0.294887
inscription,286,0.328135
inscription,287,0.267778
inscription,288,0.293563
inscription,289,0.287749
inscription,290,0.331616
inscription,291,0.259725
inscription,292,0.301012
inscription,293,0.308569
inscription,294,0.317024
inscription,295,0.322491
inscription,296,0.310805
inscription,297,0.324983
inscription,298,0.282715
inscription,299,0.272412
inscription,300,0.276078
inscription,301,0.341058
inscription,302,0.302442
inscription,303,0.311999
inscription,304,0.292446
inscription,305,0.361819
inscription,306,0.272066
inscription,307,0.272485
inscription,308,0.314167
inscription,309,0.311711
inscription,310,0.253790
inscription,311,0.326927
inscription,312,0.334672
inscription,313,0.327400
inscription,314,0.290508
inscription,315,0.255209
inscription,316,0.362696
inscription,317,0.267910
inscription,318,0.309997
inscription,319,0.350875
inscription,320,0.288358
inscription,321,0.291137
inscription,322,0.292606
inscription,323,0.299764
inscription,324,0.325226
inscription,325,0.265378
inscription,326,0.280026
inscription,327,0.294982
inscription,328,0.341255
inscription,329,0.309704
inscription,330,0.333724
inscription,331,0.309987
inscription,332,0.261029
inscription,333,0.313857
inscription,334,0.350168
inscription,335,0.289198
inscription,336,0.291917
inscription,337,0.328759
inscription,338,0.276185
inscription,339,0.312740
inscription,340,0.232498
inscription,341,0.357482
inscription,342,0.263366
inscription,343,0.324697
inscription,344,0.304362
inscription,345,0.271573
inscription,346,0.294338
inscription,347,0.319893
inscription,348,0.345818
inscription,349,0.278532
inscription,350,0.304907
inscription,351,0.280563
inscription,352,0.323790
inscription,353,0.370225
inscription,354,0.297247
inscription,355,0.318841
inscription,356,0.302051
inscription,357,0.260496
inscription,358,0.272285
inscription,359,0.291206
inscription,360,0.292225
inscription,361,0.246598
inscription,362,0.341499
inscription,363,0.272734
inscription,364,0.323730
inscription,365,0.310622
inscription,366,0.286922
inscription,367,0.333803
inscription,368,0.292518
inscription,369,0.354170
inscription,370,0.361556
inscription,371,0.308317
inscription,372,0.348654
inscription,373,0.348436
inscription,374,0.299257
inscription,375,0.332176
inscription,376,0.300856
inscription,377,0.275625
inscription,378,0.263442
inscription,379,0.270301
inscription,380,0.351818
inscription,381,0.262179
inscription,382,0.305699
inscription,383,0.321690
inscription,384,0.315963
inscription,385,0.306922
inscription,386,0.256023
inscription,387,0.263970
inscription,388,0.339067
inscription,389,0.277850
inscription,390,0.323628
inscription,391,0.294401
inscription,392,0.295100
inscription,393,0.324223
inscription,394,0.297668
inscription,395,0.300558
inscription,396,0.267777
inscription,397,0.308586
inscription,398,0.356427
inscription,399,0.234703
inscription,400,0.340636
inscription,401,0.285784
inscription,402,0.358169
inscription,403,0.276660
inscription,404,0.351343
inscription,405,0.337268
inscription,406,0.311887
inscription,407,0.363287
inscription,408,0.248645
inscription,409,0.257593
inscription,410,0.260590
inscription,411,0.377711
inscription,412,0.320238
inscription,413,0.309786
inscription,414,0.288423
inscription,415,0.303726
inscription,416,0.295650
inscription,417,0.301872
inscription,418,0.348244
inscription,419,0.279267
inscription,420,0.289206
inscription,421,0.362211
inscription,422,0.262465
inscription,423,0.280744
inscription,424,0.322245
inscription,425,0.357387
inscription,426,0.331834
inscription,427,0.251419
inscription,428,0.278957
inscription,429,0.328697
inscription,430,0.258070
inscription,431,0.368547
inscription,432,0.287218
inscription,433,0.244279
inscription,434,0.327709
inscription,435,0.254804
inscription,436,0.287360
inscription,437,0.326030
inscription,438,0.307480
inscription,439,0.319779
inscription,440,0.339664
inscription,441,0.318635
inscription,442,0.322170
inscription,443,0.333724
inscription,444,0.281947
inscription,445,0.303631
inscription,446,0.284245
inscription,447,0.358356
inscription,448,0.274611
inscription,449,0.370135
inscription,450,0.353817
inscription,451,0.361840
inscription,452,0.263033
inscription,453,0.288182
inscription,454,0.357781
inscription,455,0.294211
inscription,456,0.348916
inscription,457,0.247468
inscription,458,0.232885
inscription,459,0.374684
inscription,460,0.249890
inscription,461,0.279725
inscription,462,0.255516
inscription,463,0.271225
inscription,464,0.307680
inscription,465,0.264446
inscription,466,0.332990
inscription,467,0.257473
inscription,468,0.303583
inscription,469,0.343613
inscription,470,0.347803
inscription,471,0.338004
inscription,472,0.265458
inscription,473,0.326189
inscription,474,0.326044
inscription,475,0.390718
inscription,476,0.307451
inscription,477,0.305501
inscription,478,0.351340
inscription,479,0.315158
inscription,480,0.376381
inscription,481,0.217269
inscription,482,0.372168
inscription,483,0.267849
inscription,484,0.301751
inscription,485,0.301425
inscription,486,0.390508
inscription,487,0.246821
inscription,488,0.304467
inscription,489,0.240433
inscription,490,0.330382
inscription,491,0.259927
inscription,492,0.265496
inscription,493,0.366594
inscription,494,0.236100
inscription,495,0.297677
inscription,496,0.266933
inscription,497,0.261372
inscription,498,0.269621
inscription,499,0.315244
inscription,500,0.267490
inscription,501,0.291143
inscription,502,0.327745
inscription,503,0.290025
inscription,504,0.324823
inscription,505,0.284661
inscription,506,0.307361
inscription,507,0.311892
inscription,508,0.314511
inscription,509,0.232514
inscription,510,0.356867
inscription,511,0.356573
inscription,512,0.204867
inscription,513,0.243949
inscription,514,0.332758
inscription,515,0.265792
inscription,516,0.366417
inscription,517,0.312359
inscription,518,0.266434
inscription,519,0.268786
inscription,520,0.265601
inscription,521,0.337200
inscription,522,0.299973
inscription,523,0.328767
inscription,524,0.297577
inscription,525,0.325875
inscription,526,0.337150
inscription,527,0.273305
inscription,528,0.308024
inscription,529,0.325050
inscription,530,0.291514
inscription,531,0.322456
inscription,532,0.283432
inscription,533,0.294773
inscription,534,0.248484
inscription,535,0.309865
inscription,536,0.342382
inscription,537,0.278332
inscription,538,0.267217
inscription,539,0.286764
inscription,540,0.276532
inscription,541,0.320235
inscription,542,0.316511
inscription,543,0.363760
inscription,544,0.367375
inscription,545,0.242122
inscription,546,0.362077
inscription,547,0.261944
inscription,548,0.330752
inscription,549,0.301446
inscription,550,0.264555
inscription,551,0.303383
inscription,552,0.325136
inscription,553,0.281052
inscription,554,0.281006
inscription,555,0.287922
inscription,556,0.286282
inscription,557,0.267660
inscription,558,0.335157
inscription,559,0.285039
inscription,560,0.281030
inscription,561,0.299429
inscription,562,0.329120
inscription,563,0.290392
inscription,564,0.323556
inscription,565,0.333482
inscription,566,0.294110
inscription,567,0.293514
inscription,568,0.297288
inscription,569,0.336719
inscription,570,0.277020
inscription,571,0.334440
inscription,572,0.294573
inscription,573,0.268796
inscription,574,0.320763
inscription,575,0.278237
inscription,576,0.294627
inscription,577,0.294903
inscription,578,0.234152
inscription,579,0.297118
inscription,580,0.257254
inscription,581,0.339692
inscription,582,0.301356
inscription,583,0.295633
inscription,584,0.309193
inscription,585,0.286358
inscription,586,0.356770
inscription,587,0.291615
inscription,588,0.252201
inscription,589,0.343651
inscription,590,0.337410
inscription,591,0.251829
inscription,592,0.289721
inscription,593,0.290483
inscription,594,0.274214
inscription,595,0.311983
inscription,596,0.275852
inscription,597,0.306111
inscription,598,0.311775
inscription,599,0.285962
inscription,600,0.272991
inscription,601,0.357976
inscription,602,0.326131
inscription,603,0.251267
inscription,604,0.272145
inscription,605,0.282272
inscription,606,0.322132
inscription,607,0.227126
inscription,608,0.309547
inscription,609,0.338888
inscription,610,0.256566
inscription,611,0.308284
inscription,612,0.274450
inscription,613,0.325708
inscription,614,0.270351
inscription,615,0.319594
inscription,616,0.265796
inscription,617,0.317980
inscription,618,0.285190
inscription,619,0.308027
inscription,620,0.275037
inscription,621,0.320841
inscription,622,0.280363
inscription,623,0.292902
inscription,624,0.303360
inscription,625,0.340441
inscription,626,0.278180
inscription,627,0.321537
inscription,628,0.342897
inscription,629,0.297024
inscription,630,0.287154
inscription,631,0.364178
inscription,632,0.280666
inscription,633,0.301400
inscription,634,0.313394
inscription,635,0.239054
inscription,636,0.268933
inscription,637,0.309794
inscription,638,0.252296
inscription,639,0.401276
inscription,640,0.276419
inscription,641,0.266260
inscription,642,0.342213
inscription,643,0.266869
inscription,644,0.308208
inscription,645,0.325175
inscription,646,0.364530
inscription,647,0.309005
inscription,648,0.263431
inscription,649,0.312062
inscription,650,0.277267
inscription,651,0.249731
inscription,652,0.364163
inscription,653,0.229254
inscription,654,0.215958
inscription,655,0.315741
inscription,656,0.312900
inscription,657,0.321061
inscription,658,0.297509
inscription,659,0.276296
inscription,660,0.307592
inscription,661,0.287261
inscription,662,0.264933
inscription,663,0.295645
inscription,664,0.345939
inscription,665,0.277382
inscription,666,0.281233
inscription,667,0.297924
inscription,668,0.304089
inscription,669,0.280144
inscription,670,0.305786
inscription,671,0.282990
inscription,672,0.280802
inscription,673,0.272706
inscription,674,0.308448
inscription,675,0.258740
inscription,676,0.287347
inscription,677,0.315002
inscription,678,0.224984
inscription,679,0.276728
inscription,680,0.315776
inscription,681,0.299723
inscription,682,0.267295
inscription,683,0.261669
inscription,684,0.287071
inscription,685,0.321283
inscription,686,0.340241
inscription,687,0.374162
inscription,688,0.279320
inscription,689,0.341045
inscription,690,0.244210
inscription,691,0.347278
inscription,692,0.241737
inscription,693,0.364145
inscription,694,0.334313
inscription,695,0.340543
inscription,696,0.333704
inscription,697,0.312181
inscription,698,0.296529
inscription,699,0.237057
inscription,700,0.254363
inscription,701,0.290109
inscription,702,0.278967
inscription,703,0.334751
inscription,704,0.314717
inscription,705,0.261043
inscription,706,0.343708
inscription,707,0.377106
inscription,708,0.325614
inscription,709,0.261821
inscription,710,0.356292
inscription,711,0.294091
inscription,712,0.271042
inscription,713,0.319598
inscription,714,0.259706
inscription,715,0.248180
inscription,716,0.286023
inscription,717,0.332539
inscription,718,0.333101
inscription,719,0.258377
inscription,720,0.336570
inscription,721,0.332873
inscription,722,0.334255
inscription,723,0.288010
inscription,724,0.309032
inscription,725,0.311521
inscription,726,0.297873
inscription,727,0.312459
inscription,728,0.291668
inscription,729,0.296297
inscription,730,0.295719
inscription,731,0.289016
inscription,732,0.276207
inscription,733,0.315313
inscription,734,0.250876
inscription,735,0.275810
inscription,736,0.322066
inscription,737,0.334562
inscription,738,0.284536
inscription,739,0.403342
inscription,740,0.235320
inscription,741,0.278389
inscription,742,0.302494
inscription,743,0.312883
inscription,744,0.316158
inscription,745,0.248063
inscription,746,0.286629
inscription,747,0.315002
inscription,748,0.279812
inscription,749,0.314816
inscription,750,0.243565
inscription,751,0.318444
inscription,752,0.252184
inscription,753,0.254875
inscription,754,0.286665
inscription,755,0.288739
inscription,756,0.248308
inscription,757,0.301980
inscription,758,0.313809
inscription,759,0.235910
inscription,760,0.339680
inscription,761,0.319891
inscription,762,0.307945
inscription,763,0.254982
inscription,764,0.273691
inscription,765,0.320558
inscription,766,0.281963
inscription,767,0.266209
inscription,768,0.324039
inscription,769,0.300614
inscription,770,0.317358
inscription,771,0.261038
inscription,772,0.180875
inscription,773,0.376576
inscription,774,0.265619
inscription,775,0.231306
inscription,776,0.343600
inscription,777,0.298073
inscription,778,0.311925
inscription,779,0.317513
inscription,780,0.343676
inscription,781,0.264847
inscription,782,0.330142
inscription,783,0.280075
inscription,784,0.335141
inscription,785,0.308783
inscription,786,0.263493
inscription,787,0.301885
inscription,788,0.362575
inscription,789,0.269174
inscription,790,0.307420
inscription,791,0.289946
inscription,792,0.316204
inscription,793,0.398114
inscription,794,0.333961
inscription,795,0.348603
inscription,796,0.274255
inscription,797,0.312015
inscription,798,0.353779
inscription,799,0.259958
inscription,800,0.338570
inscription,801,0.258575
inscription,802,0.279792
inscription,803,0.322372
inscription,804,0.259929
inscription,805,0.267955
inscription,806,0.291188
inscription,807,0.296899
inscription,808,0.265178
inscription,809,0.301699
inscription,810,0.317521
inscription,811,0.279252
inscription,812,0.287404
inscription,813,0.246224
inscription,814,0.242666
inscription,815,0.242417
inscription,816,0.234052
inscription,817,0.308422
inscription,818,0.381766
inscription,819,0.294644
inscription,820,0.289018
inscription,821,0.328313
inscription,822,0.291866
inscription,823,0.283125
inscription,824,0.310503
inscription,825,0.272804
inscription,826,0.325289
inscription,827,0.371773
inscription,828,0.237785
inscription,829,0.290450
inscription,830,0.298406
inscription,831,0.271022
inscription,832,0.314740
inscription,833,0.235217
inscription,834,0.307837
inscription,835,0.271502
inscription,836,0.342517
inscription,837,0.284616
inscription,838,0.281996
inscription,839,0.250860
inscription,840,0.261692
inscription,841,0.343433
inscription,842,0.257641
inscription,843,0.275604
inscription,844,0.306694
inscription,845,0.251537
inscription,846,0.311934
inscription,847,0.333132
inscription,848,0.319146
inscription,849,0.268339
inscription,850,0.316654
inscription,851,0.347666
inscription,852,0.232727
inscription,853,0.315912
inscription,854,0.286408
inscription,855,0.313092
inscription,856,0.274103
inscription,857,0.286393
inscription,858,0.321379
inscription,859,0.312581
inscription,860,0.297389
inscription,861,0.255442
inscription,862,0.341184
inscription,863,0.309339
inscription,864,0.303611
inscription,865,0.254958
inscription,866,0.341609
inscription,867,0.229089
inscription,868,0.311591
inscription,869,0.257829
inscription,870,0.313233
inscription,871,0.292500
inscription,872,0.281825
inscription,873,0.295033
inscription,874,0.297066
inscription,875,0.269342
inscription,876,0.332780
inscription,877,0.307660
inscription,878,0.295552
inscription,879,0.313412
inscription,880,0.275768
inscription,881,0.307762
inscription,882,0.262560
inscription,883,0.306977
inscription,884,0.265904
inscription,885,0.263005
inscription,886,0.301761
inscription,887,0.329625
inscription,888,0.337225
inscription,889,0.272364
inscription,890,0.274615
inscription,891,0.366394
inscription,892,0.276441
inscription,893,0.348000
inscription,894,0.237923
inscription,895,0.277410
inscription,896,0.338380
inscription,897,0.277002
inscription,898,0.315906
inscription,899,0.307289
inscription,900,0.359508
inscription,901,0.285902
inscription,902,0.282432
inscription,903,0.270786
inscription,904,0.329956
inscription,905,0.260280
inscription,906,0.293552
inscription,907,0.253750
inscription,908,0.319119
inscription,909,0.269459
inscription,910,0.298277
inscription,911,0.339891
inscription,912,0.327358
inscription,913,0.258441
inscription,914,0.318943
inscription,915,0.314046
inscription,916,0.303810
inscription,917,0.298160
inscription,918,0.277666
inscription,919,0.250035
inscription,920,0.256776
inscription,921,0.283210
inscription,922,0.341015
inscription,923,0.253279
inscription,924,0.326758
inscription,925,0.274716
inscription,926,0.301313
inscription,927,0.334380
inscription,928,0.332079
inscription,929,0.319233
inscription,930,0.300201
inscription,931,0.326250
inscription,932,0.352639
inscription,933,0.311071
inscription,934,0.282815
inscription,935,0.275222
inscription,936,0.279494
inscription,937,0.280905
inscription,938,0.334112
inscription,939,0.231557
inscription,940,0.268409
inscription,941,0.249843
inscription,942,0.340365
inscription,943,0.352120
inscription,944,0.272481
inscription,945,0.334278
inscription,946,0.332721
inscription,947,0.324810
inscription,948,0.250407
inscription,949,0.293334
inscription,950,0.380369
inscription,951,0.317755
inscription,952,0.259411
inscription,953,0.251946
inscription,954,0.270516
inscription,955,0.359192
inscription,956,0.326842
inscription,957,0.272753
inscription,958,0.279249
inscription,959,0.305826
inscription,960,0.296188
inscription,961,0.298454
inscription,962,0.325606
inscription,963,0.317697
inscription,964,0.321387
inscription,965,0.323548
inscription,966,0.259345
inscription,967,0.249394
inscription,968,0.288620
inscription,969,0.300535
inscription,970,0.302418
inscription,971,0.276189
inscription,972,0.298493
inscription,973,0.319723
inscription,974,0.301509
inscription,975,0.359964
inscription,976,0.308537
inscription,977,0.362520
inscription,978,0.293567
inscription,979,0.320686
inscription,980,0.246159
inscription,981,0.286425
inscription,982,0.335886
inscription,983,0.297710
inscription,984,0.317508
inscription,985,0.242426
inscription,986,0.295393
inscription,987,0.334784
inscription,988,0.310922
inscription,989,0.270627
inscription,990,0.336295
inscription,991,0.255645
inscription,992,0.301812
inscription,993,0.260227
inscription,994,0.322163
inscription,995,0.226150
inscription,996,0.350176
inscription,997,0.209654
inscription,998,0.393850
inscription,999,0.247893
inscription,1000,0.308052
inscription,1001,0.234695
inscription,1002,0.263293
inscription,1003,0.280588
inscription,1004,0.291773
inscription,1005,0.300487
inscription,1006,0.257811
inscription,1007,0.230783
inscription,1008,0.295121
inscription,1009,0.343575
inscription,1010,0.281266
inscription,1011,0.336605
inscription,1012,0.271962
inscription,1013,0.286102
inscription,1014,0.312693
inscription,1015,0.308108
inscription,1016,0.308755
inscription,1017,0.315113
inscription,1018,0.260030
inscription,1019,0.321570
inscription,1020,0.235436
inscription,1021,0.357119
inscription,1022,0.323654
inscription,1023,0.283303
inscription,1024,0.291645
inscription,1025,0.235320
inscription,1026,0.363412
inscription,1027,0.235941
inscription,1028,0.373386
inscription,1029,0.321901
inscription,1030,0.332254
inscription,1031,0.269282
inscription,1032,0.279791
inscription,1033,0.326204
inscription,1034,0.279932
inscription,1035,0.320683
inscription,1036,0.292802
inscription,1037,0.287695
inscription,1038,0.318380
inscription,1039,0.328282
inscription,1040,0.275337
inscription,1041,0.373010
inscription,1042,0.356235
inscription,1043,0.276903
inscription,1044,0.265227
inscription,1045,0.292783
inscription,1046,0.330505
inscription,1047,0.333665
inscription,1048,0.278442
inscription,1049,0.267154
inscription,1050,0.303285
inscription,1051,0.278125
inscription,1052,0.286875
inscription,1053,0.324575
inscription,1054,0.311931
inscription,1055,0.291721
inscription,1056,0.257946
inscription,1057,0.297057
inscription,1058,0.302236
inscription,1059,0.305895
inscription,1060,0.281919
inscription,1061,0.259941
inscription,1062,0.349680
inscription,1063,0.228552
inscription,1064,0.353204
inscription,1065,0.337682
inscription,1066,0.342242
inscription,1067,0.250674
inscription,1068,0.332408
inscription,1069,0.270699
inscription,1070,0.288856
inscription,1071,0.336511
inscription,1072,0.252538
inscription,1073,0.379448
inscription,1074,0.215336
inscription,1075,0.270723
inscription,1076,0.285109
inscription,1077,0.324549
inscription,1078,0.318429
inscription,1079,0.320596
inscription,1080,0.296282
inscription,1081,0.311858
inscription,1082,0.298237
inscription,1083,0.286596
inscription,1084,0.262209
inscription,1085,0.349675
inscription,1086,0.301703
inscription,1087,0.316535
inscription,1088,0.300346
inscription,1089,0.284847
inscription,1090,0.235923
inscription,1091,0.306422
inscription,1092,0.324121
inscription,1093,0.269983
inscription,1094,0.310390
inscription,1095,0.302687
inscription,1096,0.305283
inscription,1097,0.310937
inscription,1098,0.270296
inscription,1099,0.336724
inscription,1100,0.278774
inscription,1101,0.373443
inscription,1102,0.315258
inscription,1103,0.333825
inscription,1104,0.310873
inscription,1105,0.296545
inscription,1106,0.286045
inscription,1107,0.345636
inscription,1108,0.355641
inscription,1109,0.234738
inscription,1110,0.317258
inscription,1111,0.305879
inscription,1112,0.265612
inscription,1113,0.286873
inscription,1114,0.300385
inscription,1115,0.282413
inscription,1116,0.293352
inscription,1117,0.296844
inscription,1118,0.287510
inscription,1119,0.286318
inscription,1120,0.257537
inscription,1121,0.301870
inscription,1122,0.294040
inscription,1123,0.280171
inscription,1124,0.244831
inscription,1125,0.335581
inscription,1126,0.227965
inscription,1127,0.222738
inscription,1128,0.343564
inscription,1129,0.330084
inscription,1130,0.270361
inscription,1131,0.299083
inscription,1132,0.280899
inscription,1133,0.298752
inscription,1134,0.273159
inscription,1135,0.325347
inscription,1136,0.278987
inscription,1137,0.358967
inscription,1138,0.300903
inscription,1139,0.341818
inscription,1140,0.308808
inscription,1141,0.281843
inscription,1142,0.283248
inscription,1143,0.284631
inscription,1144,0.341133
inscription,1145,0.291007
inscription,1146,0.332026
inscription,1147,0.337502
inscription,1148,0.315077
inscription,1149,0.277773
inscription,1150,0.335036
inscription,1151,0.303672
inscription,1152,0.291557
inscription,1153,0.255945
inscription,1154,0.254126
inscription,1155,0.357924
inscription,1156,0.235596
inscription,1157,0.256032
inscription,1158,0.262136
inscription,1159,0.297505
inscription,1160,0.329131
inscription,1161,0.278705
inscription,1162,0.328031
inscription,1163,0.241731
inscription,1164,0.338399
inscription,1165,0.263249
inscription,1166,0.304646
inscription,1167,0.283895
inscription,1168,0.348557
inscription,1169,0.334706
inscription,1170,0.303667
inscription,1171,0.287123
inscription,1172,0.240583
inscription,1173,0.277774
inscription,1174,0.315873
inscription,1175,0.302801
inscription,1176,0.267733
inscription,1177,0.256481
inscription,1178,0.276142
inscription,1179,0.317414
inscription,1180,0.329574
inscription,1181,0.329292
inscription,1182,0.279230
inscription,1183,0.259355
inscription,1184,0.253032
inscription,1185,0.336308
inscription,1186,0.281701
inscription,1187,0.335489
inscription,1188,0.282577
inscription,1189,0.297052
inscription,1190,0.288882
inscription,1191,0.299869
inscription,1192,0.298394
inscription,1193,0.267736
inscription,1194,0.297799
inscription,1195,0.327953
inscription,1196,0.264027
inscription,1197,0.269967
inscription,1198,0.344820
inscription,1199,0.279235
inscription,1200,0.242671
inscription,1201,0.303886
inscription,1202,0.265970
inscription,1203,0.284445
inscription,1204,0.333449
inscription,1205,0.261687
inscription,1206,0.367127
inscription,1207,0.228979
inscription,1208,0.329487
inscription,1209,0.295268
inscription,1210,0.319766
inscription,1211,0.283464
inscription,1212,0.284354
inscription,1213,0.307134
inscription,1214,0.316190
inscription,1215,0.288242
inscription,1216,0.296431
inscription,1217,0.275477
inscription,1218,0.320904
inscription,1219,0.317801
inscription,1220,0.288976
inscription,1221,0.288515
inscription,1222,0.293570
inscription,1223,0.317658
inscription,1224,0.255244
inscription,1225,0.375092
inscription,1226,0.271755
inscription,1227,0.287163
inscription,1228,0.244663
inscription,1229,0.251386
inscription,1230,0.313963
inscription,1231,0.301877
inscription,1232,0.360845
inscription,1233,0.271348
inscription,1234,0.325147
inscription,1235,0.269964
inscription,1236,0.273712
inscription,1237,0.390993
inscription,1238,0.389695
inscription,1239,0.384035
inscription,1240,0.377288
inscription,1241,0.301084
inscription,1242,0.255396
inscription,1243,0.317155
inscription,1244,0.317264
inscription,1245,0.343119
inscription,1246,0.248178
inscription,1247,0.294694
inscription,1248,0.336328
inscription,1249,0.306892
inscription,1250,0.263173
inscription,1251,0.309481
inscription,1252,0.307986
inscription,1253,0.287250
inscription,1254,0.332519
inscription,1255,0.312020
inscription,1256,0.305060
inscription,1257,0.279930
inscription,1258,0.281957
inscription,1259,0.310929
inscription,1260,0.268767
inscription,1261,0.288440
inscription,1262,0.228846
inscription,1263,0.363535
inscription,1264,0.367931
inscription,1265,0.243978
inscription,1266,0.334357
inscription,1267,0.256503
inscription,1268,0.323156
inscription,1269,0.299647
inscription,1270,0.344120
inscription,1271,0.340815
inscription,1272,0.292784
inscription,1273,0.296468
inscription,1274,0.371139
inscription,1275,0.299694
inscription,1276,0.266546
inscription,1277,0.370907
inscription,1278,0.277961
inscription,1279,0.275516
inscription,1280,0.301393
inscription,1281,0.305960
inscription,1282,0.290726
inscription,1283,0.321670
inscription,1284,0.299578
inscription,1285,0.343842
inscription,1286,0.285326
inscription,1287,0.280333
inscription,1288,0.337160
inscription,1289,0.261497
inscription,1290,0.247411
inscription,1291,0.309456
inscription,1292,0.329694
inscription,1293,0.292203
inscription,1294,0.270039
inscription,1295,0.317250
inscription,1296,0.270596
inscription,1297,0.346232
inscription,1298,0.285466
inscription,1299,0.346577
inscription,1300,0.281311
inscription,1301,0.309448
inscription,1302,0.322941
inscription,1303,0.281345
inscription,1304,0.263591
inscription,1305,0.302250
inscription,1306,0.270747
inscription,1307,0.313782
inscription,1308,0.357217
inscription,1309,0.293695
inscription,1310,0.329688
inscription,1311,0.344538
inscription,1312,0.350632
inscription,1313,0.313257
inscription,1314,0.310426
inscription,1315,0.298973
inscription,1316,0.264946
inscription,1317,0.277955
inscription,1318,0.269603
inscription,1319,0.355423
inscription,1320,0.229839
inscription,1321,0.300567
inscription,1322,0.264070
inscription,1323,0.285470
inscription,1324,0.301178
inscription,1325,0.269781
inscription,1326,0.304706
inscription,1327,0.345582
inscription,1328,0.275786
inscription,1329,0.335633
inscription,1330,0.297491
inscription,1331,0.265879
inscription,1332,0.278562
inscription,1333,0.295680
inscription,1334,0.356101
inscription,1335,0.294677
inscription,1336,0.281212
inscription,1337,0.315328
inscription,1338,0.246602
inscription,1339,0.304183
inscription,1340,0.280820
inscription,1341,0.258653
inscription,1342,0.287097
inscription,1343,0.267390
inscription,1344,0.339567
inscription,1345,0.256722
inscription,1346,0.276448
inscription,1347,0.288131
inscription,1348,0.279759
inscription,1349,0.255904
inscription,1350,0.329275
inscription,1351,0.314800
inscription,1352,0.351161
inscription,1353,0.290131
inscription,1354,0.325618
inscription,1355,0.284856
inscription,1356,0.333942
inscription,1357,0.248832
inscription,1358,0.348233
inscription,1359,0.273872
inscription,1360,0.303009
inscription,1361,0.246466
inscription,1362,0.265733
inscription,1363,0.326375
inscription,1364,0.272820
inscription,1365,0.245459
inscription,1366,0.341140
inscription,1367,0.272765
inscription,1368,0.320748
inscription,1369,0.286801
inscription,1370,0.269030
inscription,1371,0.331077
inscription,1372,0.204888
inscription,1373,0.218353
inscription,1374,0.285696
inscription,1375,0.333204
inscription,1376,0.346746
inscription,1377,0.262534
inscription,1378,0.282809
inscription,1379,0.270324
inscription,1380,0.296723
inscription,1381,0.288751
inscription,1382,0.306019
inscription,1383,0.256675
inscription,1384,0.320068
inscription,1385,0.285928
inscription,1386,0.313136
inscription,1387,0.289185
inscription,1388,0.303040
inscription,1389,0.319544
inscription,1390,0.275656
inscription,1391,0.284902
inscription,1392,0.305560
inscription,1393,0.342657
inscription,1394,0.235964
inscription,1395,0.255045
inscription,1396,0.308406
inscription,1397,0.288072
inscription,1398,0.263664
inscription,1399,0.282369
inscription,1400,0.302331
inscription,1401,0.288350
inscription,1402,0.271177
inscription,1403,0.348103
inscription,1404,0.281636
inscription,1405,0.336883
inscription,1406,0.363682
inscription,1407,0.280150
inscription,1408,0.324751
inscription,1409,0.282371
inscription,1410,0.308915
inscription,1411,0.317243
inscription,1412,0.287595
inscription,1413,0.273466
inscription,1414,0.346451
inscription,1415,0.265301
inscription,1416,0.319346
inscription,1417,0.297846
inscription,1418,0.314993
inscription,1419,0.332333
inscription,1420,0.288036
inscription,1421,0.288449
inscription,1422,0.281906
inscription,1423,0.325311
inscription,1424,0.286411
inscription,1425,0.306792
inscription,1426,0.324994
inscription,1427,0.271136
inscription,1428,0.346957
inscription,1429,0.320939
inscription,1430,0.251399
inscription,1431,0.249888
inscription,1432,0.298790
inscription,1433,0.350703
inscription,1434,0.264667
inscription,1435,0.319040
inscription,1436,0.336246
inscription,1437,0.267866
inscription,1438,0.321042
inscription,1439,0.244447
inscription,1440,0.291421
inscription,1441,0.311983
inscription,1442,0.301207
inscription,1443,0.268699
inscription,1444,0.277828
inscription,1445,0.313246
inscription,1446,0.336210
inscription,1447,0.288735
inscription,1448,0.278455
inscription,1449,0.289583
inscription,1450,0.282111
inscription,1451,0.265874
inscription,1452,0.292162
inscription,1453,0.299187
inscription,1454,0.298319
inscription,1455,0.268403
inscription,1456,0.309208
inscription,1457,0.327718
inscription,1458,0.256073
inscription,1459,0.352210
inscription,1460,0.208766
inscription,1461,0.388520
inscription,1462,0.280038
inscription,1463,0.376337
inscription,1464,0.309884
inscription,1465,0.361186
inscription,1466,0.328001
inscription,1467,0.335276
inscription,1468,0.332101
inscription,1469,0.316287
inscription,1470,0.319203
inscription,1471,0.245379
inscription,1472,0.347338
inscription,1473,0.356559
inscription,1474,0.298463
inscription,1475,0.279640
inscription,1476,0.367974
inscription,1477,0.284008
inscription,1478,0.270696
inscription,1479,0.281328
inscription,1480,0.282170
inscription,1481,0.276374
inscription,1482,0.357315
inscription,1483,0.281347
inscription,1484,0.294294
inscription,1485,0.427031
inscription,1486,0.292304
inscription,1487,0.293892
inscription,1488,0.301652
inscription,1489,0.317712
inscription,1490,0.315761
inscription,1491,0.297023
inscription,1492,0.276549
inscription,1493,0.325443
inscription,1494,0.303975
inscription,1495,0.303084
inscription,1496,0.298360
inscription,1497,0.307861
inscription,1498,0.285734
inscription,1499,0.278723
inscription,1500,0.317396
inscription,1501,0.292981
inscription,1502,0.229154
inscription,1503,0.307804
inscription,1504,0.300733
inscription,1505,0.344759
inscription,1506,0.327936
inscription,1507,0.307609
inscription,1508,0.243678
inscription,1509,0.260258
inscription,1510,0.320506
inscription,1511,0.334958
inscription,1512,0.317728
inscription,1513,0.276170
inscription,1514,0.341825
inscription,1515,0.318055
inscription,1516,0.277503
inscription,1517,0.303302
inscription,1518,0.296703
inscription,1519,0.332281
inscription,1520,0.248303
inscription,1521,0.314411
inscription,1522,0.309228
inscription,1523,0.292997
inscription,1524,0.257821
inscription,1525,0.272030
inscription,1526,0.324732
inscription,1527,0.296387
inscription,1528,0.335748
inscription,1529,0.329806
inscription,1530,0.252929
inscription,1531,0.308389
inscription,1532,0.283351
inscription,1533,0.278955
inscription,1534,0.296649
inscription,1535,0.291530
inscription,1536,0.306949
inscription,1537,0.293307
inscription,1538,0.282238
inscription,1539,0.276163
inscription,1540,0.285236
inscription,1541,0.310661
inscription,1542,0.303564
inscription,1543,0.300450
inscription,1544,0.321948
inscription,1545,0.236694
inscription,1546,0.350764
inscription,1547,0.270069
inscription,1548,0.320233
inscription,1549,0.322129
inscription,1550,0.326690
inscription,1551,0.326197
inscription,1552,0.330731
inscription,1553,0.262947
inscription,1554,0.285245
inscription,1555,0.318869
inscription,1556,0.343991
inscription,1557,0.307738
inscription,1558,0.303532
inscription,1559,0.242311
inscription,1560,0.282009
inscription,1561,0.270435
inscription,1562,0.315748
inscription,1563,0.300429
inscription,1564,0.246446
inscription,1565,0.294470
inscription,1566,0.348201
inscription,1567,0.310742
inscription,1568,0.302446
inscription,1569,0.306385
inscription,1570,0.287038
inscription,1571,0.265036
inscription,1572,0.285604
inscription,1573,0.346697
inscription,1574,0.230214
inscription,1575,0.255374
inscription,1576,0.318431
inscription,1577,0.273209
inscription,1578,0.269234
inscription,1579,0.290178
inscription,1580,0.330958
inscription,1581,0.324155
inscription,1582,0.343812
inscription,1583,0.327045
inscription,1584,0.269574
inscription,1585,0.378362
inscription,1586,0.280600
inscription,1587,0.278986
inscription,1588,0.320534
inscription,1589,0.285686
inscription,1590,0.318444
inscription,1591,0.262115
inscription,1592,0.300290
inscription,1593,0.248611
inscription,1594,0.296763
inscription,1595,0.276826
inscription,1596,0.314937
inscription,1597,0.346104
inscription,1598,0.292142
inscription,1599,0.329087
inscription,1600,0.254213
inscription,1601,0.330214
inscription,1602,0.262351
inscription,1603,0.283018
inscription,1604,0.285522
inscription,1605,0.337345
inscription,1606,0.270594
inscription,1607,0.269874
inscription,1608,0.294987
inscription,1609,0.306902
inscription,1610,0.295677
inscription,1611,0.303942
inscription,1612,0.303684
inscription,1613,0.294436
inscription,1614,0.296648
inscription,1615,0.293868
inscription,1616,0.298445
inscription,1617,0.298701
inscription,1618,0.296026
inscription,1619,0.287960
inscription,1620,0.297822
inscription,1621,0.272689
inscription,1622,0.264877
inscription,1623,0.311140
inscription,1624,0.301222
inscription,1625,0.333881
inscription,1626,0.292183
inscription,1627,0.286923
inscription,1628,0.310898
inscription,1629,0.311854
inscription,1630,0.308677
inscription,1631,0.313130
inscription,1632,0.282667
inscription,1633,0.282225
inscription,1634,0.256400
inscription,1635,0.329954
inscription,1636,0.276818
inscription,1637,0.341869
inscription,1638,0.311535
inscription,1639,0.297305
inscription,1640,0.289557
inscription,1641,0.306292
inscription,1642,0.276724
inscription,1643,0.294370
inscription,1644,0.329154
inscription,1645,0.331112
inscription,1646,0.296976
inscription,1647,0.312271
inscription,1648,0.343705
inscription,1649,0.305379
inscription,1650,0.278563
inscription,1651,0.290214
inscription,1652,0.308176
inscription,1653,0.259561
inscription,1654,0.350876
inscription,1655,0.267559
inscription,1656,0.302715
inscription,1657,0.317467
inscription,1658,0.285607
inscription,1659,0.270573
inscription,1660,0.302821
inscription,1661,0.305719
inscription,1662,0.294252
inscription,1663,0.283523
inscription,1664,0.317473
inscription,1665,0.234746
inscription,1666,0.306788
inscription,1667,0.365884
inscription,1668,0.230556
inscription,1669,0.248224
inscription,1670,0.338060
inscription,1671,0.319263
inscription,1672,0.337063
inscription,1673,0.318423
inscription,1674,0.323092
inscription,1675,0.339163
inscription,1676,0.336446
inscription,1677,0.303535
inscription,1678,0.287587
inscription,1679,0.323809
inscription,1680,0.269624
inscription,1681,0.259222
inscription,1682,0.293423
inscription,1683,0.284169
inscription,1684,0.311271
inscription,1685,0.290732
inscription,1686,0.256868
inscription,1687,0.325204
inscription,1688,0.323521
inscription,1689,0.342919
inscription,1690,0.343930
inscription,1691,0.251517
inscription,1692,0.247003
inscription,1693,0.379223
inscription,1694,0.263113
inscription,1695,0.285812
inscription,1696,0.319143
inscription,1697,0.318160
inscription,1698,0.263982
inscription,1699,0.259428
inscription,1700,0.275879
inscription,1701,0.317921
inscription,1702,0.320547
inscription,1703,0.298505
inscription,1704,0.284557
inscription,1705,0.290823
inscription,1706,0.308471
inscription,1707,0.290423
inscription,1708,0.347727
inscription,1709,0.263254
inscription,1710,0.333422
inscription,1711,0.299723
inscription,1712,0.306933
inscription,1713,0.322246
inscription,1714,0.311628
inscription,1715,0.344982
inscription,1716,0.248377
inscription,1717,0.262458
inscription,1718,0.242599
inscription,1719,0.370851
inscription,1720,0.387555
inscription,1721,0.380371
inscription,1722,0.294459
inscription,1723,0.308177
inscription,1724,0.357205
inscription,1725,0.264323
inscription,1726,0.232424
inscription,1727,0.357849
inscription,1728,0.303802
inscription,1729,0.344786
inscription,1730,0.284356
inscription,1731,0.229414
inscription,1732,0.330697
inscription,1733,0.291871
inscription,1734,0.317483
inscription,1735,0.287835
inscription,1736,0.269038
inscription,1737,0.295916
inscription,1738,0.326273
inscription,1739,0.261967
inscription,1740,0.277179
inscription,1741,0.333608
inscription,1742,0.344445
inscription,1743,0.314640
inscription,1744,0.307458
inscription,1745,0.345265
inscription,1746,0.315779
inscription,1747,0.269266
inscription,1748,0.325571
inscription,1749,0.264918
inscription,1750,0.336623
inscription,1751,0.286377
inscription,1752,0.284380
inscription,1753,0.326364
inscription,1754,0.242368
inscription,1755,0.291701
inscription,1756,0.262655
inscription,1757,0.346118
inscription,1758,0.273335
inscription,1759,0.259367
inscription,1760,0.322230
inscription,1761,0.290733
inscription,1762,0.297053
inscription,1763,0.355132
inscription,1764,0.275328
inscription,1765,0.353491
inscription,1766,0.331187
inscription,1767,0.279814
inscription,1768,0.385621
inscription,1769,0.290090
inscription,1770,0.301521
inscription,1771,0.317105
inscription,1772,0.291273
inscription,1773,0.260327
inscription,1774,0.301841
inscription,1775,0.269138
inscription,1776,0.229410
inscription,1777,0.319339
inscription,1778,0.307833
inscription,1779,0.273367
inscription,1780,0.285887
inscription,1781,0.303832
inscription,1782,0.307411
inscription,1783,0.257808
inscription,1784,0.316497
inscription,1785,0.268488
inscription,1786,0.314867
inscription,1787,0.338715
inscription,1788,0.302629
inscription,1789,0.318780
inscription,1790,0.361011
inscription,1791,0.358421
inscription,1792,0.315389
inscription,1793,0.328720
inscription,1794,0.340127
inscription,1795,0.286051
inscription,1796,0.308346
inscription,1797,0.301716
inscription,1798,0.298650
inscription,1799,0.307476
inscription,1800,0.289149
inscription,1801,0.262736
inscription,1802,0.314228
inscription,1803,0.323384
inscription,1804,0.289385
inscription,1805,0.268792
inscription,1806,0.269597
inscription,1807,0.260715
inscription,1808,0.333436
inscription,1809,0.388723
inscription,1810,0.327568
inscription,1811,0.296243
inscription,1812,0.320804
inscription,1813,0.267521
inscription,1814,0.311476
inscription,1815,0.274753
inscription,1816,0.333386
inscription,1817,0.303358
inscription,1818,0.289826
inscription,1819,0.284787
inscription,1820,0.332600
inscription,1821,0.299795
inscription,1822,0.262447
inscription,1823,0.286011
inscription,1824,0.281123
inscription,1825,0.306689
inscription,1826,0.281514
inscription,1827,0.296963
inscription,1828,0.310146
inscription,1829,0.315701
inscription,1830,0.293299
inscription,1831,0.298136
inscription,1832,0.292730
inscription,1833,0.272027
inscription,1834,0.336815
inscription,1835,0.271350
inscription,1836,0.291627
inscription,1837,0.307337
inscription,1838,0.251669
inscription,1839,0.329001
inscription,1840,0.313333
inscription,1841,0.265590
inscription,1842,0.285772
inscription,1843,0.309728
inscription,1844,0.280679
inscription,1845,0.295222
inscription,1846,0.276188
inscription,1847,0.299064
inscription,1848,0.298728
inscription,1849,0.296253
inscription,1850,0.310960
inscription,1851,0.289420
inscription,1852,0.303879
inscription,1853,0.324394
inscription,1854,0.351273
inscription,1855,0.339892
inscription,1856,0.308621
inscription,1857,0.285733
inscription,1858,0.287326
inscription,1859,0.310418
inscription,1860,0.313829
inscription,1861,0.309314
inscription,1862,0.297849
inscription,1863,0.379505
inscription,1864,0.292657
inscription,1865,0.306847
inscription,1866,0.300305
inscription,1867,0.302073
inscription,1868,0.322701
inscription,1869,0.275670
inscription,1870,0.319343
inscription,1871,0.282022
inscription,1872,0.294369
inscription,1873,0.290594
inscription,1874,0.348600
inscription,1875,0.232961
inscription,1876,0.318876
inscription,1877,0.311320
inscription,1878,0.314326
inscription,1879,0.316531
inscription,1880,0.275866
inscription,1881,0.315624
inscription,1882,0.270721
inscription,1883,0.269614
inscription,1884,0.303327
inscription,1885,0.271019
inscription,1886,0.341169
inscription,1887,0.264313
inscription,1888,0.344755
inscription,1889,0.279546
inscription,1890,0.310780
inscription,1891,0.317359
inscription,1892,0.261536
inscription,1893,0.311412
inscription,1894,0.304127
inscription,1895,0.310934
inscription,1896,0.291104
inscription,1897,0.284683
inscription,1898,0.305506
inscription,1899,0.287710
inscription,1900,0.271575
inscription,1901,0.284441
inscription,1902,0.313480
inscription,1903,0.328521
inscription,1904,0.269636
inscription,1905,0.303436
inscription,1906,0.297916
inscription,1907,0.314093
inscription,1908,0.316983
inscription,1909,0.285575
inscription,1910,0.306982
inscription,1911,0.306407
inscription,1912,0.327347
inscription,1913,0.285294
inscription,1914,0.318093
inscription,1915,0.320596
inscription,1916,0.284028
inscription,1917,0.303909
inscription,1918,0.316719
inscription,1919,0.300394
inscription,1920,0.311907
inscription,1921,0.292402
inscription,1922,0.279792
inscription,1923,0.284881
inscription,1924,0.350494
inscription,1925,0.242058
inscription,1926,0.351303
inscription,1927,0.319995
inscription,1928,0.300711
inscription,1929,0.268159
inscription,1930,0.287084
inscription,1931,0.293552
inscription,1932,0.263802
inscription,1933,0.333636
inscription,1934,0.405126
inscription,1935,0.258279
inscription,1936,0.350791
inscription,1937,0.277677
inscription,1938,0.321993
inscription,1939,0.313842
inscription,1940,0.278023
inscription,1941,0.287078
inscription,1942,0.338769
inscription,1943,0.306423
inscription,1944,0.342498
inscription,1945,0.299336
inscription,1946,0.302529
inscription,1947,0.276468
inscription,1948,0.285468
inscription,1949,0.324447
inscription,1950,0.346342
inscription,1951,0.302256
inscription,1952,0.290121
inscription,1953,0.292702
inscription,1954,0.332530
inscription,1955,0.288589
inscription,1956,0.281032
inscription,1957,0.321887
inscription,1958,0.259348
inscription,1959,0.249466
inscription,1960,0.297675
inscription,1961,0.364933
inscription,1962,0.306290
inscription,1963,0.313686
inscription,1964,0.339266
inscription,1965,0.320222
inscription,1966,0.305275
inscription,1967,0.279889
inscription,1968,0.349260
inscription,1969,0.294376
inscription,1970,0.281088
inscription,1971,0.320426
inscription,1972,0.269386
inscription,1973,0.333348
inscription,1974,0.262757
inscription,1975,0.314764
inscription,1976,0.295229
inscription,1977,0.280702
inscription,1978,0.286038
inscription,1979,0.250972
inscription,1980,0.315079
inscription,1981,0.262042
inscription,1982,0.326224
inscription,1983,0.345394
inscription,1984,0.248190
inscription,1985,0.356714
inscription,1986,0.267343
inscription,1987,0.362751
inscription,1988,0.279417
inscription,1989,0.270985
inscription,1990,0.287901
inscription,1991,0.306921
inscription,1992,0.291779
inscription,1993,0.256011
inscription,1994,0.266745
inscription,1995,0.331297
inscription,1996,0.293810
inscription,1997,0.286154
inscription,1998,0.303807
inscription,1999,0.309625
inscription,2000,0.371712
inscription,2001,0.249095
inscription,2002,0.324077
inscription,2003,0.309093
inscription,2004,0.275640
inscription,2005,0.234182
inscription,2006,0.315457
inscription,2007,0.230414
inscription,2008,0.326830
inscription,2009,0.273636
inscription,2010,0.320827
inscription,2011,0.316369
inscription,2012,0.307686
inscription,2013,0.218616
inscription,2014,0.298185
inscription,2015,0.271743
inscription,2016,0.288113
inscription,2017,0.294563
inscription,2018,0.273735
inscription,2019,0.256408
inscription,2020,0.348673
inscription,2021,0.308779
inscription,2022,0.268652
inscription,2023,0.285433
inscription,2024,0.287112
inscription,2025,0.300923
inscription,2026,0.293654
inscription,2027,0.307819
inscription,2028,0.306889
inscription,2029,0.366297
inscription,2030,0.308111
inscription,2031,0.270448
inscription,2032,0.314563
inscription,2033,0.318090
inscription,2034,0.322516
inscription,2035,0.360481
inscription,2036,0.296022
inscription,2037,0.316146
inscription,2038,0.301182
inscription,2039,0.306416
inscription,2040,0.300029
inscription,2041,0.246982
inscription,2042,0.312951
inscription,2043,0.303921
inscription,2044,0.337166
inscription,2045,0.229784
inscription,2046,0.228653
inscription,2047,0.331999
inscription,2048,0.344550
inscription,2049,0.261942
inscription,2050,0.358828
inscription,2051,0.322805
inscription,2052,0.308417
inscription,2053,0.326345
inscription,2054,0.339188
inscription,2055,0.281651
inscription,2056,0.295684
inscription,2057,0.341757
inscription,2058,0.315161
inscription,2059,0.308033
inscription,2060,0.319292
inscription,2061,0.289995
inscription,2062,0.279506
inscription,2063,0.309629
inscription,2064,0.257309
inscription,2065,0.382598
inscription,2066,0.294395
inscription,2067,0.326787
inscription,2068,0.367619
inscription,2069,0.242111
inscription,2070,0.253737
inscription,2071,0.335150
inscription,2072,0.281159
inscription,2073,0.327719
inscription,2074,0.292379
inscription,2075,0.294314
inscription,2076,0.291256
inscription,2077,0.339485
inscription,2078,0.382020
inscription,2079,0.353190
inscription,2080,0.293402
inscription,2081,0.265217
inscription,2082,0.325775
inscription,2083,0.237673
inscription,2084,0.337461
inscription,2085,0.272121
inscription,2086,0.242976
inscription,2087,0.258968
inscription,2088,0.316783
inscription,2089,0.291213
inscription,2090,0.300554
inscription,2091,0.296668
inscription,2092,0.309898
inscription,2093,0.261672
inscription,2094,0.271888
inscription,2095,0.262489
inscription,2096,0.346062
inscription,2097,0.267767
inscription,2098,0.361681
inscription,2099,0.310936
inscription,2100,0.295370
inscription,2101,0.311537
inscription,2102,0.312459
inscription,2103,0.273348
inscription,2104,0.324460
inscription,2105,0.277046
inscription,2106,0.307420
inscription,2107,0.336381
inscription,2108,0.383249
inscription,2109,0.317912
inscription,2110,0.294420
inscription,2111,0.261868
inscription,2112,0.251693
inscription,2113,0.281514
inscription,2114,0.320823
inscription,2115,0.246902
inscription,2116,0.346601
inscription,2117,0.271638
inscription,2118,0.331337
inscription,2119,0.249293
inscription,2120,0.315162
inscription,2121,0.294777
inscription,2122,0.302262
inscription,2123,0.257840
inscription,2124,0.299480
inscription,2125,0.322109
inscription,2126,0.282606
inscription,2127,0.314786
inscription,2128,0.306751
inscription,2129,0.357450
inscription,2130,0.264125
inscription,2131,0.271991
inscription,2132,0.215533
inscription,2133,0.318439
inscription,2134,0.276014
inscription,2135,0.284373
inscription,2136,0.293980
inscription,2137,0.286153
inscription,2138,0.346932
inscription,2139,0.316217
inscription,2140,0.298056
inscription,2141,0.250449
inscription,2142,0.286582
inscription,2143,0.252862
inscription,2144,0.315820
inscription,2145,0.263046
inscription,2146,0.313790
inscription,2147,0.244681
inscription,2148,0.297891
inscription,2149,0.244364
inscription,2150,0.334981
inscription,2151,0.359452
inscription,2152,0.295120
inscription,2153,0.277209
inscription,2154,0.368118
inscription,2155,0.310303
inscription,2156,0.307864
inscription,2157,0.278155
inscription,2158,0.267922
inscription,2159,0.301955
inscription,2160,0.281693
inscription,2161,0.301874
inscription,2162,0.268465
inscription,2163,0.298428
inscription,2164,0.252462
inscription,2165,0.270884
inscription,2166,0.265442
inscription,2167,0.323180
inscription,2168,0.300349
inscription,2169,0.278624
inscription,2170,0.324165
inscription,2171,0.311274
inscription,2172,0.367848
inscription,2173,0.357171
inscription,2174,0.327974
inscription,2175,0.292715
inscription,2176,0.271504
inscription,2177,0.258619
inscription,2178,0.328334
inscription,2179,0.283816
inscription,2180,0.311643
inscription,2181,0.293773
inscription,2182,0.330547
inscription,2183,0.343147
inscription,2184,0.313436
inscription,2185,0.285541
inscription,2186,0.305753
inscription,2187,0.303353
inscription,2188,0.273051
inscription,2189,0.281614
inscription,2190,0.273094
inscription,2191,0.303695
inscription,2192,0.282092
inscription,2193,0.297675
inscription,2194,0.243688
inscription,2195,0.323938
inscription,2196,0.282313
inscription,2197,0.300678
inscription,2198,0.364556
inscription,2199,0.262688
inscription,2200,0.287502
inscription,2201,0.268671
inscription,2202,0.262278
inscription,2203,0.274919
inscription,2204,0.247444
inscription,2205,0.289963
inscription,2206,0.286581
inscription,2207,0.313644
inscription,2208,0.300475
inscription,2209,0.255375
inscription,2210,0.317367
inscription,2211,0.279839
inscription,2212,0.260558
inscription,2213,0.284270
inscription,2214,0.281599
inscription,2215,0.329120
inscription,2216,0.270556
inscription,2217,0.296552
inscription,2218,0.255380
inscription,2219,0.270821
inscription,2220,0.300356
inscription,2221,0.330664
inscription,2222,0.356836
inscription,2223,0.279727
inscription,2224,0.275437
inscription,2225,0.333983
inscription,2226,0.264317
inscription,2227,0.265555
inscription,2228,0.338991
inscription,2229,0.312291
inscription,2230,0.311817
inscription,2231,0.343192
inscription,2232,0.289854
inscription,2233,0.325251
inscription,2234,0.353814
inscription,2235,0.233557
inscription,2236,0.355110
inscription,2237,0.244638
inscription,2238,0.298784
inscription,2239,0.315349
inscription,2240,0.274832
inscription,2241,0.279076
inscription,2242,0.241047
inscription,2243,0.313836
inscription,2244,0.295966
inscription,2245,0.254152
inscription,2246,0.299058
inscription,2247,0.269336
inscription,2248,0.279688
inscription,2249,0.280770
inscription,2250,0.348977
inscription,2251,0.353251
inscription,2252,0.338336
inscription,2253,0.291614
inscription,2254,0.301458
inscription,2255,0.354475
inscription,2256,0.245289
inscription,2257,0.311719
inscription,2258,0.292968
inscription,2259,0.282866
inscription,2260,0.278198
inscription,2261,0.309105
inscription,2262,0.272063
inscription,2263,0.292858
inscription,2264,0.267182
inscription,2265,0.351479
inscription,2266,0.263920
inscription,2267,0.240082
inscription,2268,0.318394
inscription,2269,0.280247
inscription,2270,0.253084
inscription,2271,0.276077
inscription,2272,0.241795
inscription,2273,0.244558
inscription,2274,0.298892
inscription,2275,0.335042
inscription,2276,0.305123
inscription,2277,0.272995
inscription,2278,0.329032
inscription,2279,0.260241
inscription,2280,0.335984
inscription,2281,0.320563
inscription,2282,0.308368
inscription,2283,0.293227
inscription,2284,0.370737
inscription,2285,0.353774
inscription,2286,0.310769
inscription,2287,0.333028
inscription,2288,0.321607
inscription,2289,0.332969
inscription,2290,0.311693
inscription,2291,0.282015
inscription,2292,0.291457
inscription,2293,0.284031
inscription,2294,0.326967
inscription,2295,0.283504
inscription,2296,0.345288
inscription,2297,0.266978
inscription,2298,0.307819
inscription,2299,0.286516
inscription,2300,0.307224
inscription,2301,0.321590
inscription,2302,0.306810
inscription,2303,0.309801
inscription,2304,0.280732
inscription,2305,0.272172
inscription,2306,0.298491
inscription,2307,0.279872
inscription,2308,0.286010
inscription,2309,0.300955
inscription,2310,0.261998
inscription,2311,0.265119
inscription,2312,0.304926
inscription,2313,0.325809
inscription,2314,0.279456
inscription,2315,0.290965
inscription,2316,0.322582
inscription,2317,0.330845
inscription,2318,0.294327
inscription,2319,0.298750
inscription,2320,0.263845
inscription,2321,0.343947
inscription,2322,0.284363
inscription,2323,0.316055
inscription,2324,0.284159
inscription,2325,0.327362
inscription,2326,0.314083
inscription,2327,0.349461
inscription,2328,0.280962
inscription,2329,0.285223
inscription,2330,0.331692
inscription,2331,0.286627
inscription,2332,0.276360
inscription,2333,0.277683
inscription,2334,0.281292
inscription,2335,0.284961
inscription,2336,0.332850
inscription,2337,0.330954
inscription,2338,0.328949
inscription,2339,0.268216
inscription,2340,0.284413
inscription,2341,0.308905
inscription,2342,0.307018
inscription,2343,0.223166
inscription,2344,0.261495
inscription,2345,0.274749
inscription,2346,0.281129
inscription,2347,0.305130
inscription,2348,0.248688
inscription,2349,0.363906
inscription,2350,0.301912
inscription,2351,0.304942
inscription,2352,0.352700
inscription,2353,0.358374
inscription,2354,0.285949
inscription,2355,0.326578
inscription,2356,0.351540
inscription,2357,0.243560
inscription,2358,0.311016
inscription,2359,0.292293
inscription,2360,0.276901
inscription,2361,0.325681
inscription,2362,0.331572
inscription,2363,0.317150
inscription,2364,0.304350
inscription,2365,0.276773
inscription,2366,0.328416
inscription,2367,0.325531
inscription,2368,0.316094
inscription,2369,0.277347
inscription,2370,0.327635
inscription,2371,0.365346
inscription,2372,0.256868
inscription,2373,0.311093
inscription,2374,0.250916
inscription,2375,0.264234
inscription,2376,0.320365
inscription,2377,0.306858
inscription,2378,0.236801
inscription,2379,0.225528
inscription,2380,0.299020
inscription,2381,0.247085
inscription,2382,0.248889
inscription,2383,0.319884
inscription,2384,0.329974
inscription,2385,0.299238
inscription,2386,0.339578
inscription,2387,0.283277
inscription,2388,0.317584
inscription,2389,0.373066
inscription,2390,0.365881
inscription,2391,0.328164
inscription,2392,0.308623
inscription,2393,0.304555
inscription,2394,0.309222
inscription,2395,0.306960
inscription,2396,0.282642
inscription,2397,0.270469
inscription,2398,0.323040
inscription,2399,0.293191
inscription,2400,0.313580
inscription,2401,0.354758
inscription,2402,0.306426
inscription,2403,0.315964
inscription,2404,0.249458
inscription,2405,0.288714
inscription,2406,0.321654
inscription,2407,0.231956
inscription,2408,0.334152
inscription,2409,0.285489
inscription,2410,0.341388
inscription,2411,0.286301
inscription,2412,0.295860
inscription,2413,0.321156
inscription,2414,0.308081
inscription,2415,0.349103
inscription,2416,0.300666
inscription,2417,0.275705
inscription,2418,0.324133
inscription,2419,0.326820
inscription,2420,0.315992
inscription,2421,0.276256
inscription,2422,0.253164
inscription,2423,0.316112
inscription,2424,0.262928
inscription,2425,0.299786
inscription,2426,0.276790
inscription,2427,0.240690
inscription,2428,0.340769
inscription,2429,0.290911
inscription,2430,0.286291
inscription,2431,0.286459
inscription,2432,0.321859
inscription,2433,0.262058
inscription,2434,0.249001
inscription,2435,0.317242
inscription,2436,0.282197
inscription,2437,0.311123
inscription,2438,0.254674
inscription,2439,0.247694
inscription,2440,0.310779
inscription,2441,0.288251
inscription,2442,0.333349
inscription,2443,0.271093
inscription,2444,0.328374
inscription,2445,0.312549
inscription,2446,0.294146
inscription,2447,0.324239
inscription,2448,0.245702
inscription,2449,0.267168
inscription,2450,0.252404
inscription,2451,0.315712
inscription,2452,0.298410
inscription,2453,0.251323
inscription,2454,0.283245
inscription,2455,0.308547
inscription,2456,0.369874
inscription,2457,0.253432
inscription,2458,0.339499
inscription,2459,0.329361
inscription,2460,0.300175
inscription,2461,0.304074
inscription,2462,0.355061
inscription,2463,0.259074
inscription,2464,0.256885
inscription,2465,0.250146
inscription,2466,0.321795
inscription,2467,0.306702
inscription,2468,0.309111
inscription,2469,0.319792
inscription,2470,0.326291
inscription,2471,0.283278
inscription,2472,0.289683
inscription,2473,0.288226
inscription,2474,0.287148
inscription,2475,0.353735
inscription,2476,0.308857
inscription,2477,0.314524
inscription,2478,0.273782
inscription,2479,0.314200
inscription,2480,0.271044
inscription,2481,0.252877
inscription,2482,0.251977
inscription,2483,0.300294
inscription,2484,0.278186
inscription,2485,0.363965
inscription,2486,0.284438
inscription,2487,0.257016
inscription,2488,0.335756
inscription,2489,0.256107
inscription,2490,0.284546
inscription,2491,0.345070
inscription,2492,0.277161
inscription,2493,0.259672
inscription,2494,0.303530
inscription,2495,0.289488
inscription,2496,0.288219
inscription,2497,0.262216
inscription,2498,0.255411
inscription,2499,0.275345
inscription,2500,0.317486
inscription,2501,0.303382
inscription,2502,0.295494
inscription,2503,0.292364
inscription,2504,0.263231
inscription,2505,0.302711
inscription,2506,0.286256
inscription,2507,0.322818
inscription,2508,0.299356
inscription,2509,0.298725
inscription,2510,0.239416
inscription,2511,0.307354
inscription,2512,0.272255
inscription,2513,0.269847
inscription,2514,0.273771
inscription,2515,0.254461
inscription,2516,0.299166
inscription,2517,0.278222
inscription,2518,0.275233
inscription,2519,0.362122
inscription,2520,0.302753
inscription,2521,0.304065
inscription,2522,0.229144
inscription,2523,0.342700
inscription,2524,0.282816
inscription,2525,0.327547
inscription,2526,0.301208
inscription,2527,0.316774
inscription,2528,0.255672
inscription,2529,0.317481
inscription,2530,0.240370
inscription,2531,0.293879
inscription,2532,0.296557
inscription,2533,0.277413
inscription,2534,0.295542
inscription,2535,0.316845
inscription,2536,0.287155
inscription,2537,0.298259
inscription,2538,0.361396
inscription,2539,0.292929
inscription,2540,0.288357
inscription,2541,0.317302
inscription,2542,0.372144
inscription,2543,0.349327
inscription,2544,0.351154
inscription,2545,0.335652
inscription,2546,0.331155
inscription,2547,0.290587
inscription,2548,0.266430
inscription,2549,0.330744
inscription,2550,0.276541
inscription,2551,0.306611
inscription,2552,0.268241
inscription,2553,0.329308
inscription,2554,0.312893
inscription,2555,0.297683
inscription,2556,0.296047
inscription,2557,0.277634
inscription,2558,0.261186
inscription,2559,0.260773
inscription,2560,0.272761
inscription,2561,0.295135
inscription,2562,0.249089
inscription,2563,0.345093
inscription,2564,0.351097
inscription,2565,0.216113
inscription,2566,0.344572
inscription,2567,0.236602
inscription,2568,0.383501
inscription,2569,0.244902
inscription,2570,0.335563
inscription,2571,0.342182
inscription,2572,0.325914
inscription,2573,0.260907
inscription,2574,0.263436
inscription,2575,0.305924
inscription,2576,0.299646
inscription,2577,0.314384
inscription,2578,0.305161
inscription,2579,0.282123
inscription,2580,0.367669
inscription,2581,0.292916
inscription,2582,0.293129
inscription,2583,0.326445
inscription,2584,0.331643
inscription,2585,0.276291
inscription,2586,0.345969
inscription,2587,0.336030
inscription,2588,0.288106
inscription,2589,0.281892
inscription,2590,0.338018
inscription,2591,0.351524
inscription,2592,0.273861
inscription,2593,0.329242
inscription,2594,0.271546
inscription,2595,0.355564
inscription,2596,0.305548
inscription,2597,0.280310
inscription,2598,0.291686
inscription,2599,0.300920
inscription,2600,0.276421
inscription,2601,0.260323
inscription,2602,0.269946
inscription,2603,0.328908
inscription,2604,0.280587
inscription,2605,0.280555
inscription,2606,0.309460
inscription,2607,0.356667
inscription,2608,0.304518
inscription,2609,0.260777
inscription,2610,0.305013
inscription,2611,0.246736
inscription,2612,0.312453
inscription,2613,0.292571
inscription,2614,0.296007
inscription,2615,0.401700
inscription,2616,0.243098
inscription,2617,0.324960
inscription,2618,0.269271
inscription,2619,0.337395
inscription,2620,0.271380
inscription,2621,0.278236
inscription,2622,0.305146
inscription,2623,0.275188
inscription,2624,0.296130
inscription,2625,0.259599
inscription,2626,0.338564
inscription,2627,0.299594
inscription,2628,0.286822
inscription,2629,0.280170
inscription,2630,0.317144
inscription,2631,0.287749
inscription,2632,0.253588
inscription,2633,0.269991
inscription,2634,0.253486
inscription,2635,0.254777
inscription,2636,0.308004
inscription,2637,0.248018
inscription,2638,0.259868
inscription,2639,0.278553
inscription,2640,0.317674
inscription,2641,0.265845
inscription,2642,0.299351
inscription,2643,0.322900
inscription,2644,0.307133
inscription,2645,0.294474
inscription,2646,0.330917
inscription,2647,0.265935
inscription,2648,0.277867
inscription,2649,0.257084
inscription,2650,0.332110
inscription,2651,0.325805
inscription,2652,0.256649
inscription,2653,0.350728
inscription,2654,0.287556
inscription,2655,0.302056
inscription,2656,0.290572
inscription,2657,0.294352
inscription,2658,0.335901
inscription,2659,0.264553
inscription,2660,0.311124
inscription,2661,0.247267
inscription,2662,0.304785
inscription,2663,0.304184
inscription,2664,0.230658
inscription,2665,0.271028
inscription,2666,0.263643
inscription,2667,0.343099
inscription,2668,0.264863
inscription,2669,0.281356
inscription,2670,0.311781
inscription,2671,0.308450
inscription,2672,0.283838
inscription,2673,0.264134
inscription,2674,0.379835
inscription,2675,0.328265
inscription,2676,0.338308
inscription,2677,0.352836
inscription,2678,0.249565
inscription,2679,0.261838
inscription,2680,0.353979
inscription,2681,0.258345
inscription,2682,0.287552
inscription,2683,0.262157
inscription,2684,0.319652
inscription,2685,0.297696
inscription,2686,0.353082
inscription,2687,0.236686
inscription,2688,0.325130
inscription,2689,0.260339
inscription,2690,0.289220
inscription,2691,0.277294
inscription,2692,0.326907
inscription,2693,0.273332
inscription,2694,0.307825
inscription,2695,0.294977
inscription,2696,0.293041
inscription,2697,0.315841
inscription,2698,0.319527
inscription,2699,0.309952
inscription,2700,0.331377
inscription,2701,0.379839
inscription,2702,0.350789
inscription,2703,0.233559
inscription,2704,0.336941
inscription,2705,0.316252
inscription,2706,0.287490
inscription,2707,0.269468
inscription,2708,0.248590
inscription,2709,0.292354
inscription,2710,0.251530
inscription,2711,0.268751
inscription,2712,0.329790
inscription,2713,0.275403
inscription,2714,0.330806
inscription,2715,0.280658
inscription,2716,0.282723
inscription,2717,0.254815
inscription,2718,0.328476
inscription,2719,0.310795
inscription,2720,0.284303
inscription,2721,0.325727
inscription,2722,0.294165
inscription,2723,0.278710
inscription,2724,0.275934
inscription,2725,0.295642
inscription,2726,0.334108
inscription,2727,0.351847
inscription,2728,0.239018
inscription,2729,0.276136
inscription,2730,0.308451
inscription,2731,0.374380
inscription,2732,0.236430
inscription,2733,0.375494
inscription,2734,0.279361
inscription,2735,0.313020
inscription,2736,0.314818
inscription,2737,0.264875
inscription,2738,0.336190
inscription,2739,0.301096
inscription,2740,0.297560
inscription,2741,0.310471
inscription,2742,0.289905
inscription,2743,0.258662
inscription,2744,0.279004
inscription,2745,0.334085
inscription,2746,0.283496
inscription,2747,0.322802
inscription,2748,0.293081
inscription,2749,0.230277
inscription,2750,0.369674
inscription,2751,0.279890
inscription,2752,0.291642
inscription,2753,0.303668
inscription,2754,0.307918
inscription,2755,0.307711
inscription,2756,0.322935
inscription,2757,0.301836
inscription,2758,0.290615
inscription,2759,0.271931
inscription,2760,0.284251
inscription,2761,0.330298
inscription,2762,0.287191
inscription,2763,0.215088
inscription,2764,0.275963
inscription,2765,0.242564
inscription,2766,0.242363
inscription,2767,0.265579
inscription,2768,0.279290
inscription,2769,0.324052
inscription,2770,0.259841
inscription,2771,0.298212
inscription,2772,0.306160
inscription,2773,0.271539
inscription,2774,0.319716
inscription,2775,0.326267
inscription,2776,0.309114
inscription,2777,0.321406
inscription,2778,0.237785
inscription,2779,0.282441
inscription,2780,0.355638
inscription,2781,0.302080
inscription,2782,0.342380
inscription,2783,0.318446
inscription,2784,0.324732
inscription,2785,0.282394
inscription,2786,0.325524
inscription,2787,0.301979
inscription,2788,0.303474
inscription,2789,0.285485
inscription,2790,0.353278
inscription,2791,0.273688
inscription,2792,0.244652
inscription,2793,0.308790
inscription,2794,0.333956
inscription,2795,0.274017
inscription,2796,0.316528
inscription,2797,0.300901
inscription,2798,0.304337
inscription,2799,0.339006
inscription,2800,0.325008
inscription,2801,0.273674
inscription,2802,0.351855
inscription,2803,0.290437
inscription,2804,0.324936
inscription,2805,0.277299
inscription,2806,0.350113
inscription,2807,0.321974
inscription,2808,0.331458
inscription,2809,0.277100
inscription,2810,0.286319
inscription,2811,0.274210
inscription,2812,0.275073
inscription,2813,0.301605
inscription,2814,0.316795
inscription,2815,0.365376
inscription,2816,0.309109
inscription,2817,0.296051
inscription,2818,0.254579
inscription,2819,0.263095
inscription,2820,0.336728
inscription,2821,0.291995
inscription,2822,0.288920
inscription,2823,0.297842
inscription,2824,0.258482
inscription,2825,0.276214
inscription,2826,0.313676
inscription,2827,0.322661
inscription,2828,0.276117
inscription,2829,0.222679
inscription,2830,0.374074
inscription,2831,0.221786
inscription,2832,0.318333
inscription,2833,0.237250
inscription,2834,0.314836
inscription,2835,0.300159
inscription,2836,0.280448
inscription,2837,0.239172
inscription,2838,0.293891
inscription,2839,0.254564
inscription,2840,0.309453
inscription,2841,0.296491
inscription,2842,0.252469
inscription,2843,0.280905
inscription,2844,0.272300
inscription,2845,0.291170
inscription,2846,0.275312
inscription,2847,0.278193
inscription,2848,0.246310
inscription,2849,0.308594
inscription,2850,0.239177
inscription,2851,0.278366
inscription,2852,0.361242
inscription,2853,0.264442
inscription,2854,0.320622
inscription,2855,0.386453
inscription,2856,0.295321
inscription,2857,0.326612
inscription,2858,0.291162
inscription,2859,0.378956
inscription,2860,0.274935
inscription,2861,0.257242
inscription,2862,0.292277
inscription,2863,0.291780
inscription,2864,0.297080
inscription,2865,0.309497
inscription,2866,0.335133
inscription,2867,0.226852
inscription,2868,0.332066
inscription,2869,0.327850
inscription,2870,0.270627
inscription,2871,0.260785
inscription,2872,0.278105
inscription,2873,0.286844
inscription,2874,0.285637
inscription,2875,0.297056
inscription,2876,0.268021
inscription,2877,0.316204
inscription,2878,0.265771
inscription,2879,0.286088
inscription,2880,0.265275
inscription,2881,0.270307
inscription,2882,0.296800
inscription,2883,0.308740
inscription,2884,0.304237
inscription,2885,0.294778
inscription,2886,0.321671
inscription,2887,0.302186
inscription,2888,0.289646
inscription,2889,0.312902
inscription,2890,0.278418
inscription,2891,0.274747
inscription,2892,0.283107
inscription,2893,0.292981
inscription,2894,0.266495
inscription,2895,0.315512
inscription,2896,0.309107
inscription,2897,0.279133
inscription,2898,0.305917
inscription,2899,0.286325
inscription,2900,0.358491
inscription,2901,0.225033
inscription,2902,0.328381
inscription,2903,0.333053
inscription,2904,0.307671
inscription,2905,0.260357
inscription,2906,0.332355
inscription,2907,0.354819
inscription,2908,0.274576
inscription,2909,0.301315
inscription,2910,0.337594
inscription,2911,0.331008
inscription,2912,0.292089
inscription,2913,0.324154
inscription,2914,0.312088
inscription,2915,0.282413
inscription,2916,0.273041
inscription,2917,0.374342
inscription,2918,0.265992
inscription,2919,0.285517
inscription,2920,0.320357
inscription,2921,0.300866
inscription,2922,0.285270
inscription,2923,0.361906
inscription,2924,0.313758
inscription,2925,0.266011
inscription,2926,0.289216
inscription,2927,0.272465
inscription,2928,0.293118
inscription,2929,0.257364
inscription,2930,0.300228
inscription,2931,0.303352
inscription,2932,0.309322
inscription,2933,0.351523
inscription,2934,0.342920
inscription,2935,0.296453
inscription,2936,0.320152
inscription,2937,0.305251
inscription,2938,0.267206
inscription,2939,0.306557
inscription,2940,0.332462
inscription,2941,0.307264
inscription,2942,0.305067
inscription,2943,0.340186
inscription,2944,0.268737
inscription,2945,0.326376
inscription,2946,0.335495
inscription,2947,0.304261
inscription,2948,0.335799
inscription,2949,0.343247
inscription,2950,0.244825
inscription,2951,0.306964
inscription,2952,0.246893
inscription,2953,0.210468
inscription,2954,0.226947
inscription,2955,0.290437
inscription,2956,0.334473
inscription,2957,0.254980
inscription,2958,0.328904
inscription,2959,0.312706
inscription,2960,0.287558
inscription,2961,0.316131
inscription,2962,0.325968
inscription,2963,0.296431
inscription,2964,0.291257
inscription,2965,0.306357
inscription,2966,0.204672
inscription,2967,0.377693
inscription,2968,0.309759
inscription,2969,0.325238
inscription,2970,0.300020
inscription,2971,0.277236
inscription,2972,0.367488
inscription,2973,0.309834
inscription,2974,0.278709
inscription,2975,0.315829
inscription,2976,0.268587
inscription,2977,0.278198
inscription,2978,0.260027
inscription,2979,0.322216
inscription,2980,0.311803
inscription,2981,0.241287
inscription,2982,0.300742
inscription,2983,0.313135
inscription,2984,0.292789
inscription,2985,0.324930
inscription,2986,0.343366
inscription,2987,0.314177
inscription,2988,0.351689
inscription,2989,0.276399
inscription,2990,0.259905
inscription,2991,0.282866
inscription,2992,0.281189
inscription,2993,0.341629
inscription,2994,0.325494
inscription,2995,0.295654
inscription,2996,0.302112
inscription,2997,0.281261
inscription,2998,0.308095
inscription,2999,0.265414
inscription,3000,0.287527
inscription,3001,0.315710
inscription,3002,0.262046
inscription,3003,0.264468
inscription,3004,0.288603
inscription,3005,0.271521
inscription,3006,0.284167
inscription,3007,0.277496
inscription,3008,0.274408
inscription,3009,0.338835
inscription,3010,0.336809
inscription,3011,0.296370
inscription,3012,0.326184
inscription,3013,0.290781
inscription,3014,0.299962
inscription,3015,0.361071
inscription,3016,0.320662
inscription,3017,0.321609
inscription,3018,0.313522
inscription,3019,0.351475
inscription,3020,0.277028
inscription,3021,0.280497
inscription,3022,0.343377
inscription,3023,0.276354
inscription,3024,0.266669
inscription,3025,0.325930
inscription,3026,0.354193
inscription,3027,0.348191
inscription,3028,0.345165
inscription,3029,0.277552
inscription,3030,0.310946
inscription,3031,0.303662
inscription,3032,0.297015
inscription,3033,0.340345
inscription,3034,0.305377
inscription,3035,0.278597
inscription,3036,0.297337
inscription,3037,0.291195
inscription,3038,0.286546
inscription,3039,0.364796
inscription,3040,0.293343
inscription,3041,0.281839
inscription,3042,0.334748
inscription,3043,0.277653
inscription,3044,0.323326
inscription,3045,0.391228
inscription,3046,0.334332
inscription,3047,0.325845
inscription,3048,0.287362
inscription,3049,0.334563
inscription,3050,0.268762
inscription,3051,0.307587
inscription,3052,0.269243
inscription,3053,0.306901
inscription,3054,0.354724
inscription,3055,0.340724
inscription,3056,0.268937
inscription,3057,0.249331
inscription,3058,0.263692
inscription,3059,0.261104
inscription,3060,0.332836
inscription,3061,0.305220
inscription,3062,0.346437
inscription,3063,0.282164
inscription,3064,0.290724
inscription,3065,0.317636
inscription,3066,0.320324
inscription,3067,0.340714
inscription,3068,0.320319
inscription,3069,0.303140
inscription,3070,0.259881
inscription,3071,0.293181
inscription,3072,0.294642
inscription,3073,0.299232
inscription,3074,0.314042
inscription,3075,0.287593
inscription,3076,0.258695
inscription,3077,0.308969
inscription,3078,0.284226
inscription,3079,0.265275
inscription,3080,0.235467
inscription,3081,0.327415
inscription,3082,0.346362
inscription,3083,0.319169
inscription,3084,0.295999
inscription,3085,0.270632
inscription,3086,0.288140
inscription,3087,0.291721
inscription,3088,0.312638
inscription,3089,0.240658
inscription,3090,0.279841
inscription,3091,0.294580
inscription,3092,0.303256
inscription,3093,0.348796
inscription,3094,0.284646
inscription,3095,0.317248
inscription,3096,0.341052
inscription,3097,0.309082
inscription,3098,0.291999
inscription,3099,0.275735
inscription,3100,0.317647
inscription,3101,0.263413
inscription,3102,0.317977
inscription,3103,0.263521
inscription,3104,0.320408
inscription,3105,0.253092
inscription,3106,0.284576
inscription,3107,0.255633
inscription,3108,0.238191
inscription,3109,0.322680
inscription,3110,0.284012
inscription,3111,0.292364
inscription,3112,0.281277
inscription,3113,0.259155
inscription,3114,0.326834
inscription,3115,0.340609
inscription,3116,0.306211
inscription,3117,0.342576
inscription,3118,0.331113
inscription,3119,0.307749
inscription,3120,0.270684
inscription,3121,0.323578
inscription,3122,0.274200
inscription,3123,0.347714
inscription,3124,0.308461
inscription,3125,0.295707
inscription,3126,0.291578
inscription,3127,0.276443
inscription,3128,0.275423
inscription,3129,0.327860
inscription,3130,0.326613
inscription,3131,0.313573
inscription,3132,0.299094
inscription,3133,0.306041
inscription,3134,0.270221
inscription,3135,0.280634
inscription,3136,0.342203
inscription,3137,0.284273
inscription,3138,0.247067
inscription,3139,0.241103
inscription,3140,0.281733
inscription,3141,0.297820
inscription,3142,0.320214
inscription,3143,0.288843
inscription,3144,0.237480
inscription,3145,0.313497
inscription,3146,0.287610
inscription,3147,0.312949
inscription,3148,0.288216
inscription,3149,0.297249
inscription,3150,0.340464
inscription,3151,0.269829
inscription,3152,0.332915
inscription,3153,0.236524
inscription,3154,0.301165
inscription,3155,0.317793
inscription,3156,0.291722
inscription,3157,0.305609
inscription,3158,0.303719
inscription,3159,0.264653
inscription,3160,0.348376
inscription,3161,0.293894
inscription,3162,0.293653
inscription,3163,0.296054
inscription,3164,0.312222
inscription,3165,0.281495
inscription,3166,0.249518
inscription,3167,0.244629
inscription,3168,0.325806
inscription,3169,0.255584
inscription,3170,0.276845
inscription,3171,0.265275
inscription,3172,0.279229
inscription,3173,0.242541
inscription,3174,0.271430
inscription,3175,0.256027
inscription,3176,0.276604
inscription,3177,0.285562
inscription,3178,0.380328
inscription,3179,0.380417
inscription,3180,0.345122
inscription,3181,0.261034
inscription,3182,0.299825
inscription,3183,0.303498
inscription,3184,0.282552
inscription,3185,0.326979
inscription,3186,0.236951
inscription,3187,0.329262
inscription,3188,0.302893
inscription,3189,0.289928
inscription,3190,0.375747
inscription,3191,0.269447
inscription,3192,0.311222
inscription,3193,0.249960
inscription,3194,0.336647
inscription,3195,0.282462
inscription,3196,0.277965
inscription,3197,0.342896
inscription,3198,0.244379
inscription,3199,0.318517
inscription,3200,0.288132
inscription,3201,0.296025
inscription,3202,0.288190
inscription,3203,0.297484
inscription,3204,0.328187
inscription,3205,0.314356
inscription,3206,0.317601
inscription,3207,0.313558
inscription,3208,0.333948
inscription,3209,0.313598
inscription,3210,0.267196
inscription,3211,0.334579
inscription,3212,0.325876
inscription,3213,0.303311
inscription,3214,0.350235
inscription,3215,0.279603
inscription,3216,0.260309
inscription,3217,0.373326
inscription,3218,0.311987
inscription,3219,0.284671
inscription,3220,0.307246
inscription,3221,0.338854
inscription,3222,0.345258
inscription,3223,0.237723
inscription,3224,0.270062
inscription,3225,0.294695
inscription,3226,0.292139
inscription,3227,0.269806
inscription,3228,0.300699
inscription,3229,0.271393
inscription,3230,0.302723
inscription,3231,0.276597
inscription,3232,0.314615
inscription,3233,0.284829
inscription,3234,0.296453
inscription,3235,0.272617
inscription,3236,0.298125
inscription,3237,0.319262
inscription,3238,0.311041
inscription,3239,0.330227
inscription,3240,0.362007
inscription,3241,0.334333
inscription,3242,0.259554
inscription,3243,0.268755
inscription,3244,0.339022
inscription,3245,0.340541
inscription,3246,0.250806
inscription,3247,0.315323
inscription,3248,0.274064
inscription,3249,0.279519
inscription,3250,0.312410
inscription,3251,0.321651
inscription,3252,0.317577
inscription,3253,0.333677
inscription,3254,0.238286
inscription,3255,0.354097
inscription,3256,0.332736
inscription,3257,0.334424
inscription,3258,0.322577
inscription,3259,0.309847
inscription,3260,0.251027
inscription,3261,0.314181
inscription,3262,0.310630
inscription,3263,0.303495
inscription,3264,0.289690
inscription,3265,0.309583
inscription,3266,0.332046
inscription,3267,0.366132
inscription,3268,0.341639
inscription,3269,0.323367
inscription,3270,0.354963
inscription,3271,0.318015
inscription,3272,0.331473
inscription,3273,0.324793
inscription,3274,0.347657
inscription,3275,0.301132
inscription,3276,0.328677
inscription,3277,0.321170
inscription,3278,0.331612
inscription,3279,0.289942
inscription,3280,0.274476
inscription,3281,0.298656
inscription,3282,0.356565
inscription,3283,0.351785
inscription,3284,0.334848
inscription,3285,0.336802
inscription,3286,0.295177
inscription,3287,0.335362
inscription,3288,0.252581
inscription,3289,0.271594
inscription,3290,0.270620
inscription,3291,0.293889
inscription,3292,0.246902
inscription,3293,0.309442
inscription,3294,0.325513
inscription,3295,0.334832
inscription,3296,0.351047
inscription,3297,0.314417
inscription,3298,0.360577
inscription,3299,0.274041
inscription,3300,0.307401
inscription,3301,0.296874
inscription,3302,0.377265
inscription,3303,0.267213
inscription,3304,0.275735
inscription,3305,0.291879
inscription,3306,0.315334
inscription,3307,0.273540
inscription,3308,0.306957
inscription,3309,0.259601
inscription,3310,0.183888
inscription,3311,0.274111
inscription,3312,0.317383
inscription,3313,0.317705
inscription,3314,0.332846
inscription,3315,0.368245
inscription,3316,0.289085
inscription,3317,0.324474
inscription,3318,0.265670
inscription,3319,0.263011
inscription,3320,0.304908
inscription,3321,0.319203
inscription,3322,0.310335
inscription,3323,0.297300
inscription,3324,0.333956
inscription,3325,0.315229
inscription,3326,0.386394
inscription,3327,0.312002
inscription,3328,0.390384
inscription,3329,0.369312
inscription,3330,0.355118
inscription,3331,0.267157
inscription,3332,0.333996
inscription,3333,0.287559
inscription,3334,0.306767
inscription,3335,0.331900
inscription,3336,0.295689
inscription,3337,0.311374
inscription,3338,0.395883
inscription,3339,0.278102
inscription,3340,0.362726
inscription,3341,0.275490
inscription,3342,0.272216
inscription,3343,0.295636
inscription,3344,0.344346
inscription,3345,0.291365
inscription,3346,0.251391
inscription,3347,0.302577
inscription,3348,0.315454
inscription,3349,0.276338
inscription,3350,0.304314
inscription,3351,0.252661
inscription,3352,0.232167
inscription,3353,0.221587
inscription,3354,0.313264
inscription,3355,0.282251
inscription,3356,0.325893
inscription,3357,0.281873
inscription,3358,0.274208
inscription,3359,0.327245
inscription,3360,0.258995
inscription,3361,0.301189
inscription,3362,0.313519
inscription,3363,0.255414
inscription,3364,0.263137
inscription,3365,0.304342
inscription,3366,0.333461
inscription,3367,0.332232
inscription,3368,0.297559
inscription,3369,0.306593
inscription,3370,0.283991
inscription,3371,0.327892
inscription,3372,0.335676
inscription,3373,0.330108
inscription,3374,0.282731
inscription,3375,0.282180
inscription,3376,0.314140
inscription,3377,0.310797
inscription,3378,0.282512
inscription,3379,0.365549
inscription,3380,0.303969
inscription,3381,0.275323
inscription,3382,0.400486
inscription,3383,0.296777
inscription,3384,0.282705
inscription,3385,0.292594
inscription,3386,0.305476
inscription,3387,0.273652
inscription,3388,0.266369
inscription,3389,0.302594
inscription,3390,0.342373
inscription,3391,0.345691
inscription,3392,0.294588
inscription,3393,0.324439
inscription,3394,0.305359
inscription,3395,0.301644
inscription,3396,0.309339
inscription,3397,0.280024
inscription,3398,0.255856
inscription,3399,0.299412
inscription,3400,0.322112
inscription,3401,0.383510
inscription,3402,0.264557
inscription,3403,0.347884
inscription,3404,0.274854
inscription,3405,0.322770
inscription,3406,0.325981
inscription,3407,0.265090
inscription,3408,0.336573
inscription,3409,0.248677
inscription,3410,0.263056
inscription,3411,0.334624
inscription,3412,0.310434
inscription,3413,0.241349
inscription,3414,0.274893
inscription,3415,0.331580
inscription,3416,0.350603
inscription,3417,0.312271
inscription,3418,0.248131
inscription,3419,0.312456
inscription,3420,0.312152
inscription,3421,0.318450
inscription,3422,0.310030
inscription,3423,0.328561
inscription,3424,0.298945
inscription,3425,0.333149
inscription,3426,0.344895
inscription,3427,0.279949
inscription,3428,0.272662
inscription,3429,0.342203
inscription,3430,0.320281
inscription,3431,0.392665
inscription,3432,0.272859
inscription,3433,0.341772
inscription,3434,0.278647
inscription,3435,0.352932
inscription,3436,0.270279
inscription,3437,0.306326
inscription,3438,0.274840
inscription,3439,0.295440
inscription,3440,0.299113
inscription,3441,0.289810
inscription,3442,0.276225
inscription,3443,0.274405
inscription,3444,0.329037
inscription,3445,0.309129
inscription,3446,0.309724
inscription,3447,0.342403
inscription,3448,0.285719
inscription,3449,0.339415
inscription,3450,0.324835
inscription,3451,0.269157
inscription,3452,0.280813
inscription,3453,0.342257
inscription,3454,0.314763
inscription,3455,0.265184
inscription,3456,0.349189
inscription,3457,0.327471
inscription,3458,0.251490
inscription,3459,0.308249
inscription,3460,0.280702
inscription,3461,0.316092
inscription,3462,0.313475
inscription,3463,0.304575
inscription,3464,0.324684
inscription,3465,0.293875
inscription,3466,0.428286
inscription,3467,0.306309
inscription,3468,0.306691
inscription,3469,0.310338
inscription,3470,0.291281
inscription,3471,0.319945
inscription,3472,0.250562
inscription,3473,0.349887
inscription,3474,0.324207
inscription,3475,0.289249
inscription,3476,0.340399
inscription,3477,0.285077
inscription,3478,0.318487
inscription,3479,0.271382
inscription,3480,0.272526
inscription,3481,0.288381
inscription,3482,0.335892
inscription,3483,0.303598
inscription,3484,0.345731
inscription,3485,0.331324
inscription,3486,0.288211
inscription,3487,0.364205
inscription,3488,0.342674
inscription,3489,0.277025
inscription,3490,0.306417
inscription,3491,0.325990
inscription,3492,0.280946
inscription,3493,0.227634
inscription,3494,0.298417
inscription,3495,0.288253
inscription,3496,0.310586
inscription,3497,0.321552
inscription,3498,0.294654
inscription,3499,0.298854
inscription,3500,0.297728
inscription,3501,0.304195
inscription,3502,0.261351
inscription,3503,0.282588
inscription,3504,0.255896
inscription,3505,0.271299
inscription,3506,0.228734
inscription,3507,0.217936
inscription,3508,0.263009
inscription,3509,0.307129
inscription,3510,0.368940
inscription,3511,0.306478
inscription,3512,0.254330
inscription,3513,0.293428
inscription,3514,0.313024
inscription,3515,0.310080
inscription,3516,0.290284
inscription,3517,0.295531
inscription,3518,0.254940
inscription,3519,0.287923
inscription,3520,0.274413
inscription,3521,0.353163
inscription,3522,0.318442
inscription,3523,0.309924
inscription,3524,0.290655
inscription,3525,0.288370
inscription,3526,0.310767
inscription,3527,0.275081
inscription,3528,0.330894
inscription,3529,0.298765
inscription,3530,0.306376
inscription,3531,0.325249
inscription,3532,0.325803
inscription,3533,0.370376
inscription,3534,0.302220
inscription,3535,0.307048
inscription,3536,0.279282
inscription,3537,0.325624
inscription,3538,0.286683
inscription,3539,0.271431
inscription,3540,0.252171
inscription,3541,0.249445
inscription,3542,0.269440
inscription,3543,0.356823
inscription,3544,0.309488
inscription,3545,0.285899
inscription,3546,0.268533
inscription,3547,0.276182
inscription,3548,0.322227
inscription,3549,0.356104
inscription,3550,0.332990
inscription,3551,0.228289
inscription,3552,0.363346
inscription,3553,0.196337
inscription,3554,0.345505
inscription,3555,0.283523
inscription,3556,0.280416
inscription,3557,0.286128
inscription,3558,0.258605
inscription,3559,0.296235
inscription,3560,0.293335
inscription,3561,0.350835
inscription,3562,0.328614
inscription,3563,0.301018
inscription,3564,0.315471
inscription,3565,0.282363
inscription,3566,0.280609
inscription,3567,0.282971
inscription,3568,0.293943
inscription,3569,0.306153
inscription,3570,0.245814
inscription,3571,0.338245
inscription,3572,0.321702
inscription,3573,0.244735
inscription,3574,0.315806
inscription,3575,0.331566
inscription,3576,0.264707
inscription,3577,0.319270
inscription,3578,0.257443
inscription,3579,0.276969
inscription,3580,0.295616
inscription,3581,0.339229
inscription,3582,0.242049
inscription,3583,0.280251
inscription,3584,0.309862
inscription,3585,0.316423
inscription,3586,0.251337
inscription,3587,0.253160
inscription,3588,0.310263
inscription,3589,0.289553
inscription,3590,0.334650
inscription,3591,0.290097
inscription,3592,0.257409
inscription,3593,0.312164
inscription,3594,0.278417
inscription,3595,0.290109
inscription,3596,0.296334
inscription,3597,0.307220
inscription,3598,0.324994
inscription,3599,0.313097
inscription,3600,0.292468
inscription,3601,0.316217
inscription,3602,0.314873
inscription,3603,0.275105
inscription,3604,0.271227
inscription,3605,0.320844
inscription,3606,0.328967
inscription,3607,0.285528
inscription,3608,0.294904
inscription,3609,0.284327
inscription,3610,0.285180
inscription,3611,0.304652
inscription,3612,0.303006
inscription,3613,0.309798
inscription,3614,0.288921
inscription,3615,0.278911
inscription,3616,0.319645
inscription,3617,0.313902
inscription,3618,0.266511
inscription,3619,0.299876
inscription,3620,0.296653
inscription,3621,0.381522
inscription,3622,0.288477
inscription,3623,0.268296
inscription,3624,0.383591
inscription,3625,0.272344
inscription,3626,0.262322
inscription,3627,0.290466
inscription,3628,0.306850
inscription,3629,0.289729
inscription,3630,0.305898
inscription,3631,0.309758
inscription,3632,0.325505
inscription,3633,0.334169
inscription,3634,0.310086
inscription,3635,0.318155
inscription,3636,0.324505
inscription,3637,0.320356
inscription,3638,0.340411
inscription,3639,0.253627
inscription,3640,0.371381
inscription,3641,0.313740
inscription,3642,0.298493
inscription,3643,0.314319
inscription,3644,0.306964
inscription,3645,0.271320
inscription,3646,0.282563
inscription,3647,0.367683
inscription,3648,0.300570
inscription,3649,0.271333
inscription,3650,0.342653
inscription,3651,0.283088
inscription,3652,0.321993
inscription,3653,0.280470
inscription,3654,0.297844
inscription,3655,0.255924
inscription,3656,0.340277
inscription,3657,0.303872
inscription,3658,0.287675
inscription,3659,0.294034
inscription,3660,0.264528
inscription,3661,0.324197
inscription,3662,0.311295
inscription,3663,0.311483
inscription,3664,0.301620
inscription,3665,0.346747
inscription,3666,0.326187
inscription,3667,0.258739
inscription,3668,0.216757
inscription,3669,0.380358
inscription,3670,0.312566
inscription,3671,0.338609
inscription,3672,0.318616
inscription,3673,0.298658
inscription,3674,0.278002
inscription,3675,0.303871
inscription,3676,0.279008
inscription,3677,0.285889
inscription,3678,0.292023
inscription,3679,0.239671
inscription,3680,0.341175
inscription,3681,0.305014
inscription,3682,0.299885
inscription,3683,0.295867
inscription,3684,0.284049
inscription,3685,0.247669
inscription,3686,0.292442
inscription,3687,0.234588
inscription,3688,0.299939
inscription,3689,0.296801
inscription,3690,0.263573
inscription,3691,0.268077
inscription,3692,0.260225
inscription,3693,0.328981
inscription,3694,0.347177
inscription,3695,0.276637
inscription,3696,0.288585
inscription,3697,0.306830
inscription,3698,0.333297
inscription,3699,0.296038
inscription,3700,0.333632
inscription,3701,0.270813
inscription,3702,0.305274
inscription,3703,0.349389
inscription,3704,0.296960
inscription,3705,0.319099
inscription,3706,0.302243
inscription,3707,0.340683
inscription,3708,0.194756
inscription,3709,0.288837
inscription,3710,0.273154
inscription,3711,0.292044
inscription,3712,0.296836
inscription,3713,0.321371
inscription,3714,0.269361
inscription,3715,0.315042
inscription,3716,0.263153
inscription,3717,0.288946
inscription,3718,0.266731
inscription,3719,0.359170
inscription,3720,0.292201
inscription,3721,0.329766
inscription,3722,0.344376
inscription,3723,0.270216
inscription,3724,0.244986
inscription,3725,0.261708
inscription,3726,0.323663
inscription,3727,0.326232
inscription,3728,0.274557
inscription,3729,0.271300
inscription,3730,0.298406
inscription,3731,0.319949
inscription,3732,0.292739
inscription,3733,0.346559
inscription,3734,0.410569
inscription,3735,0.320231
inscription,3736,0.345876
inscription,3737,0.295557
inscription,3738,0.358667
inscription,3739,0.310356
inscription,3740,0.289284
inscription,3741,0.305134
inscription,3742,0.337257
inscription,3743,0.292332
inscription,3744,0.336560
inscription,3745,0.291654
inscription,3746,0.266713
inscription,3747,0.299318
inscription,3748,0.257424
inscription,3749,0.283326
inscription,3750,0.235548
inscription,3751,0.316743
inscription,3752,0.308596
inscription,3753,0.286318
inscription,3754,0.258172
inscription,3755,0.238221
inscription,3756,0.280915
inscription,3757,0.295991
inscription,3758,0.273481
inscription,3759,0.310134
inscription,3760,0.296656
inscription,3761,0.295327
inscription,3762,0.257753
inscription,3763,0.329723
inscription,3764,0.284202
inscription,3765,0.287567
inscription,3766,0.293864
inscription,3767,0.301471
inscription,3768,0.321746
inscription,3769,0.299855
inscription,3770,0.300041
inscription,3771,0.266336
inscription,3772,0.317908
inscription,3773,0.282651
inscription,3774,0.288243
inscription,3775,0.342856
inscription,3776,0.341663
inscription,3777,0.317432
inscription,3778,0.332030
inscription,3779,0.264680
inscription,3780,0.283262
inscription,3781,0.318057
inscription,3782,0.288772
inscription,3783,0.291628
inscription,3784,0.347431
inscription,3785,0.270292
inscription,3786,0.302669
inscription,3787,0.295615
inscription,3788,0.280511
inscription,3789,0.225064
inscription,3790,0.280524
inscription,3791,0.350678
inscription,3792,0.316863
inscription,3793,0.274400
inscription,3794,0.258478
inscription,3795,0.278454
inscription,3796,0.320602
inscription,3797,0.307822
inscription,3798,0.304487
inscription,3799,0.290488
inscription,3800,0.296991
inscription,3801,0.265867
inscription,3802,0.315418
inscription,3803,0.290515
inscription,3804,0.342767
inscription,3805,0.285060
inscription,3806,0.295696
inscription,3807,0.271443
inscription,3808,0.316045
inscription,3809,0.309427
inscription,3810,0.264777
inscription,3811,0.357088
inscription,3812,0.293224
inscription,3813,0.373629
inscription,3814,0.309584
inscription,3815,0.288294
inscription,3816,0.289512
inscription,3817,0.298740
inscription,3818,0.286649
inscription,3819,0.290896
inscription,3820,0.302236
inscription,3821,0.309453
inscription,3822,0.266195
inscription,3823,0.314409
inscription,3824,0.254926
inscription,3825,0.290430
inscription,3826,0.302907
inscription,3827,0.322335
inscription,3828,0.314970
inscription,3829,0.266781
inscription,3830,0.313669
inscription,3831,0.312319
inscription,3832,0.316101
inscription,3833,0.263877
inscription,3834,0.313632
inscription,3835,0.338600
inscription,3836,0.331394
inscription,3837,0.301461
inscription,3838,0.354740
inscription,3839,0.295680
inscription,3840,0.315687
inscription,3841,0.279202
inscription,3842,0.307108
inscription,3843,0.285447
inscription,3844,0.307424
inscription,3845,0.273715
inscription,3846,0.273374
inscription,3847,0.330293
inscription,3848,0.314413
inscription,3849,0.328955
inscription,3850,0.307001
inscription,3851,0.329977
inscription,3852,0.310228
inscription,3853,0.338097
inscription,3854,0.282259
inscription,3855,0.331959
inscription,3856,0.306140
inscription,3857,0.312817
inscription,3858,0.330825
inscription,3859,0.329368
inscription,3860,0.293685
inscription,3861,0.294230
inscription,3862,0.283931
inscription,3863,0.322334
inscription,3864,0.308753
inscription,3865,0.243989
inscription,3866,0.275832
inscription,3867,0.314380
inscription,3868,0.303856
inscription,3869,0.358239
inscription,3870,0.241065
inscription,3871,0.349125
inscription,3872,0.274807
inscription,3873,0.333119
inscription,3874,0.273875
inscription,3875,0.338480
inscription,3876,0.353707
inscription,3877,0.248547
inscription,3878,0.346556
inscription,3879,0.355470
inscription,3880,0.286912
inscription,3881,0.225817
inscription,3882,0.270961
inscription,3883,0.318202
inscription,3884,0.340785
inscription,3885,0.305021
inscription,3886,0.312416
inscription,3887,0.291596
inscription,3888,0.348142
inscription,3889,0.243342
inscription,3890,0.231374
inscription,3891,0.348267
inscription,3892,0.350885
inscription,3893,0.348423
inscription,3894,0.286244
inscription,3895,0.284966
inscription,3896,0.338535
inscription,3897,0.307156
inscription,3898,0.285762
inscription,3899,0.299932
inscription,3900,0.341938
inscription,3901,0.309764
inscription,3902,0.264391
inscription,3903,0.246312
inscription,3904,0.268049
inscription,3905,0.272928
inscription,3906,0.303147
inscription,3907,0.302183
inscription,3908,0.292964
inscription,3909,0.273245
inscription,3910,0.322515
inscription,3911,0.302611
inscription,3912,0.334585
inscription,3913,0.314213
inscription,3914,0.336162
inscription,3915,0.284795
inscription,3916,0.325534
inscription,3917,0.284459
inscription,3918,0.322215
inscription,3919,0.255234
inscription,3920,0.278458
inscription,3921,0.374992
inscription,3922,0.238308
inscription,3923,0.321479
inscription,3924,0.269229
inscription,3925,0.315444
inscription,3926,0.249096
inscription,3927,0.327153
inscription,3928,0.208405
inscription,3929,0.207400
inscription,3930,0.310935
inscription,3931,0.319460
inscription,3932,0.270310
inscription,3933,0.369211
inscription,3934,0.303348
inscription,3935,0.327494
inscription,3936,0.314032
inscription,3937,0.275046
inscription,3938,0.346115
inscription,3939,0.323497
inscription,3940,0.270726
inscription,3941,0.234443
inscription,3942,0.289038
inscription,3943,0.344029
inscription,3944,0.309056
inscription,3945,0.251642
inscription,3946,0.337669
inscription,3947,0.322882
inscription,3948,0.315403
inscription,3949,0.265476
inscription,3950,0.349392
inscription,3951,0.301317
inscription,3952,0.295546
inscription,3953,0.287636
inscription,3954,0.296630
inscription,3955,0.244841
inscription,3956,0.290100
inscription,3957,0.358794
inscription,3958,0.324870
inscription,3959,0.275275
inscription,3960,0.325108
inscription,3961,0.286763
inscription,3962,0.314940
inscription,3963,0.308073
inscription,3964,0.330245
inscription,3965,0.292217
inscription,3966,0.302344
inscription,3967,0.309753
inscription,3968,0.255845
inscription,3969,0.369356
inscription,3970,0.249019
inscription,3971,0.370019
inscription,3972,0.263643
inscription,3973,0.325656
inscription,3974,0.308455
inscription,3975,0.368091
inscription,3976,0.365510
inscription,3977,0.288530
inscription,3978,0.260756
inscription,3979,0.263838
inscription,3980,0.245128
inscription,3981,0.292916
inscription,3982,0.289622
inscription,3983,0.368906
inscription,3984,0.322857
inscription,3985,0.337488
inscription,3986,0.279332
inscription,3987,0.355126
inscription,3988,0.258419
inscription,3989,0.290395
inscription,3990,0.364634
inscription,3991,0.337983
inscription,3992,0.285256
inscription,3993,0.292867
inscription,3994,0.306662
inscription,3995,0.283503
inscription,3996,0.268702
inscription,3997,0.299139
inscription,3998,0.291257
inscription,3999,0.290645
inscription,4000,0.292056
inscription,4001,0.278769
inscription,4002,0.293761
inscription,4003,0.302342
inscription,4004,0.270314
inscription,4005,0.279872
inscription,4006,0.282735
inscription,4007,0.271710
inscription,4008,0.318745
inscription,4009,0.263978
inscription,4010,0.304415
inscription,4011,0.291507
inscription,4012,0.285725
inscription,4013,0.345336
inscription,4014,0.363570
inscription,4015,0.278930
inscription,4016,0.343184
inscription,4017,0.302328
inscription,4018,0.298092
inscription,4019,0.296673
inscription,4020,0.273765
inscription,4021,0.275934
inscription,4022,0.345143
inscription,4023,0.395029
inscription,4024,0.321642
inscription,4025,0.331291
inscription,4026,0.289662
inscription,4027,0.287710
inscription,4028,0.343575
inscription,4029,0.260023
inscription,4030,0.331404
inscription,4031,0.264647
inscription,4032,0.317761
inscription,4033,0.254883
inscription,4034,0.317602
inscription,4035,0.287300
inscription,4036,0.302401
inscription,4037,0.263600
inscription,4038,0.329209
inscription,4039,0.330901
inscription,4040,0.345840
inscription,4041,0.287505
inscription,4042,0.340288
inscription,4043,0.301875
inscription,4044,0.302574
inscription,4045,0.273737
inscription,4046,0.320305
inscription,4047,0.334642
inscription,4048,0.306218
inscription,4049,0.312785
inscription,4050,0.348177
inscription,4051,0.254419
inscription,4052,0.316237
inscription,4053,0.280370
inscription,4054,0.277113
inscription,4055,0.358324
inscription,4056,0.276661
inscription,4057,0.304780
inscription,4058,0.309747
inscription,4059,0.338761
inscription,4060,0.278476
inscription,4061,0.197144
inscription,4062,0.306398
inscription,4063,0.292839
inscription,4064,0.292704
inscription,4065,0.274568
inscription,4066,0.269352
inscription,4067,0.326189
inscription,4068,0.315709
inscription,4069,0.371494
inscription,4070,0.369535
inscription,4071,0.418764
inscription,4072,0.244717
inscription,4073,0.287714
inscription,4074,0.288078
inscription,4075,0.259256
inscription,4076,0.317202
inscription,4077,0.266975
inscription,4078,0.262692
inscription,4079,0.298654
inscription,4080,0.335452
inscription,4081,0.291282
inscription,4082,0.279751
inscription,4083,0.330137
inscription,4084,0.379977
inscription,4085,0.295943
inscription,4086,0.264053
inscription,4087,0.264223
inscription,4088,0.324757
inscription,4089,0.296648
inscription,4090,0.338185
inscription,4091,0.284173
inscription,4092,0.243496
inscription,4093,0.373254
inscription,4094,0.253215
inscription,4095,0.286781
inscription,4096,0.272246
inscription,4097,0.308963
inscription,4098,0.288540
inscription,4099,0.320202
inscription,4100,0.302397
inscription,4101,0.318455
inscription,4102,0.317528
inscription,4103,0.336510
inscription,4104,0.286137
inscription,4105,0.307145
inscription,4106,0.252340
inscription,4107,0.265374
inscription,4108,0.343459
inscription,4109,0.241723
inscription,4110,0.273801
inscription,4111,0.314786
inscription,4112,0.263531
inscription,4113,0.330195
inscription,4114,0.262984
inscription,4115,0.317446
inscription,4116,0.294116
inscription,4117,0.281611
inscription,4118,0.290978
inscription,4119,0.223253
inscription,4120,0.337808
inscription,4121,0.275631
inscription,4122,0.312258
inscription,4123,0.281520
inscription,4124,0.312946
inscription,4125,0.276492
inscription,4126,0.325873
inscription,4127,0.216821
inscription,4128,0.358114
inscription,4129,0.325861
inscription,4130,0.311403
inscription,4131,0.327206
inscription,4132,0.321822
inscription,4133,0.340362
inscription,4134,0.223855
inscription,4135,0.292112
inscription,4136,0.259404
inscription,4137,0.269242
inscription,4138,0.269530
inscription,4139,0.299534
inscription,4140,0.325066
inscription,4141,0.282108
inscription,4142,0.324076
inscription,4143,0.306668
inscription,4144,0.308357
inscription,4145,0.325565
inscription,4146,0.280803
inscription,4147,0.342525
inscription,4148,0.294268
inscription,4149,0.265344
inscription,4150,0.277067
inscription,4151,0.294837
inscription,4152,0.259848
inscription,4153,0.286294
inscription,4154,0.277912
inscription,4155,0.269975
inscription,4156,0.324664
inscription,4157,0.295715
inscription,4158,0.265160
inscription,4159,0.316077
inscription,4160,0.323472
inscription,4161,0.333585
inscription,4162,0.209204
inscription,4163,0.249837
inscription,4164,0.305667
inscription,4165,0.342818
inscription,4166,0.355265
inscription,4167,0.307048
inscription,4168,0.238336
inscription,4169,0.247200
inscription,4170,0.240529
inscription,4171,0.287041
inscription,4172,0.310443
inscription,4173,0.239554
inscription,4174,0.299987
inscription,4175,0.313696
inscription,4176,0.268503
inscription,4177,0.312211
inscription,4178,0.300640
inscription,4179,0.292197
inscription,4180,0.269834
inscription,4181,0.319619
inscription,4182,0.234352
inscription,4183,0.321136
inscription,4184,0.298755
inscription,4185,0.316360
inscription,4186,0.225503
inscription,4187,0.244561
inscription,4188,0.350644
inscription,4189,0.289073
inscription,4190,0.301339
inscription,4191,0.353818
inscription,4192,0.281434
inscription,4193,0.241716
inscription,4194,0.287263
inscription,4195,0.283007
inscription,4196,0.286747
inscription,4197,0.327624
inscription,4198,0.258473
inscription,4199,0.295869
inscription,4200,0.278687
inscription,4201,0.291039
inscription,4202,0.252671
inscription,4203,0.258218
inscription,4204,0.276074
inscription,4205,0.305074
inscription,4206,0.326662
inscription,4207,0.285038
inscription,4208,0.344357
inscription,4209,0.270093
inscription,4210,0.299982
inscription,4211,0.263648
inscription,4212,0.319349
inscription,4213,0.269747
inscription,4214,0.284131
inscription,4215,0.250958
inscription,4216,0.308320
inscription,4217,0.247943
inscription,4218,0.300637
inscription,4219,0.301452
inscription,4220,0.300867
inscription,4221,0.236527
inscription,4222,0.334872
inscription,4223,0.324831
inscription,4224,0.310283
inscription,4225,0.266828
inscription,4226,0.247787
inscription,4227,0.307575
inscription,4228,0.320189
inscription,4229,0.311917
inscription,4230,0.326679
inscription,4231,0.342834
inscription,4232,0.288232
inscription,4233,0.276376
inscription,4234,0.302147
inscription,4235,0.322702
inscription,4236,0.295840
inscription,4237,0.313139
inscription,4238,0.322473
inscription,4239,0.300037
inscription,4240,0.270440
inscription,4241,0.311975
inscription,4242,0.354243
inscription,4243,0.283763
inscription,4244,0.377637
inscription,4245,0.318090
inscription,4246,0.245477
inscription,4247,0.339277
inscription,4248,0.288446
inscription,4249,0.290431
inscription,4250,0.302193
inscription,4251,0.270188
inscription,4252,0.329180
inscription,4253,0.280728
inscription,4254,0.325830
inscription,4255,0.271046
inscription,4256,0.328973
inscription,4257,0.304261
inscription,4258,0.256998
inscription,4259,0.325113
inscription,4260,0.289103
inscription,4261,0.323099
inscription,4262,0.324921
inscription,4263,0.311242
inscription,4264,0.330479
inscription,4265,0.362093
inscription,4266,0.324010
inscription,4267,0.309554
inscription,4268,0.294367
inscription,4269,0.272168
inscription,4270,0.280509
inscription,4271,0.336206
inscription,4272,0.273777
inscription,4273,0.288027
inscription,4274,0.260954
inscription,4275,0.330609
inscription,4276,0.305592
inscription,4277,0.356077
inscription,4278,0.283520
inscription,4279,0.293397
inscription,4280,0.331081
inscription,4281,0.343097
inscription,4282,0.288684
inscription,4283,0.242752
inscription,4284,0.292819
inscription,4285,0.275788
inscription,4286,0.294141
inscription,4287,0.281556
inscription,4288,0.249809
inscription,4289,0.292161
inscription,4290,0.281392
inscription,4291,0.319725
inscription,4292,0.270283
inscription,4293,0.342650
inscription,4294,0.258518
inscription,4295,0.276952
inscription,4296,0.273891
inscription,4297,0.312888
inscription,4298,0.286195
inscription,4299,0.326489
inscription,4300,0.313521
inscription,4301,0.233303
inscription,4302,0.276236
inscription,4303,0.289461
inscription,4304,0.301481
inscription,4305,0.290479
inscription,4306,0.328671
inscription,4307,0.298692
inscription,4308,0.309780
inscription,4309,0.315927
inscription,4310,0.293123
inscription,4311,0.326489
inscription,4312,0.382410
inscription,4313,0.248753
inscription,4314,0.268935
inscription,4315,0.258069
inscription,4316,0.280555
inscription,4317,0.323937
inscription,4318,0.345604
inscription,4319,0.279343
inscription,4320,0.268149
inscription,4321,0.286292
inscription,4322,0.304587
inscription,4323,0.315441
inscription,4324,0.300781
inscription,4325,0.291888
inscription,4326,0.317356
inscription,4327,0.274933
inscription,4328,0.330569
inscription,4329,0.326964
inscription,4330,0.323951
inscription,4331,0.313894
inscription,4332,0.284418
inscription,4333,0.301656
inscription,4334,0.276177
inscription,4335,0.311887
inscription,4336,0.348521
inscription,4337,0.249183
inscription,4338,0.315235
inscription,4339,0.243536
inscription,4340,0.260043
inscription,4341,0.318139
inscription,4342,0.325591
inscription,4343,0.292780
inscription,4344,0.254448
inscription,4345,0.353371
inscription,4346,0.264068
inscription,4347,0.334978
inscription,4348,0.302102
inscription,4349,0.271633
inscription,4350,0.291640
inscription,4351,0.243899
inscription,4352,0.293059
inscription,4353,0.317274
inscription,4354,0.270800
inscription,4355,0.279099
inscription,4356,0.313687
inscription,4357,0.340586
inscription,4358,0.263305
inscription,4359,0.280241
inscription,4360,0.269401
inscription,4361,0.323239
inscription,4362,0.315293
inscription,4363,0.265836
inscription,4364,0.350534
inscription,4365,0.277886
inscription,4366,0.237413
inscription,4367,0.355089
inscription,4368,0.317273
inscription,4369,0.306524
inscription,4370,0.309144
inscription,4371,0.280707
inscription,4372,0.291368
inscription,4373,0.305441
inscription,4374,0.272945
inscription,4375,0.346116
inscription,4376,0.280019
inscription,4377,0.283905
inscription,4378,0.338381
inscription,4379,0.277332
inscription,4380,0.295950
inscription,4381,0.283683
inscription,4382,0.274953
inscription,4383,0.291914
inscription,4384,0.367367
inscription,4385,0.313996
inscription,4386,0.347636
inscription,4387,0.313688
inscription,4388,0.241838
inscription,4389,0.326877
inscription,4390,0.299346
inscription,4391,0.343459
inscription,4392,0.310427
inscription,4393,0.316840
inscription,4394,0.302076
inscription,4395,0.297126
inscription,4396,0.306177
inscription,4397,0.326951
inscription,4398,0.338911
inscription,4399,0.280833
inscription,4400,0.316951
inscription,4401,0.318864
inscription,4402,0.260558
inscription,4403,0.285551
inscription,4404,0.313716
inscription,4405,0.355880
inscription,4406,0.310092
inscription,4407,0.349086
inscription,4408,0.285598
inscription,4409,0.283445
inscription,4410,0.304174
inscription,4411,0.266456
inscription,4412,0.309380
inscription,4413,0.317479
inscription,4414,0.318849
inscription,4415,0.277534
inscription,4416,0.285369
inscription,4417,0.301297
inscription,4418,0.289319
inscription,4419,0.318196
inscription,4420,0.302887
inscription,4421,0.303322
inscription,4422,0.266979
inscription,4423,0.274294
inscription,4424,0.277968
inscription,4425,0.296845
inscription,4426,0.269725
inscription,4427,0.345713
inscription,4428,0.316103
inscription,4429,0.373784
inscription,4430,0.276541
inscription,4431,0.298263
inscription,4432,0.300778
inscription,4433,0.283471
inscription,4434,0.298751
inscription,4435,0.320792
inscription,4436,0.326867
inscription,4437,0.315075
inscription,4438,0.305046
inscription,4439,0.282030
inscription,4440,0.257772
inscription,4441,0.284489
inscription,4442,0.301894
inscription,4443,0.301066
inscription,4444,0.266218
inscription,4445,0.264195
inscription,4446,0.275915
inscription,4447,0.302015
inscription,4448,0.298447
inscription,4449,0.315463
inscription,4450,0.291275
inscription,4451,0.302399
inscription,4452,0.309845
inscription,4453,0.341427
inscription,4454,0.280673
inscription,4455,0.277856
inscription,4456,0.289794
inscription,4457,0.324985
inscription,4458,0.267501
inscription,4459,0.328553
inscription,4460,0.306172
inscription,4461,0.317841
inscription,4462,0.332378
inscription,4463,0.241956
inscription,4464,0.303594
inscription,4465,0.303514
inscription,4466,0.308567
inscription,4467,0.293926
inscription,4468,0.332741
inscription,4469,0.309627
inscription,4470,0.271311
inscription,4471,0.264311
inscription,4472,0.317453
inscription,4473,0.324413
inscription,4474,0.281030
inscription,4475,0.293297
inscription,4476,0.304160
inscription,4477,0.322080
inscription,4478,0.291194
inscription,4479,0.302537
inscription,4480,0.257779
inscription,4481,0.348734
inscription,4482,0.344700
inscription,4483,0.270801
inscription,4484,0.311816
inscription,4485,0.293651
inscription,4486,0.301093
inscription,4487,0.364868
inscription,4488,0.303874
inscription,4489,0.308659
inscription,4490,0.292734
inscription,4491,0.278999
inscription,4492,0.271206
inscription,4493,0.343339
inscription,4494,0.346736
inscription,4495,0.282945
inscription,4496,0.236993
inscription,4497,0.277403
inscription,4498,0.325619
inscription,4499,0.261432
inscription,4500,0.359660
inscription,4501,0.255580
inscription,4502,0.335233
inscription,4503,0.301600
inscription,4504,0.322329
inscription,4505,0.312245
inscription,4506,0.342915
inscription,4507,0.256706
inscription,4508,0.226851
inscription,4509,0.246888
inscription,4510,0.342988
inscription,4511,0.334543
inscription,4512,0.337844
inscription,4513,0.387657
inscription,4514,0.296899
inscription,4515,0.342055
inscription,4516,0.262375
inscription,4517,0.326345
inscription,4518,0.301112
inscription,4519,0.307466
inscription,4520,0.304262
inscription,4521,0.331443
inscription,4522,0.299935
inscription,4523,0.363634
inscription,4524,0.313927
inscription,4525,0.334804
inscription,4526,0.274216
inscription,4527,0.292344
inscription,4528,0.325762
inscription,4529,0.293735
inscription,4530,0.315768
inscription,4531,0.307179
inscription,4532,0.330130
inscription,4533,0.273971
inscription,4534,0.312301
inscription,4535,0.293329
inscription,4536,0.270761
inscription,4537,0.251184
inscription,4538,0.261186
inscription,4539,0.284457
inscription,4540,0.300512
inscription,4541,0.317196
inscription,4542,0.257976
inscription,4543,0.346476
inscription,4544,0.310707
inscription,4545,0.273068
inscription,4546,0.236028
inscription,4547,0.325695
inscription,4548,0.301083
inscription,4549,0.301074
inscription,4550,0.270579
inscription,4551,0.263294
inscription,4552,0.351504
inscription,4553,0.320276
inscription,4554,0.270255
inscription,4555,0.297282
inscription,4556,0.259604
inscription,4557,0.307076
inscription,4558,0.296788
inscription,4559,0.352576
inscription,4560,0.357739
inscription,4561,0.225561
inscription,4562,0.271051
inscription,4563,0.326050
inscription,4564,0.266065
inscription,4565,0.281901
inscription,4566,0.305567
inscription,4567,0.359453
inscription,4568,0.273183
inscription,4569,0.268727
inscription,4570,0.297468
inscription,4571,0.274583
inscription,4572,0.249886
inscription,4573,0.296541
inscription,4574,0.265926
inscription,4575,0.305364
inscription,4576,0.270507
inscription,4577,0.250433
inscription,4578,0.311379
inscription,4579,0.219915
inscription,4580,0.302507
inscription,4581,0.353595
inscription,4582,0.315617
inscription,4583,0.274230
inscription,4584,0.261678
inscription,4585,0.214501
inscription,4586,0.228263
inscription,4587,0.254650
inscription,4588,0.250564
inscription,4589,0.315468
inscription,4590,0.305393
inscription,4591,0.353035
inscription,4592,0.307303
inscription,4593,0.303103
inscription,4594,0.295099
inscription,4595,0.284200
inscription,4596,0.296119
inscription,4597,0.341017
inscription,4598,0.263768
inscription,4599,0.306322
inscription,4600,0.329687
inscription,4601,0.291947
inscription,4602,0.274124
inscription,4603,0.259795
inscription,4604,0.268726
inscription,4605,0.256562
inscription,4606,0.349005
inscription,4607,0.297153
inscription,4608,0.336678
inscription,4609,0.276855
inscription,4610,0.282415
inscription,4611,0.287508
inscription,4612,0.300468
inscription,4613,0.305985
inscription,4614,0.306247
inscription,4615,0.282449
inscription,4616,0.352782
inscription,4617,0.267299
inscription,4618,0.278814
inscription,4619,0.263626
inscription,4620,0.272635
inscription,4621,0.313312
inscription,4622,0.334043
inscription,4623,0.324668
inscription,4624,0.326287
inscription,4625,0.344426
inscription,4626,0.308698
inscription,4627,0.314090
inscription,4628,0.238641
inscription,4629,0.324727
inscription,4630,0.294104
inscription,4631,0.279743
inscription,4632,0.306105
inscription,4633,0.248970
inscription,4634,0.329561
inscription,4635,0.258626
inscription,4636,0.322238
inscription,4637,0.269571
inscription,4638,0.340580
inscription,4639,0.331269
inscription,4640,0.290083
inscription,4641,0.365191
inscription,4642,0.283118
inscription,4643,0.344827
inscription,4644,0.257983
inscription,4645,0.353350
inscription,4646,0.295314
inscription,4647,0.370277
inscription,4648,0.257516
inscription,4649,0.306955
inscription,4650,0.301737
inscription,4651,0.304354
inscription,4652,0.309641
inscription,4653,0.279556
inscription,4654,0.301229
inscription,4655,0.309432
inscription,4656,0.284220
inscription,4657,0.288014
inscription,4658,0.287141
inscription,4659,0.308042
inscription,4660,0.310238
inscription,4661,0.269525
inscription,4662,0.293924
inscription,4663,0.377179
inscription,4664,0.295042
inscription,4665,0.244827
inscription,4666,0.303816
inscription,4667,0.264085
inscription,4668,0.261232
inscription,4669,0.330989
inscription,4670,0.287611
inscription,4671,0.295262
inscription,4672,0.247654
inscription,4673,0.320405
inscription,4674,0.302023
inscription,4675,0.317974
inscription,4676,0.329717
inscription,4677,0.326936
inscription,4678,0.308529
inscription,4679,0.291852
inscription,4680,0.314139
inscription,4681,0.256521
inscription,4682,0.230046
inscription,4683,0.304776
inscription,4684,0.272622
inscription,4685,0.286717
inscription,4686,0.295998
inscription,4687,0.283940
inscription,4688,0.373879
inscription,4689,0.286498
inscription,4690,0.293739
inscription,4691,0.282640
inscription,4692,0.341607
inscription,4693,0.276472
inscription,4694,0.296048
inscription,4695,0.277083
inscription,4696,0.274996
inscription,4697,0.311089
inscription,4698,0.268442
inscription,4699,0.362157
inscription,4700,0.240087
inscription,4701,0.332988
inscription,4702,0.281477
inscription,4703,0.279397
inscription,4704,0.304035
inscription,4705,0.340351
inscription,4706,0.291252
inscription,4707,0.302963
inscription,4708,0.278934
inscription,4709,0.313782
inscription,4710,0.271390
inscription,4711,0.268326
inscription,4712,0.306603
inscription,4713,0.300528
inscription,4714,0.250858
inscription,4715,0.366386
inscription,4716,0.289508
inscription,4717,0.289093
inscription,4718,0.289198
inscription,4719,0.306757
inscription,4720,0.355167
inscription,4721,0.264535
inscription,4722,0.237549
inscription,4723,0.297330
inscription,4724,0.267221
inscription,4725,0.305606
inscription,4726,0.313124
inscription,4727,0.290529
inscription,4728,0.278046
inscription,4729,0.332325
inscription,4730,0.302409
inscription,4731,0.278317
inscription,4732,0.307372
inscription,4733,0.325382
inscription,4734,0.288129
inscription,4735,0.295192
inscription,4736,0.335600
inscription,4737,0.300866
inscription,4738,0.320716
inscription,4739,0.322461
inscription,4740,0.322513
inscription,4741,0.300691
inscription,4742,0.367186
inscription,4743,0.310103
inscription,4744,0.266179
inscription,4745,0.277419
inscription,4746,0.269431
inscription,4747,0.251309
inscription,4748,0.336503
inscription,4749,0.284433
inscription,4750,0.325751
inscription,4751,0.282122
inscription,4752,0.357962
inscription,4753,0.284108
inscription,4754,0.339151
inscription,4755,0.267730
inscription,4756,0.274666
inscription,4757,0.264245
inscription,4758,0.309060
inscription,4759,0.261608
inscription,4760,0.289329
inscription,4761,0.302382
inscription,4762,0.277634
inscription,4763,0.309551
inscription,4764,0.279895
inscription,4765,0.295046
inscription,4766,0.292440
inscription,4767,0.347735
inscription,4768,0.248128
inscription,4769,0.266925
inscription,4770,0.244619
inscription,4771,0.306929
inscription,4772,0.369624
inscription,4773,0.229322
inscription,4774,0.339591
inscription,4775,0.295085
inscription,4776,0.276173
inscription,4777,0.312768
inscription,4778,0.283379
inscription,4779,0.307848
inscription,4780,0.333986
inscription,4781,0.298818
inscription,4782,0.318719
inscription,4783,0.285137
inscription,4784,0.250293
inscription,4785,0.272059
inscription,4786,0.312162
inscription,4787,0.273342
inscription,4788,0.286291
inscription,4789,0.356075
inscription,4790,0.301106
inscription,4791,0.324589
inscription,4792,0.284919
inscription,4793,0.293219
inscription,4794,0.271726
inscription,4795,0.303708
inscription,4796,0.314232
inscription,4797,0.324528
inscription,4798,0.246964
inscription,4799,0.355302
inscription,4800,0.266171
inscription,4801,0.371974
inscription,4802,0.364208
inscription,4803,0.290585
inscription,4804,0.274389
inscription,4805,0.269300
inscription,4806,0.318241
inscription,4807,0.274555
inscription,4808,0.290352
inscription,4809,0.327627
inscription,4810,0.321312
inscription,4811,0.316608
inscription,4812,0.288474
inscription,4813,0.289262
inscription,4814,0.265347
inscription,4815,0.248784
inscription,4816,0.275652
inscription,4817,0.284132
inscription,4818,0.348053
inscription,4819,0.269446
inscription,4820,0.312845
inscription,4821,0.416669
inscription,4822,0.427485
inscription,4823,0.242231
inscription,4824,0.228427
inscription,4825,0.280098
inscription,4826,0.292314
inscription,4827,0.278670
inscription,4828,0.322346
inscription,4829,0.285903
inscription,4830,0.282422
inscription,4831,0.329381
inscription,4832,0.299455
inscription,4833,0.301292
inscription,4834,0.295634
inscription,4835,0.317555
inscription,4836,0.320294
inscription,4837,0.335753
inscription,4838,0.290217
inscription,4839,0.291292
inscription,4840,0.293253
inscription,4841,0.274878
inscription,4842,0.291523
inscription,4843,0.307114
inscription,4844,0.251803
inscription,4845,0.286385
inscription,4846,0.345892
inscription,4847,0.301234
inscription,4848,0.276069
inscription,4849,0.294694
inscription,4850,0.321280
inscription,4851,0.342319
inscription,4852,0.299420
inscription,4853,0.284948
inscription,4854,0.303364
inscription,4855,0.266489
inscription,4856,0.269043
inscription,4857,0.271393
inscription,4858,0.338231
inscription,4859,0.291319
inscription,4860,0.365961
inscription,4861,0.251989
inscription,4862,0.297656
inscription,4863,0.292175
inscription,4864,0.318916
inscription,4865,0.316881
inscription,4866,0.296954
inscription,4867,0.281877
inscription,4868,0.264398
inscription,4869,0.276666
inscription,4870,0.289798
inscription,4871,0.238669
inscription,4872,0.349956
inscription,4873,0.259034
inscription,4874,0.231649
inscription,4875,0.249564
inscription,4876,0.248868
inscription,4877,0.267948
inscription,4878,0.294658
inscription,4879,0.249195
inscription,4880,0.333023
inscription,4881,0.314424
inscription,4882,0.299665
inscription,4883,0.294011
inscription,4884,0.248160
inscription,4885,0.330110
inscription,4886,0.288648
inscription,4887,0.277371
inscription,4888,0.217401
inscription,4889,0.249980
inscription,4890,0.295619
inscription,4891,0.337147
inscription,4892,0.282108
inscription,4893,0.341804
inscription,4894,0.290503
inscription,4895,0.242878
inscription,4896,0.281799
inscription,4897,0.315417
inscription,4898,0.347610
inscription,4899,0.292112
inscription,4900,0.299989
inscription,4901,0.293558
inscription,4902,0.350266
inscription,4903,0.298787
inscription,4904,0.313588
inscription,4905,0.333102
inscription,4906,0.264288
inscription,4907,0.270883
inscription,4908,0.245149
inscription,4909,0.294077
inscription,4910,0.249601
inscription,4911,0.385445
inscription,4912,0.345055
inscription,4913,0.299674
inscription,4914,0.332830
inscription,4915,0.326157
inscription,4916,0.272628
inscription,4917,0.295995
inscription,4918,0.307270
inscription,4919,0.270589
inscription,4920,0.366083
inscription,4921,0.229638
inscription,4922,0.273235
inscription,4923,0.317024
inscription,4924,0.246934
inscription,4925,0.335823
inscription,4926,0.334926
inscription,4927,0.291548
inscription,4928,0.329604
inscription,4929,0.280592
inscription,4930,0.260025
inscription,4931,0.336591
inscription,4932,0.262129
inscription,4933,0.301177
inscription,4934,0.311489
inscription,4935,0.306300
inscription,4936,0.279317
inscription,4937,0.297167
inscription,4938,0.297414
inscription,4939,0.321932
inscription,4940,0.262664
inscription,4941,0.335600
inscription,4942,0.322924
inscription,4943,0.321638
inscription,4944,0.232510
inscription,4945,0.227909
inscription,4946,0.299970
inscription,4947,0.326321
inscription,4948,0.285841
inscription,4949,0.294764
inscription,4950,0.327691
inscription,4951,0.308440
inscription,4952,0.299678
inscription,4953,0.300908
inscription,4954,0.312413
inscription,4955,0.273689
inscription,4956,0.333902
inscription,4957,0.374102
inscription,4958,0.347353
inscription,4959,0.250463
inscription,4960,0.349494
inscription,4961,0.279515
inscription,4962,0.323945
inscription,4963,0.281632
inscription,4964,0.320247
inscription,4965,0.304283
inscription,4966,0.318545
inscription,4967,0.285759
inscription,4968,0.312855
inscription,4969,0.340619
inscription,4970,0.266408
inscription,4971,0.268468
inscription,4972,0.272738
inscription,4973,0.295162
inscription,4974,0.351846
inscription,4975,0.312124
inscription,4976,0.324681
inscription,4977,0.284773
inscription,4978,0.325127
inscription,4979,0.273597
inscription,4980,0.281427
inscription,4981,0.337476
inscription,4982,0.244322
inscription,4983,0.318190
inscription,4984,0.241314
inscription,4985,0.260207
inscription,4986,0.267178
inscription,4987,0.253516
inscription,4988,0.208566
inscription,4989,0.321605
inscription,4990,0.320035
inscription,4991,0.330925
inscription,4992,0.315036
inscription,4993,0.288101
inscription,4994,0.340857
inscription,4995,0.271578
inscription,4996,0.287589
inscription,4997,0.357758
inscription,4998,0.270553
inscription,4999,0.271594
inscription,5000,0.278400
inscription,5001,0.304503
inscription,5002,0.298170
inscription,5003,0.328448
inscription,5004,0.307912
inscription,5005,0.306438
inscription,5006,0.360319
inscription,5007,0.345201
inscription,5008,0.319409
inscription,5009,0.306117
inscription,5010,0.277796
inscription,5011,0.313872
inscription,5012,0.272536
inscription,5013,0.359999
inscription,5014,0.284699
inscription,5015,0.325995
inscription,5016,0.246603
inscription,5017,0.269288
inscription,5018,0.345627
inscription,5019,0.274630
inscription,5020,0.323783
inscription,5021,0.215711
inscription,5022,0.290960
inscription,5023,0.264792
inscription,5024,0.313354
inscription,5025,0.303368
inscription,5026,0.250797
inscription,5027,0.298716
inscription,5028,0.308231
inscription,5029,0.313986
inscription,5030,0.309422
inscription,5031,0.279494
inscription,5032,0.277790
inscription,5033,0.344685
inscription,5034,0.282180
inscription,5035,0.330258
inscription,5036,0.322804
inscription,5037,0.297907
inscription,5038,0.298342
inscription,5039,0.283801
inscription,5040,0.294380
inscription,5041,0.294656
inscription,5042,0.345445
inscription,5043,0.320565
inscription,5044,0.338317
inscription,5045,0.322274
inscription,5046,0.312473
inscription,5047,0.256387
inscription,5048,0.313787
inscription,5049,0.301543
inscription,5050,0.276662
inscription,5051,0.279289
inscription,5052,0.312264
inscription,5053,0.320033
inscription,5054,0.305825
inscription,5055,0.287613
inscription,5056,0.353666
inscription,5057,0.273343
inscription,5058,0.324795
inscription,5059,0.288666
inscription,5060,0.302333
inscription,5061,0.317916
inscription,5062,0.267279
inscription,5063,0.263855
inscription,5064,0.295055
inscription,5065,0.269574
inscription,5066,0.321857
inscription,5067,0.298527
inscription,5068,0.310424
inscription,5069,0.324847
inscription,5070,0.274594
inscription,5071,0.274228
inscription,5072,0.244828
inscription,5073,0.349594
inscription,5074,0.245798
inscription,5075,0.320992
inscription,5076,0.317363
inscription,5077,0.329683
inscription,5078,0.283057
inscription,5079,0.403138
inscription,5080,0.346401
inscription,5081,0.376013
inscription,5082,0.310824
inscription,5083,0.311727
inscription,5084,0.289325
inscription,5085,0.340169
inscription,5086,0.301807
inscription,5087,0.308379
inscription,5088,0.307897
inscription,5089,0.307604
inscription,5090,0.299678
inscription,5091,0.280529
inscription,5092,0.268121
inscription,5093,0.332938
inscription,5094,0.322361
inscription,5095,0.258648
inscription,5096,0.297611
inscription,5097,0.339723
inscription,5098,0.290228
inscription,5099,0.319315
inscription,5100,0.390363
inscription,5101,0.231139
inscription,5102,0.372177
inscription,5103,0.212929
inscription,5104,0.363244
inscription,5105,0.337909
inscription,5106,0.308140
inscription,5107,0.335572
inscription,5108,0.295784
inscription,5109,0.286121
inscription,5110,0.330767
inscription,5111,0.304763
inscription,5112,0.305719
inscription,5113,0.289256
inscription,5114,0.276658
inscription,5115,0.295757
inscription,5116,0.290436
inscription,5117,0.296999
inscription,5118,0.307209
inscription,5119,0.274027
inscription,5120,0.246006
inscription,5121,0.313495
inscription,5122,0.329161
inscription,5123,0.311485
inscription,5124,0.269132
inscription,5125,0.231333
inscription,5126,0.363144
inscription,5127,0.304618
inscription,5128,0.305628
inscription,5129,0.303880
inscription,5130,0.345565
inscription,5131,0.225203
inscription,5132,0.299388
inscription,5133,0.328041
inscription,5134,0.326869
inscription,5135,0.279084
inscription,5136,0.264886
inscription,5137,0.303152
inscription,5138,0.294642
inscription,5139,0.292471
inscription,5140,0.284121
inscription,5141,0.351041
inscription,5142,0.283787
inscription,5143,0.291908
inscription,5144,0.332262
inscription,5145,0.298720
inscription,5146,0.278777
inscription,5147,0.296675
inscription,5148,0.308927
inscription,5149,0.278380
inscription,5150,0.290500
inscription,5151,0.277511
inscription,5152,0.274887
inscription,5153,0.285803
inscription,5154,0.341984
inscription,5155,0.275869
inscription,5156,0.331130
inscription,5157,0.294923
inscription,5158,0.256190
inscription,5159,0.338427
inscription,5160,0.284190
inscription,5161,0.312315
inscription,5162,0.400478
inscription,5163,0.233980
inscription,5164,0.278287
inscription,5165,0.263805
inscription,5166,0.300644
inscription,5167,0.293442
inscription,5168,0.322033
inscription,5169,0.252469
inscription,5170,0.244751
inscription,5171,0.291302
inscription,5172,0.359397
inscription,5173,0.320292
inscription,5174,0.255354
inscription,5175,0.282659
inscription,5176,0.252477
inscription,5177,0.325468
inscription,5178,0.309049
inscription,5179,0.232053
inscription,5180,0.302976
inscription,5181,0.255230
inscription,5182,0.293409
inscription,5183,0.317556
inscription,5184,0.253040
inscription,5185,0.327065
inscription,5186,0.294580
inscription,5187,0.354124
inscription,5188,0.336007
inscription,5189,0.316383
inscription,5190,0.316737
inscription,5191,0.310037
inscription,5192,0.318389
inscription,5193,0.274789
inscription,5194,0.360357
inscription,5195,0.285355
inscription,5196,0.334622
inscription,5197,0.261257
inscription,5198,0.299081
inscription,5199,0.272323
inscription,5200,0.321554
inscription,5201,0.286112
inscription,5202,0.288797
inscription,5203,0.323733
inscription,5204,0.270236
inscription,5205,0.320395
inscription,5206,0.307076
inscription,5207,0.293825
inscription,5208,0.299823
inscription,5209,0.324371
inscription,5210,0.320852
inscription,5211,0.280435
inscription,5212,0.289237
inscription,5213,0.250102
inscription,5214,0.309219
inscription,5215,0.276190
inscription,5216,0.353132
inscription,5217,0.297253
inscription,5218,0.271365
inscription,5219,0.314190
inscription,5220,0.315126
inscription,5221,0.284393
inscription,5222,0.297992
inscription,5223,0.279166
inscription,5224,0.344110
inscription,5225,0.321685
inscription,5226,0.369937
inscription,5227,0.257634
inscription,5228,0.307686
inscription,5229,0.286927
inscription,5230,0.266544
inscription,5231,0.282303
inscription,5232,0.258558
inscription,5233,0.289153
inscription,5234,0.264111
inscription,5235,0.312148
inscription,5236,0.265373
inscription,5237,0.234652
inscription,5238,0.259424
inscription,5239,0.309003
inscription,5240,0.305820
inscription,5241,0.335610
inscription,5242,0.351272
inscription,5243,0.263511
inscription,5244,0.341742
inscription,5245,0.273026
inscription,5246,0.342003
inscription,5247,0.368277
inscription,5248,0.280709
inscription,5249,0.322871
inscription,5250,0.262121
inscription,5251,0.243663
inscription,5252,0.264627
inscription,5253,0.363070
inscription,5254,0.273772
inscription,5255,0.298309
inscription,5256,0.302956
inscription,5257,0.306072
inscription,5258,0.304514
inscription,5259,0.352286
inscription,5260,0.323453
inscription,5261,0.280584
inscription,5262,0.302862
inscription,5263,0.293005
inscription,5264,0.322624
inscription,5265,0.269017
inscription,5266,0.314970
inscription,5267,0.319646
inscription,5268,0.326806
inscription,5269,0.238308
inscription,5270,0.329147
inscription,5271,0.328929
inscription,5272,0.271618
inscription,5273,0.326720
inscription,5274,0.331473
inscription,5275,0.292027
inscription,5276,0.288565
inscription,5277,0.290665
inscription,5278,0.302679
inscription,5279,0.260733
inscription,5280,0.311588
inscription,5281,0.309973
inscription,5282,0.307002
inscription,5283,0.295992
inscription,5284,0.344532
inscription,5285,0.305061
inscription,5286,0.302811
inscription,5287,0.257138
inscription,5288,0.334124
inscription,5289,0.362799
inscription,5290,0.256694
inscription,5291,0.297289
inscription,5292,0.266380
inscription,5293,0.338801
inscription,5294,0.279974
inscription,5295,0.301813
inscription,5296,0.280744
inscription,5297,0.296897
inscription,5298,0.272486
inscription,5299,0.309128
inscription,5300,0.297929
inscription,5301,0.311254
inscription,5302,0.341033
inscription,5303,0.276525
inscription,5304,0.298828
inscription,5305,0.277710
inscription,5306,0.337592
inscription,5307,0.346735
inscription,5308,0.290908
inscription,5309,0.246499
inscription,5310,0.250306
inscription,5311,0.343021
inscription,5312,0.309545
inscription,5313,0.299935
inscription,5314,0.304083
inscription,5315,0.323623
inscription,5316,0.260846
inscription,5317,0.298144
inscription,5318,0.292595
inscription,5319,0.252044
inscription,5320,0.260251
inscription,5321,0.290846
inscription,5322,0.298160
inscription,5323,0.263153
inscription,5324,0.307920
inscription,5325,0.317591
inscription,5326,0.308304
inscription,5327,0.335173
inscription,5328,0.290523
inscription,5329,0.268000
inscription,5330,0.320833
inscription,5331,0.322680
inscription,5332,0.274221
inscription,5333,0.268188
inscription,5334,0.351817
inscription,5335,0.301174
inscription,5336,0.282786
inscription,5337,0.295214
inscription,5338,0.322108
inscription,5339,0.316663
inscription,5340,0.253061
inscription,5341,0.335930
inscription,5342,0.299286
inscription,5343,0.279417
inscription,5344,0.340602
inscription,5345,0.283328
inscription,5346,0.300393
inscription,5347,0.331266
inscription,5348,0.284242
inscription,5349,0.306411
inscription,5350,0.305442
inscription,5351,0.299125
inscription,5352,0.305916
inscription,5353,0.362605
inscription,5354,0.271055
inscription,5355,0.292712
inscription,5356,0.270105
inscription,5357,0.304615
inscription,5358,0.336995
inscription,5359,0.266151
inscription,5360,0.338169
inscription,5361,0.325512
inscription,5362,0.278819
inscription,5363,0.287723
inscription,5364,0.328496
inscription,5365,0.293420
inscription,5366,0.355114
inscription,5367,0.334603
inscription,5368,0.327803
inscription,5369,0.284095
inscription,5370,0.256323
inscription,5371,0.290710
inscription,5372,0.365040
inscription,5373,0.295870
inscription,5374,0.295381
inscription,5375,0.302717
inscription,5376,0.291495
inscription,5377,0.307855
inscription,5378,0.258105
inscription,5379,0.304394
inscription,5380,0.271847
inscription,5381,0.246753
inscription,5382,0.292857
inscription,5383,0.313779
inscription,5384,0.262596
inscription,5385,0.286506
inscription,5386,0.299105
inscription,5387,0.283126
inscription,5388,0.317133
inscription,5389,0.321713
inscription,5390,0.314310
inscription,5391,0.277031
inscription,5392,0.280635
inscription,5393,0.316106
inscription,5394,0.239646
inscription,5395,0.289278
inscription,5396,0.301250
inscription,5397,0.323030
inscription,5398,0.266960
inscription,5399,0.334327
inscription,5400,0.269038
inscription,5401,0.335156
inscription,5402,0.324664
inscription,5403,0.292933
inscription,5404,0.260551
inscription,5405,0.299109
inscription,5406,0.271890
inscription,5407,0.286416
inscription,5408,0.306003
inscription,5409,0.297564
inscription,5410,0.294788
inscription,5411,0.339384
inscription,5412,0.257106
inscription,5413,0.249600
inscription,5414,0.286901
inscription,5415,0.279092
inscription,5416,0.269203
inscription,5417,0.330874
inscription,5418,0.308749
inscription,5419,0.290683
inscription,5420,0.331232
inscription,5421,0.292977
inscription,5422,0.271558
inscription,5423,0.339512
inscription,5424,0.293623
inscription,5425,0.332590
inscription,5426,0.235671
inscription,5427,0.372732
inscription,5428,0.337635
inscription,5429,0.258927
inscription,5430,0.318760
inscription,5431,0.322651
inscription,5432,0.262357
inscription,5433,0.307880
inscription,5434,0.313848
inscription,5435,0.340914
inscription,5436,0.303987
inscription,5437,0.292432
inscription,5438,0.291414
inscription,5439,0.263260
inscription,5440,0.314674
inscription,5441,0.269486
inscription,5442,0.343272
inscription,5443,0.321625
inscription,5444,0.281931
inscription,5445,0.328248
inscription,5446,0.255945
inscription,5447,0.295298
inscription,5448,0.277919
inscription,5449,0.312773
inscription,5450,0.298699
inscription,5451,0.285382
inscription,5452,0.293321
inscription,5453,0.283982
inscription,5454,0.333933
inscription,5455,0.304451
inscription,5456,0.279544
inscription,5457,0.313520
inscription,5458,0.306939
inscription,5459,0.249754
inscription,5460,0.251772
inscription,5461,0.286993
inscription,5462,0.298878
inscription,5463,0.305332
inscription,5464,0.289822
inscription,5465,0.300758
inscription,5466,0.290548
inscription,5467,0.236760
inscription,5468,0.349329
inscription,5469,0.239551
inscription,5470,0.311547
inscription,5471,0.251354
inscription,5472,0.273502
inscription,5473,0.299598
inscription,5474,0.311200
inscription,5475,0.272150
inscription,5476,0.288253
inscription,5477,0.296397
inscription,5478,0.336202
inscription,5479,0.295027
inscription,5480,0.305972
inscription,5481,0.276991
inscription,5482,0.287287
inscription,5483,0.284658
inscription,5484,0.330860
inscription,5485,0.284159
inscription,5486,0.266574
inscription,5487,0.381939
inscription,5488,0.291591
inscription,5489,0.329162
inscription,5490,0.326130
inscription,5491,0.263711
inscription,5492,0.281033
inscription,5493,0.309981
inscription,5494,0.311555
inscription,5495,0.309001
inscription,5496,0.297974
inscription,5497,0.271120
inscription,5498,0.324583
inscription,5499,0.321651
inscription,5500,0.288142
inscription,5501,0.273848
inscription,5502,0.326175
inscription,5503,0.272749
inscription,5504,0.234604
inscription,5505,0.269644
inscription,5506,0.336382
inscription,5507,0.377201
inscription,5508,0.329195
inscription,5509,0.312051
inscription,5510,0.300943
inscription,5511,0.301853
inscription,5512,0.260159
inscription,5513,0.287094
inscription,5514,0.301054
inscription,5515,0.305821
inscription,5516,0.304362
inscription,5517,0.366306
inscription,5518,0.302357
inscription,5519,0.318615
inscription,5520,0.313871
inscription,5521,0.312345
inscription,5522,0.315664
inscription,5523,0.264535
inscription,5524,0.274955
inscription,5525,0.307131
inscription,5526,0.306519
inscription,5527,0.260073
inscription,5528,0.353935
inscription,5529,0.357610
inscription,5530,0.315608
inscription,5531,0.236497
inscription,5532,0.238891
inscription,5533,0.286622
inscription,5534,0.295676
inscription,5535,0.366329
inscription,5536,0.272637
inscription,5537,0.228663
inscription,5538,0.350231
inscription,5539,0.359627
inscription,5540,0.302597
inscription,5541,0.340637
inscription,5542,0.254542
inscription,5543,0.249965
inscription,5544,0.291161
inscription,5545,0.326738
inscription,5546,0.256376
inscription,5547,0.323547
inscription,5548,0.302300
inscription,5549,0.340807
inscription,5550,0.280908
inscription,5551,0.312698
inscription,5552,0.275111
inscription,5553,0.291645
inscription,5554,0.261429
inscription,5555,0.226965
inscription,5556,0.222451
inscription,5557,0.277190
inscription,5558,0.288641
inscription,5559,0.380052
inscription,5560,0.289664
inscription,5561,0.335320
inscription,5562,0.295915
inscription,5563,0.323971
inscription,5564,0.341414
inscription,5565,0.260571
inscription,5566,0.374499
inscription,5567,0.308902
inscription,5568,0.291752
inscription,5569,0.274976
inscription,5570,0.293961
inscription,5571,0.299977
inscription,5572,0.272537
inscription,5573,0.267800
inscription,5574,0.338070
inscription,5575,0.344061
inscription,5576,0.273455
inscription,5577,0.265504
inscription,5578,0.261603
inscription,5579,0.279357
inscription,5580,0.346524
inscription,5581,0.304877
inscription,5582,0.327912
inscription,5583,0.329809
inscription,5584,0.281927
inscription,5585,0.267905
inscription,5586,0.316579
inscription,5587,0.337301
inscription,5588,0.266348
inscription,5589,0.342338
inscription,5590,0.312892
inscription,5591,0.323250
inscription,5592,0.333360
inscription,5593,0.390994
inscription,5594,0.284425
inscription,5595,0.300622
inscription,5596,0.352996
inscription,5597,0.244177
inscription,5598,0.277938
inscription,5599,0.321150
inscription,5600,0.299476
inscription,5601,0.333738
inscription,5602,0.338230
inscription,5603,0.297876
inscription,5604,0.321072
inscription,5605,0.216609
inscription,5606,0.303660
inscription,5607,0.339788
inscription,5608,0.318771
inscription,5609,0.267954
inscription,5610,0.310195
inscription,5611,0.358476
inscription,5612,0.262728
inscription,5613,0.255467
inscription,5614,0.284324
inscription,5615,0.365150
inscription,5616,0.384728
inscription,5617,0.281451
inscription,5618,0.275803
inscription,5619,0.360808
inscription,5620,0.336754
inscription,5621,0.245141
inscription,5622,0.313835
inscription,5623,0.357417
inscription,5624,0.302507
inscription,5625,0.320486
inscription,5626,0.359904
inscription,5627,0.297226
inscription,5628,0.289342
inscription,5629,0.329546
inscription,5630,0.255936
inscription,5631,0.254343
inscription,5632,0.271548
inscription,5633,0.310130
inscription,5634,0.250332
inscription,5635,0.332959
inscription,5636,0.285846
inscription,5637,0.281424
inscription,5638,0.297176
inscription,5639,0.234097
inscription,5640,0.372647
inscription,5641,0.295384
inscription,5642,0.291968
inscription,5643,0.338040
inscription,5644,0.315901
inscription,5645,0.330048
inscription,5646,0.322420
inscription,5647,0.251582
inscription,5648,0.301259
inscription,5649,0.311945
inscription,5650,0.295240
inscription,5651,0.322579
inscription,5652,0.296385
inscription,5653,0.273885
inscription,5654,0.313191
inscription,5655,0.317608
inscription,5656,0.295185
inscription,5657,0.322369
inscription,5658,0.297203
inscription,5659,0.276193
inscription,5660,0.282054
inscription,5661,0.318342
inscription,5662,0.256378
inscription,5663,0.344248
inscription,5664,0.263665
inscription,5665,0.342086
inscription,5666,0.347001
inscription,5667,0.289813
inscription,5668,0.342305
inscription,5669,0.291720
inscription,5670,0.275959
inscription,5671,0.273711
inscription,5672,0.282938
inscription,5673,0.280492
inscription,5674,0.308963
inscription,5675,0.385364
inscription,5676,0.310034
inscription,5677,0.298977
inscription,5678,0.281509
inscription,5679,0.329147
inscription,5680,0.271555
inscription,5681,0.324163
inscription,5682,0.338850
inscription,5683,0.336000
inscription,5684,0.268723
inscription,5685,0.317583
inscription,5686,0.316425
inscription,5687,0.314230
inscription,5688,0.277671
inscription,5689,0.301149
inscription,5690,0.320388
inscription,5691,0.300468
inscription,5692,0.335434
inscription,5693,0.286671
inscription,5694,0.282969
inscription,5695,0.311781
inscription,5696,0.323478
inscription,5697,0.239275
inscription,5698,0.316676
inscription,5699,0.352703
inscription,5700,0.304161
inscription,5701,0.313974
inscription,5702,0.287366
inscription,5703,0.292236
inscription,5704,0.303910
inscription,5705,0.326247
inscription,5706,0.298778
inscription,5707,0.336399
inscription,5708,0.297555
inscription,5709,0.314532
inscription,5710,0.359681
inscription,5711,0.327844
inscription,5712,0.289578
inscription,5713,0.289135
inscription,5714,0.374956
inscription,5715,0.300698
inscription,5716,0.310633
inscription,5717,0.404404
inscription,5718,0.275508
inscription,5719,0.278145
inscription,5720,0.325180
inscription,5721,0.298648
inscription,5722,0.290795
inscription,5723,0.321685
inscription,5724,0.253851
inscription,5725,0.269860
inscription,5726,0.310176
inscription,5727,0.380790
inscription,5728,0.315712
inscription,5729,0.291581
inscription,5730,0.316595
inscription,5731,0.288263
inscription,5732,0.327897
inscription,5733,0.311673
inscription,5734,0.368144
inscription,5735,0.283593
inscription,5736,0.318986
inscription,5737,0.252314
inscription,5738,0.316680
inscription,5739,0.300694
inscription,5740,0.308881
inscription,5741,0.276586
inscription,5742,0.293765
inscription,5743,0.293152
inscription,5744,0.259074
inscription,5745,0.299200
inscription,5746,0.247403
inscription,5747,0.308883
inscription,5748,0.335950
inscription,5749,0.286126
inscription,5750,0.338628
inscription,5751,0.272262
inscription,5752,0.374518
inscription,5753,0.253929
inscription,5754,0.329211
inscription,5755,0.337749
inscription,5756,0.285654
inscription,5757,0.323140
inscription,5758,0.343721
inscription,5759,0.318904
inscription,5760,0.289991
inscription,5761,0.296131
inscription,5762,0.270785
inscription,5763,0.312089
inscription,5764,0.285509
inscription,5765,0.277872
inscription,5766,0.299169
inscription,5767,0.304862
inscription,5768,0.315807
inscription,5769,0.272635
inscription,5770,0.272214
inscription,5771,0.260450
inscription,5772,0.303332
inscription,5773,0.271239
inscription,5774,0.337209
inscription,5775,0.332724
inscription,5776,0.289209
inscription,5777,0.329334
inscription,5778,0.307593
inscription,5779,0.275467
inscription,5780,0.298416
inscription,5781,0.316276
inscription,5782,0.249964
inscription,5783,0.365263
inscription,5784,0.279766
inscription,5785,0.331778
inscription,5786,0.313966
inscription,5787,0.294347
inscription,5788,0.260529
inscription,5789,0.358838
inscription,5790,0.311901
inscription,5791,0.364118
inscription,5792,0.278305
inscription,5793,0.342910
inscription,5794,0.327949
inscription,5795,0.233436
inscription,5796,0.338768
inscription,5797,0.322578
inscription,5798,0.307951
inscription,5799,0.275254
inscription,5800,0.270511
inscription,5801,0.271512
inscription,5802,0.247315
inscription,5803,0.295125
inscription,5804,0.322784
inscription,5805,0.245041
inscription,5806,0.355197
inscription,5807,0.209961
inscription,5808,0.270889
inscription,5809,0.343288
inscription,5810,0.297144
inscription,5811,0.292772
inscription,5812,0.247662
inscription,5813,0.327055
inscription,5814,0.257295
inscription,5815,0.333446
inscription,5816,0.350639
inscription,5817,0.307764
inscription,5818,0.280026
inscription,5819,0.290959
inscription,5820,0.275704
inscription,5821,0.296176
inscription,5822,0.324439
inscription,5823,0.318230
inscription,5824,0.322736
inscription,5825,0.251318
inscription,5826,0.276184
inscription,5827,0.292190
inscription,5828,0.278870
inscription,5829,0.309801
inscription,5830,0.281562
inscription,5831,0.262681
inscription,5832,0.312567
inscription,5833,0.308243
inscription,5834,0.290043
inscription,5835,0.300426
inscription,5836,0.267474
inscription,5837,0.287637
inscription,5838,0.315181
inscription,5839,0.304385
inscription,5840,0.270901
inscription,5841,0.318797
inscription,5842,0.276302
inscription,5843,0.276784
inscription,5844,0.354503
inscription,5845,0.280240
inscription,5846,0.319318
inscription,5847,0.243024
inscription,5848,0.252644
inscription,5849,0.343034
inscription,5850,0.293926
inscription,5851,0.333182
inscription,5852,0.299720
inscription,5853,0.282283
inscription,5854,0.308847
inscription,5855,0.300273
inscription,5856,0.324965
inscription,5857,0.261047
inscription,5858,0.224581
inscription,5859,0.309604
inscription,5860,0.333338
inscription,5861,0.342075
inscription,5862,0.255882
inscription,5863,0.355110
inscription,5864,0.280270
inscription,5865,0.269060
inscription,5866,0.322419
inscription,5867,0.307698
inscription,5868,0.268543
inscription,5869,0.306101
inscription,5870,0.341565
inscription,5871,0.341959
inscription,5872,0.226342
inscription,5873,0.252174
inscription,5874,0.262984
inscription,5875,0.347817
inscription,5876,0.347932
inscription,5877,0.318489
inscription,5878,0.292410
inscription,5879,0.292118
inscription,5880,0.322458
inscription,5881,0.255290
inscription,5882,0.342748
inscription,5883,0.265145
inscription,5884,0.244552
inscription,5885,0.350666
inscription,5886,0.244614
inscription,5887,0.260055
inscription,5888,0.340130
inscription,5889,0.327371
inscription,5890,0.344019
inscription,5891,0.334114
inscription,5892,0.275955
inscription,5893,0.318253
inscription,5894,0.366683
inscription,5895,0.300039
inscription,5896,0.245942
inscription,5897,0.245381
inscription,5898,0.272377
inscription,5899,0.263147
inscription,5900,0.331094
inscription,5901,0.317102
inscription,5902,0.305646
inscription,5903,0.349652
inscription,5904,0.283646
inscription,5905,0.289670
inscription,5906,0.331127
inscription,5907,0.260261
inscription,5908,0.319730
inscription,5909,0.300538
inscription,5910,0.295326
inscription,5911,0.270505
inscription,5912,0.306927
inscription,5913,0.260571
inscription,5914,0.318737
inscription,5915,0.327466
inscription,5916,0.296816
inscription,5917,0.335962
inscription,5918,0.396686
inscription,5919,0.346746
inscription,5920,0.324610
inscription,5921,0.322283
inscription,5922,0.312535
inscription,5923,0.282222
inscription,5924,0.327733
inscription,5925,0.274689
inscription,5926,0.271843
inscription,5927,0.307156
inscription,5928,0.309968
inscription,5929,0.347130
inscription,5930,0.272456
inscription,5931,0.249445
inscription,5932,0.298225
inscription,5933,0.296295
inscription,5934,0.354333
inscription,5935,0.318574
inscription,5936,0.310258
inscription,5937,0.347227
inscription,5938,0.310273
inscription,5939,0.311997
inscription,5940,0.314103
inscription,5941,0.246965
inscription,5942,0.339750
inscription,5943,0.259050
inscription,5944,0.302354
inscription,5945,0.318985
inscription,5946,0.279930
inscription,5947,0.290170
inscription,5948,0.262072
inscription,5949,0.304028
inscription,5950,0.295264
inscription,5951,0.313019
inscription,5952,0.365303
inscription,5953,0.310346
inscription,5954,0.370019
inscription,5955,0.292705
inscription,5956,0.323184
inscription,5957,0.302543
inscription,5958,0.282506
inscription,5959,0.268340
inscription,5960,0.349883
inscription,5961,0.295094
inscription,5962,0.369596
inscription,5963,0.373317
inscription,5964,0.314847
inscription,5965,0.288613
inscription,5966,0.335908
inscription,5967,0.299992
inscription,5968,0.309724
inscription,5969,0.307350
inscription,5970,0.275026
inscription,5971,0.253227
inscription,5972,0.322382
inscription,5973,0.299799
inscription,5974,0.286816
inscription,5975,0.350139
inscription,5976,0.284289
inscription,5977,0.254518
inscription,5978,0.240695
inscription,5979,0.265678
inscription,5980,0.314916
inscription,5981,0.347737
inscription,5982,0.326204
inscription,5983,0.342563
inscription,5984,0.334119
inscription,5985,0.311645
inscription,5986,0.348409
inscription,5987,0.302572
inscription,5988,0.284448
inscription,5989,0.329541
inscription,5990,0.344943
inscription,5991,0.333975
inscription,5992,0.268495
inscription,5993,0.281753
inscription,5994,0.316844
inscription,5995,0.299559
inscription,5996,0.294720
inscription,5997,0.262891
inscription,5998,0.277497
inscription,5999,0.349713
inscription,6000,0.274646
inscription,6001,0.281452
inscription,6002,0.277250
inscription,6003,0.302684
inscription,6004,0.322807
inscription,6005,0.355729
inscription,6006,0.274904
inscription,6007,0.303474
inscription,6008,0.260313
inscription,6009,0.280202
inscription,6010,0.312365
inscription,6011,0.363086
inscription,6012,0.275689
inscription,6013,0.293240
inscription,6014,0.311281
inscription,6015,0.321654
inscription,6016,0.302670
inscription,6017,0.316272
inscription,6018,0.348217
inscription,6019,0.350385
inscription,6020,0.359407
inscription,6021,0.297628
inscription,6022,0.324731
inscription,6023,0.324424
inscription,6024,0.253337
inscription,6025,0.298743
inscription,6026,0.327807
inscription,6027,0.274427
inscription,6028,0.309883
inscription,6029,0.288722
inscription,6030,0.287615
inscription,6031,0.319171
inscription,6032,0.261825
inscription,6033,0.314499
inscription,6034,0.288476
inscription,6035,0.279846
inscription,6036,0.314702
inscription,6037,0.311682
inscription,6038,0.297803
inscription,6039,0.310565
inscription,6040,0.347922
inscription,6041,0.264528
inscription,6042,0.307442
inscription,6043,0.309686
inscription,6044,0.315358
inscription,6045,0.246098
inscription,6046,0.345457
inscription,6047,0.310542
inscription,6048,0.281344
inscription,6049,0.297172
inscription,6050,0.295604
inscription,6051,0.318057
inscription,6052,0.322197
inscription,6053,0.276203
inscription,6054,0.244797
inscription,6055,0.235565
inscription,6056,0.266800
inscription,6057,0.325100
inscription,6058,0.279895
inscription,6059,0.281054
inscription,6060,0.322716
inscription,6061,0.328099
inscription,6062,0.342976
inscription,6063,0.307015
inscription,6064,0.249285
inscription,6065,0.302219
inscription,6066,0.343327
inscription,6067,0.322024
inscription,6068,0.354141
inscription,6069,0.359597
inscription,6070,0.355835
inscription,6071,0.298085
inscription,6072,0.274931
inscription,6073,0.253518
inscription,6074,0.299404
inscription,6075,0.279705
inscription,6076,0.358647
inscription,6077,0.360052
inscription,6078,0.380267
inscription,6079,0.407415
inscription,6080,0.290953
inscription,6081,0.292439
inscription,6082,0.325313
inscription,6083,0.294634
inscription,6084,0.308500
inscription,6085,0.319402
inscription,6086,0.278492
inscription,6087,0.340475
inscription,6088,0.342686
inscription,6089,0.275199
inscription,6090,0.271721
inscription,6091,0.291380
inscription,6092,0.271688
inscription,6093,0.277721
inscription,6094,0.284123
inscription,6095,0.333226
inscription,6096,0.279632
inscription,6097,0.397094
inscription,6098,0.285573
inscription,6099,0.255842
inscription,6100,0.338563
inscription,6101,0.300821
inscription,6102,0.270489
inscription,6103,0.349516
inscription,6104,0.308611
inscription,6105,0.314130
inscription,6106,0.322131
inscription,6107,0.346050
inscription,6108,0.268890
inscription,6109,0.297736
inscription,6110,0.279378
inscription,6111,0.281108
inscription,6112,0.259102
inscription,6113,0.275225
inscription,6114,0.275852
inscription,6115,0.275634
inscription,6116,0.303035
inscription,6117,0.271970
inscription,6118,0.315240
inscription,6119,0.236266
inscription,6120,0.300484
inscription,6121,0.312182
inscription,6122,0.315023
inscription,6123,0.257058
inscription,6124,0.242118
inscription,6125,0.269586
inscription,6126,0.321709
inscription,6127,0.280077
inscription,6128,0.291414
inscription,6129,0.293856
inscription,6130,0.287323
inscription,6131,0.329743
inscription,6132,0.302243
inscription,6133,0.284657
inscription,6134,0.240970
inscription,6135,0.302696
inscription,6136,0.246941
inscription,6137,0.309978
inscription,6138,0.297089
inscription,6139,0.301672
inscription,6140,0.348908
inscription,6141,0.268986
inscription,6142,0.246169
inscription,6143,0.316317
inscription,6144,0.235985
inscription,6145,0.321535
inscription,6146,0.271081
inscription,6147,0.277337
inscription,6148,0.320282
inscription,6149,0.320924
inscription,6150,0.280816
inscription,6151,0.342683
inscription,6152,0.279308
inscription,6153,0.292922
inscription,6154,0.301160
inscription,6155,0.300709
inscription,6156,0.271558
inscription,6157,0.285607
inscription,6158,0.298965
inscription,6159,0.286471
inscription,6160,0.328697
inscription,6161,0.232567
inscription,6162,0.248349
inscription,6163,0.255236
inscription,6164,0.262506
inscription,6165,0.270157
inscription,6166,0.307762
inscription,6167,0.315628
inscription,6168,0.293555
inscription,6169,0.340072
inscription,6170,0.343955
inscription,6171,0.295890
inscription,6172,0.336591
inscription,6173,0.305887
inscription,6174,0.259942
inscription,6175,0.299276
inscription,6176,0.283322
inscription,6177,0.327336
inscription,6178,0.341615
inscription,6179,0.308976
inscription,6180,0.345861
inscription,6181,0.308990
inscription,6182,0.352338
inscription,6183,0.294057
inscription,6184,0.332782
inscription,6185,0.306959
inscription,6186,0.238652
inscription,6187,0.281018
inscription,6188,0.290451
inscription,6189,0.382980
inscription,6190,0.296586
inscription,6191,0.351925
inscription,6192,0.302607
inscription,6193,0.301478
inscription,6194,0.322437
inscription,6195,0.306903
inscription,6196,0.326645
inscription,6197,0.344448
inscription,6198,0.316845
inscription,6199,0.342392
inscription,6200,0.370152
inscription,6201,0.355274
inscription,6202,0.326311
inscription,6203,0.318764
inscription,6204,0.266398
inscription,6205,0.351894
inscription,6206,0.290511
inscription,6207,0.274062
inscription,6208,0.307731
inscription,6209,0.270453
inscription,6210,0.294510
inscription,6211,0.325682
inscription,6212,0.274259
inscription,6213,0.284264
inscription,6214,0.363661
inscription,6215,0.260386
inscription,6216,0.375601
inscription,6217,0.279319
inscription,6218,0.339663
inscription,6219,0.234620
inscription,6220,0.318486
inscription,6221,0.266354
inscription,6222,0.271838
inscription,6223,0.259692
inscription,6224,0.295085
inscription,6225,0.272543
inscription,6226,0.304879
inscription,6227,0.338057
inscription,6228,0.296405
inscription,6229,0.295518
inscription,6230,0.352086
inscription,6231,0.365320
inscription,6232,0.352524
inscription,6233,0.323084
inscription,6234,0.254180
inscription,6235,0.270117
inscription,6236,0.279713
inscription,6237,0.368737
inscription,6238,0.294247
inscription,6239,0.291350
inscription,6240,0.310350
inscription,6241,0.299984
inscription,6242,0.305182
inscription,6243,0.292750
inscription,6244,0.308387
inscription,6245,0.271465
inscription,6246,0.280190
inscription,6247,0.291755
inscription,6248,0.337915
inscription,6249,0.306972
inscription,6250,0.283257
inscription,6251,0.317005
inscription,6252,0.266155
inscription,6253,0.293553
inscription,6254,0.285653
inscription,6255,0.287599
inscription,6256,0.353708
inscription,6257,0.346820
inscription,6258,0.335618
inscription,6259,0.278371
inscription,6260,0.287019
inscription,6261,0.261035
inscription,6262,0.326581
inscription,6263,0.337526
inscription,6264,0.271833
inscription,6265,0.341423
inscription,6266,0.316535
inscription,6267,0.333187
inscription,6268,0.293512
inscription,6269,0.279160
inscription,6270,0.297925
inscription,6271,0.271728
inscription,6272,0.277534
inscription,6273,0.312690
inscription,6274,0.278775
inscription,6275,0.332154
inscription,6276,0.322519
inscription,6277,0.266708
inscription,6278,0.264438
inscription,6279,0.261482
inscription,6280,0.307623
inscription,6281,0.304904
inscription,6282,0.308148
inscription,6283,0.270609
inscription,6284,0.319731
inscription,6285,0.297505
inscription,6286,0.249441
inscription,6287,0.324786
inscription,6288,0.259721
inscription,6289,0.394790
inscription,6290,0.332063
inscription,6291,0.323926
inscription,6292,0.305627
inscription,6293,0.317694
inscription,6294,0.331734
inscription,6295,0.331473
inscription,6296,0.301249
inscription,6297,0.298740
inscription,6298,0.309277
inscription,6299,0.297633
inscription,6300,0.321806
inscription,6301,0.270380
inscription,6302,0.272422
inscription,6303,0.289118
inscription,6304,0.278399
inscription,6305,0.322055
inscription,6306,0.254628
inscription,6307,0.261806
inscription,6308,0.311791
inscription,6309,0.243954
inscription,6310,0.314513
inscription,6311,0.394582
inscription,6312,0.300452
inscription,6313,0.298668
inscription,6314,0.310333
inscription,6315,0.220673
inscription,6316,0.372103
inscription,6317,0.323358
inscription,6318,0.291610
inscription,6319,0.271649
inscription,6320,0.317250
inscription,6321,0.311025
inscription,6322,0.360742
inscription,6323,0.316785
inscription,6324,0.293412
inscription,6325,0.324221
inscription,6326,0.304481
inscription,6327,0.235234
inscription,6328,0.247776
inscription,6329,0.298122
inscription,6330,0.270215
inscription,6331,0.237416
inscription,6332,0.326499
inscription,6333,0.341679
inscription,6334,0.270323
inscription,6335,0.328693
inscription,6336,0.312337
inscription,6337,0.291636
inscription,6338,0.305711
inscription,6339,0.336597
inscription,6340,0.334975
inscription,6341,0.309794
inscription,6342,0.319869
inscription,6343,0.242077
inscription,6344,0.334613
inscription,6345,0.320817
inscription,6346,0.320019
inscription,6347,0.339028
inscription,6348,0.249884
inscription,6349,0.247959
inscription,6350,0.333386
inscription,6351,0.355616
inscription,6352,0.318631
inscription,6353,0.279729
inscription,6354,0.309128
inscription,6355,0.346563
inscription,6356,0.234038
inscription,6357,0.321878
inscription,6358,0.277030
inscription,6359,0.353716
inscription,6360,0.374991
inscription,6361,0.300836
inscription,6362,0.285515
inscription,6363,0.268989
inscription,6364,0.345550
inscription,6365,0.269680
inscription,6366,0.292147
inscription,6367,0.298515
inscription,6368,0.265934
inscription,6369,0.309155
inscription,6370,0.287456
inscription,6371,0.253267
inscription,6372,0.288701
inscription,6373,0.307828
inscription,6374,0.303269
inscription,6375,0.305217
inscription,6376,0.301688
inscription,6377,0.296932
inscription,6378,0.344874
inscription,6379,0.321641
inscription,6380,0.348350
inscription,6381,0.298291
inscription,6382,0.267043
inscription,6383,0.292087
inscription,6384,0.275132
inscription,6385,0.289616
inscription,6386,0.333506
inscription,6387,0.350078
inscription,6388,0.226331
inscription,6389,0.357750
inscription,6390,0.284373
inscription,6391,0.320653
inscription,6392,0.297926
inscription,6393,0.260154
inscription,6394,0.364101
inscription,6395,0.280485
inscription,6396,0.267328
inscription,6397,0.303300
inscription,6398,0.318088
inscription,6399,0.378768
inscription,6400,0.347597
inscription,6401,0.285428
inscription,6402,0.318251
inscription,6403,0.273037
inscription,6404,0.307180
inscription,6405,0.295915
inscription,6406,0.314337
inscription,6407,0.303025
inscription,6408,0.283084
inscription,6409,0.290203
inscription,6410,0.310797
inscription,6411,0.337939
inscription,6412,0.270393
inscription,6413,0.311859
inscription,6414,0.309980
inscription,6415,0.339050
inscription,6416,0.296436
inscription,6417,0.289949
inscription,6418,0.316613
inscription,6419,0.307947
inscription,6420,0.319940
inscription,6421,0.346578
inscription,6422,0.297571
inscription,6423,0.317138
inscription,6424,0.306021
inscription,6425,0.305918
inscription,6426,0.336623
inscription,6427,0.292427
inscription,6428,0.274338
inscription,6429,0.284701
inscription,6430,0.256590
inscription,6431,0.393375
inscription,6432,0.233777
inscription,6433,0.358459
inscription,6434,0.317850
inscription,6435,0.316549
inscription,6436,0.329924
inscription,6437,0.346947
inscription,6438,0.256975
inscription,6439,0.305129
inscription,6440,0.281283
inscription,6441,0.360886
inscription,6442,0.240342
inscription,6443,0.311821
inscription,6444,0.325010
inscription,6445,0.344219
inscription,6446,0.335103
inscription,6447,0.271401
inscription,6448,0.338564
inscription,6449,0.344331
inscription,6450,0.294199
inscription,6451,0.306083
inscription,6452,0.331345
inscription,6453,0.286376
inscription,6454,0.280550
inscription,6455,0.275073
inscription,6456,0.271814
inscription,6457,0.321199
inscription,6458,0.305314
inscription,6459,0.307722
inscription,6460,0.269850
inscription,6461,0.281458
inscription,6462,0.296304
inscription,6463,0.303000
inscription,6464,0.281486
inscription,6465,0.369337
inscription,6466,0.362533
inscription,6467,0.302674
inscription,6468,0.291902
inscription,6469,0.341089
inscription,6470,0.333251
inscription,6471,0.314771
inscription,6472,0.326996
inscription,6473,0.323600
inscription,6474,0.273864
inscription,6475,0.282300
inscription,6476,0.309211
inscription,6477,0.313907
inscription,6478,0.317311
inscription,6479,0.287574
inscription,6480,0.345531
inscription,6481,0.262103
inscription,6482,0.310715
inscription,6483,0.336076
inscription,6484,0.311344
inscription,6485,0.343854
inscription,6486,0.296239
inscription,6487,0.276060
inscription,6488,0.286281
inscription,6489,0.272132
inscription,6490,0.300093
inscription,6491,0.350294
inscription,6492,0.297438
inscription,6493,0.338846
inscription,6494,0.323346
inscription,6495,0.252112
inscription,6496,0.374057
inscription,6497,0.270348
inscription,6498,0.293858
inscription,6499,0.322654
inscription,6500,0.297430
inscription,6501,0.252491
inscription,6502,0.297204
inscription,6503,0.319841
inscription,6504,0.349270
inscription,6505,0.342377
inscription,6506,0.370920
inscription,6507,0.257131
inscription,6508,0.260973
inscription,6509,0.259698
inscription,6510,0.219250
inscription,6511,0.251244
inscription,6512,0.325236
inscription,6513,0.271744
inscription,6514,0.230823
inscription,6515,0.264896
inscription,6516,0.337161
inscription,6517,0.291798
inscription,6518,0.325006
inscription,6519,0.331267
inscription,6520,0.278541
inscription,6521,0.267591
inscription,6522,0.331987
inscription,6523,0.284883
inscription,6524,0.224665
inscription,6525,0.330773
inscription,6526,0.342929
inscription,6527,0.347345
inscription,6528,0.325811
inscription,6529,0.321934
inscription,6530,0.279051
inscription,6531,0.284410
inscription,6532,0.281262
inscription,6533,0.247717
inscription,6534,0.276822
inscription,6535,0.252252
inscription,6536,0.283285
inscription,6537,0.336831
inscription,6538,0.299396
inscription,6539,0.281479
inscription,6540,0.305878
inscription,6541,0.318403
inscription,6542,0.293341
inscription,6543,0.260551
inscription,6544,0.254557
inscription,6545,0.268264
inscription,6546,0.318083
inscription,6547,0.230570
inscription,6548,0.287227
inscription,6549,0.306310
inscription,6550,0.313842
inscription,6551,0.356058
inscription,6552,0.351696
inscription,6553,0.319750
inscription,6554,0.320647
inscription,6555,0.340708
inscription,6556,0.260806
inscription,6557,0.275861
inscription,6558,0.270943
inscription,6559,0.237049
inscription,6560,0.309999
inscription,6561,0.339284
inscription,6562,0.293325
inscription,6563,0.244673
inscription,6564,0.264049
inscription,6565,0.212819
inscription,6566,0.281278
inscription,6567,0.243211
inscription,6568,0.345148
inscription,6569,0.257366
inscription,6570,0.304011
inscription,6571,0.282218
inscription,6572,0.285262
inscription,6573,0.271964
inscription,6574,0.340647
inscription,6575,0.275054
inscription,6576,0.275718
inscription,6577,0.346700
inscription,6578,0.291065
inscription,6579,0.308521
inscription,6580,0.371804
inscription,6581,0.236347
inscription,6582,0.297634
inscription,6583,0.349115
inscription,6584,0.249986
inscription,6585,0.349770
inscription,6586,0.251912
inscription,6587,0.266535
inscription,6588,0.371431
inscription,6589,0.298701
inscription,6590,0.278632
inscription,6591,0.350860
inscription,6592,0.352308
inscription,6593,0.299279
inscription,6594,0.287583
inscription,6595,0.290625
inscription,6596,0.325059
inscription,6597,0.324943
inscription,6598,0.283247
inscription,6599,0.351718
inscription,6600,0.316356
inscription,6601,0.308077
inscription,6602,0.256818
inscription,6603,0.305642
inscription,6604,0.300652
inscription,6605,0.297179
inscription,6606,0.313617
inscription,6607,0.298454
inscription,6608,0.315546
inscription,6609,0.324125
inscription,6610,0.300220
inscription,6611,0.332879
inscription,6612,0.378971
inscription,6613,0.335204
inscription,6614,0.277144
inscription,6615,0.239450
inscription,6616,0.412202
inscription,6617,0.303013
inscription,6618,0.232927
inscription,6619,0.269515
inscription,6620,0.312355
inscription,6621,0.343891
inscription,6622,0.286104
inscription,6623,0.302503
inscription,6624,0.332036
inscription,6625,0.289514
inscription,6626,0.288528
inscription,6627,0.282786
inscription,6628,0.308741
inscription,6629,0.256372
inscription,6630,0.260612
inscription,6631,0.259026
inscription,6632,0.321147
inscription,6633,0.268303
inscription,6634,0.287653
inscription,6635,0.286759
inscription,6636,0.298621
inscription,6637,0.359487
inscription,6638,0.264118
inscription,6639,0.288337
inscription,6640,0.293305
inscription,6641,0.285760
inscription,6642,0.322449
inscription,6643,0.320662
inscription,6644,0.306373
inscription,6645,0.298709
inscription,6646,0.273293
inscription,6647,0.331124
inscription,6648,0.301253
inscription,6649,0.339619
inscription,6650,0.319100
inscription,6651,0.270959
inscription,6652,0.299013
inscription,6653,0.313131
inscription,6654,0.364273
inscription,6655,0.311936
inscription,6656,0.303851
inscription,6657,0.335824
inscription,6658,0.308687
inscription,6659,0.335861
inscription,6660,0.304608
inscription,6661,0.314666
inscription,6662,0.350883
inscription,6663,0.358304
inscription,6664,0.274102
inscription,6665,0.287197
inscription,6666,0.297445
inscription,6667,0.336047
inscription,6668,0.267543
inscription,6669,0.331652
inscription,6670,0.272536
inscription,6671,0.290648
inscription,6672,0.284298
inscription,6673,0.257947
inscription,6674,0.313705
inscription,6675,0.291443
inscription,6676,0.236258
inscription,6677,0.288330
inscription,6678,0.359495
inscription,6679,0.292934
inscription,6680,0.274075
inscription,6681,0.258822
inscription,6682,0.331152
inscription,6683,0.262305
inscription,6684,0.261371
inscription,6685,0.253067
inscription,6686,0.320377
inscription,6687,0.275289
inscription,6688,0.300408
inscription,6689,0.313106
inscription,6690,0.298084
inscription,6691,0.268041
inscription,6692,0.266679
inscription,6693,0.300058
inscription,6694,0.297376
inscription,6695,0.281206
inscription,6696,0.307701
inscription,6697,0.343771
inscription,6698,0.296191
inscription,6699,0.299460
inscription,6700,0.339729
inscription,6701,0.283761
inscription,6702,0.331031
inscription,6703,0.312258
inscription,6704,0.226976
inscription,6705,0.302498
inscription,6706,0.365992
inscription,6707,0.346216
inscription,6708,0.244629
inscription,6709,0.269196
inscription,6710,0.315956
inscription,6711,0.330741
inscription,6712,0.347276
inscription,6713,0.256855
inscription,6714,0.271201
inscription,6715,0.338506
inscription,6716,0.360957
inscription,6717,0.327603
inscription,6718,0.337628
inscription,6719,0.321969
inscription,6720,0.297109
inscription,6721,0.212568
inscription,6722,0.217494
inscription,6723,0.272717
inscription,6724,0.341374
inscription,6725,0.278245
inscription,6726,0.265584
inscription,6727,0.310037
inscription,6728,0.319916
inscription,6729,0.247795
inscription,6730,0.257568
inscription,6731,0.295967
inscription,6732,0.295982
inscription,6733,0.324860
inscription,6734,0.284361
inscription,6735,0.279110
inscription,6736,0.375070
inscription,6737,0.260556
inscription,6738,0.253632
inscription,6739,0.277583
inscription,6740,0.235328
inscription,6741,0.280032
inscription,6742,0.295909
inscription,6743,0.294024
inscription,6744,0.317465
inscription,6745,0.290074
inscription,6746,0.316859
inscription,6747,0.290165
inscription,6748,0.307809
inscription,6749,0.296446
inscription,6750,0.268117
inscription,6751,0.285283
inscription,6752,0.324887
inscription,6753,0.273344
inscription,6754,0.315626
inscription,6755,0.355869
inscription,6756,0.350010
inscription,6757,0.311677
inscription,6758,0.302624
inscription,6759,0.282238
inscription,6760,0.308617
inscription,6761,0.321025
inscription,6762,0.317760
inscription,6763,0.249421
inscription,6764,0.299175
inscription,6765,0.290951
inscription,6766,0.333613
inscription,6767,0.295947
inscription,6768,0.286291
inscription,6769,0.308298
inscription,6770,0.304820
inscription,6771,0.249856
inscription,6772,0.285812
inscription,6773,0.291093
inscription,6774,0.307298
inscription,6775,0.275290
inscription,6776,0.314091
inscription,6777,0.304702
inscription,6778,0.320392
inscription,6779,0.279678
inscription,6780,0.378880
inscription,6781,0.267604
inscription,6782,0.336963
inscription,6783,0.311934
inscription,6784,0.375148
inscription,6785,0.251824
inscription,6786,0.349076
inscription,6787,0.280768
inscription,6788,0.338940
inscription,6789,0.330679
inscription,6790,0.322048
inscription,6791,0.301126
inscription,6792,0.315463
inscription,6793,0.299763
inscription,6794,0.284421
inscription,6795,0.280369
inscription,6796,0.316044
inscription,6797,0.313323
inscription,6798,0.261368
inscription,6799,0.267787
inscription,6800,0.329712
inscription,6801,0.294504
inscription,6802,0.291915
inscription,6803,0.273976
inscription,6804,0.288269
inscription,6805,0.322774
inscription,6806,0.291032
inscription,6807,0.292583
inscription,6808,0.312479
inscription,6809,0.312848
inscription,6810,0.316077
inscription,6811,0.270348
inscription,6812,0.269306
inscription,6813,0.311129
inscription,6814,0.294819
inscription,6815,0.307629
inscription,6816,0.313539
inscription,6817,0.270889
inscription,6818,0.296254
inscription,6819,0.325736
inscription,6820,0.326801
inscription,6821,0.275221
inscription,6822,0.263890
inscription,6823,0.297163
inscription,6824,0.326824
inscription,6825,0.349051
inscription,6826,0.320115
inscription,6827,0.235486
inscription,6828,0.240155
inscription,6829,0.338586
inscription,6830,0.250665
inscription,6831,0.283693
inscription,6832,0.308754
inscription,6833,0.327386
inscription,6834,0.279959
inscription,6835,0.313777
inscription,6836,0.305065
inscription,6837,0.324371
inscription,6838,0.337090
inscription,6839,0.325769
inscription,6840,0.258766
inscription,6841,0.299034
inscription,6842,0.304929
inscription,6843,0.311148
inscription,6844,0.269743
inscription,6845,0.251584
inscription,6846,0.328202
inscription,6847,0.292337
inscription,6848,0.344563
inscription,6849,0.322831
inscription,6850,0.275103
inscription,6851,0.269047
inscription,6852,0.317001
inscription,6853,0.333866
inscription,6854,0.253208
inscription,6855,0.340177
inscription,6856,0.303086
inscription,6857,0.250582
inscription,6858,0.308893
inscription,6859,0.252292
inscription,6860,0.322680
inscription,6861,0.323277
inscription,6862,0.235959
inscription,6863,0.281863
inscription,6864,0.263180
inscription,6865,0.341315
inscription,6866,0.313869
inscription,6867,0.274093
inscription,6868,0.303887
inscription,6869,0.291152
inscription,6870,0.304174
inscription,6871,0.322268
inscription,6872,0.301891
inscription,6873,0.321342
inscription,6874,0.318929
inscription,6875,0.307420
inscription,6876,0.290394
inscription,6877,0.287671
inscription,6878,0.315748
inscription,6879,0.284073
inscription,6880,0.306640
inscription,6881,0.251188
inscription,6882,0.300494
inscription,6883,0.247522
inscription,6884,0.291683
inscription,6885,0.287982
inscription,6886,0.288555
inscription,6887,0.283654
inscription,6888,0.273872
inscription,6889,0.295419
inscription,6890,0.324728
inscription,6891,0.310211
inscription,6892,0.349781
inscription,6893,0.290171
inscription,6894,0.304622
inscription,6895,0.259401
inscription,6896,0.233233
inscription,6897,0.255544
inscription,6898,0.284821
inscription,6899,0.313989
inscription,6900,0.339084
inscription,6901,0.255590
inscription,6902,0.321942
inscription,6903,0.373411
inscription,6904,0.317171
inscription,6905,0.337538
inscription,6906,0.359448
inscription,6907,0.348217
inscription,6908,0.319137
inscription,6909,0.289189
inscription,6910,0.354660
inscription,6911,0.329761
inscription,6912,0.324871
inscription,6913,0.308973
inscription,6914,0.322831
inscription,6915,0.279195
inscription,6916,0.257003
inscription,6917,0.264607
inscription,6918,0.293025
inscription,6919,0.334146
inscription,6920,0.287334
inscription,6921,0.275591
inscription,6922,0.278187
inscription,6923,0.312845
inscription,6924,0.324789
inscription,6925,0.277475
inscription,6926,0.285790
inscription,6927,0.332235
inscription,6928,0.319483
inscription,6929,0.322640
inscription,6930,0.338342
inscription,6931,0.270249
inscription,6932,0.270310
inscription,6933,0.272074
inscription,6934,0.283556
inscription,6935,0.262746
inscription,6936,0.309924
inscription,6937,0.369601
inscription,6938,0.302017
inscription,6939,0.301449
inscription,6940,0.286586
inscription,6941,0.277460
inscription,6942,0.325849
inscription,6943,0.279058
inscription,6944,0.296703
inscription,6945,0.360806
inscription,6946,0.308766
inscription,6947,0.324123
inscription,6948,0.370895
inscription,6949,0.287628
inscription,6950,0.286176
inscription,6951,0.341304
inscription,6952,0.349537
inscription,6953,0.322750
inscription,6954,0.267068
inscription,6955,0.390938
inscription,6956,0.342907
inscription,6957,0.349314
inscription,6958,0.287338
inscription,6959,0.266461
inscription,6960,0.308444
inscription,6961,0.352626
inscription,6962,0.298472
inscription,6963,0.269344
inscription,6964,0.240997
inscription,6965,0.340224
inscription,6966,0.303145
inscription,6967,0.304276
inscription,6968,0.313465
inscription,6969,0.251388
inscription,6970,0.354116
inscription,6971,0.336511
inscription,6972,0.294621
inscription,6973,0.289572
inscription,6974,0.300108
inscription,6975,0.330120
inscription,6976,0.312172
inscription,6977,0.329631
inscription,6978,0.297708
inscription,6979,0.332397
inscription,6980,0.270003
inscription,6981,0.336268
inscription,6982,0.333478
inscription,6983,0.257747
inscription,6984,0.319356
inscription,6985,0.304246
inscription,6986,0.278801
inscription,6987,0.294795
inscription,6988,0.250595
inscription,6989,0.305649
inscription,6990,0.321529
inscription,6991,0.282833
inscription,6992,0.293957
inscription,6993,0.286744
inscription,6994,0.361918
inscription,6995,0.259784
inscription,6996,0.285488
inscription,6997,0.293998
inscription,6998,0.337192
inscription,6999,0.282287
inscription,7000,0.295256
inscription,7001,0.292285
inscription,7002,0.301727
inscription,7003,0.286491
inscription,7004,0.232655
inscription,7005,0.323122
inscription,7006,0.324899
inscription,7007,0.298684
inscription,7008,0.327185
inscription,7009,0.331174
inscription,7010,0.257259
inscription,7011,0.299649
inscription,7012,0.260270
inscription,7013,0.240994
inscription,7014,0.327914
inscription,7015,0.277748
inscription,7016,0.338360
inscription,7017,0.291314
inscription,7018,0.318431
inscription,7019,0.286608
inscription,7020,0.273456
inscription,7021,0.298504
inscription,7022,0.297458
inscription,7023,0.305966
inscription,7024,0.264765
inscription,7025,0.248030
inscription,7026,0.320631
inscription,7027,0.306111
inscription,7028,0.273183
inscription,7029,0.277194
inscription,7030,0.295765
inscription,7031,0.328085
inscription,7032,0.320853
inscription,7033,0.321789
inscription,7034,0.301439
inscription,7035,0.249351
inscription,7036,0.292241
inscription,7037,0.300874
inscription,7038,0.268636
inscription,7039,0.313158
inscription,7040,0.264514
inscription,7041,0.299303
inscription,7042,0.324062
inscription,7043,0.293695
inscription,7044,0.302418
inscription,7045,0.288584
inscription,7046,0.302580
inscription,7047,0.322391
inscription,7048,0.312440
inscription,7049,0.306159
inscription,7050,0.238518
inscription,7051,0.270568
inscription,7052,0.329406
inscription,7053,0.249651
inscription,7054,0.314660
inscription,7055,0.292634
inscription,7056,0.297066
inscription,7057,0.290442
inscription,7058,0.294175
inscription,7059,0.311227
inscription,7060,0.351957
inscription,7061,0.281709
inscription,7062,0.293643
inscription,7063,0.329086
inscription,7064,0.310257
inscription,7065,0.283249
inscription,7066,0.299352
inscription,7067,0.366001
inscription,7068,0.226497
inscription,7069,0.276426
inscription,7070,0.327896
inscription,7071,0.288470
inscription,7072,0.250037
inscription,7073,0.269084
inscription,7074,0.268234
inscription,7075,0.257906
inscription,7076,0.311120
inscription,7077,0.249499
inscription,7078,0.263553
inscription,7079,0.285387
inscription,7080,0.306530
inscription,7081,0.273489
inscription,7082,0.259748
inscription,7083,0.373193
inscription,7084,0.291585
inscription,7085,0.299128
inscription,7086,0.304915
inscription,7087,0.352894
inscription,7088,0.325195
inscription,7089,0.299212
inscription,7090,0.309779
inscription,7091,0.357534
inscription,7092,0.344754
inscription,7093,0.334264
inscription,7094,0.321464
inscription,7095,0.327638
inscription,7096,0.299947
inscription,7097,0.286790
inscription,7098,0.315541
inscription,7099,0.310724
inscription,7100,0.290072
inscription,7101,0.321592
inscription,7102,0.298708
inscription,7103,0.317488
inscription,7104,0.300704
inscription,7105,0.292769
inscription,7106,0.307134
inscription,7107,0.303284
inscription,7108,0.306556
inscription,7109,0.304262
inscription,7110,0.314358
inscription,7111,0.302248
inscription,7112,0.357956
inscription,7113,0.237583
inscription,7114,0.309417
inscription,7115,0.323131
inscription,7116,0.283904
inscription,7117,0.309312
inscription,7118,0.254651
inscription,7119,0.301228
inscription,7120,0.299010
inscription,7121,0.314009
inscription,7122,0.302979
inscription,7123,0.317533
inscription,7124,0.353137
inscription,7125,0.287320
inscription,7126,0.259649
inscription,7127,0.296162
inscription,7128,0.268903
inscription,7129,0.317778
inscription,7130,0.343029
inscription,7131,0.341882
inscription,7132,0.332725
inscription,7133,0.348079
inscription,7134,0.302350
inscription,7135,0.349503
inscription,7136,0.265643
inscription,7137,0.323785
inscription,7138,0.285293
inscription,7139,0.346407
inscription,7140,0.325150
inscription,7141,0.301102
inscription,7142,0.307338
inscription,7143,0.307130
inscription,7144,0.338929
inscription,7145,0.270781
inscription,7146,0.297685
inscription,7147,0.303801
inscription,7148,0.278024
inscription,7149,0.309643
inscription,7150,0.324447
inscription,7151,0.239707
inscription,7152,0.291961
inscription,7153,0.320740
inscription,7154,0.258991
inscription,7155,0.310782
inscription,7156,0.292216
inscription,7157,0.311122
inscription,7158,0.317139
inscription,7159,0.345268
inscription,7160,0.286733
inscription,7161,0.284313
inscription,7162,0.294043
inscription,7163,0.312127
inscription,7164,0.216740
inscription,7165,0.272356
inscription,7166,0.269884
inscription,7167,0.264475
inscription,7168,0.280656
inscription,7169,0.278252
inscription,7170,0.275765
inscription,7171,0.342987
inscription,7172,0.262463
inscription,7173,0.260844
inscription,7174,0.273790
inscription,7175,0.309073
inscription,7176,0.278963
inscription,7177,0.334930
inscription,7178,0.302935
inscription,7179,0.233364
inscription,7180,0.298339
inscription,7181,0.287765
inscription,7182,0.299647
inscription,7183,0.318261
inscription,7184,0.285635
inscription,7185,0.322499
inscription,7186,0.289281
inscription,7187,0.288267
inscription,7188,0.350865
inscription,7189,0.403589
inscription,7190,0.305405
inscription,7191,0.346134
inscription,7192,0.344600
inscription,7193,0.326162
inscription,7194,0.253461
inscription,7195,0.325150
inscription,7196,0.274679
inscription,7197,0.280929
inscription,7198,0.277470
inscription,7199,0.327327
inscription,7200,0.315899
inscription,7201,0.247200
inscription,7202,0.260368
inscription,7203,0.347542
inscription,7204,0.363664
inscription,7205,0.352418
inscription,7206,0.265384
inscription,7207,0.326041
inscription,7208,0.279227
inscription,7209,0.295075
inscription,7210,0.301086
inscription,7211,0.270998
inscription,7212,0.313831
inscription,7213,0.299251
inscription,7214,0.291560
inscription,7215,0.306234
inscription,7216,0.280686
inscription,7217,0.309560
inscription,7218,0.281373
inscription,7219,0.318388
inscription,7220,0.266441
inscription,7221,0.295015
inscription,7222,0.275689
inscription,7223,0.300107
inscription,7224,0.268487
inscription,7225,0.249857
inscription,7226,0.305644
inscription,7227,0.296955
inscription,7228,0.303909
inscription,7229,0.262782
inscription,7230,0.256170
inscription,7231,0.313423
inscription,7232,0.326423
inscription,7233,0.250048
inscription,7234,0.276038
inscription,7235,0.264130
inscription,7236,0.342617
inscription,7237,0.240495
inscription,7238,0.300550
inscription,7239,0.285857
inscription,7240,0.284174
inscription,7241,0.331075
inscription,7242,0.315104
inscription,7243,0.308266
inscription,7244,0.309965
inscription,7245,0.286337
inscription,7246,0.280722
inscription,7247,0.306671
inscription,7248,0.316336
inscription,7249,0.326404
inscription,7250,0.276060
inscription,7251,0.298295
inscription,7252,0.295725
inscription,7253,0.295262
inscription,7254,0.326475
inscription,7255,0.323839
inscription,7256,0.319433
inscription,7257,0.307062
inscription,7258,0.276723
inscription,7259,0.294612
inscription,7260,0.299445
inscription,7261,0.259993
inscription,7262,0.317522
inscription,7263,0.293493
inscription,7264,0.290374
inscription,7265,0.255073
inscription,7266,0.301389
inscription,7267,0.314638
inscription,7268,0.361272
inscription,7269,0.278756
inscription,7270,0.269322
inscription,7271,0.234794
inscription,7272,0.292684
inscription,7273,0.264246
inscription,7274,0.281061
inscription,7275,0.317766
inscription,7276,0.258668
inscription,7277,0.283574
inscription,7278,0.285810
inscription,7279,0.264202
inscription,7280,0.256724
inscription,7281,0.278582
inscription,7282,0.334563
inscription,7283,0.320854
inscription,7284,0.299693
inscription,7285,0.284814
inscription,7286,0.314754
inscription,7287,0.332703
inscription,7288,0.329255
inscription,7289,0.343417
inscription,7290,0.315359
inscription,7291,0.277726
inscription,7292,0.328504
inscription,7293,0.342958
inscription,7294,0.348624
inscription,7295,0.347357
inscription,7296,0.308335
inscription,7297,0.298699
inscription,7298,0.303482
inscription,7299,0.371113
inscription,7300,0.338962
inscription,7301,0.240787
inscription,7302,0.225093
inscription,7303,0.292786
inscription,7304,0.265323
inscription,7305,0.309877
inscription,7306,0.233431
inscription,7307,0.315953
inscription,7308,0.269096
inscription,7309,0.287839
inscription,7310,0.296965
inscription,7311,0.285817
inscription,7312,0.315514
inscription,7313,0.292508
inscription,7314,0.317420
inscription,7315,0.272475
inscription,7316,0.333982
inscription,7317,0.314213
inscription,7318,0.336545
inscription,7319,0.307470
inscription,7320,0.257596
inscription,7321,0.256351
inscription,7322,0.335298
inscription,7323,0.282523
inscription,7324,0.271859
inscription,7325,0.307532
inscription,7326,0.305240
inscription,7327,0.298318
inscription,7328,0.301672
inscription,7329,0.282554
inscription,7330,0.233748
inscription,7331,0.292294
inscription,7332,0.330160
inscription,7333,0.281268
inscription,7334,0.290113
inscription,7335,0.333351
inscription,7336,0.268839
inscription,7337,0.287125
inscription,7338,0.333787
inscription,7339,0.320563
inscription,7340,0.257195
inscription,7341,0.248302
inscription,7342,0.277166
inscription,7343,0.292642
inscription,7344,0.282398
inscription,7345,0.326189
inscription,7346,0.324362
inscription,7347,0.298398
inscription,7348,0.301390
inscription,7349,0.344528
inscription,7350,0.260283
inscription,7351,0.294345
inscription,7352,0.316682
inscription,7353,0.307389
inscription,7354,0.311813
inscription,7355,0.323168
inscription,7356,0.328536
inscription,7357,0.317470
inscription,7358,0.274416
inscription,7359,0.249156
inscription,7360,0.269054
inscription,7361,0.306852
inscription,7362,0.377193
inscription,7363,0.276567
inscription,7364,0.254801
inscription,7365,0.325457
inscription,7366,0.346737
inscription,7367,0.303247
inscription,7368,0.315699
inscription,7369,0.301250
inscription,7370,0.221170
inscription,7371,0.285912
inscription,7372,0.344226
inscription,7373,0.257399
inscription,7374,0.248809
inscription,7375,0.364088
inscription,7376,0.347586
inscription,7377,0.330922
inscription,7378,0.305467
inscription,7379,0.336081
inscription,7380,0.292284
inscription,7381,0.333268
inscription,7382,0.331331
inscription,7383,0.343910
inscription,7384,0.286540
inscription,7385,0.236650
inscription,7386,0.361191
inscription,7387,0.254926
inscription,7388,0.279553
inscription,7389,0.303946
inscription,7390,0.328038
inscription,7391,0.315534
inscription,7392,0.306293
inscription,7393,0.311255
inscription,7394,0.306274
inscription,7395,0.327249
inscription,7396,0.336521
inscription,7397,0.298880
inscription,7398,0.268857
inscription,7399,0.327721
inscription,7400,0.322920
inscription,7401,0.296895
inscription,7402,0.293983
inscription,7403,0.349346
inscription,7404,0.292521
inscription,7405,0.292482
inscription,7406,0.216541
inscription,7407,0.341127
inscription,7408,0.298084
inscription,7409,0.345997
inscription,7410,0.307307
inscription,7411,0.310835
inscription,7412,0.254819
inscription,7413,0.240798
inscription,7414,0.304966
inscription,7415,0.269847
inscription,7416,0.297677
inscription,7417,0.275001
inscription,7418,0.286308
inscription,7419,0.271430
inscription,7420,0.295245
inscription,7421,0.303651
inscription,7422,0.344175
inscription,7423,0.256932
inscription,7424,0.294761
inscription,7425,0.284455
inscription,7426,0.316784
inscription,7427,0.297867
inscription,7428,0.397131
inscription,7429,0.277267
inscription,7430,0.351941
inscription,7431,0.280717
inscription,7432,0.325526
inscription,7433,0.276960
inscription,7434,0.297029
inscription,7435,0.339646
inscription,7436,0.231370
inscription,7437,0.270898
inscription,7438,0.340411
inscription,7439,0.226893
inscription,7440,0.348944
inscription,7441,0.264155
inscription,7442,0.338535
inscription,7443,0.351406
inscription,7444,0.283107
inscription,7445,0.332613
inscription,7446,0.312788
inscription,7447,0.319289
inscription,7448,0.269513
inscription,7449,0.313224
inscription,7450,0.312063
inscription,7451,0.307354
inscription,7452,0.294528
inscription,7453,0.224216
inscription,7454,0.215019
inscription,7455,0.333485
inscription,7456,0.259669
inscription,7457,0.260247
inscription,7458,0.283974
inscription,7459,0.294018
inscription,7460,0.313140
inscription,7461,0.284790
inscription,7462,0.286755
inscription,7463,0.352871
inscription,7464,0.225691
inscription,7465,0.347570
inscription,7466,0.302850
inscription,7467,0.297776
inscription,7468,0.298209
inscription,7469,0.305792
inscription,7470,0.348574
inscription,7471,0.308182
inscription,7472,0.283199
inscription,7473,0.298316
inscription,7474,0.338977
inscription,7475,0.311232
inscription,7476,0.301632
inscription,7477,0.278295
inscription,7478,0.312205
inscription,7479,0.270510
inscription,7480,0.297526
inscription,7481,0.299497
inscription,7482,0.314202
inscription,7483,0.321388
inscription,7484,0.330294
inscription,7485,0.338083
inscription,7486,0.310836
inscription,7487,0.350852
inscription,7488,0.328002
inscription,7489,0.271542
inscription,7490,0.257490
inscription,7491,0.284663
inscription,7492,0.292372
inscription,7493,0.253876
inscription,7494,0.334770
inscription,7495,0.278222
inscription,7496,0.306578
inscription,7497,0.321560
inscription,7498,0.337259
inscription,7499,0.282501
inscription,7500,0.270241
inscription,7501,0.335693
inscription,7502,0.301325
inscription,7503,0.305333
inscription,7504,0.234304
inscription,7505,0.291431
inscription,7506,0.356129
inscription,7507,0.266123
inscription,7508,0.272817
inscription,7509,0.276380
inscription,7510,0.338647
inscription,7511,0.321531
inscription,7512,0.300639
inscription,7513,0.349279
inscription,7514,0.300458
inscription,7515,0.286672
inscription,7516,0.348969
inscription,7517,0.299578
inscription,7518,0.346252
inscription,7519,0.280844
inscription,7520,0.304824
inscription,7521,0.281064
inscription,7522,0.281351
inscription,7523,0.264819
inscription,7524,0.297674
inscription,7525,0.302808
inscription,7526,0.267098
inscription,7527,0.341021
inscription,7528,0.291192
inscription,7529,0.304739
inscription,7530,0.332354
inscription,7531,0.310315
inscription,7532,0.331856
inscription,7533,0.297391
inscription,7534,0.318371
inscription,7535,0.337958
inscription,7536,0.282426
inscription,7537,0.280776
inscription,7538,0.323243
inscription,7539,0.251993
inscription,7540,0.292921
inscription,7541,0.283703
inscription,7542,0.292263
inscription,7543,0.286562
inscription,7544,0.288096
inscription,7545,0.293718
inscription,7546,0.291111
inscription,7547,0.264423
inscription,7548,0.286363
inscription,7549,0.279489
inscription,7550,0.340132
inscription,7551,0.239323
inscription,7552,0.352173
inscription,7553,0.333098
inscription,7554,0.296946
inscription,7555,0.286504
inscription,7556,0.265703
inscription,7557,0.285390
inscription,7558,0.310310
inscription,7559,0.344692
inscription,7560,0.329141
inscription,7561,0.331155
inscription,7562,0.317986
inscription,7563,0.263985
inscription,7564,0.287059
inscription,7565,0.243590
inscription,7566,0.301673
inscription,7567,0.266337
inscription,7568,0.320952
inscription,7569,0.342103
inscription,7570,0.342918
inscription,7571,0.359929
inscription,7572,0.258745
inscription,7573,0.323808
inscription,7574,0.301402
inscription,7575,0.272860
inscription,7576,0.241018
inscription,7577,0.377969
inscription,7578,0.310934
inscription,7579,0.282215
inscription,7580,0.282222
inscription,7581,0.268197
inscription,7582,0.303061
inscription,7583,0.286516
inscription,7584,0.268931
inscription,7585,0.317105
inscription,7586,0.316235
inscription,7587,0.271839
inscription,7588,0.259949
inscription,7589,0.270687
inscription,7590,0.304813
inscription,7591,0.273056
inscription,7592,0.299937
inscription,7593,0.333527
inscription,7594,0.310491
inscription,7595,0.325264
inscription,7596,0.260735
inscription,7597,0.245169
inscription,7598,0.278403
inscription,7599,0.277427
inscription,7600,0.290233
inscription,7601,0.279349
inscription,7602,0.260098
inscription,7603,0.287864
inscription,7604,0.301376
inscription,7605,0.253881
inscription,7606,0.266854
inscription,7607,0.300890
inscription,7608,0.280889
inscription,7609,0.265544
inscription,7610,0.302832
inscription,7611,0.248913
inscription,7612,0.354232
inscription,7613,0.262157
inscription,7614,0.279299
inscription,7615,0.264578
inscription,7616,0.278015
inscription,7617,0.247347
inscription,7618,0.275326
inscription,7619,0.273502
inscription,7620,0.328078
inscription,7621,0.255810
inscription,7622,0.330064
inscription,7623,0.316702
inscription,7624,0.291899
inscription,7625,0.340146
inscription,7626,0.325040
inscription,7627,0.324640
inscription,7628,0.286691
inscription,7629,0.316227
inscription,7630,0.302638
inscription,7631,0.335970
inscription,7632,0.363325
inscription,7633,0.304786
inscription,7634,0.300198
inscription,7635,0.287019
inscription,7636,0.262946
inscription,7637,0.312815
inscription,7638,0.246550
inscription,7639,0.288744
inscription,7640,0.290672
inscription,7641,0.343423
inscription,7642,0.328779
inscription,7643,0.347494
inscription,7644,0.341422
inscription,7645,0.294912
inscription,7646,0.238876
inscription,7647,0.372065
inscription,7648,0.313923
inscription,7649,0.333236
inscription,7650,0.305321
inscription,7651,0.312071
inscription,7652,0.339079
inscription,7653,0.306782
inscription,7654,0.280669
inscription,7655,0.289534
inscription,7656,0.300751
inscription,7657,0.325082
inscription,7658,0.294183
inscription,7659,0.315528
inscription,7660,0.356998
inscription,7661,0.296007
inscription,7662,0.252711
inscription,7663,0.296845
inscription,7664,0.309056
inscription,7665,0.303978
inscription,7666,0.356172
inscription,7667,0.370046
inscription,7668,0.256714
inscription,7669,0.315968
inscription,7670,0.253703
inscription,7671,0.321066
inscription,7672,0.348960
inscription,7673,0.295546
inscription,7674,0.263250
inscription,7675,0.270715
inscription,7676,0.327788
inscription,7677,0.298978
inscription,7678,0.296241
inscription,7679,0.229828
inscription,7680,0.329220
inscription,7681,0.304468
inscription,7682,0.288412
inscription,7683,0.276226
inscription,7684,0.311834
inscription,7685,0.305031
inscription,7686,0.322079
inscription,7687,0.314894
inscription,7688,0.332405
inscription,7689,0.267208
inscription,7690,0.316968
inscription,7691,0.307934
inscription,7692,0.311463
inscription,7693,0.279964
inscription,7694,0.337209
inscription,7695,0.275669
inscription,7696,0.307133
inscription,7697,0.311100
inscription,7698,0.305139
inscription,7699,0.298551
inscription,7700,0.272433
inscription,7701,0.313873
inscription,7702,0.340195
inscription,7703,0.338215
inscription,7704,0.282923
inscription,7705,0.295993
inscription,7706,0.281130
inscription,7707,0.309092
inscription,7708,0.336597
inscription,7709,0.285425
inscription,7710,0.259825
inscription,7711,0.267000
inscription,7712,0.321235
inscription,7713,0.322412
inscription,7714,0.325826
inscription,7715,0.286095
inscription,7716,0.257510
inscription,7717,0.296812
inscription,7718,0.361524
inscription,7719,0.248655
inscription,7720,0.267741
inscription,7721,0.287868
inscription,7722,0.285104
inscription,7723,0.292863
inscription,7724,0.333619
inscription,7725,0.308445
inscription,7726,0.314480
inscription,7727,0.269343
inscription,7728,0.284263
inscription,7729,0.299819
inscription,7730,0.272490
inscription,7731,0.248316
inscription,7732,0.295063
inscription,7733,0.329060
inscription,7734,0.292894
inscription,7735,0.252822
inscription,7736,0.294962
inscription,7737,0.284571
inscription,7738,0.300315
inscription,7739,0.287190
inscription,7740,0.248068
inscription,7741,0.261427
inscription,7742,0.342013
inscription,7743,0.344189
inscription,7744,0.263413
inscription,7745,0.299985
inscription,7746,0.233614
inscription,7747,0.348074
inscription,7748,0.321768
inscription,7749,0.299138
inscription,7750,0.287017
inscription,7751,0.230275
inscription,7752,0.236015
inscription,7753,0.296346
inscription,7754,0.247969
inscription,7755,0.229358
inscription,7756,0.359683
inscription,7757,0.275477
inscription,7758,0.331032
inscription,7759,0.320113
inscription,7760,0.295853
inscription,7761,0.317185
inscription,7762,0.261210
inscription,7763,0.265877
inscription,7764,0.269918
inscription,7765,0.310625
inscription,7766,0.333154
inscription,7767,0.277862
inscription,7768,0.312743
inscription,7769,0.303395
inscription,7770,0.340027
inscription,7771,0.275459
inscription,7772,0.295873
inscription,7773,0.272274
inscription,7774,0.356475
inscription,7775,0.293226
inscription,7776,0.280320
inscription,7777,0.344191
inscription,7778,0.335850
inscription,7779,0.303890
inscription,7780,0.329452
inscription,7781,0.276245
inscription,7782,0.271991
inscription,7783,0.285352
inscription,7784,0.327513
inscription,7785,0.271689
inscription,7786,0.227158
inscription,7787,0.305889
inscription,7788,0.336877
inscription,7789,0.334350
inscription,7790,0.285543
inscription,7791,0.267435
inscription,7792,0.274833
inscription,7793,0.285094
inscription,7794,0.327458
inscription,7795,0.292667
inscription,7796,0.310257
inscription,7797,0.328222
inscription,7798,0.287245
inscription,7799,0.299230
inscription,7800,0.291458
inscription,7801,0.292807
inscription,7802,0.312689
inscription,7803,0.259525
inscription,7804,0.326750
inscription,7805,0.350346
inscription,7806,0.229899
inscription,7807,0.323215
inscription,7808,0.336469
inscription,7809,0.306458
inscription,7810,0.300497
inscription,7811,0.280358
inscription,7812,0.298550
inscription,7813,0.302043
inscription,7814,0.253233
inscription,7815,0.291675
inscription,7816,0.299793
inscription,7817,0.288787
inscription,7818,0.338700
inscription,7819,0.308026
inscription,7820,0.328755
inscription,7821,0.269920
inscription,7822,0.271449
inscription,7823,0.315085
inscription,7824,0.304090
inscription,7825,0.252535
inscription,7826,0.366946
inscription,7827,0.306210
inscription,7828,0.300242
inscription,7829,0.267402
inscription,7830,0.287005
inscription,7831,0.319034
inscription,7832,0.313710
inscription,7833,0.328734
inscription,7834,0.319074
inscription,7835,0.310853
inscription,7836,0.272207
inscription,7837,0.307355
inscription,7838,0.279178
inscription,7839,0.281032
inscription,7840,0.306183
inscription,7841,0.239809
inscription,7842,0.282853
inscription,7843,0.301065
inscription,7844,0.332317
inscription,7845,0.306178
inscription,7846,0.312055
inscription,7847,0.274000
inscription,7848,0.257539
inscription,7849,0.316897
inscription,7850,0.381043
inscription,7851,0.337129
inscription,7852,0.297436
inscription,7853,0.267551
inscription,7854,0.258364
inscription,7855,0.271211
inscription,7856,0.275414
inscription,7857,0.343902
inscription,7858,0.283161
inscription,7859,0.327674
inscription,7860,0.293000
inscription,7861,0.324780
inscription,7862,0.368416
inscription,7863,0.284804
inscription,7864,0.307347
inscription,7865,0.321785
inscription,7866,0.349827
inscription,7867,0.332996
inscription,7868,0.224496
inscription,7869,0.351256
inscription,7870,0.340890
inscription,7871,0.323078
inscription,7872,0.283742
inscription,7873,0.291406
inscription,7874,0.270642
inscription,7875,0.270421
inscription,7876,0.257472
inscription,7877,0.248937
inscription,7878,0.343738
inscription,7879,0.326856
inscription,7880,0.325657
inscription,7881,0.291004
inscription,7882,0.252929
inscription,7883,0.233975
inscription,7884,0.372525
inscription,7885,0.329744
inscription,7886,0.272794
inscription,7887,0.311665
inscription,7888,0.281756
inscription,7889,0.320602
inscription,7890,0.286601
inscription,7891,0.361650
inscription,7892,0.296242
inscription,7893,0.239148
inscription,7894,0.327606
inscription,7895,0.301882
inscription,7896,0.326171
inscription,7897,0.293593
inscription,7898,0.315107
inscription,7899,0.245537
inscription,7900,0.252292
inscription,7901,0.277292
inscription,7902,0.273667
inscription,7903,0.356951
inscription,7904,0.396948
inscription,7905,0.353174
inscription,7906,0.343627
inscription,7907,0.278890
inscription,7908,0.309435
inscription,7909,0.316283
inscription,7910,0.303682
inscription,7911,0.278503
inscription,7912,0.338086
inscription,7913,0.261176
inscription,7914,0.295956
inscription,7915,0.261165
inscription,7916,0.279541
inscription,7917,0.302140
inscription,7918,0.301973
inscription,7919,0.280935
inscription,7920,0.258129
inscription,7921,0.318697
inscription,7922,0.359244
inscription,7923,0.343160
inscription,7924,0.361346
inscription,7925,0.324987
inscription,7926,0.380111
inscription,7927,0.282263
inscription,7928,0.281670
inscription,7929,0.325760
inscription,7930,0.311565
inscription,7931,0.308275
inscription,7932,0.272709
inscription,7933,0.286951
inscription,7934,0.319636
inscription,7935,0.287972
inscription,7936,0.289232
inscription,7937,0.296666
inscription,7938,0.306857
inscription,7939,0.253275
inscription,7940,0.316286
inscription,7941,0.263591
inscription,7942,0.280041
inscription,7943,0.248979
inscription,7944,0.268398
inscription,7945,0.330611
inscription,7946,0.320081
inscription,7947,0.267116
inscription,7948,0.308947
inscription,7949,0.306631
inscription,7950,0.304414
inscription,7951,0.289163
inscription,7952,0.351982
inscription,7953,0.256491
inscription,7954,0.297411
inscription,7955,0.266748
inscription,7956,0.312335
inscription,7957,0.313312
inscription,7958,0.311725
inscription,7959,0.339564
inscription,7960,0.365437
inscription,7961,0.350393
inscription,7962,0.348076
inscription,7963,0.314383
inscription,7964,0.316136
inscription,7965,0.278756
inscription,7966,0.317376
inscription,7967,0.245723
inscription,7968,0.337318
inscription,7969,0.305439
inscription,7970,0.300485
inscription,7971,0.319008
inscription,7972,0.258358
inscription,7973,0.335204
inscription,7974,0.283814
inscription,7975,0.308938
inscription,7976,0.358065
inscription,7977,0.323545
inscription,7978,0.343189
inscription,7979,0.297679
inscription,7980,0.316629
inscription,7981,0.301352
inscription,7982,0.270267
inscription,7983,0.321358
inscription,7984,0.276493
inscription,7985,0.276211
inscription,7986,0.250621
inscription,7987,0.297160
inscription,7988,0.279331
inscription,7989,0.319451
inscription,7990,0.307071
inscription,7991,0.284433
inscription,7992,0.320565
inscription,7993,0.253842
inscription,7994,0.358362
inscription,7995,0.311687
inscription,7996,0.237434
inscription,7997,0.324611
inscription,7998,0.290830
inscription,7999,0.346059
letter_cons,0,0.406673
letter_cons,1,0.367160
letter_cons,2,0.412960
letter_cons,3,0.434744
letter_cons,4,0.428587
letter_cons,5,0.388617
letter_cons,6,0.375201
letter_cons,7,0.365146
letter_cons,8,0.377964
letter_cons,9,0.434012
letter_cons,10,0.352813
letter_cons,11,0.412993
letter_cons,12,0.492984
letter_cons,13,0.444814
letter_cons,14,0.459824
letter_cons,15,0.360675
letter_cons,16,0.510761
letter_cons,17,0.376704
letter_cons,18,0.487832
letter_cons,19,0.419130
letter_cons,20,0.438204
letter_cons,21,0.394669
letter_cons,22,0.392627
letter_cons,23,0.395683
letter_cons,24,0.471231
letter_cons,25,0.412980
letter_cons,26,0.463421
letter_cons,27,0.485513
letter_cons,28,0.368433
letter_cons,29,0.337006
letter_cons,30,0.450952
letter_cons,31,0.314484
letter_cons,32,0.435166
letter_cons,33,0.348043
letter_cons,34,0.405625
letter_cons,35,0.409371
letter_cons,36,0.362019
letter_cons,37,0.400471
letter_cons,38,0.362246
letter_cons,39,0.398053
letter_cons,40,0.402937
letter_cons,41,0.386895
letter_cons,42,0.370322
letter_cons,43,0.430111
letter_cons,44,0.385369
letter_cons,45,0.418292
letter_cons,46,0.339193
letter_cons,47,0.344876
letter_cons,48,0.441765
letter_cons,49,0.326528
letter_cons,50,0.404578
letter_cons,51,0.368237
letter_cons,52,0.303750
letter_cons,53,0.411582
letter_cons,54,0.428731
letter_cons,55,0.390816
letter_cons,56,0.367585
letter_cons,57,0.355862
letter_cons,58,0.398017
letter_cons,59,0.381872
letter_cons,60,0.400852
letter_cons,61,0.400339
letter_cons,62,0.410126
letter_cons,63,0.423982
letter_cons,64,0.384264
letter_cons,65,0.358452
letter_cons,66,0.454587
letter_cons,67,0.373234
letter_cons,68,0.347136
letter_cons,69,0.405298
letter_cons,70,0.357612
letter_cons,71,0.445556
letter_cons,72,0.435211
letter_cons,73,0.408815
letter_cons,74,0.447211
letter_cons,75,0.434887
letter_cons,76,0.463230
letter_cons,77,0.263222
letter_cons,78,0.450881
letter_cons,79,0.372439
letter_cons,80,0.362030
letter_cons,81,0.384476
letter_cons,82,0.430995
letter_cons,83,0.397796
letter_cons,84,0.427104
letter_cons,85,0.412761
letter_cons,86,0.386629
letter_cons,87,0.348518
letter_cons,88,0.428934
letter_cons,89,0.389771
letter_cons,90,0.452050
letter_cons,91,0.450876
letter_cons,92,0.428753
letter_cons,93,0.409970
letter_cons,94,0.397386
letter_cons,95,0.481542
letter_cons,96,0.378353
letter_cons,97,0.341953
letter_cons,98,0.330632
letter_cons,99,0.360795
letter_cons,100,0.420845
letter_cons,101,0.375453
letter_cons,102,0.414425
letter_cons,103,0.447027
letter_cons,104,0.411312
letter_cons,105,0.371078
letter_cons,106,0.438761
letter_cons,107,0.368612
letter_cons,108,0.493217
letter_cons,109,0.343271
letter_cons,110,0.491479
letter_cons,111,0.417706
letter_cons,112,0.448082
letter_cons,113,0.364458
letter_cons,114,0.373207
letter_cons,115,0.318813
letter_cons,116,0.481263
letter_cons,117,0.353308
letter_cons,118,0.344346
letter_cons,119,0.442234
letter_cons,120,0.422329
letter_cons,121,0.424839
letter_cons,122,0.360474
letter_cons,123,0.458710
letter_cons,124,0.318276
letter_cons,125,0.435740
letter_cons,126,0.412571
letter_cons,127,0.451689
letter_cons,128,0.406143
letter_cons,129,0.375606
letter_cons,130,0.402706
letter_cons,131,0.427097
letter_cons,132,0.387361
letter_cons,133,0.363210
letter_cons,134,0.431150
letter_cons,135,0.373316
letter_cons,136,0.431062
letter_cons,137,0.408697
letter_cons,138,0.431664
letter_cons,139,0.438536
letter_cons,140,0.428490
letter_cons,141,0.411947
letter_cons,142,0.460461
letter_cons,143,0.365280
letter_cons,144,0.419564
letter_cons,145,0.344055
letter_cons,146,0.309385
letter_cons,147,0.429546
letter_cons,148,0.372735
letter_cons,149,0.419533
letter_cons,150,0.364996
letter_cons,151,0.442313
letter_cons,152,0.424057
letter_cons,153,0.424542
letter_cons,154,0.421659
letter_cons,155,0.402164
letter_cons,156,0.353512
letter_cons,157,0.403886
letter_cons,158,0.429322
letter_cons,159,0.445636
letter_cons,160,0.323726
letter_cons,161,0.503968
letter_cons,162,0.345266
letter_cons,163,0.390648
letter_cons,164,0.430435
letter_cons,165,0.332308
letter_cons,166,0.454424
letter_cons,167,0.372970
letter_cons,168,0.461067
letter_cons,169,0.352116
letter_cons,170,0.401208
letter_cons,171,0.374271
letter_cons,172,0.384602
letter_cons,173,0.416471
letter_cons,174,0.381141
letter_cons,175,0.490231
letter_cons,176,0.354881
letter_cons,177,0.459928
letter_cons,178,0.374011
letter_cons,179,0.385728
letter_cons,180,0.429152
letter_cons,181,0.392810
letter_cons,182,0.323518
letter_cons,183,0.360578
letter_cons,184,0.377276
letter_cons,185,0.409742
letter_cons,186,0.443109
letter_cons,187,0.436037
letter_cons,188,0.449956
letter_cons,189,0.369845
letter_cons,190,0.453516
letter_cons,191,0.446677
letter_cons,192,0.423012
letter_cons,193,0.347604
letter_cons,194,0.412589
letter_cons,195,0.420104
letter_cons,196,0.362011
letter_cons,197,0.392988
letter_cons,198,0.378914
letter_cons,199,0.420222
letter_cons,200,0.378293
letter_cons,201,0.382579
letter_cons,202,0.399327
letter_cons,203,0.432333
letter_cons,204,0.321725
letter_cons,205,0.310270
letter_cons,206,0.505972
letter_cons,207,0.372053
letter_cons,208,0.425060
letter_cons,209,0.479799
letter_cons,210,0.410268
letter_cons,211,0.397893
letter_cons,212,0.458088
letter_cons,213,0.348579
letter_cons,214,0.465097
letter_cons,215,0.459017
letter_cons,216,0.354632
letter_cons,217,0.400838
letter_cons,218,0.343444
letter_cons,219,0.376749
letter_cons,220,0.400761
letter_cons,221,0.398267
letter_cons,222,0.324277
letter_cons,223,0.390537
letter_cons,224,0.343593
letter_cons,225,0.464340
letter_cons,226,0.448333
letter_cons,227,0.373522
letter_cons,228,0.421828
letter_cons,229,0.353447
letter_cons,230,0.420900
letter_cons,231,0.408173
letter_cons,232,0.315278
letter_cons,233,0.410436
letter_cons,234,0.419750
letter_cons,235,0.391466
letter_cons,236,0.403622
letter_cons,237,0.418186
letter_cons,238,0.400134
letter_cons,239,0.341878
letter_cons,240,0.335765
letter_cons,241,0.434768
letter_cons,242,0.405645
letter_cons,243,0.382126
letter_cons,244,0.338026
letter_cons,245,0.418546
letter_cons,246,0.365792
letter_cons,247,0.458644
letter_cons,248,0.411300
letter_cons,249,0.442167
letter_cons,250,0.418031
letter_cons,251,0.357736
letter_cons,252,0.395786
letter_cons,253,0.441484
letter_cons,254,0.401386
letter_cons,255,0.354757
letter_cons,256,0.436015
letter_cons,257,0.337934
letter_cons,258,0.420684
letter_cons,259,0.388191
letter_cons,260,0.389187
letter_cons,261,0.422668
letter_cons,262,0.407581
letter_cons,263,0.358802
letter_cons,264,0.342342
letter_cons,265,0.422635
letter_cons,266,0.348552
letter_cons,267,0.400741
letter_cons,268,0.414302
letter_cons,269,0.350810
letter_cons,270,0.423409
letter_cons,271,0.471415
letter_cons,272,0.423551
letter_cons,273,0.394073
letter_cons,274,0.434661
letter_cons,275,0.429316
letter_cons,276,0.447350
letter_cons,277,0.374836
letter_cons,278,0.346923
letter_cons,279,0.475027
letter_cons,280,0.483890
letter_cons,281,0.452085
letter_cons,282,0.360824
letter_cons,283,0.356051
letter_cons,284,0.353283
letter_cons,285,0.452975
letter_cons,286,0.361980
letter_cons,287,0.431088
letter_cons,288,0.368906
letter_cons,289,0.430223
letter_cons,290,0.382494
letter_cons,291,0.430745
letter_cons,292,0.426147
letter_cons,293,0.387073
letter_cons,294,0.454311
letter_cons,295,0.437088
letter_cons,296,0.384365
letter_cons,297,0.334941
letter_cons,298,0.411789
letter_cons,299,0.379955
letter_cons,300,0.408811
letter_cons,301,0.497048
letter_cons,302,0.340797
letter_cons,303,0.365534
letter_cons,304,0.407298
letter_cons,305,0.365657
letter_cons,306,0.375226
letter_cons,307,0.359046
letter_cons,308,0.373579
letter_cons,309,0.415803
letter_cons,310,0.513185
letter_cons,311,0.430748
letter_cons,312,0.352471
letter_cons,313,0.413392
letter_cons,314,0.381813
letter_cons,315,0.466979
letter_cons,316,0.410146
letter_cons,317,0.355379
letter_cons,318,0.421586
letter_cons,319,0.382688
letter_cons,320,0.404010
letter_cons,321,0.374491
letter_cons,322,0.466628
letter_cons,323,0.463523
letter_cons,324,0.474522
letter_cons,325,0.414997
letter_cons,326,0.421033
letter_cons,327,0.336740
letter_cons,328,0.385332
letter_cons,329,0.390738
letter_cons,330,0.427641
letter_cons,331,0.355860
letter_cons,332,0.384913
letter_cons,333,0.373015
letter_cons,334,0.354484
letter_cons,335,0.423460
letter_cons,336,0.428509
letter_cons,337,0.378768
letter_cons,338,0.395074
letter_cons,339,0.434350
letter_cons,340,0.369561
letter_cons,341,0.387848
letter_cons,342,0.351749
letter_cons,343,0.465181
letter_cons,344,0.380835
letter_cons,345,0.434617
letter_cons,346,0.377371
letter_cons,347,0.398470
letter_cons,348,0.493450
letter_cons,349,0.399660
letter_cons,350,0.445122
letter_cons,351,0.447723
letter_cons,352,0.366192
letter_cons,353,0.388691
letter_cons,354,0.365213
letter_cons,355,0.428934
letter_cons,356,0.401634
letter_cons,357,0.373278
letter_cons,358,0.425700
letter_cons,359,0.409865
letter_cons,360,0.457249
letter_cons,361,0.452496
letter_cons,362,0.401486
letter_cons,363,0.362483
letter_cons,364,0.456119
letter_cons,365,0.450531
letter_cons,366,0.370728
letter_cons,367,0.422579
letter_cons,368,0.418207
letter_cons,369,0.344172
letter_cons,370,0.443212
letter_cons,371,0.394722
letter_cons,372,0.474809
letter_cons,373,0.369751
letter_cons,374,0.335581
letter_cons,375,0.431265
letter_cons,376,0.363264
letter_cons,377,0.374631
letter_cons,378,0.354550
letter_cons,379,0.341163
letter_cons,380,0.402695
letter_cons,381,0.356087
letter_cons,382,0.460907
letter_cons,383,0.420351
letter_cons,384,0.423786
letter_cons,385,0.438759
letter_cons,386,0.479861
letter_cons,387,0.330610
letter_cons,388,0.404439
letter_cons,389,0.393054
letter_cons,390,0.412638
letter_cons,391,0.399224
letter_cons,392,0.417085
letter_cons,393,0.385698
letter_cons,394,0.386529
letter_cons,395,0.397703
letter_cons,396,0.379431
letter_cons,397,0.400677
letter_cons,398,0.318944
letter_cons,399,0.397403
letter_cons,400,0.407989
letter_cons,401,0.401552
letter_cons,402,0.368955
letter_cons,403,0.424812
letter_cons,404,0.334576
letter_cons,405,0.427544
letter_cons,406,0.361692
letter_cons,407,0.481584
letter_cons,408,0.323146
letter_cons,409,0.381854
letter_cons,410,0.362727
letter_cons,411,0.452227
letter_cons,412,0.462092
letter_cons,413,0.358633
letter_cons,414,0.420748
letter_cons,415,0.448793
letter_cons,416,0.436105
letter_cons,417,0.351008
letter_cons,418,0.491689
letter_cons,419,0.349046
letter_cons,420,0.449452
letter_cons,421,0.324150
letter_cons,422,0.375849
letter_cons,423,0.419764
letter_cons,424,0.420810
letter_cons,425,0.427952
letter_cons,426,0.322928
letter_cons,427,0.461724
letter_cons,428,0.354537
letter_cons,429,0.382572
letter_cons,430,0.354828
letter_cons,431,0.394238
letter_cons,432,0.400908
letter_cons,433,0.375809
letter_cons,434,0.342534
letter_cons,435,0.453754
letter_cons,436,0.363730
letter_cons,437,0.429397
letter_cons,438,0.371767
letter_cons,439,0.372147
letter_cons,440,0.377849
letter_cons,441,0.391122
letter_cons,442,0.405710
letter_cons,443,0.379116
letter_cons,444,0.374754
letter_cons,445,0.447213
letter_cons,446,0.397378
letter_cons,447,0.433987
letter_cons,448,0.401091
letter_cons,449,0.499931
letter_cons,450,0.457920
letter_cons,451,0.381628
letter_cons,452,0.392654
letter_cons,453,0.381211
letter_cons,454,0.376417
letter_cons,455,0.374521
letter_cons,456,0.383179
letter_cons,457,0.329463
letter_cons,458,0.426131
letter_cons,459,0.428120
letter_cons,460,0.460463
letter_cons,461,0.401619
letter_cons,462,0.362815
letter_cons,463,0.343679
letter_cons,464,0.396231
letter_cons,465,0.342589
letter_cons,466,0.388846
letter_cons,467,0.451012
letter_cons,468,0.330349
letter_cons,469,0.423716
letter_cons,470,0.470304
letter_cons,471,0.351200
letter_cons,472,0.361774
letter_cons,473,0.438078
letter_cons,474,0.391636
letter_cons,475,0.349506
letter_cons,476,0.385367
letter_cons,477,0.431037
letter_cons,478,0.421135
letter_cons,479,0.355231
letter_cons,480,0.400775
letter_cons,481,0.405087
letter_cons,482,0.391779
letter_cons,483,0.416265
letter_cons,484,0.436796
letter_cons,485,0.400768
letter_cons,486,0.306698
letter_cons,487,0.453514
letter_cons,488,0.395203
letter_cons,489,0.446990
letter_cons,490,0.469723
letter_cons,491,0.369277
letter_cons,492,0.531752
letter_cons,493,0.371893
letter_cons,494,0.423403
letter_cons,495,0.365719
letter_cons,496,0.389518
letter_cons,497,0.396280
letter_cons,498,0.369861
letter_cons,499,0.418271
letter_cons,500,0.454390
letter_cons,501,0.360500
letter_cons,502,0.380919
letter_cons,503,0.410134
letter_cons,504,0.396774
letter_cons,505,0.461683
letter_cons,506,0.350332
letter_cons,507,0.437805
letter_cons,508,0.378053
letter_cons,509,0.524942
letter_cons,510,0.501927
letter_cons,511,0.361339
letter_cons,512,0.401364
letter_cons,513,0.477364
letter_cons,514,0.424437
letter_cons,515,0.419568
letter_cons,516,0.326701
letter_cons,517,0.462110
letter_cons,518,0.354550
letter_cons,519,0.480405
letter_cons,520,0.451338
letter_cons,521,0.359410
letter_cons,522,0.391669
letter_cons,523,0.414526
letter_cons,524,0.491951
letter_cons,525,0.433901
letter_cons,526,0.441700
letter_cons,527,0.390249
letter_cons,528,0.380040
letter_cons,529,0.379663
letter_cons,530,0.432021
letter_cons,531,0.385742
letter_cons,532,0.401636
letter_cons,533,0.392248
letter_cons,534,0.332154
letter_cons,535,0.363889
letter_cons,536,0.429238
letter_cons,537,0.414194
letter_cons,538,0.378592
letter_cons,539,0.427602
letter_cons,540,0.424432
letter_cons,541,0.454666
letter_cons,542,0.356481
letter_cons,543,0.423853
letter_cons,544,0.344100
letter_cons,545,0.402707
letter_cons,546,0.413344
letter_cons,547,0.362771
letter_cons,548,0.419902
letter_cons,549,0.370173
letter_cons,550,0.382263
letter_cons,551,0.428961
letter_cons,552,0.367843
letter_cons,553,0.426206
letter_cons,554,0.394134
letter_cons,555,0.368646
letter_cons,556,0.382880
letter_cons,557,0.362100
letter_cons,558,0.347317
letter_cons,559,0.434990
letter_cons,560,0.401188
letter_cons,561,0.439079
letter_cons,562,0.429053
letter_cons,563,0.339282
letter_cons,564,0.515857
letter_cons,565,0.466871
letter_cons,566,0.393873
letter_cons,567,0.409719
letter_cons,568,0.419149
letter_cons,569,0.390926
letter_cons,570,0.377613
letter_cons,571,0.446724
letter_cons,572,0.394362
letter_cons,573,0.365869
letter_cons,574,0.454109
letter_cons,575,0.384028
letter_cons,576,0.392600
letter_cons,577,0.376988
letter_cons,578,0.399491
letter_cons,579,0.428907
letter_cons,580,0.321737
letter_cons,581,0.452171
letter_cons,582,0.482428
letter_cons,583,0.386387
letter_cons,584,0.420586
letter_cons,585,0.391366
letter_cons,586,0.386087
letter_cons,587,0.332388
letter_cons,588,0.450536
letter_cons,589,0.327968
letter_cons,590,0.439934
letter_cons,591,0.423891
letter_cons,592,0.415255
letter_cons,593,0.385661
letter_cons,594,0.422148
letter_cons,595,0.374355
letter_cons,596,0.345719
letter_cons,597,0.446451
letter_cons,598,0.469144
letter_cons,599,0.462609
letter_cons,600,0.377498
letter_cons,601,0.456191
letter_cons,602,0.379861
letter_cons,603,0.428243
letter_cons,604,0.377516
letter_cons,605,0.425702
letter_cons,606,0.449111
letter_cons,607,0.303005
letter_cons,608,0.467271
letter_cons,609,0.264370
letter_cons,610,0.390674
letter_cons,611,0.398087
letter_cons,612,0.391741
letter_cons,613,0.376231
letter_cons,614,0.425544
letter_cons,615,0.349810
letter_cons,616,0.384088
letter_cons,617,0.381233
letter_cons,618,0.408617
letter_cons,619,0.397724
letter_cons,620,0.432663
letter_cons,621,0.419222
letter_cons,622,0.407037
letter_cons,623,0.393634
letter_cons,624,0.364670
letter_cons,625,0.417231
letter_cons,626,0.392175
letter_cons,627,0.431951
letter_cons,628,0.408981
letter_cons,629,0.408571
letter_cons,630,0.366304
letter_cons,631,0.375167
letter_cons,632,0.402239
letter_cons,633,0.401170
letter_cons,634,0.415956
letter_cons,635,0.379819
letter_cons,636,0.391956
letter_cons,637,0.441461
letter_cons,638,0.373530
letter_cons,639,0.478296
letter_cons,640,0.391439
letter_cons,641,0.428208
letter_cons,642,0.363577
letter_cons,643,0.442172
letter_cons,644,0.429611
letter_cons,645,0.406716
letter_cons,646,0.465489
letter_cons,647,0.455821
letter_cons,648,0.406019
letter_cons,649,0.387824
letter_cons,650,0.438421
letter_cons,651,0.460542
letter_cons,652,0.325055
letter_cons,653,0.474294
letter_cons,654,0.418565
letter_cons,655,0.420972
letter_cons,656,0.350001
letter_cons,657,0.432172
letter_cons,658,0.330747
letter_cons,659,0.439369
letter_cons,660,0.363297
letter_cons,661,0.416488
letter_cons,662,0.389948
letter_cons,663,0.512013
letter_cons,664,0.342748
letter_cons,665,0.385359
letter_cons,666,0.379472
letter_cons,667,0.390898
letter_cons,668,0.385701
letter_cons,669,0.411532
letter_cons,670,0.365196
letter_cons,671,0.403955
letter_cons,672,0.410695
letter_cons,673,0.404946
letter_cons,674,0.367455
letter_cons,675,0.429861
letter_cons,676,0.394429
letter_cons,677,0.406638
letter_cons,678,0.353142
letter_cons,679,0.415057
letter_cons,680,0.393409
letter_cons,681,0.402352
letter_cons,682,0.396777
letter_cons,683,0.451044
letter_cons,684,0.373673
letter_cons,685,0.451618
letter_cons,686,0.387179
letter_cons,687,0.446365
letter_cons,688,0.361639
letter_cons,689,0.393901
letter_cons,690,0.460486
letter_cons,691,0.432467
letter_cons,692,0.437098
letter_cons,693,0.349158
letter_cons,694,0.412157
letter_cons,695,0.366147
letter_cons,696,0.471505
letter_cons,697,0.347920
letter_cons,698,0.371144
letter_cons,699,0.408061
letter_cons,700,0.359280
letter_cons,701,0.389187
letter_cons,702,0.367428
letter_cons,703,0.413578
letter_cons,704,0.404061
letter_cons,705,0.445506
letter_cons,706,0.458658
letter_cons,707,0.433314
letter_cons,708,0.436969
letter_cons,709,0.449487
letter_cons,710,0.410690
letter_cons,711,0.401397
letter_cons,712,0.392890
letter_cons,713,0.402502
letter_cons,714,0.451473
letter_cons,715,0.408975
letter_cons,716,0.415061
letter_cons,717,0.380035
letter_cons,718,0.367988
letter_cons,719,0.408945
letter_cons,720,0.400767
letter_cons,721,0.385557
letter_cons,722,0.433248
letter_cons,723,0.460945
letter_cons,724,0.400977
letter_cons,725,0.451212
letter_cons,726,0.408566
letter_cons,727,0.371827
letter_cons,728,0.437122
letter_cons,729,0.392440
letter_cons,730,0.372082
letter_cons,731,0.425954
letter_cons,732,0.364045
letter_cons,733,0.441750
letter_cons,734,0.352716
letter_cons,735,0.467494
letter_cons,736,0.366347
letter_cons,737,0.414537
letter_cons,738,0.376166
letter_cons,739,0.450615
letter_cons,740,0.378135
letter_cons,741,0.399895
letter_cons,742,0.360678
letter_cons,743,0.444566
letter_cons,744,0.350392
letter_cons,745,0.422705
letter_cons,746,0.410436
letter_cons,747,0.395015
letter_cons,748,0.378300
letter_cons,749,0.425742
letter_cons,750,0.378315
letter_cons,751,0.422803
letter_cons,752,0.354757
letter_cons,753,0.440918
letter_cons,754,0.437350
letter_cons,755,0.342209
letter_cons,756,0.399688
letter_cons,757,0.377470
letter_cons,758,0.424298
letter_cons,759,0.400662
letter_cons,760,0.325684
letter_cons,761,0.436482
letter_cons,762,0.338311
letter_cons,763,0.412266
letter_cons,764,0.423203
letter_cons,765,0.492845
letter_cons,766,0.404945
letter_cons,767,0.395531
letter_cons,768,0.438800
letter_cons,769,0.429182
letter_cons,770,0.410050
letter_cons,771,0.413838
letter_cons,772,0.483122
letter_cons,773,0.294923
letter_cons,774,0.388278
letter_cons,775,0.370443
letter_cons,776,0.454818
letter_cons,777,0.417109
letter_cons,778,0.485855
letter_cons,779,0.363811
letter_cons,780,0.468582
letter_cons,781,0.323669
letter_cons,782,0.390926
letter_cons,783,0.386261
letter_cons,784,0.447225
letter_cons,785,0.444257
letter_cons,786,0.391826
letter_cons,787,0.329842
letter_cons,788,0.408172
letter_cons,789,0.437886
letter_cons,790,0.464663
letter_cons,791,0.391900
letter_cons,792,0.421444
letter_cons,793,0.381687
letter_cons,794,0.453897
letter_cons,795,0.422497
letter_cons,796,0.419514
letter_cons,797,0.422821
letter_cons,798,0.352284
letter_cons,799,0.445669
letter_cons,800,0.400426
letter_cons,801,0.415155
letter_cons,802,0.388289
letter_cons,803,0.361172
letter_cons,804,0.399115
letter_cons,805,0.328415
letter_cons,806,0.418782
letter_cons,807,0.455350
letter_cons,808,0.356780
letter_cons,809,0.429205
letter_cons,810,0.449253
letter_cons,811,0.336973
letter_cons,812,0.410959
letter_cons,813,0.401140
letter_cons,814,0.388411
letter_cons,815,0.423584
letter_cons,816,0.349109
letter_cons,817,0.423505
letter_cons,818,0.440478
letter_cons,819,0.362868
letter_cons,820,0.435611
letter_cons,821,0.369437
letter_cons,822,0.422741
letter_cons,823,0.398517
letter_cons,824,0.400292
letter_cons,825,0.441457
letter_cons,826,0.367739
letter_cons,827,0.370153
letter_cons,828,0.461087
letter_cons,829,0.334247
letter_cons,830,0.428532
letter_cons,831,0.364754
letter_cons,832,0.445427
letter_cons,833,0.485336
letter_cons,834,0.380389
letter_cons,835,0.403956
letter_cons,836,0.340511
letter_cons,837,0.412094
letter_cons,838,0.346334
letter_cons,839,0.462661
letter_cons,840,0.391938
letter_cons,841,0.400546
letter_cons,842,0.394420
letter_cons,843,0.376642
letter_cons,844,0.360143
letter_cons,845,0.418537
letter_cons,846,0.384260
letter_cons,847,0.408711
letter_cons,848,0.374551
letter_cons,849,0.390428
letter_cons,850,0.379883
letter_cons,851,0.370398
letter_cons,852,0.426061
letter_cons,853,0.366881
letter_cons,854,0.520073
letter_cons,855,0.373527
letter_cons,856,0.339288
letter_cons,857,0.429694
letter_cons,858,0.407361
letter_cons,859,0.401981
letter_cons,860,0.297557
letter_cons,861,0.455025
letter_cons,862,0.342901
letter_cons,863,0.408154
letter_cons,864,0.407077
letter_cons,865,0.376368
letter_cons,866,0.459285
letter_cons,867,0.454969
letter_cons,868,0.440482
letter_cons,869,0.391894
letter_cons,870,0.384217
letter_cons,871,0.406953
letter_cons,872,0.435144
letter_cons,873,0.396921
letter_cons,874,0.387060
letter_cons,875,0.384784
letter_cons,876,0.418121
letter_cons,877,0.413691
letter_cons,878,0.461449
letter_cons,879,0.369986
letter_cons,880,0.357821
letter_cons,881,0.512230
letter_cons,882,0.400886
letter_cons,883,0.461920
letter_cons,884,0.438863
letter_cons,885,0.408164
letter_cons,886,0.389593
letter_cons,887,0.421887
letter_cons,888,0.443496
letter_cons,889,0.429170
letter_cons,890,0.406747
letter_cons,891,0.338595
letter_cons,892,0.442306
letter_cons,893,0.339937
letter_cons,894,0.450893
letter_cons,895,0.385847
letter_cons,896,0.372095
letter_cons,897,0.374320
letter_cons,898,0.383714
letter_cons,899,0.447494
letter_cons,900,0.389691
letter_cons,901,0.433040
letter_cons,902,0.393922
letter_cons,903,0.409132
letter_cons,904,0.387623
letter_cons,905,0.426702
letter_cons,906,0.388078
letter_cons,907,0.369250
letter_cons,908,0.430341
letter_cons,909,0.342828
letter_cons,910,0.361674
letter_cons,911,0.430466
letter_cons,912,0.358070
letter_cons,913,0.349463
letter_cons,914,0.396490
letter_cons,915,0.408026
letter_cons,916,0.418725
letter_cons,917,0.414673
letter_cons,918,0.515675
letter_cons,919,0.425102
letter_cons,920,0.375723
letter_cons,921,0.376329
letter_cons,922,0.436775
letter_cons,923,0.363119
letter_cons,924,0.447485
letter_cons,925,0.370784
letter_cons,926,0.349299
letter_cons,927,0.390611
letter_cons,928,0.471416
letter_cons,929,0.365133
letter_cons,930,0.367636
letter_cons,931,0.388334
letter_cons,932,0.373961
letter_cons,933,0.420507
letter_cons,934,0.394126
letter_cons,935,0.470988
letter_cons,936,0.408912
letter_cons,937,0.382275
letter_cons,938,0.367782
letter_cons,939,0.421483
letter_cons,940,0.430417
letter_cons,941,0.378954
letter_cons,942,0.452552
letter_cons,943,0.354668
letter_cons,944,0.498203
letter_cons,945,0.386811
letter_cons,946,0.397061
letter_cons,947,0.379683
letter_cons,948,0.381716
letter_cons,949,0.324642
letter_cons,950,0.413972
letter_cons,951,0.399151
letter_cons,952,0.392709
letter_cons,953,0.395932
letter_cons,954,0.368990
letter_cons,955,0.377732
letter_cons,956,0.385417
letter_cons,957,0.391253
letter_cons,958,0.330717
letter_cons,959,0.437705
letter_cons,960,0.351561
letter_cons,961,0.431497
letter_cons,962,0.385453
letter_cons,963,0.397044
letter_cons,964,0.391244
letter_cons,965,0.364854
letter_cons,966,0.361166
letter_cons,967,0.472600
letter_cons,968,0.379934
letter_cons,969,0.385872
letter_cons,970,0.390558
letter_cons,971,0.368547
letter_cons,972,0.401791
letter_cons,973,0.475257
letter_cons,974,0.369576
letter_cons,975,0.419029
letter_cons,976,0.376307
letter_cons,977,0.367960
letter_cons,978,0.365162
letter_cons,979,0.336289
letter_cons,980,0.416312
letter_cons,981,0.420334
letter_cons,982,0.362508
letter_cons,983,0.387082
letter_cons,984,0.324318
letter_cons,985,0.350790
letter_cons,986,0.378539
letter_cons,987,0.357892
letter_cons,988,0.437325
letter_cons,989,0.401004
letter_cons,990,0.402641
letter_cons,991,0.376885
letter_cons,992,0.469817
letter_cons,993,0.324544
letter_cons,994,0.419452
letter_cons,995,0.380849
letter_cons,996,0.410534
letter_cons,997,0.424850
letter_cons,998,0.375617
letter_cons,999,0.377646
letter_cons,1000,0.381516
letter_cons,1001,0.402946
letter_cons,1002,0.403733
letter_cons,1003,0.411409
letter_cons,1004,0.415427
letter_cons,1005,0.410207
letter_cons,1006,0.415588
letter_cons,1007,0.307612
letter_cons,1008,0.405771
letter_cons,1009,0.316868
letter_cons,1010,0.343430
letter_cons,1011,0.396114
letter_cons,1012,0.353602
letter_cons,1013,0.384781
letter_cons,1014,0.363154
letter_cons,1015,0.396588
letter_cons,1016,0.347256
letter_cons,1017,0.394156
letter_cons,1018,0.478987
letter_cons,1019,0.379530
letter_cons,1020,0.500330
letter_cons,1021,0.326837
letter_cons,1022,0.454777
letter_cons,1023,0.386244
letter_cons,1024,0.401919
letter_cons,1025,0.401737
letter_cons,1026,0.447182
letter_cons,1027,0.425254
letter_cons,1028,0.430485
letter_cons,1029,0.375107
letter_cons,1030,0.385093
letter_cons,1031,0.426500
letter_cons,1032,0.386620
letter_cons,1033,0.384824
letter_cons,1034,0.420186
letter_cons,1035,0.401535
letter_cons,1036,0.344136
letter_cons,1037,0.389613
letter_cons,1038,0.403682
letter_cons,1039,0.356215
letter_cons,1040,0.417329
letter_cons,1041,0.313845
letter_cons,1042,0.448092
letter_cons,1043,0.334883
letter_cons,1044,0.420581
letter_cons,1045,0.359899
letter_cons,1046,0.391947
letter_cons,1047,0.415174
letter_cons,1048,0.437369
letter_cons,1049,0.411948
letter_cons,1050,0.416769
letter_cons,1051,0.428727
letter_cons,1052,0.400213
letter_cons,1053,0.411431
letter_cons,1054,0.433310
letter_cons,1055,0.356949
letter_cons,1056,0.435014
letter_cons,1057,0.430516
letter_cons,1058,0.316351
letter_cons,1059,0.431657
letter_cons,1060,0.426672
letter_cons,1061,0.412993
letter_cons,1062,0.333776
letter_cons,1063,0.322016
letter_cons,1064,0.365452
letter_cons,1065,0.404497
letter_cons,1066,0.371604
letter_cons,1067,0.348407
letter_cons,1068,0.396517
letter_cons,1069,0.409504
letter_cons,1070,0.330093
letter_cons,1071,0.467009
letter_cons,1072,0.412029
letter_cons,1073,0.423473
letter_cons,1074,0.460631
letter_cons,1075,0.404606
letter_cons,1076,0.392247
letter_cons,1077,0.357113
letter_cons,1078,0.405144
letter_cons,1079,0.462431
letter_cons,1080,0.355960
letter_cons,1081,0.467882
letter_cons,1082,0.322402
letter_cons,1083,0.418395
letter_cons,1084,0.357115
letter_cons,1085,0.337806
letter_cons,1086,0.344169
letter_cons,1087,0.392889
letter_cons,1088,0.385011
letter_cons,1089,0.385365
letter_cons,1090,0.299064
letter_cons,1091,0.496113
letter_cons,1092,0.381423
letter_cons,1093,0.426780
letter_cons,1094,0.455269
letter_cons,1095,0.447023
letter_cons,1096,0.424510
letter_cons,1097,0.451732
letter_cons,1098,0.371468
letter_cons,1099,0.405729
letter_cons,1100,0.378770
letter_cons,1101,0.388106
letter_cons,1102,0.454465
letter_cons,1103,0.367656
letter_cons,1104,0.371605
letter_cons,1105,0.424715
letter_cons,1106,0.360901
letter_cons,1107,0.373017
letter_cons,1108,0.475201
letter_cons,1109,0.422442
letter_cons,1110,0.394793
letter_cons,1111,0.531433
letter_cons,1112,0.391937
letter_cons,1113,0.384705
letter_cons,1114,0.409135
letter_cons,1115,0.407149
letter_cons,1116,0.431507
letter_cons,1117,0.389935
letter_cons,1118,0.419462
letter_cons,1119,0.470933
letter_cons,1120,0.326215
letter_cons,1121,0.378294
letter_cons,1122,0.391364
letter_cons,1123,0.353553
letter_cons,1124,0.401700
letter_cons,1125,0.400964
letter_cons,1126,0.311500
letter_cons,1127,0.449730
letter_cons,1128,0.347307
letter_cons,1129,0.425734
letter_cons,1130,0.385100
letter_cons,1131,0.488634
letter_cons,1132,0.374597
letter_cons,1133,0.429819
letter_cons,1134,0.415797
letter_cons,1135,0.428162
letter_cons,1136,0.419606
letter_cons,1137,0.431282
letter_cons,1138,0.422221
letter_cons,1139,0.325671
letter_cons,1140,0.381809
letter_cons,1141,0.356041
letter_cons,1142,0.395410
letter_cons,1143,0.383002
letter_cons,1144,0.363141
letter_cons,1145,0.400935
letter_cons,1146,0.317946
letter_cons,1147,0.380324
letter_cons,1148,0.426105
letter_cons,1149,0.328195
letter_cons,1150,0.422475
letter_cons,1151,0.303059
letter_cons,1152,0.449156
letter_cons,1153,0.399787
letter_cons,1154,0.397656
letter_cons,1155,0.466510
letter_cons,1156,0.369595
letter_cons,1157,0.423299
letter_cons,1158,0.383747
letter_cons,1159,0.399371
letter_cons,1160,0.382391
letter_cons,1161,0.352077
letter_cons,1162,0.395158
letter_cons,1163,0.423485
letter_cons,1164,0.397022
letter_cons,1165,0.367202
letter_cons,1166,0.392869
letter_cons,1167,0.318926
letter_cons,1168,0.374472
letter_cons,1169,0.418683
letter_cons,1170,0.435756
letter_cons,1171,0.374966
letter_cons,1172,0.300866
letter_cons,1173,0.408523
letter_cons,1174,0.396581
letter_cons,1175,0.435084
letter_cons,1176,0.390805
letter_cons,1177,0.336107
letter_cons,1178,0.475262
letter_cons,1179,0.300543
letter_cons,1180,0.425270
letter_cons,1181,0.326039
letter_cons,1182,0.368952
letter_cons,1183,0.391865
letter_cons,1184,0.488846
letter_cons,1185,0.509430
letter_cons,1186,0.453713
letter_cons,1187,0.402645
letter_cons,1188,0.406948
letter_cons,1189,0.379564
letter_cons,1190,0.305642
letter_cons,1191,0.426794
letter_cons,1192,0.396718
letter_cons,1193,0.391170
letter_cons,1194,0.423585
letter_cons,1195,0.351714
letter_cons,1196,0.427515
letter_cons,1197,0.382227
letter_cons,1198,0.392161
letter_cons,1199,0.350356
letter_cons,1200,0.427769
letter_cons,1201,0.475698
letter_cons,1202,0.365504
letter_cons,1203,0.353508
letter_cons,1204,0.437625
letter_cons,1205,0.372169
letter_cons,1206,0.419307
letter_cons,1207,0.451582
letter_cons,1208,0.364068
letter_cons,1209,0.387239
letter_cons,1210,0.430726
letter_cons,1211,0.447192
letter_cons,1212,0.391403
letter_cons,1213,0.354275
letter_cons,1214,0.472543
letter_cons,1215,0.407915
letter_cons,1216,0.383433
letter_cons,1217,0.414409
letter_cons,1218,0.364806
letter_cons,1219,0.445181
letter_cons,1220,0.361550
letter_cons,1221,0.350160
letter_cons,1222,0.425620
letter_cons,1223,0.402796
letter_cons,1224,0.380764
letter_cons,1225,0.477225
letter_cons,1226,0.425314
letter_cons,1227,0.377616
letter_cons,1228,0.444156
letter_cons,1229,0.334694
letter_cons,1230,0.387483
letter_cons,1231,0.450808
letter_cons,1232,0.385825
letter_cons,1233,0.384734
letter_cons,1234,0.441838
letter_cons,1235,0.372720
letter_cons,1236,0.369203
letter_cons,1237,0.298469
letter_cons,1238,0.335907
letter_cons,1239,0.372551
letter_cons,1240,0.393542
letter_cons,1241,0.447234
letter_cons,1242,0.319366
letter_cons,1243,0.370599
letter_cons,1244,0.446295
letter_cons,1245,0.363306
letter_cons,1246,0.360617
letter_cons,1247,0.420304
letter_cons,1248,0.416485
letter_cons,1249,0.405246
letter_cons,1250,0.425779
letter_cons,1251,0.414801
letter_cons,1252,0.414850
letter_cons,1253,0.327052
letter_cons,1254,0.430480
letter_cons,1255,0.385222
letter_cons,1256,0.373469
letter_cons,1257,0.409355
letter_cons,1258,0.304100
letter_cons,1259,0.394287
letter_cons,1260,0.413447
letter_cons,1261,0.371957
letter_cons,1262,0.448504
letter_cons,1263,0.327675
letter_cons,1264,0.322430
letter_cons,1265,0.435267
letter_cons,1266,0.382975
letter_cons,1267,0.430620
letter_cons,1268,0.355622
letter_cons,1269,0.428114
letter_cons,1270,0.468940
letter_cons,1271,0.416578
letter_cons,1272,0.397055
letter_cons,1273,0.399670
letter_cons,1274,0.433040
letter_cons,1275,0.388328
letter_cons,1276,0.398477
letter_cons,1277,0.487675
letter_cons,1278,0.389575
letter_cons,1279,0.365053
letter_cons,1280,0.387754
letter_cons,1281,0.439481
letter_cons,1282,0.407845
letter_cons,1283,0.354318
letter_cons,1284,0.423681
letter_cons,1285,0.396510
letter_cons,1286,0.418998
letter_cons,1287,0.435012
letter_cons,1288,0.372138
letter_cons,1289,0.378981
letter_cons,1290,0.424903
letter_cons,1291,0.406050
letter_cons,1292,0.363866
letter_cons,1293,0.387807
letter_cons,1294,0.467887
letter_cons,1295,0.386541
letter_cons,1296,0.377051
letter_cons,1297,0.451559
letter_cons,1298,0.379165
letter_cons,1299,0.373422
letter_cons,1300,0.420195
letter_cons,1301,0.381297
letter_cons,1302,0.429190
letter_cons,1303,0.431778
letter_cons,1304,0.480302
letter_cons,1305,0.485962
letter_cons,1306,0.338314
letter_cons,1307,0.448584
letter_cons,1308,0.409675
letter_cons,1309,0.361071
letter_cons,1310,0.389800
letter_cons,1311,0.361657
letter_cons,1312,0.410795
letter_cons,1313,0.448402
letter_cons,1314,0.421661
letter_cons,1315,0.368679
letter_cons,1316,0.383634
letter_cons,1317,0.361706
letter_cons,1318,0.386910
letter_cons,1319,0.383877
letter_cons,1320,0.382132
letter_cons,1321,0.372244
letter_cons,1322,0.361971
letter_cons,1323,0.353331
letter_cons,1324,0.462369
letter_cons,1325,0.364757
letter_cons,1326,0.348545
letter_cons,1327,0.346815
letter_cons,1328,0.381595
letter_cons,1329,0.354849
letter_cons,1330,0.409641
letter_cons,1331,0.369197
letter_cons,1332,0.453568
letter_cons,1333,0.337673
letter_cons,1334,0.407566
letter_cons,1335,0.380555
letter_cons,1336,0.399527
letter_cons,1337,0.388525
letter_cons,1338,0.402544
letter_cons,1339,0.437130
letter_cons,1340,0.350197
letter_cons,1341,0.436735
letter_cons,1342,0.340184
letter_cons,1343,0.446987
letter_cons,1344,0.456552
letter_cons,1345,0.494946
letter_cons,1346,0.272972
letter_cons,1347,0.417177
letter_cons,1348,0.376565
letter_cons,1349,0.344668
letter_cons,1350,0.421903
letter_cons,1351,0.394753
letter_cons,1352,0.348347
letter_cons,1353,0.347894
letter_cons,1354,0.369129
letter_cons,1355,0.453997
letter_cons,1356,0.384051
letter_cons,1357,0.411335
letter_cons,1358,0.385590
letter_cons,1359,0.408697
letter_cons,1360,0.427358
letter_cons,1361,0.309183
letter_cons,1362,0.483267
letter_cons,1363,0.328212
letter_cons,1364,0.397390
letter_cons,1365,0.305624
letter_cons,1366,0.450330
letter_cons,1367,0.434175
letter_cons,1368,0.430480
letter_cons,1369,0.380126
letter_cons,1370,0.357798
letter_cons,1371,0.367796
letter_cons,1372,0.414030
letter_cons,1373,0.423193
letter_cons,1374,0.428093
letter_cons,1375,0.380196
letter_cons,1376,0.391235
letter_cons,1377,0.460035
letter_cons,1378,0.407079
letter_cons,1379,0.422071
letter_cons,1380,0.465314
letter_cons,1381,0.373967
letter_cons,1382,0.376546
letter_cons,1383,0.367214
letter_cons,1384,0.413048
letter_cons,1385,0.393425
letter_cons,1386,0.379433
letter_cons,1387,0.429540
letter_cons,1388,0.363823
letter_cons,1389,0.386470
letter_cons,1390,0.421382
letter_cons,1391,0.402155
letter_cons,1392,0.396670
letter_cons,1393,0.359566
letter_cons,1394,0.432600
letter_cons,1395,0.405009
letter_cons,1396,0.423855
letter_cons,1397,0.369487
letter_cons,1398,0.377220
letter_cons,1399,0.452637
letter_cons,1400,0.389819
letter_cons,1401,0.402278
letter_cons,1402,0.404758
letter_cons,1403,0.386846
letter_cons,1404,0.335698
letter_cons,1405,0.395718
letter_cons,1406,0.378993
letter_cons,1407,0.418530
letter_cons,1408,0.384232
letter_cons,1409,0.400466
letter_cons,1410,0.426808
letter_cons,1411,0.462693
letter_cons,1412,0.350315
letter_cons,1413,0.452328
letter_cons,1414,0.405371
letter_cons,1415,0.310757
letter_cons,1416,0.321057
letter_cons,1417,0.402503
letter_cons,1418,0.397636
letter_cons,1419,0.370935
letter_cons,1420,0.407821
letter_cons,1421,0.381917
letter_cons,1422,0.439974
letter_cons,1423,0.367683
letter_cons,1424,0.404683
letter_cons,1425,0.381544
letter_cons,1426,0.339217
letter_cons,1427,0.428785
letter_cons,1428,0.405545
letter_cons,1429,0.340076
letter_cons,1430,0.480332
letter_cons,1431,0.432953
letter_cons,1432,0.481309
letter_cons,1433,0.437856
letter_cons,1434,0.328624
letter_cons,1435,0.439415
letter_cons,1436,0.394448
letter_cons,1437,0.404835
letter_cons,1438,0.405099
letter_cons,1439,0.483349
letter_cons,1440,0.414489
letter_cons,1441,0.419139
letter_cons,1442,0.379370
letter_cons,1443,0.406688
letter_cons,1444,0.471369
letter_cons,1445,0.332736
letter_cons,1446,0.454822
letter_cons,1447,0.429617
letter_cons,1448,0.421408
letter_cons,1449,0.437861
letter_cons,1450,0.383000
letter_cons,1451,0.418667
letter_cons,1452,0.347301
letter_cons,1453,0.383632
letter_cons,1454,0.459223
letter_cons,1455,0.375646
letter_cons,1456,0.393199
letter_cons,1457,0.419176
letter_cons,1458,0.417756
letter_cons,1459,0.459510
letter_cons,1460,0.417335
letter_cons,1461,0.428345
letter_cons,1462,0.438790
letter_cons,1463,0.406908
letter_cons,1464,0.380931
letter_cons,1465,0.494547
letter_cons,1466,0.340928
letter_cons,1467,0.421334
letter_cons,1468,0.408167
letter_cons,1469,0.383687
letter_cons,1470,0.434709
letter_cons,1471,0.338281
letter_cons,1472,0.376581
letter_cons,1473,0.370307
letter_cons,1474,0.398854
letter_cons,1475,0.407386
letter_cons,1476,0.382671
letter_cons,1477,0.309577
letter_cons,1478,0.445708
letter_cons,1479,0.325455
letter_cons,1480,0.444165
letter_cons,1481,0.395660
letter_cons,1482,0.388679
letter_cons,1483,0.328322
letter_cons,1484,0.351166
letter_cons,1485,0.371540
letter_cons,1486,0.421858
letter_cons,1487,0.299661
letter_cons,1488,0.360655
letter_cons,1489,0.288447
letter_cons,1490,0.371080
letter_cons,1491,0.343085
letter_cons,1492,0.361866
letter_cons,1493,0.403110
letter_cons,1494,0.422765
letter_cons,1495,0.376212
letter_cons,1496,0.405982
letter_cons,1497,0.397730
letter_cons,1498,0.432994
letter_cons,1499,0.355977
letter_cons,1500,0.363692
letter_cons,1501,0.383008
letter_cons,1502,0.435127
letter_cons,1503,0.359559
letter_cons,1504,0.432610
letter_cons,1505,0.360508
letter_cons,1506,0.441532
letter_cons,1507,0.393281
letter_cons,1508,0.386594
letter_cons,1509,0.387579
letter_cons,1510,0.398543
letter_cons,1511,0.341116
letter_cons,1512,0.397368
letter_cons,1513,0.423211
letter_cons,1514,0.318826
letter_cons,1515,0.430980
letter_cons,1516,0.421090
letter_cons,1517,0.351696
letter_cons,1518,0.400521
letter_cons,1519,0.325451
letter_cons,1520,0.446767
letter_cons,1521,0.384420
letter_cons,1522,0.394829
letter_cons,1523,0.451373
letter_cons,1524,0.379059
letter_cons,1525,0.370327
letter_cons,1526,0.385806
letter_cons,1527,0.384410
letter_cons,1528,0.383115
letter_cons,1529,0.399079
letter_cons,1530,0.365598
letter_cons,1531,0.369939
letter_cons,1532,0.470725
letter_cons,1533,0.348640
letter_cons,1534,0.427944
letter_cons,1535,0.380066
letter_cons,1536,0.449603
letter_cons,1537,0.351420
letter_cons,1538,0.388631
letter_cons,1539,0.352087
letter_cons,1540,0.414754
letter_cons,1541,0.409918
letter_cons,1542,0.363854
letter_cons,1543,0.411075
letter_cons,1544,0.416442
letter_cons,1545,0.364056
letter_cons,1546,0.346094
letter_cons,1547,0.373541
letter_cons,1548,0.461035
letter_cons,1549,0.343355
letter_cons,1550,0.321662
letter_cons,1551,0.332599
letter_cons,1552,0.444245
letter_cons,1553,0.410854
letter_cons,1554,0.355694
letter_cons,1555,0.416511
letter_cons,1556,0.361641
letter_cons,1557,0.328588
letter_cons,1558,0.373082
letter_cons,1559,0.370583
letter_cons,1560,0.401169
letter_cons,1561,0.388882
letter_cons,1562,0.397238
letter_cons,1563,0.418441
letter_cons,1564,0.371439
letter_cons,1565,0.423747
letter_cons,1566,0.394688
letter_cons,1567,0.445241
letter_cons,1568,0.390272
letter_cons,1569,0.399792
letter_cons,1570,0.356942
letter_cons,1571,0.384304
letter_cons,1572,0.379023
letter_cons,1573,0.414425
letter_cons,1574,0.416514
letter_cons,1575,0.420500
letter_cons,1576,0.425407
letter_cons,1577,0.419198
letter_cons,1578,0.417918
letter_cons,1579,0.393561
letter_cons,1580,0.356085
letter_cons,1581,0.388503
letter_cons,1582,0.426402
letter_cons,1583,0.429047
letter_cons,1584,0.363989
letter_cons,1585,0.323211
letter_cons,1586,0.435554
letter_cons,1587,0.377959
letter_cons,1588,0.436361
letter_cons,1589,0.326626
letter_cons,1590,0.435185
letter_cons,1591,0.430811
letter_cons,1592,0.403817
letter_cons,1593,0.417043
letter_cons,1594,0.391894
letter_cons,1595,0.347686
letter_cons,1596,0.451430
letter_cons,1597,0.339931
letter_cons,1598,0.406234
letter_cons,1599,0.390530
letter_cons,1600,0.405412
letter_cons,1601,0.372152
letter_cons,1602,0.396999
letter_cons,1603,0.411985
letter_cons,1604,0.366470
letter_cons,1605,0.400448
letter_cons,1606,0.384472
letter_cons,1607,0.415936
letter_cons,1608,0.403649
letter_cons,1609,0.380430
letter_cons,1610,0.439947
letter_cons,1611,0.403985
letter_cons,1612,0.351587
letter_cons,1613,0.405059
letter_cons,1614,0.394568
letter_cons,1615,0.375581
letter_cons,1616,0.418523
letter_cons,1617,0.376710
letter_cons,1618,0.437481
letter_cons,1619,0.428907
letter_cons,1620,0.408538
letter_cons,1621,0.409001
letter_cons,1622,0.328442
letter_cons,1623,0.409328
letter_cons,1624,0.327871
letter_cons,1625,0.443149
letter_cons,1626,0.441827
letter_cons,1627,0.345448
letter_cons,1628,0.465142
letter_cons,1629,0.381540
letter_cons,1630,0.405788
letter_cons,1631,0.386171
letter_cons,1632,0.448711
letter_cons,1633,0.400622
letter_cons,1634,0.422272
letter_cons,1635,0.479150
letter_cons,1636,0.342542
letter_cons,1637,0.514376
letter_cons,1638,0.363111
letter_cons,1639,0.380944
letter_cons,1640,0.397835
letter_cons,1641,0.423550
letter_cons,1642,0.375745
letter_cons,1643,0.387581
letter_cons,1644,0.427067
letter_cons,1645,0.409714
letter_cons,1646,0.389572
letter_cons,1647,0.397716
letter_cons,1648,0.377348
letter_cons,1649,0.392048
letter_cons,1650,0.388240
letter_cons,1651,0.391001
letter_cons,1652,0.391136
letter_cons,1653,0.334485
letter_cons,1654,0.421126
letter_cons,1655,0.388445
letter_cons,1656,0.263496
letter_cons,1657,0.404528
letter_cons,1658,0.378993
letter_cons,1659,0.361930
letter_cons,1660,0.358603
letter_cons,1661,0.363986
letter_cons,1662,0.417346
letter_cons,1663,0.443114
letter_cons,1664,0.429018
letter_cons,1665,0.377803
letter_cons,1666,0.370069
letter_cons,1667,0.459963
letter_cons,1668,0.346079
letter_cons,1669,0.457873
letter_cons,1670,0.391365
letter_cons,1671,0.462127
letter_cons,1672,0.471299
letter_cons,1673,0.298945
letter_cons,1674,0.436544
letter_cons,1675,0.368938
letter_cons,1676,0.410017
letter_cons,1677,0.408334
letter_cons,1678,0.387853
letter_cons,1679,0.425759
letter_cons,1680,0.350132
letter_cons,1681,0.440202
letter_cons,1682,0.363635
letter_cons,1683,0.416729
letter_cons,1684,0.373481
letter_cons,1685,0.367330
letter_cons,1686,0.409662
letter_cons,1687,0.394045
letter_cons,1688,0.408002
letter_cons,1689,0.385899
letter_cons,1690,0.371367
letter_cons,1691,0.395812
letter_cons,1692,0.385721
letter_cons,1693,0.434741
letter_cons,1694,0.407099
letter_cons,1695,0.435139
letter_cons,1696,0.387298
letter_cons,1697,0.407272
letter_cons,1698,0.367808
letter_cons,1699,0.430905
letter_cons,1700,0.440056
letter_cons,1701,0.332435
letter_cons,1702,0.366786
letter_cons,1703,0.415874
letter_cons,1704,0.389706
letter_cons,1705,0.334967
letter_cons,1706,0.407637
letter_cons,1707,0.391136
letter_cons,1708,0.435176
letter_cons,1709,0.396306
letter_cons,1710,0.374637
letter_cons,1711,0.395408
letter_cons,1712,0.439704
letter_cons,1713,0.374368
letter_cons,1714,0.433496
letter_cons,1715,0.460901
letter_cons,1716,0.336113
letter_cons,1717,0.413271
letter_cons,1718,0.431710
letter_cons,1719,0.364474
letter_cons,1720,0.419442
letter_cons,1721,0.438697
letter_cons,1722,0.391032
letter_cons,1723,0.354777
letter_cons,1724,0.348335
letter_cons,1725,0.375616
letter_cons,1726,0.400835
letter_cons,1727,0.361420
letter_cons,1728,0.411534
letter_cons,1729,0.366992
letter_cons,1730,0.388013
letter_cons,1731,0.307520
letter_cons,1732,0.440064
letter_cons,1733,0.335494
letter_cons,1734,0.373925
letter_cons,1735,0.396972
letter_cons,1736,0.326136
letter_cons,1737,0.382959
letter_cons,1738,0.355685
letter_cons,1739,0.404645
letter_cons,1740,0.405860
letter_cons,1741,0.417399
letter_cons,1742,0.304252
letter_cons,1743,0.429743
letter_cons,1744,0.367529
letter_cons,1745,0.490609
letter_cons,1746,0.409152
letter_cons,1747,0.446403
letter_cons,1748,0.347385
letter_cons,1749,0.402978
letter_cons,1750,0.409585
letter_cons,1751,0.373666
letter_cons,1752,0.417612
letter_cons,1753,0.371871
letter_cons,1754,0.445960
letter_cons,1755,0.346022
letter_cons,1756,0.428481
letter_cons,1757,0.397590
letter_cons,1758,0.391201
letter_cons,1759,0.408834
letter_cons,1760,0.423250
letter_cons,1761,0.343135
letter_cons,1762,0.347703
letter_cons,1763,0.379824
letter_cons,1764,0.362181
letter_cons,1765,0.354254
letter_cons,1766,0.418211
letter_cons,1767,0.403127
letter_cons,1768,0.340190
letter_cons,1769,0.378037
letter_cons,1770,0.382984
letter_cons,1771,0.359791
letter_cons,1772,0.401113
letter_cons,1773,0.398023
letter_cons,1774,0.376396
letter_cons,1775,0.427317
letter_cons,1776,0.359593
letter_cons,1777,0.381439
letter_cons,1778,0.417939
letter_cons,1779,0.391768
letter_cons,1780,0.404016
letter_cons,1781,0.384660
letter_cons,1782,0.398750
letter_cons,1783,0.408072
letter_cons,1784,0.425649
letter_cons,1785,0.377786
letter_cons,1786,0.433496
letter_cons,1787,0.321726
letter_cons,1788,0.468085
letter_cons,1789,0.381056
letter_cons,1790,0.401513
letter_cons,1791,0.387241
letter_cons,1792,0.430664
letter_cons,1793,0.411461
letter_cons,1794,0.407008
letter_cons,1795,0.368841
letter_cons,1796,0.403870
letter_cons,1797,0.374759
letter_cons,1798,0.409039
letter_cons,1799,0.360017
letter_cons,1800,0.370199
letter_cons,1801,0.363614
letter_cons,1802,0.391737
letter_cons,1803,0.376194
letter_cons,1804,0.356750
letter_cons,1805,0.438252
letter_cons,1806,0.359755
letter_cons,1807,0.376367
letter_cons,1808,0.430821
letter_cons,1809,0.426640
letter_cons,1810,0.429387
letter_cons,1811,0.396196
letter_cons,1812,0.338720
letter_cons,1813,0.439934
letter_cons,1814,0.345728
letter_cons,1815,0.432726
letter_cons,1816,0.370426
letter_cons,1817,0.386481
letter_cons,1818,0.361140
letter_cons,1819,0.357225
letter_cons,1820,0.400964
letter_cons,1821,0.395324
letter_cons,1822,0.330548
letter_cons,1823,0.369229
letter_cons,1824,0.352636
letter_cons,1825,0.372208
letter_cons,1826,0.407753
letter_cons,1827,0.391866
letter_cons,1828,0.367500
letter_cons,1829,0.416092
letter_cons,1830,0.426967
letter_cons,1831,0.368710
letter_cons,1832,0.397957
letter_cons,1833,0.398593
letter_cons,1834,0.421966
letter_cons,1835,0.381924
letter_cons,1836,0.420864
letter_cons,1837,0.354991
letter_cons,1838,0.432068
letter_cons,1839,0.321546
letter_cons,1840,0.437711
letter_cons,1841,0.351532
letter_cons,1842,0.367492
letter_cons,1843,0.440565
letter_cons,1844,0.385792
letter_cons,1845,0.402708
letter_cons,1846,0.330140
letter_cons,1847,0.397252
letter_cons,1848,0.414815
letter_cons,1849,0.380170
letter_cons,1850,0.403335
letter_cons,1851,0.361144
letter_cons,1852,0.468014
letter_cons,1853,0.377395
letter_cons,1854,0.458895
letter_cons,1855,0.277700
letter_cons,1856,0.405136
letter_cons,1857,0.360459
letter_cons,1858,0.355099
letter_cons,1859,0.374984
letter_cons,1860,0.385337
letter_cons,1861,0.428297
letter_cons,1862,0.437915
letter_cons,1863,0.472435
letter_cons,1864,0.393825
letter_cons,1865,0.346398
letter_cons,1866,0.467856
letter_cons,1867,0.365389
letter_cons,1868,0.356807
letter_cons,1869,0.460435
letter_cons,1870,0.362655
letter_cons,1871,0.489304
letter_cons,1872,0.379708
letter_cons,1873,0.468556
letter_cons,1874,0.344024
letter_cons,1875,0.363935
letter_cons,1876,0.402122
letter_cons,1877,0.438619
letter_cons,1878,0.399746
letter_cons,1879,0.517932
letter_cons,1880,0.384355
letter_cons,1881,0.430964
letter_cons,1882,0.393958
letter_cons,1883,0.323072
letter_cons,1884,0.416121
letter_cons,1885,0.327940
letter_cons,1886,0.386640
letter_cons,1887,0.424666
letter_cons,1888,0.343103
letter_cons,1889,0.376844
letter_cons,1890,0.354309
letter_cons,1891,0.348772
letter_cons,1892,0.397958
letter_cons,1893,0.342219
letter_cons,1894,0.429187
letter_cons,1895,0.434863
letter_cons,1896,0.432055
letter_cons,1897,0.417118
letter_cons,1898,0.430166
letter_cons,1899,0.422537
letter_cons,1900,0.436621
letter_cons,1901,0.364724
letter_cons,1902,0.394347
letter_cons,1903,0.347012
letter_cons,1904,0.398289
letter_cons,1905,0.445352
letter_cons,1906,0.355528
letter_cons,1907,0.435247
letter_cons,1908,0.352709
letter_cons,1909,0.410494
letter_cons,1910,0.404558
letter_cons,1911,0.389314
letter_cons,1912,0.399213
letter_cons,1913,0.359386
letter_cons,1914,0.378347
letter_cons,1915,0.429978
letter_cons,1916,0.397353
letter_cons,1917,0.395529
letter_cons,1918,0.390054
letter_cons,1919,0.442649
letter_cons,1920,0.340712
letter_cons,1921,0.408902
letter_cons,1922,0.433338
letter_cons,1923,0.405636
letter_cons,1924,0.381320
letter_cons,1925,0.463619
letter_cons,1926,0.382259
letter_cons,1927,0.427195
letter_cons,1928,0.401704
letter_cons,1929,0.366989
letter_cons,1930,0.385865
letter_cons,1931,0.396617
letter_cons,1932,0.412428
letter_cons,1933,0.391117
letter_cons,1934,0.447395
letter_cons,1935,0.373592
letter_cons,1936,0.364370
letter_cons,1937,0.381178
letter_cons,1938,0.400577
letter_cons,1939,0.372071
letter_cons,1940,0.386158
letter_cons,1941,0.374200
letter_cons,1942,0.408263
letter_cons,1943,0.421828
letter_cons,1944,0.365733
letter_cons,1945,0.399112
letter_cons,1946,0.388795
letter_cons,1947,0.428479
letter_cons,1948,0.363185
letter_cons,1949,0.395424
letter_cons,1950,0.435226
letter_cons,1951,0.428739
letter_cons,1952,0.493419
letter_cons,1953,0.380727
letter_cons,1954,0.425963
letter_cons,1955,0.403104
letter_cons,1956,0.384271
letter_cons,1957,0.409597
letter_cons,1958,0.386522
letter_cons,1959,0.358467
letter_cons,1960,0.437464
letter_cons,1961,0.432204
letter_cons,1962,0.430526
letter_cons,1963,0.357243
letter_cons,1964,0.417450
letter_cons,1965,0.389065
letter_cons,1966,0.458447
letter_cons,1967,0.413491
letter_cons,1968,0.424493
letter_cons,1969,0.362055
letter_cons,1970,0.407636
letter_cons,1971,0.439007
letter_cons,1972,0.370838
letter_cons,1973,0.412473
letter_cons,1974,0.329522
letter_cons,1975,0.459448
letter_cons,1976,0.458896
letter_cons,1977,0.375333
letter_cons,1978,0.392548
letter_cons,1979,0.360641
letter_cons,1980,0.398921
letter_cons,1981,0.356661
letter_cons,1982,0.375837
letter_cons,1983,0.335488
letter_cons,1984,0.411937
letter_cons,1985,0.414331
letter_cons,1986,0.458253
letter_cons,1987,0.386576
letter_cons,1988,0.314985
letter_cons,1989,0.383557
letter_cons,1990,0.471565
letter_cons,1991,0.355298
letter_cons,1992,0.452933
letter_cons,1993,0.349218
letter_cons,1994,0.445030
letter_cons,1995,0.366303
letter_cons,1996,0.372951
letter_cons,1997,0.394539
letter_cons,1998,0.391300
letter_cons,1999,0.437305
letter_cons,2000,0.317145
letter_cons,2001,0.306561
letter_cons,2002,0.280654
letter_cons,2003,0.347674
letter_cons,2004,0.494396
letter_cons,2005,0.487476
letter_cons,2006,0.323560
letter_cons,2007,0.364862
letter_cons,2008,0.410234
letter_cons,2009,0.373596
letter_cons,2010,0.387046
letter_cons,2011,0.387318
letter_cons,2012,0.381164
letter_cons,2013,0.480506
letter_cons,2014,0.414706
letter_cons,2015,0.415860
letter_cons,2016,0.402585
letter_cons,2017,0.376482
letter_cons,2018,0.443334
letter_cons,2019,0.359921
letter_cons,2020,0.449569
letter_cons,2021,0.446372
letter_cons,2022,0.476754
letter_cons,2023,0.312098
letter_cons,2024,0.404784
letter_cons,2025,0.339524
letter_cons,2026,0.403232
letter_cons,2027,0.395068
letter_cons,2028,0.376609
letter_cons,2029,0.468861
letter_cons,2030,0.401290
letter_cons,2031,0.470795
letter_cons,2032,0.438598
letter_cons,2033,0.413552
letter_cons,2034,0.437489
letter_cons,2035,0.438029
letter_cons,2036,0.426825
letter_cons,2037,0.465977
letter_cons,2038,0.431251
letter_cons,2039,0.347651
letter_cons,2040,0.431320
letter_cons,2041,0.390648
letter_cons,2042,0.385804
letter_cons,2043,0.345957
letter_cons,2044,0.400778
letter_cons,2045,0.508513
letter_cons,2046,0.313550
letter_cons,2047,0.370445
letter_cons,2048,0.318626
letter_cons,2049,0.460915
letter_cons,2050,0.400844
letter_cons,2051,0.370540
letter_cons,2052,0.409244
letter_cons,2053,0.403511
letter_cons,2054,0.448254
letter_cons,2055,0.390840
letter_cons,2056,0.392956
letter_cons,2057,0.355677
letter_cons,2058,0.450713
letter_cons,2059,0.380757
letter_cons,2060,0.417796
letter_cons,2061,0.451034
letter_cons,2062,0.426279
letter_cons,2063,0.425070
letter_cons,2064,0.505260
letter_cons,2065,0.428128
letter_cons,2066,0.417824
letter_cons,2067,0.376995
letter_cons,2068,0.440032
letter_cons,2069,0.356467
letter_cons,2070,0.369657
letter_cons,2071,0.375614
letter_cons,2072,0.417599
letter_cons,2073,0.392905
letter_cons,2074,0.360353
letter_cons,2075,0.343120
letter_cons,2076,0.376812
letter_cons,2077,0.347674
letter_cons,2078,0.345141
letter_cons,2079,0.444354
letter_cons,2080,0.349898
letter_cons,2081,0.498315
letter_cons,2082,0.375095
letter_cons,2083,0.425787
letter_cons,2084,0.374381
letter_cons,2085,0.379012
letter_cons,2086,0.419686
letter_cons,2087,0.410784
letter_cons,2088,0.351823
letter_cons,2089,0.411358
letter_cons,2090,0.331541
letter_cons,2091,0.458991
letter_cons,2092,0.447102
letter_cons,2093,0.398868
letter_cons,2094,0.432536
letter_cons,2095,0.452564
letter_cons,2096,0.381764
letter_cons,2097,0.439627
letter_cons,2098,0.415072
letter_cons,2099,0.396133
letter_cons,2100,0.392399
letter_cons,2101,0.418068
letter_cons,2102,0.433631
letter_cons,2103,0.397175
letter_cons,2104,0.430777
letter_cons,2105,0.345814
letter_cons,2106,0.329026
letter_cons,2107,0.525222
letter_cons,2108,0.365250
letter_cons,2109,0.425559
letter_cons,2110,0.366983
letter_cons,2111,0.395790
letter_cons,2112,0.351506
letter_cons,2113,0.397325
letter_cons,2114,0.390122
letter_cons,2115,0.386458
letter_cons,2116,0.392749
letter_cons,2117,0.372790
letter_cons,2118,0.473588
letter_cons,2119,0.396720
letter_cons,2120,0.406337
letter_cons,2121,0.340241
letter_cons,2122,0.406853
letter_cons,2123,0.362214
letter_cons,2124,0.446213
letter_cons,2125,0.375763
letter_cons,2126,0.420464
letter_cons,2127,0.411884
letter_cons,2128,0.347904
letter_cons,2129,0.392465
letter_cons,2130,0.371317
letter_cons,2131,0.351864
letter_cons,2132,0.324561
letter_cons,2133,0.387242
letter_cons,2134,0.376713
letter_cons,2135,0.391022
letter_cons,2136,0.378604
letter_cons,2137,0.363384
letter_cons,2138,0.333981
letter_cons,2139,0.395080
letter_cons,2140,0.485664
letter_cons,2141,0.450025
letter_cons,2142,0.410972
letter_cons,2143,0.412426
letter_cons,2144,0.381498
letter_cons,2145,0.420635
letter_cons,2146,0.444107
letter_cons,2147,0.323668
letter_cons,2148,0.418697
letter_cons,2149,0.379011
letter_cons,2150,0.431545
letter_cons,2151,0.406028
letter_cons,2152,0.358388
letter_cons,2153,0.403574
letter_cons,2154,0.434737
letter_cons,2155,0.418888
letter_cons,2156,0.370440
letter_cons,2157,0.397255
letter_cons,2158,0.421531
letter_cons,2159,0.344559
letter_cons,2160,0.351019
letter_cons,2161,0.435532
letter_cons,2162,0.469087
letter_cons,2163,0.348288
letter_cons,2164,0.404718
letter_cons,2165,0.442374
letter_cons,2166,0.397805
letter_cons,2167,0.444015
letter_cons,2168,0.402394
letter_cons,2169,0.435970
letter_cons,2170,0.366796
letter_cons,2171,0.409673
letter_cons,2172,0.409153
letter_cons,2173,0.389806
letter_cons,2174,0.455490
letter_cons,2175,0.371437
letter_cons,2176,0.374781
letter_cons,2177,0.401297
letter_cons,2178,0.443640
letter_cons,2179,0.334446
letter_cons,2180,0.422480
letter_cons,2181,0.374945
letter_cons,2182,0.449619
letter_cons,2183,0.431847
letter_cons,2184,0.419891
letter_cons,2185,0.383572
letter_cons,2186,0.387574
letter_cons,2187,0.436309
letter_cons,2188,0.383899
letter_cons,2189,0.399957
letter_cons,2190,0.454269
letter_cons,2191,0.361013
letter_cons,2192,0.434371
letter_cons,2193,0.411276
letter_cons,2194,0.324088
letter_cons,2195,0.405182
letter_cons,2196,0.372171
letter_cons,2197,0.400756
letter_cons,2198,0.451374
letter_cons,2199,0.422060
letter_cons,2200,0.383930
letter_cons,2201,0.421093
letter_cons,2202,0.381018
letter_cons,2203,0.365941
letter_cons,2204,0.406809
letter_cons,2205,0.407165
letter_cons,2206,0.361892
letter_cons,2207,0.413583
letter_cons,2208,0.409453
letter_cons,2209,0.362320
letter_cons,2210,0.475994
letter_cons,2211,0.409314
letter_cons,2212,0.362035
letter_cons,2213,0.324164
letter_cons,2214,0.414164
letter_cons,2215,0.355902
letter_cons,2216,0.417366
letter_cons,2217,0.419469
letter_cons,2218,0.405869
letter_cons,2219,0.344411
letter_cons,2220,0.418509
letter_cons,2221,0.424706
letter_cons,2222,0.421097
letter_cons,2223,0.366391
letter_cons,2224,0.419375
letter_cons,2225,0.333109
letter_cons,2226,0.472756
letter_cons,2227,0.476682
letter_cons,2228,0.423037
letter_cons,2229,0.367635
letter_cons,2230,0.355990
letter_cons,2231,0.505633
letter_cons,2232,0.367505
letter_cons,2233,0.366050
letter_cons,2234,0.446082
letter_cons,2235,0.368559
letter_cons,2236,0.462476
letter_cons,2237,0.432455
letter_cons,2238,0.470296
letter_cons,2239,0.339947
letter_cons,2240,0.424363
letter_cons,2241,0.443638
letter_cons,2242,0.456403
letter_cons,2243,0.438835
letter_cons,2244,0.425836
letter_cons,2245,0.367471
letter_cons,2246,0.454307
letter_cons,2247,0.416394
letter_cons,2248,0.453485
letter_cons,2249,0.373742
letter_cons,2250,0.320055
letter_cons,2251,0.451454
letter_cons,2252,0.320922
letter_cons,2253,0.344118
letter_cons,2254,0.411139
letter_cons,2255,0.369982
letter_cons,2256,0.368067
letter_cons,2257,0.458066
letter_cons,2258,0.396887
letter_cons,2259,0.435209
letter_cons,2260,0.383169
letter_cons,2261,0.459370
letter_cons,2262,0.377348
letter_cons,2263,0.362569
letter_cons,2264,0.414091
letter_cons,2265,0.387111
letter_cons,2266,0.427370
letter_cons,2267,0.429151
letter_cons,2268,0.454820
letter_cons,2269,0.398292
letter_cons,2270,0.464344
letter_cons,2271,0.409740
letter_cons,2272,0.460649
letter_cons,2273,0.471870
letter_cons,2274,0.413470
letter_cons,2275,0.407656
letter_cons,2276,0.424000
letter_cons,2277,0.430811
letter_cons,2278,0.421162
letter_cons,2279,0.387587
letter_cons,2280,0.371806
letter_cons,2281,0.359585
letter_cons,2282,0.476403
letter_cons,2283,0.330928
letter_cons,2284,0.498906
letter_cons,2285,0.419830
letter_cons,2286,0.374336
letter_cons,2287,0.418737
letter_cons,2288,0.446348
letter_cons,2289,0.440722
letter_cons,2290,0.378120
letter_cons,2291,0.367747
letter_cons,2292,0.379844
letter_cons,2293,0.359106
letter_cons,2294,0.459229
letter_cons,2295,0.406206
letter_cons,2296,0.505776
letter_cons,2297,0.375120
letter_cons,2298,0.383683
letter_cons,2299,0.450654
letter_cons,2300,0.338154
letter_cons,2301,0.390839
letter_cons,2302,0.412014
letter_cons,2303,0.412133
letter_cons,2304,0.413143
letter_cons,2305,0.411032
letter_cons,2306,0.426323
letter_cons,2307,0.444842
letter_cons,2308,0.390652
letter_cons,2309,0.407231
letter_cons,2310,0.388081
letter_cons,2311,0.361207
letter_cons,2312,0.388647
letter_cons,2313,0.406163
letter_cons,2314,0.438017
letter_cons,2315,0.422375
letter_cons,2316,0.332869
letter_cons,2317,0.420144
letter_cons,2318,0.418804
letter_cons,2319,0.432052
letter_cons,2320,0.399124
letter_cons,2321,0.381941
letter_cons,2322,0.458371
letter_cons,2323,0.415847
letter_cons,2324,0.433956
letter_cons,2325,0.467437
letter_cons,2326,0.387330
letter_cons,2327,0.399682
letter_cons,2328,0.414629
letter_cons,2329,0.407831
letter_cons,2330,0.395248
letter_cons,2331,0.402337
letter_cons,2332,0.502672
letter_cons,2333,0.324730
letter_cons,2334,0.357702
letter_cons,2335,0.379063
letter_cons,2336,0.375858
letter_cons,2337,0.427604
letter_cons,2338,0.393235
letter_cons,2339,0.419488
letter_cons,2340,0.367793
letter_cons,2341,0.445964
letter_cons,2342,0.373059
letter_cons,2343,0.310971
letter_cons,2344,0.385722
letter_cons,2345,0.444147
letter_cons,2346,0.437674
letter_cons,2347,0.397867
letter_cons,2348,0.356742
letter_cons,2349,0.312683
letter_cons,2350,0.348313
letter_cons,2351,0.369224
letter_cons,2352,0.303270
letter_cons,2353,0.389569
letter_cons,2354,0.407139
letter_cons,2355,0.389387
letter_cons,2356,0.334539
letter_cons,2357,0.449573
letter_cons,2358,0.394121
letter_cons,2359,0.423871
letter_cons,2360,0.411864
letter_cons,2361,0.386170
letter_cons,2362,0.366146
letter_cons,2363,0.397822
letter_cons,2364,0.421425
letter_cons,2365,0.410680
letter_cons,2366,0.386712
letter_cons,2367,0.334921
letter_cons,2368,0.387949
letter_cons,2369,0.396071
letter_cons,2370,0.394868
letter_cons,2371,0.516792
letter_cons,2372,0.370023
letter_cons,2373,0.429011
letter_cons,2374,0.302645
letter_cons,2375,0.499408
letter_cons,2376,0.352160
letter_cons,2377,0.470210
letter_cons,2378,0.379243
letter_cons,2379,0.363574
letter_cons,2380,0.420281
letter_cons,2381,0.347169
letter_cons,2382,0.414181
letter_cons,2383,0.384253
letter_cons,2384,0.440863
letter_cons,2385,0.338931
letter_cons,2386,0.424652
letter_cons,2387,0.403314
letter_cons,2388,0.359564
letter_cons,2389,0.363536
letter_cons,2390,0.329063
letter_cons,2391,0.350397
letter_cons,2392,0.370651
letter_cons,2393,0.358206
letter_cons,2394,0.393492
letter_cons,2395,0.386099
letter_cons,2396,0.407716
letter_cons,2397,0.381492
letter_cons,2398,0.440548
letter_cons,2399,0.382294
letter_cons,2400,0.443293
letter_cons,2401,0.457168
letter_cons,2402,0.427444
letter_cons,2403,0.318045
letter_cons,2404,0.354113
letter_cons,2405,0.419597
letter_cons,2406,0.338140
letter_cons,2407,0.351940
letter_cons,2408,0.317948
letter_cons,2409,0.449778
letter_cons,2410,0.400904
letter_cons,2411,0.391844
letter_cons,2412,0.430066
letter_cons,2413,0.360047
letter_cons,2414,0.420727
letter_cons,2415,0.370362
letter_cons,2416,0.399312
letter_cons,2417,0.403951
letter_cons,2418,0.431380
letter_cons,2419,0.373239
letter_cons,2420,0.356320
letter_cons,2421,0.416523
letter_cons,2422,0.423066
letter_cons,2423,0.401909
letter_cons,2424,0.403243
letter_cons,2425,0.406152
letter_cons,2426,0.385812
letter_cons,2427,0.428827
letter_cons,2428,0.465648
letter_cons,2429,0.401063
letter_cons,2430,0.404633
letter_cons,2431,0.386861
letter_cons,2432,0.442339
letter_cons,2433,0.424086
letter_cons,2434,0.362667
letter_cons,2435,0.371834
letter_cons,2436,0.372435
letter_cons,2437,0.364825
letter_cons,2438,0.391161
letter_cons,2439,0.349831
letter_cons,2440,0.418371
letter_cons,2441,0.408556
letter_cons,2442,0.361286
letter_cons,2443,0.335352
letter_cons,2444,0.442761
letter_cons,2445,0.371389
letter_cons,2446,0.376660
letter_cons,2447,0.345730
letter_cons,2448,0.382017
letter_cons,2449,0.326039
letter_cons,2450,0.318616
letter_cons,2451,0.364335
letter_cons,2452,0.391716
letter_cons,2453,0.436720
letter_cons,2454,0.338696
letter_cons,2455,0.499580
letter_cons,2456,0.394965
letter_cons,2457,0.368034
letter_cons,2458,0.468164
letter_cons,2459,0.334646
letter_cons,2460,0.480630
letter_cons,2461,0.396884
letter_cons,2462,0.401320
letter_cons,2463,0.417789
letter_cons,2464,0.367337
letter_cons,2465,0.399564
letter_cons,2466,0.341238
letter_cons,2467,0.407782
letter_cons,2468,0.380415
letter_cons,2469,0.397399
letter_cons,2470,0.391256
letter_cons,2471,0.420060
letter_cons,2472,0.387507
letter_cons,2473,0.381918
letter_cons,2474,0.435968
letter_cons,2475,0.315574
letter_cons,2476,0.362247
letter_cons,2477,0.363325
letter_cons,2478,0.412194
letter_cons,2479,0.402854
letter_cons,2480,0.382599
letter_cons,2481,0.414526
letter_cons,2482,0.434626
letter_cons,2483,0.388701
letter_cons,2484,0.435563
letter_cons,2485,0.329777
letter_cons,2486,0.412646
letter_cons,2487,0.415439
letter_cons,2488,0.490897
letter_cons,2489,0.334989
letter_cons,2490,0.358553
letter_cons,2491,0.390337
letter_cons,2492,0.411450
letter_cons,2493,0.423901
letter_cons,2494,0.384614
letter_cons,2495,0.405547
letter_cons,2496,0.438491
letter_cons,2497,0.335805
letter_cons,2498,0.378146
letter_cons,2499,0.360003
letter_cons,2500,0.356359
letter_cons,2501,0.453328
letter_cons,2502,0.361663
letter_cons,2503,0.426197
letter_cons,2504,0.336096
letter_cons,2505,0.427094
letter_cons,2506,0.397919
letter_cons,2507,0.368150
letter_cons,2508,0.327043
letter_cons,2509,0.420017
letter_cons,2510,0.339708
letter_cons,2511,0.315185
letter_cons,2512,0.415467
letter_cons,2513,0.364514
letter_cons,2514,0.322573
letter_cons,2515,0.422581
letter_cons,2516,0.345272
letter_cons,2517,0.418654
letter_cons,2518,0.394189
letter_cons,2519,0.417381
letter_cons,2520,0.376286
letter_cons,2521,0.411612
letter_cons,2522,0.351533
letter_cons,2523,0.446260
letter_cons,2524,0.317504
letter_cons,2525,0.468279
letter_cons,2526,0.432191
letter_cons,2527,0.364768
letter_cons,2528,0.421028
letter_cons,2529,0.358119
letter_cons,2530,0.445728
letter_cons,2531,0.329442
letter_cons,2532,0.455986
letter_cons,2533,0.416009
letter_cons,2534,0.380950
letter_cons,2535,0.382925
letter_cons,2536,0.428721
letter_cons,2537,0.398121
letter_cons,2538,0.416767
letter_cons,2539,0.453227
letter_cons,2540,0.448913
letter_cons,2541,0.363705
letter_cons,2542,0.448277
letter_cons,2543,0.473110
letter_cons,2544,0.413750
letter_cons,2545,0.436623
letter_cons,2546,0.365284
letter_cons,2547,0.342515
letter_cons,2548,0.371929
letter_cons,2549,0.373932
letter_cons,2550,0.437891
letter_cons,2551,0.436145
letter_cons,2552,0.400973
letter_cons,2553,0.381005
letter_cons,2554,0.396871
letter_cons,2555,0.409408
letter_cons,2556,0.431475
letter_cons,2557,0.355049
letter_cons,2558,0.447473
letter_cons,2559,0.355334
letter_cons,2560,0.385539
letter_cons,2561,0.416996
letter_cons,2562,0.431045
letter_cons,2563,0.429051
letter_cons,2564,0.380579
letter_cons,2565,0.311945
letter_cons,2566,0.293736
letter_cons,2567,0.359455
letter_cons,2568,0.412127
letter_cons,2569,0.397166
letter_cons,2570,0.476055
letter_cons,2571,0.377926
letter_cons,2572,0.458011
letter_cons,2573,0.376863
letter_cons,2574,0.370014
letter_cons,2575,0.355605
letter_cons,2576,0.342246
letter_cons,2577,0.361441
letter_cons,2578,0.403076
letter_cons,2579,0.398667
letter_cons,2580,0.436957
letter_cons,2581,0.434688
letter_cons,2582,0.460645
letter_cons,2583,0.416381
letter_cons,2584,0.367208
letter_cons,2585,0.378651
letter_cons,2586,0.412176
letter_cons,2587,0.378809
letter_cons,2588,0.371563
letter_cons,2589,0.406873
letter_cons,2590,0.462618
letter_cons,2591,0.365737
letter_cons,2592,0.463409
letter_cons,2593,0.379733
letter_cons,2594,0.378541
letter_cons,2595,0.284816
letter_cons,2596,0.398457
letter_cons,2597,0.425750
letter_cons,2598,0.373753
letter_cons,2599,0.389221
letter_cons,2600,0.347039
letter_cons,2601,0.342027
letter_cons,2602,0.435223
letter_cons,2603,0.320882
letter_cons,2604,0.397774
letter_cons,2605,0.388128
letter_cons,2606,0.397983
letter_cons,2607,0.383698
letter_cons,2608,0.485002
letter_cons,2609,0.483069
letter_cons,2610,0.342336
letter_cons,2611,0.368268
letter_cons,2612,0.390226
letter_cons,2613,0.471025
letter_cons,2614,0.452188
letter_cons,2615,0.504270
letter_cons,2616,0.423920
letter_cons,2617,0.401085
letter_cons,2618,0.365052
letter_cons,2619,0.416285
letter_cons,2620,0.398133
letter_cons,2621,0.424239
letter_cons,2622,0.432763
letter_cons,2623,0.426615
letter_cons,2624,0.432514
letter_cons,2625,0.435489
letter_cons,2626,0.431948
letter_cons,2627,0.384815
letter_cons,2628,0.383268
letter_cons,2629,0.434276
letter_cons,2630,0.407473
letter_cons,2631,0.484701
letter_cons,2632,0.435881
letter_cons,2633,0.458323
letter_cons,2634,0.406872
letter_cons,2635,0.371239
letter_cons,2636,0.462557
letter_cons,2637,0.337518
letter_cons,2638,0.364630
letter_cons,2639,0.381264
letter_cons,2640,0.391954
letter_cons,2641,0.425557
letter_cons,2642,0.415309
letter_cons,2643,0.406825
letter_cons,2644,0.454211
letter_cons,2645,0.370475
letter_cons,2646,0.418761
letter_cons,2647,0.417877
letter_cons,2648,0.432575
letter_cons,2649,0.295073
letter_cons,2650,0.455335
letter_cons,2651,0.419328
letter_cons,2652,0.495343
letter_cons,2653,0.473625
letter_cons,2654,0.329533
letter_cons,2655,0.343362
letter_cons,2656,0.378309
letter_cons,2657,0.415646
letter_cons,2658,0.388836
letter_cons,2659,0.326888
letter_cons,2660,0.361463
letter_cons,2661,0.423370
letter_cons,2662,0.336318
letter_cons,2663,0.369001
letter_cons,2664,0.328075
letter_cons,2665,0.370115
letter_cons,2666,0.376304
letter_cons,2667,0.388611
letter_cons,2668,0.373357
letter_cons,2669,0.436334
letter_cons,2670,0.393087
letter_cons,2671,0.404846
letter_cons,2672,0.469519
letter_cons,2673,0.385513
letter_cons,2674,0.341334
letter_cons,2675,0.483878
letter_cons,2676,0.413658
letter_cons,2677,0.398636
letter_cons,2678,0.412930
letter_cons,2679,0.386262
letter_cons,2680,0.479608
letter_cons,2681,0.426957
letter_cons,2682,0.400504
letter_cons,2683,0.395787
letter_cons,2684,0.389275
letter_cons,2685,0.398936
letter_cons,2686,0.392267
letter_cons,2687,0.352393
letter_cons,2688,0.310045
letter_cons,2689,0.460920
letter_cons,2690,0.359540
letter_cons,2691,0.402434
letter_cons,2692,0.337102
letter_cons,2693,0.403753
letter_cons,2694,0.380087
letter_cons,2695,0.448875
letter_cons,2696,0.336191
letter_cons,2697,0.393106
letter_cons,2698,0.393844
letter_cons,2699,0.373166
letter_cons,2700,0.319306
letter_cons,2701,0.476135
letter_cons,2702,0.470963
letter_cons,2703,0.433023
letter_cons,2704,0.425387
letter_cons,2705,0.412563
letter_cons,2706,0.348470
letter_cons,2707,0.466328
letter_cons,2708,0.422913
letter_cons,2709,0.424521
letter_cons,2710,0.452432
letter_cons,2711,0.357348
letter_cons,2712,0.400732
letter_cons,2713,0.334647
letter_cons,2714,0.340336
letter_cons,2715,0.421854
letter_cons,2716,0.322339
letter_cons,2717,0.392120
letter_cons,2718,0.361284
letter_cons,2719,0.386277
letter_cons,2720,0.358302
letter_cons,2721,0.383491
letter_cons,2722,0.408810
letter_cons,2723,0.380028
letter_cons,2724,0.431319
letter_cons,2725,0.392361
letter_cons,2726,0.316195
letter_cons,2727,0.393817
letter_cons,2728,0.494620
letter_cons,2729,0.377271
letter_cons,2730,0.360566
letter_cons,2731,0.358709
letter_cons,2732,0.388972
letter_cons,2733,0.486641
letter_cons,2734,0.458483
letter_cons,2735,0.478085
letter_cons,2736,0.367745
letter_cons,2737,0.441431
letter_cons,2738,0.348381
letter_cons,2739,0.404429
letter_cons,2740,0.365014
letter_cons,2741,0.378204
letter_cons,2742,0.396387
letter_cons,2743,0.406110
letter_cons,2744,0.403609
letter_cons,2745,0.346158
letter_cons,2746,0.406356
letter_cons,2747,0.403059
letter_cons,2748,0.390401
letter_cons,2749,0.462028
letter_cons,2750,0.425888
letter_cons,2751,0.346216
letter_cons,2752,0.400827
letter_cons,2753,0.322440
letter_cons,2754,0.427310
letter_cons,2755,0.418113
letter_cons,2756,0.363075
letter_cons,2757,0.363102
letter_cons,2758,0.402903
letter_cons,2759,0.416386
letter_cons,2760,0.386217
letter_cons,2761,0.393911
letter_cons,2762,0.461020
letter_cons,2763,0.400677
letter_cons,2764,0.425469
letter_cons,2765,0.354289
letter_cons,2766,0.436435
letter_cons,2767,0.421632
letter_cons,2768,0.376208
letter_cons,2769,0.404346
letter_cons,2770,0.391406
letter_cons,2771,0.390591
letter_cons,2772,0.405884
letter_cons,2773,0.324586
letter_cons,2774,0.388775
letter_cons,2775,0.407221
letter_cons,2776,0.426419
letter_cons,2777,0.430075
letter_cons,2778,0.515001
letter_cons,2779,0.389263
letter_cons,2780,0.395566
letter_cons,2781,0.404412
letter_cons,2782,0.440361
letter_cons,2783,0.400825
letter_cons,2784,0.411204
letter_cons,2785,0.381655
letter_cons,2786,0.363547
letter_cons,2787,0.425067
letter_cons,2788,0.365985
letter_cons,2789,0.492815
letter_cons,2790,0.423028
letter_cons,2791,0.473976
letter_cons,2792,0.376496
letter_cons,2793,0.360431
letter_cons,2794,0.330724
letter_cons,2795,0.447871
letter_cons,2796,0.351253
letter_cons,2797,0.502816
letter_cons,2798,0.300256
letter_cons,2799,0.425194
letter_cons,2800,0.414793
letter_cons,2801,0.330949
letter_cons,2802,0.323151
letter_cons,2803,0.413848
letter_cons,2804,0.409007
letter_cons,2805,0.410415
letter_cons,2806,0.347172
letter_cons,2807,0.456489
letter_cons,2808,0.397714
letter_cons,2809,0.415414
letter_cons,2810,0.351772
letter_cons,2811,0.402393
letter_cons,2812,0.400978
letter_cons,2813,0.383427
letter_cons,2814,0.395845
letter_cons,2815,0.456589
letter_cons,2816,0.366428
letter_cons,2817,0.400275
letter_cons,2818,0.397499
letter_cons,2819,0.403121
letter_cons,2820,0.395189
letter_cons,2821,0.422479
letter_cons,2822,0.380644
letter_cons,2823,0.366663
letter_cons,2824,0.345623
letter_cons,2825,0.395205
letter_cons,2826,0.363909
letter_cons,2827,0.359559
letter_cons,2828,0.423074
letter_cons,2829,0.333000
letter_cons,2830,0.433582
letter_cons,2831,0.363386
letter_cons,2832,0.433864
letter_cons,2833,0.418729
letter_cons,2834,0.405930
letter_cons,2835,0.336461
letter_cons,2836,0.383572
letter_cons,2837,0.390052
letter_cons,2838,0.399639
letter_cons,2839,0.410118
letter_cons,2840,0.412998
letter_cons,2841,0.396976
letter_cons,2842,0.458359
letter_cons,2843,0.343373
letter_cons,2844,0.464388
letter_cons,2845,0.430707
letter_cons,2846,0.426026
letter_cons,2847,0.370753
letter_cons,2848,0.375382
letter_cons,2849,0.367957
letter_cons,2850,0.385778
letter_cons,2851,0.438627
letter_cons,2852,0.337424
letter_cons,2853,0.341744
letter_cons,2854,0.387301
letter_cons,2855,0.293983
letter_cons,2856,0.494782
letter_cons,2857,0.328158
letter_cons,2858,0.435273
letter_cons,2859,0.489261
letter_cons,2860,0.392386
letter_cons,2861,0.355455
letter_cons,2862,0.433274
letter_cons,2863,0.400044
letter_cons,2864,0.422713
letter_cons,2865,0.411518
letter_cons,2866,0.417837
letter_cons,2867,0.487237
letter_cons,2868,0.463849
letter_cons,2869,0.373379
letter_cons,2870,0.427190
letter_cons,2871,0.385788
letter_cons,2872,0.424465
letter_cons,2873,0.416903
letter_cons,2874,0.382131
letter_cons,2875,0.415175
letter_cons,2876,0.433215
letter_cons,2877,0.406073
letter_cons,2878,0.331557
letter_cons,2879,0.441543
letter_cons,2880,0.405749
letter_cons,2881,0.454469
letter_cons,2882,0.378018
letter_cons,2883,0.442284
letter_cons,2884,0.418337
letter_cons,2885,0.421389
letter_cons,2886,0.378968
letter_cons,2887,0.384745
letter_cons,2888,0.411930
letter_cons,2889,0.383158
letter_cons,2890,0.391623
letter_cons,2891,0.330322
letter_cons,2892,0.396678
letter_cons,2893,0.406649
letter_cons,2894,0.333499
letter_cons,2895,0.400397
letter_cons,2896,0.456642
letter_cons,2897,0.487581
letter_cons,2898,0.397900
letter_cons,2899,0.411839
letter_cons,2900,0.311558
letter_cons,2901,0.459368
letter_cons,2902,0.383447
letter_cons,2903,0.408623
letter_cons,2904,0.407238
letter_cons,2905,0.395634
letter_cons,2906,0.464065
letter_cons,2907,0.480086
letter_cons,2908,0.357675
letter_cons,2909,0.462616
letter_cons,2910,0.433540
letter_cons,2911,0.407130
letter_cons,2912,0.387530
letter_cons,2913,0.434389
letter_cons,2914,0.358780
letter_cons,2915,0.419619
letter_cons,2916,0.452807
letter_cons,2917,0.382998
letter_cons,2918,0.411747
letter_cons,2919,0.410460
letter_cons,2920,0.414785
letter_cons,2921,0.422161
letter_cons,2922,0.429742
letter_cons,2923,0.385511
letter_cons,2924,0.414218
letter_cons,2925,0.427090
letter_cons,2926,0.411353
letter_cons,2927,0.361153
letter_cons,2928,0.396105
letter_cons,2929,0.335624
letter_cons,2930,0.375865
letter_cons,2931,0.352502
letter_cons,2932,0.350916
letter_cons,2933,0.427724
letter_cons,2934,0.425467
letter_cons,2935,0.391824
letter_cons,2936,0.361797
letter_cons,2937,0.400923
letter_cons,2938,0.510833
letter_cons,2939,0.397798
letter_cons,2940,0.398242
letter_cons,2941,0.388879
letter_cons,2942,0.409708
letter_cons,2943,0.446413
letter_cons,2944,0.461215
letter_cons,2945,0.413624
letter_cons,2946,0.367004
letter_cons,2947,0.406790
letter_cons,2948,0.363185
letter_cons,2949,0.492392
letter_cons,2950,0.437849
letter_cons,2951,0.436991
letter_cons,2952,0.352470
letter_cons,2953,0.491823
letter_cons,2954,0.373398
letter_cons,2955,0.371580
letter_cons,2956,0.391752
letter_cons,2957,0.437542
letter_cons,2958,0.396350
letter_cons,2959,0.378045
letter_cons,2960,0.367094
letter_cons,2961,0.391341
letter_cons,2962,0.426530
letter_cons,2963,0.384648
letter_cons,2964,0.409688
letter_cons,2965,0.387257
letter_cons,2966,0.358902
letter_cons,2967,0.355182
letter_cons,2968,0.450318
letter_cons,2969,0.340092
letter_cons,2970,0.392395
letter_cons,2971,0.360641
letter_cons,2972,0.420305
letter_cons,2973,0.338020
letter_cons,2974,0.333702
letter_cons,2975,0.438397
letter_cons,2976,0.401203
letter_cons,2977,0.391117
letter_cons,2978,0.369243
letter_cons,2979,0.399574
letter_cons,2980,0.420450
letter_cons,2981,0.392331
letter_cons,2982,0.455033
letter_cons,2983,0.397057
letter_cons,2984,0.350900
letter_cons,2985,0.482161
letter_cons,2986,0.399404
letter_cons,2987,0.374693
letter_cons,2988,0.443231
letter_cons,2989,0.477634
letter_cons,2990,0.447950
letter_cons,2991,0.435140
letter_cons,2992,0.363706
letter_cons,2993,0.416507
letter_cons,2994,0.325374
letter_cons,2995,0.357035
letter_cons,2996,0.396177
letter_cons,2997,0.405492
letter_cons,2998,0.417356
letter_cons,2999,0.401434
letter_cons,3000,0.431841
letter_cons,3001,0.382091
letter_cons,3002,0.422016
letter_cons,3003,0.390788
letter_cons,3004,0.435346
letter_cons,3005,0.403907
letter_cons,3006,0.410681
letter_cons,3007,0.441727
letter_cons,3008,0.377823
letter_cons,3009,0.447931
letter_cons,3010,0.394402
letter_cons,3011,0.422974
letter_cons,3012,0.398630
letter_cons,3013,0.385026
letter_cons,3014,0.325709
letter_cons,3015,0.392130
letter_cons,3016,0.462839
letter_cons,3017,0.409565
letter_cons,3018,0.512430
letter_cons,3019,0.390175
letter_cons,3020,0.436108
letter_cons,3021,0.406725
letter_cons,3022,0.390982
letter_cons,3023,0.421464
letter_cons,3024,0.365382
letter_cons,3025,0.447118
letter_cons,3026,0.470773
letter_cons,3027,0.346572
letter_cons,3028,0.354326
letter_cons,3029,0.421377
letter_cons,3030,0.358969
letter_cons,3031,0.400379
letter_cons,3032,0.390706
letter_cons,3033,0.454208
letter_cons,3034,0.438966
letter_cons,3035,0.363110
letter_cons,3036,0.429622
letter_cons,3037,0.330397
letter_cons,3038,0.333734
letter_cons,3039,0.307432
letter_cons,3040,0.330005
letter_cons,3041,0.442584
letter_cons,3042,0.403771
letter_cons,3043,0.421296
letter_cons,3044,0.390312
letter_cons,3045,0.418066
letter_cons,3046,0.356036
letter_cons,3047,0.400931
letter_cons,3048,0.432963
letter_cons,3049,0.413560
letter_cons,3050,0.412418
letter_cons,3051,0.360994
letter_cons,3052,0.378508
letter_cons,3053,0.396397
letter_cons,3054,0.369710
letter_cons,3055,0.392079
letter_cons,3056,0.422996
letter_cons,3057,0.354725
letter_cons,3058,0.335306
letter_cons,3059,0.420198
letter_cons,3060,0.370317
letter_cons,3061,0.463970
letter_cons,3062,0.315930
letter_cons,3063,0.438158
letter_cons,3064,0.295571
letter_cons,3065,0.423918
letter_cons,3066,0.307952
letter_cons,3067,0.461254
letter_cons,3068,0.484751
letter_cons,3069,0.374689
letter_cons,3070,0.404010
letter_cons,3071,0.367966
letter_cons,3072,0.428079
letter_cons,3073,0.405102
letter_cons,3074,0.379353
letter_cons,3075,0.349459
letter_cons,3076,0.423134
letter_cons,3077,0.404458
letter_cons,3078,0.403289
letter_cons,3079,0.417836
letter_cons,3080,0.410562
letter_cons,3081,0.394035
letter_cons,3082,0.452638
letter_cons,3083,0.428154
letter_cons,3084,0.451708
letter_cons,3085,0.459573
letter_cons,3086,0.468669
letter_cons,3087,0.371818
letter_cons,3088,0.470098
letter_cons,3089,0.365205
letter_cons,3090,0.394257
letter_cons,3091,0.388629
letter_cons,3092,0.330814
letter_cons,3093,0.414890
letter_cons,3094,0.421494
letter_cons,3095,0.381010
letter_cons,3096,0.411208
letter_cons,3097,0.314854
letter_cons,3098,0.464596
letter_cons,3099,0.380799
letter_cons,3100,0.342095
letter_cons,3101,0.417169
letter_cons,3102,0.410350
letter_cons,3103,0.412225
letter_cons,3104,0.423980
letter_cons,3105,0.471403
letter_cons,3106,0.481819
letter_cons,3107,0.253574
letter_cons,3108,0.455073
letter_cons,3109,0.392413
letter_cons,3110,0.403664
letter_cons,3111,0.405902
letter_cons,3112,0.414672
letter_cons,3113,0.358995
letter_cons,3114,0.439487
letter_cons,3115,0.395928
letter_cons,3116,0.381536
letter_cons,3117,0.367683
letter_cons,3118,0.439880
letter_cons,3119,0.435560
letter_cons,3120,0.403524
letter_cons,3121,0.367044
letter_cons,3122,0.497174
letter_cons,3123,0.289899
letter_cons,3124,0.341599
letter_cons,3125,0.359044
letter_cons,3126,0.422349
letter_cons,3127,0.399208
letter_cons,3128,0.418374
letter_cons,3129,0.452539
letter_cons,3130,0.435547
letter_cons,3131,0.397022
letter_cons,3132,0.358709
letter_cons,3133,0.400914
letter_cons,3134,0.374648
letter_cons,3135,0.479390
letter_cons,3136,0.418544
letter_cons,3137,0.333629
letter_cons,3138,0.360489
letter_cons,3139,0.412170
letter_cons,3140,0.350003
letter_cons,3141,0.453605
letter_cons,3142,0.297931
letter_cons,3143,0.422761
letter_cons,3144,0.446558
letter_cons,3145,0.372782
letter_cons,3146,0.375845
letter_cons,3147,0.403452
letter_cons,3148,0.426050
letter_cons,3149,0.421709
letter_cons,3150,0.356909
letter_cons,3151,0.425226
letter_cons,3152,0.364843
letter_cons,3153,0.444471
letter_cons,3154,0.345011
letter_cons,3155,0.410745
letter_cons,3156,0.410061
letter_cons,3157,0.414022
letter_cons,3158,0.323006
letter_cons,3159,0.354880
letter_cons,3160,0.341207
letter_cons,3161,0.437502
letter_cons,3162,0.337015
letter_cons,3163,0.389651
letter_cons,3164,0.407085
letter_cons,3165,0.362495
letter_cons,3166,0.330239
letter_cons,3167,0.370709
letter_cons,3168,0.367125
letter_cons,3169,0.393633
letter_cons,3170,0.414425
letter_cons,3171,0.433165
letter_cons,3172,0.310689
letter_cons,3173,0.436365
letter_cons,3174,0.461387
letter_cons,3175,0.436935
letter_cons,3176,0.340243
letter_cons,3177,0.401531
letter_cons,3178,0.387485
letter_cons,3179,0.507952
letter_cons,3180,0.341311
letter_cons,3181,0.457984
letter_cons,3182,0.396662
letter_cons,3183,0.405540
letter_cons,3184,0.363871
letter_cons,3185,0.362922
letter_cons,3186,0.423437
letter_cons,3187,0.442953
letter_cons,3188,0.371265
letter_cons,3189,0.409774
letter_cons,3190,0.359717
letter_cons,3191,0.340036
letter_cons,3192,0.473467
letter_cons,3193,0.442445
letter_cons,3194,0.341426
letter_cons,3195,0.346280
letter_cons,3196,0.499777
letter_cons,3197,0.471693
letter_cons,3198,0.453571
letter_cons,3199,0.350785
letter_cons,3200,0.399779
letter_cons,3201,0.352417
letter_cons,3202,0.348744
letter_cons,3203,0.412042
letter_cons,3204,0.367556
letter_cons,3205,0.442302
letter_cons,3206,0.304189
letter_cons,3207,0.439583
letter_cons,3208,0.437843
letter_cons,3209,0.389464
letter_cons,3210,0.436743
letter_cons,3211,0.468073
letter_cons,3212,0.376948
letter_cons,3213,0.406648
letter_cons,3214,0.349762
letter_cons,3215,0.342047
letter_cons,3216,0.503476
letter_cons,3217,0.409396
letter_cons,3218,0.350905
letter_cons,3219,0.459077
letter_cons,3220,0.400437
letter_cons,3221,0.512208
letter_cons,3222,0.446989
letter_cons,3223,0.337843
letter_cons,3224,0.351087
letter_cons,3225,0.422777
letter_cons,3226,0.386478
letter_cons,3227,0.411582
letter_cons,3228,0.384455
letter_cons,3229,0.435164
letter_cons,3230,0.408907
letter_cons,3231,0.411641
letter_cons,3232,0.398246
letter_cons,3233,0.409814
letter_cons,3234,0.407173
letter_cons,3235,0.435707
letter_cons,3236,0.394448
letter_cons,3237,0.372566
letter_cons,3238,0.367648
letter_cons,3239,0.451781
letter_cons,3240,0.359194
letter_cons,3241,0.388089
letter_cons,3242,0.419158
letter_cons,3243,0.441294
letter_cons,3244,0.374382
letter_cons,3245,0.357454
letter_cons,3246,0.510412
letter_cons,3247,0.449698
letter_cons,3248,0.366505
letter_cons,3249,0.404544
letter_cons,3250,0.354515
letter_cons,3251,0.415757
letter_cons,3252,0.362878
letter_cons,3253,0.433357
letter_cons,3254,0.302200
letter_cons,3255,0.377999
letter_cons,3256,0.421787
letter_cons,3257,0.388537
letter_cons,3258,0.420667
letter_cons,3259,0.420437
letter_cons,3260,0.318494
letter_cons,3261,0.430230
letter_cons,3262,0.405638
letter_cons,3263,0.358748
letter_cons,3264,0.370702
letter_cons,3265,0.339306
letter_cons,3266,0.428604
letter_cons,3267,0.438521
letter_cons,3268,0.376276
letter_cons,3269,0.397553
letter_cons,3270,0.449346
letter_cons,3271,0.419081
letter_cons,3272,0.359090
letter_cons,3273,0.455131
letter_cons,3274,0.413550
letter_cons,3275,0.407816
letter_cons,3276,0.457469
letter_cons,3277,0.374556
letter_cons,3278,0.387610
letter_cons,3279,0.379967
letter_cons,3280,0.347871
letter_cons,3281,0.415718
letter_cons,3282,0.366411
letter_cons,3283,0.303393
letter_cons,3284,0.473113
letter_cons,3285,0.418523
letter_cons,3286,0.393046
letter_cons,3287,0.442522
letter_cons,3288,0.336270
letter_cons,3289,0.378539
letter_cons,3290,0.401032
letter_cons,3291,0.393767
letter_cons,3292,0.436158
letter_cons,3293,0.363776
letter_cons,3294,0.459663
letter_cons,3295,0.342463
letter_cons,3296,0.361462
letter_cons,3297,0.415511
letter_cons,3298,0.368213
letter_cons,3299,0.433194
letter_cons,3300,0.437315
letter_cons,3301,0.438181
letter_cons,3302,0.324513
letter_cons,3303,0.352104
letter_cons,3304,0.350836
letter_cons,3305,0.359343
letter_cons,3306,0.394497
letter_cons,3307,0.303005
letter_cons,3308,0.418628
letter_cons,3309,0.491439
letter_cons,3310,0.424201
letter_cons,3311,0.426595
letter_cons,3312,0.396463
letter_cons,3313,0.404808
letter_cons,3314,0.410952
letter_cons,3315,0.407511
letter_cons,3316,0.350292
letter_cons,3317,0.376116
letter_cons,3318,0.390161
letter_cons,3319,0.386821
letter_cons,3320,0.468304
letter_cons,3321,0.410161
letter_cons,3322,0.387885
letter_cons,3323,0.446225
letter_cons,3324,0.465663
letter_cons,3325,0.344725
letter_cons,3326,0.503113
letter_cons,3327,0.430106
letter_cons,3328,0.477820
letter_cons,3329,0.310650
letter_cons,3330,0.438680
letter_cons,3331,0.363498
letter_cons,3332,0.367806
letter_cons,3333,0.452421
letter_cons,3334,0.436206
letter_cons,3335,0.372184
letter_cons,3336,0.410485
letter_cons,3337,0.431184
letter_cons,3338,0.509325
letter_cons,3339,0.342712
letter_cons,3340,0.437673
letter_cons,3341,0.438904
letter_cons,3342,0.371239
letter_cons,3343,0.383569
letter_cons,3344,0.430689
letter_cons,3345,0.379046
letter_cons,3346,0.386820
letter_cons,3347,0.466192
letter_cons,3348,0.374416
letter_cons,3349,0.381945
letter_cons,3350,0.409453
letter_cons,3351,0.328644
letter_cons,3352,0.346142
letter_cons,3353,0.373305
letter_cons,3354,0.330521
letter_cons,3355,0.391699
letter_cons,3356,0.403119
letter_cons,3357,0.385838
letter_cons,3358,0.396108
letter_cons,3359,0.425192
letter_cons,3360,0.413282
letter_cons,3361,0.363811
letter_cons,3362,0.374779
letter_cons,3363,0.477134
letter_cons,3364,0.349516
letter_cons,3365,0.365736
letter_cons,3366,0.345871
letter_cons,3367,0.411919
letter_cons,3368,0.416350
letter_cons,3369,0.459442
letter_cons,3370,0.481460
letter_cons,3371,0.361731
letter_cons,3372,0.431409
letter_cons,3373,0.419584
letter_cons,3374,0.338039
letter_cons,3375,0.423910
letter_cons,3376,0.353236
letter_cons,3377,0.447156
letter_cons,3378,0.430911
letter_cons,3379,0.449733
letter_cons,3380,0.452142
letter_cons,3381,0.384318
letter_cons,3382,0.341435
letter_cons,3383,0.423724
letter_cons,3384,0.322537
letter_cons,3385,0.410843
letter_cons,3386,0.375517
letter_cons,3387,0.356744
letter_cons,3388,0.448960
letter_cons,3389,0.368790
letter_cons,3390,0.466529
letter_cons,3391,0.341069
letter_cons,3392,0.357635
letter_cons,3393,0.346601
letter_cons,3394,0.348213
letter_cons,3395,0.473069
letter_cons,3396,0.387116
letter_cons,3397,0.390594
letter_cons,3398,0.371467
letter_cons,3399,0.439807
letter_cons,3400,0.452363
letter_cons,3401,0.327891
letter_cons,3402,0.467415
letter_cons,3403,0.399919
letter_cons,3404,0.420233
letter_cons,3405,0.433763
letter_cons,3406,0.373660
letter_cons,3407,0.316050
letter_cons,3408,0.419612
letter_cons,3409,0.402162
letter_cons,3410,0.434439
letter_cons,3411,0.379964
letter_cons,3412,0.376665
letter_cons,3413,0.470963
letter_cons,3414,0.406820
letter_cons,3415,0.501583
letter_cons,3416,0.329771
letter_cons,3417,0.413958
letter_cons,3418,0.406281
letter_cons,3419,0.372305
letter_cons,3420,0.433671
letter_cons,3421,0.438484
letter_cons,3422,0.381514
letter_cons,3423,0.386128
letter_cons,3424,0.368531
letter_cons,3425,0.420669
letter_cons,3426,0.366193
letter_cons,3427,0.359815
letter_cons,3428,0.404159
letter_cons,3429,0.403489
letter_cons,3430,0.416638
letter_cons,3431,0.340117
letter_cons,3432,0.430213
letter_cons,3433,0.435374
letter_cons,3434,0.427823
letter_cons,3435,0.362115
letter_cons,3436,0.457133
letter_cons,3437,0.382832
letter_cons,3438,0.380365
letter_cons,3439,0.429309
letter_cons,3440,0.429740
letter_cons,3441,0.354926
letter_cons,3442,0.437496
letter_cons,3443,0.385409
letter_cons,3444,0.324444
letter_cons,3445,0.371394
letter_cons,3446,0.403830
letter_cons,3447,0.392404
letter_cons,3448,0.455897
letter_cons,3449,0.307695
letter_cons,3450,0.394203
letter_cons,3451,0.411754
letter_cons,3452,0.442743
letter_cons,3453,0.377278
letter_cons,3454,0.374667
letter_cons,3455,0.355622
letter_cons,3456,0.314443
letter_cons,3457,0.385702
letter_cons,3458,0.395012
letter_cons,3459,0.393828
letter_cons,3460,0.422817
letter_cons,3461,0.403889
letter_cons,3462,0.426042
letter_cons,3463,0.419751
letter_cons,3464,0.499951
letter_cons,3465,0.473729
letter_cons,3466,0.425250
letter_cons,3467,0.392982
letter_cons,3468,0.366135
letter_cons,3469,0.456487
letter_cons,3470,0.340998
letter_cons,3471,0.364168
letter_cons,3472,0.355883
letter_cons,3473,0.346786
letter_cons,3474,0.419011
letter_cons,3475,0.456468
letter_cons,3476,0.473046
letter_cons,3477,0.343757
letter_cons,3478,0.387465
letter_cons,3479,0.432547
letter_cons,3480,0.407183
letter_cons,3481,0.415727
letter_cons,3482,0.452717
letter_cons,3483,0.422334
letter_cons,3484,0.401022
letter_cons,3485,0.418818
letter_cons,3486,0.388707
letter_cons,3487,0.444221
letter_cons,3488,0.391593
letter_cons,3489,0.432995
letter_cons,3490,0.454226
letter_cons,3491,0.436231
letter_cons,3492,0.403552
letter_cons,3493,0.337148
letter_cons,3494,0.453946
letter_cons,3495,0.353593
letter_cons,3496,0.421600
letter_cons,3497,0.304511
letter_cons,3498,0.305179
letter_cons,3499,0.450244
letter_cons,3500,0.342813
letter_cons,3501,0.473684
letter_cons,3502,0.431455
letter_cons,3503,0.366534
letter_cons,3504,0.415168
letter_cons,3505,0.408472
letter_cons,3506,0.494581
letter_cons,3507,0.393806
letter_cons,3508,0.379244
letter_cons,3509,0.440361
letter_cons,3510,0.335505
letter_cons,3511,0.319197
letter_cons,3512,0.484962
letter_cons,3513,0.376508
letter_cons,3514,0.397306
letter_cons,3515,0.394499
letter_cons,3516,0.351842
letter_cons,3517,0.495977
letter_cons,3518,0.414585
letter_cons,3519,0.320543
letter_cons,3520,0.399849
letter_cons,3521,0.308598
letter_cons,3522,0.381229
letter_cons,3523,0.393394
letter_cons,3524,0.389924
letter_cons,3525,0.358866
letter_cons,3526,0.367557
letter_cons,3527,0.453413
letter_cons,3528,0.394064
letter_cons,3529,0.398177
letter_cons,3530,0.418157
letter_cons,3531,0.401724
letter_cons,3532,0.467867
letter_cons,3533,0.350397
letter_cons,3534,0.407486
letter_cons,3535,0.424381
letter_cons,3536,0.371421
letter_cons,3537,0.401691
letter_cons,3538,0.392048
letter_cons,3539,0.393227
letter_cons,3540,0.418131
letter_cons,3541,0.417364
letter_cons,3542,0.399450
letter_cons,3543,0.375030
letter_cons,3544,0.355887
letter_cons,3545,0.406071
letter_cons,3546,0.365542
letter_cons,3547,0.371425
letter_cons,3548,0.439545
letter_cons,3549,0.365341
letter_cons,3550,0.327765
letter_cons,3551,0.387042
letter_cons,3552,0.371574
letter_cons,3553,0.365977
letter_cons,3554,0.343256
letter_cons,3555,0.463334
letter_cons,3556,0.367462
letter_cons,3557,0.387468
letter_cons,3558,0.414948
letter_cons,3559,0.396764
letter_cons,3560,0.382608
letter_cons,3561,0.307458
letter_cons,3562,0.361798
letter_cons,3563,0.360948
letter_cons,3564,0.389483
letter_cons,3565,0.366855
letter_cons,3566,0.446845
letter_cons,3567,0.343985
letter_cons,3568,0.392608
letter_cons,3569,0.374972
letter_cons,3570,0.422125
letter_cons,3571,0.483892
letter_cons,3572,0.438107
letter_cons,3573,0.328081
letter_cons,3574,0.403963
letter_cons,3575,0.437625
letter_cons,3576,0.400352
letter_cons,3577,0.431227
letter_cons,3578,0.451958
letter_cons,3579,0.428651
letter_cons,3580,0.346616
letter_cons,3581,0.382676
letter_cons,3582,0.454920
letter_cons,3583,0.401668
letter_cons,3584,0.364291
letter_cons,3585,0.381473
letter_cons,3586,0.389302
letter_cons,3587,0.360986
letter_cons,3588,0.446905
letter_cons,3589,0.343167
letter_cons,3590,0.353637
letter_cons,3591,0.410702
letter_cons,3592,0.366292
letter_cons,3593,0.348957
letter_cons,3594,0.425347
letter_cons,3595,0.420597
letter_cons,3596,0.392435
letter_cons,3597,0.370943
letter_cons,3598,0.378028
letter_cons,3599,0.373692
letter_cons,3600,0.416657
letter_cons,3601,0.368788
letter_cons,3602,0.417503
letter_cons,3603,0.402545
letter_cons,3604,0.339521
letter_cons,3605,0.422237
letter_cons,3606,0.420068
letter_cons,3607,0.370936
letter_cons,3608,0.363681
letter_cons,3609,0.422675
letter_cons,3610,0.380317
letter_cons,3611,0.392486
letter_cons,3612,0.379465
letter_cons,3613,0.411398
letter_cons,3614,0.391841
letter_cons,3615,0.411131
letter_cons,3616,0.362976
letter_cons,3617,0.416272
letter_cons,3618,0.367125
letter_cons,3619,0.460989
letter_cons,3620,0.378019
letter_cons,3621,0.532704
letter_cons,3622,0.427424
letter_cons,3623,0.397065
letter_cons,3624,0.450039
letter_cons,3625,0.366279
letter_cons,3626,0.376238
letter_cons,3627,0.409898
letter_cons,3628,0.395074
letter_cons,3629,0.398464
letter_cons,3630,0.433140
letter_cons,3631,0.436779
letter_cons,3632,0.382721
letter_cons,3633,0.475130
letter_cons,3634,0.393251
letter_cons,3635,0.386647
letter_cons,3636,0.391709
letter_cons,3637,0.393068
letter_cons,3638,0.369849
letter_cons,3639,0.427580
letter_cons,3640,0.346658
letter_cons,3641,0.410291
letter_cons,3642,0.367275
letter_cons,3643,0.433382
letter_cons,3644,0.370822
letter_cons,3645,0.463796
letter_cons,3646,0.433271
letter_cons,3647,0.411872
letter_cons,3648,0.462293
letter_cons,3649,0.394612
letter_cons,3650,0.319926
letter_cons,3651,0.337073
letter_cons,3652,0.363737
letter_cons,3653,0.429648
letter_cons,3654,0.381180
letter_cons,3655,0.394735
letter_cons,3656,0.470781
letter_cons,3657,0.387352
letter_cons,3658,0.396992
letter_cons,3659,0.410315
letter_cons,3660,0.369646
letter_cons,3661,0.397688
letter_cons,3662,0.365648
letter_cons,3663,0.374882
letter_cons,3664,0.426163
letter_cons,3665,0.452787
letter_cons,3666,0.436507
letter_cons,3667,0.421588
letter_cons,3668,0.526802
letter_cons,3669,0.353137
letter_cons,3670,0.496496
letter_cons,3671,0.377814
letter_cons,3672,0.419995
letter_cons,3673,0.336605
letter_cons,3674,0.417405
letter_cons,3675,0.434508
letter_cons,3676,0.380474
letter_cons,3677,0.404814
letter_cons,3678,0.368296
letter_cons,3679,0.306759
letter_cons,3680,0.344876
letter_cons,3681,0.474653
letter_cons,3682,0.467390
letter_cons,3683,0.412354
letter_cons,3684,0.370000
letter_cons,3685,0.339743
letter_cons,3686,0.417865
letter_cons,3687,0.345633
letter_cons,3688,0.425528
letter_cons,3689,0.391611
letter_cons,3690,0.414873
letter_cons,3691,0.367657
letter_cons,3692,0.372296
letter_cons,3693,0.423678
letter_cons,3694,0.400127
letter_cons,3695,0.393925
letter_cons,3696,0.406919
letter_cons,3697,0.389182
letter_cons,3698,0.429578
letter_cons,3699,0.373247
letter_cons,3700,0.409549
letter_cons,3701,0.327231
letter_cons,3702,0.369033
letter_cons,3703,0.436052
letter_cons,3704,0.365101
letter_cons,3705,0.443670
letter_cons,3706,0.348599
letter_cons,3707,0.404790
letter_cons,3708,0.363553
letter_cons,3709,0.417294
letter_cons,3710,0.410282
letter_cons,3711,0.381214
letter_cons,3712,0.432440
letter_cons,3713,0.414611
letter_cons,3714,0.313012
letter_cons,3715,0.475889
letter_cons,3716,0.428609
letter_cons,3717,0.423168
letter_cons,3718,0.346185
letter_cons,3719,0.426109
letter_cons,3720,0.437019
letter_cons,3721,0.373283
letter_cons,3722,0.428189
letter_cons,3723,0.379192
letter_cons,3724,0.455014
letter_cons,3725,0.412830
letter_cons,3726,0.389840
letter_cons,3727,0.453680
letter_cons,3728,0.465050
letter_cons,3729,0.378546
letter_cons,3730,0.411856
letter_cons,3731,0.350266
letter_cons,3732,0.390575
letter_cons,3733,0.402433
letter_cons,3734,0.364023
letter_cons,3735,0.421223
letter_cons,3736,0.378079
letter_cons,3737,0.401571
letter_cons,3738,0.450716
letter_cons,3739,0.390351
letter_cons,3740,0.352615
letter_cons,3741,0.439625
letter_cons,3742,0.364045
letter_cons,3743,0.408028
letter_cons,3744,0.336144
letter_cons,3745,0.378488
letter_cons,3746,0.414603
letter_cons,3747,0.385979
letter_cons,3748,0.365615
letter_cons,3749,0.423286
letter_cons,3750,0.385371
letter_cons,3751,0.349532
letter_cons,3752,0.400581
letter_cons,3753,0.333776
letter_cons,3754,0.399656
letter_cons,3755,0.394319
letter_cons,3756,0.435764
letter_cons,3757,0.448867
letter_cons,3758,0.418074
letter_cons,3759,0.371717
letter_cons,3760,0.393648
letter_cons,3761,0.393785
letter_cons,3762,0.403335
letter_cons,3763,0.451296
letter_cons,3764,0.372199
letter_cons,3765,0.384837
letter_cons,3766,0.383190
letter_cons,3767,0.451840
letter_cons,3768,0.467463
letter_cons,3769,0.317898
letter_cons,3770,0.388592
letter_cons,3771,0.378521
letter_cons,3772,0.349496
letter_cons,3773,0.442891
letter_cons,3774,0.403568
letter_cons,3775,0.476316
letter_cons,3776,0.435460
letter_cons,3777,0.465576
letter_cons,3778,0.403850
letter_cons,3779,0.364757
letter_cons,3780,0.384574
letter_cons,3781,0.367159
letter_cons,3782,0.373875
letter_cons,3783,0.452994
letter_cons,3784,0.481735
letter_cons,3785,0.382743
letter_cons,3786,0.458183
letter_cons,3787,0.469795
letter_cons,3788,0.318555
letter_cons,3789,0.354246
letter_cons,3790,0.360153
letter_cons,3791,0.392471
letter_cons,3792,0.402704
letter_cons,3793,0.439992
letter_cons,3794,0.326776
letter_cons,3795,0.388668
letter_cons,3796,0.417641
letter_cons,3797,0.409373
letter_cons,3798,0.352214
letter_cons,3799,0.433930
letter_cons,3800,0.350399
letter_cons,3801,0.397754
letter_cons,3802,0.380133
letter_cons,3803,0.456033
letter_cons,3804,0.362021
letter_cons,3805,0.465423
letter_cons,3806,0.465127
letter_cons,3807,0.429667
letter_cons,3808,0.421936
letter_cons,3809,0.406876
letter_cons,3810,0.346778
letter_cons,3811,0.471388
letter_cons,3812,0.425441
letter_cons,3813,0.405810
letter_cons,3814,0.372360
letter_cons,3815,0.409421
letter_cons,3816,0.370513
letter_cons,3817,0.417661
letter_cons,3818,0.415486
letter_cons,3819,0.417461
letter_cons,3820,0.424669
letter_cons,3821,0.438624
letter_cons,3822,0.374360
letter_cons,3823,0.354443
letter_cons,3824,0.408060
letter_cons,3825,0.386442
letter_cons,3826,0.426558
letter_cons,3827,0.352404
letter_cons,3828,0.390418
letter_cons,3829,0.436496
letter_cons,3830,0.379220
letter_cons,3831,0.400351
letter_cons,3832,0.387898
letter_cons,3833,0.456407
letter_cons,3834,0.366311
letter_cons,3835,0.346050
letter_cons,3836,0.414543
letter_cons,3837,0.322870
letter_cons,3838,0.437970
letter_cons,3839,0.414078
letter_cons,3840,0.418591
letter_cons,3841,0.390926
letter_cons,3842,0.466318
letter_cons,3843,0.395452
letter_cons,3844,0.413232
letter_cons,3845,0.410513
letter_cons,3846,0.417215
letter_cons,3847,0.441795
letter_cons,3848,0.371235
letter_cons,3849,0.413869
letter_cons,3850,0.389098
letter_cons,3851,0.383607
letter_cons,3852,0.457733
letter_cons,3853,0.437637
letter_cons,3854,0.368533
letter_cons,3855,0.355292
letter_cons,3856,0.433885
letter_cons,3857,0.356101
letter_cons,3858,0.383014
letter_cons,3859,0.443909
letter_cons,3860,0.420841
letter_cons,3861,0.365311
letter_cons,3862,0.405655
letter_cons,3863,0.355712
letter_cons,3864,0.389335
letter_cons,3865,0.333488
letter_cons,3866,0.390867
letter_cons,3867,0.389852
letter_cons,3868,0.451601
letter_cons,3869,0.365439
letter_cons,3870,0.429801
letter_cons,3871,0.290687
letter_cons,3872,0.485784
letter_cons,3873,0.498930
letter_cons,3874,0.391265
letter_cons,3875,0.430728
letter_cons,3876,0.441574
letter_cons,3877,0.312745
letter_cons,3878,0.414162
letter_cons,3879,0.442613
letter_cons,3880,0.340054
letter_cons,3881,0.426115
letter_cons,3882,0.402991
letter_cons,3883,0.436746
letter_cons,3884,0.441629
letter_cons,3885,0.493035
letter_cons,3886,0.418458
letter_cons,3887,0.400519
letter_cons,3888,0.427505
letter_cons,3889,0.325709
letter_cons,3890,0.353327
letter_cons,3891,0.384938
letter_cons,3892,0.392708
letter_cons,3893,0.347125
letter_cons,3894,0.384673
letter_cons,3895,0.337608
letter_cons,3896,0.394315
letter_cons,3897,0.362754
letter_cons,3898,0.436193
letter_cons,3899,0.394020
letter_cons,3900,0.396163
letter_cons,3901,0.380043
letter_cons,3902,0.371338
letter_cons,3903,0.414396
letter_cons,3904,0.391079
letter_cons,3905,0.427707
letter_cons,3906,0.422659
letter_cons,3907,0.438703
letter_cons,3908,0.438883
letter_cons,3909,0.449757
letter_cons,3910,0.405400
letter_cons,3911,0.439638
letter_cons,3912,0.459562
letter_cons,3913,0.493046
letter_cons,3914,0.388014
letter_cons,3915,0.383378
letter_cons,3916,0.434622
letter_cons,3917,0.415422
letter_cons,3918,0.302328
letter_cons,3919,0.388085
letter_cons,3920,0.404897
letter_cons,3921,0.393205
letter_cons,3922,0.416627
letter_cons,3923,0.405788
letter_cons,3924,0.392745
letter_cons,3925,0.373995
letter_cons,3926,0.403497
letter_cons,3927,0.370099
letter_cons,3928,0.462156
letter_cons,3929,0.475512
letter_cons,3930,0.332407
letter_cons,3931,0.482768
letter_cons,3932,0.373925
letter_cons,3933,0.480999
letter_cons,3934,0.320884
letter_cons,3935,0.367914
letter_cons,3936,0.362085
letter_cons,3937,0.379913
letter_cons,3938,0.416098
letter_cons,3939,0.369192
letter_cons,3940,0.408435
letter_cons,3941,0.357889
letter_cons,3942,0.346582
letter_cons,3943,0.382982
letter_cons,3944,0.454042
letter_cons,3945,0.388530
letter_cons,3946,0.397649
letter_cons,3947,0.465581
letter_cons,3948,0.380042
letter_cons,3949,0.446032
letter_cons,3950,0.412372
letter_cons,3951,0.360107
letter_cons,3952,0.456013
letter_cons,3953,0.421504
letter_cons,3954,0.409118
letter_cons,3955,0.479742
letter_cons,3956,0.374620
letter_cons,3957,0.319855
letter_cons,3958,0.430490
letter_cons,3959,0.399040
letter_cons,3960,0.348804
letter_cons,3961,0.361339
letter_cons,3962,0.398328
letter_cons,3963,0.425442
letter_cons,3964,0.439386
letter_cons,3965,0.347677
letter_cons,3966,0.409700
letter_cons,3967,0.381979
letter_cons,3968,0.466567
letter_cons,3969,0.395386
letter_cons,3970,0.415349
letter_cons,3971,0.457338
letter_cons,3972,0.497135
letter_cons,3973,0.369944
letter_cons,3974,0.382342
letter_cons,3975,0.403593
letter_cons,3976,0.355487
letter_cons,3977,0.401792
letter_cons,3978,0.395263
letter_cons,3979,0.411234
letter_cons,3980,0.352643
letter_cons,3981,0.449886
letter_cons,3982,0.466025
letter_cons,3983,0.450295
letter_cons,3984,0.450873
letter_cons,3985,0.366672
letter_cons,3986,0.392165
letter_cons,3987,0.473216
letter_cons,3988,0.367694
letter_cons,3989,0.466549
letter_cons,3990,0.462070
letter_cons,3991,0.334081
letter_cons,3992,0.317387
letter_cons,3993,0.432640
letter_cons,3994,0.318048
letter_cons,3995,0.386859
letter_cons,3996,0.407151
letter_cons,3997,0.399817
letter_cons,3998,0.426725
letter_cons,3999,0.420787
letter_cons,4000,0.413779
letter_cons,4001,0.404099
letter_cons,4002,0.378424
letter_cons,4003,0.404383
letter_cons,4004,0.428776
letter_cons,4005,0.396449
letter_cons,4006,0.379630
letter_cons,4007,0.331321
letter_cons,4008,0.426913
letter_cons,4009,0.409922
letter_cons,4010,0.419753
letter_cons,4011,0.440420
letter_cons,4012,0.397778
letter_cons,4013,0.387566
letter_cons,4014,0.468575
letter_cons,4015,0.366965
letter_cons,4016,0.469275
letter_cons,4017,0.413403
letter_cons,4018,0.368058
letter_cons,4019,0.413700
letter_cons,4020,0.349319
letter_cons,4021,0.409516
letter_cons,4022,0.416198
letter_cons,4023,0.531127
letter_cons,4024,0.378025
letter_cons,4025,0.394896
letter_cons,4026,0.402241
letter_cons,4027,0.431055
letter_cons,4028,0.325545
letter_cons,4029,0.409697
letter_cons,4030,0.373885
letter_cons,4031,0.429111
letter_cons,4032,0.423568
letter_cons,4033,0.348225
letter_cons,4034,0.422665
letter_cons,4035,0.407006
letter_cons,4036,0.379192
letter_cons,4037,0.427887
letter_cons,4038,0.311246
letter_cons,4039,0.410777
letter_cons,4040,0.428474
letter_cons,4041,0.328437
letter_cons,4042,0.346029
letter_cons,4043,0.358051
letter_cons,4044,0.474213
letter_cons,4045,0.386505
letter_cons,4046,0.361607
letter_cons,4047,0.370594
letter_cons,4048,0.418353
letter_cons,4049,0.352370
letter_cons,4050,0.372586
letter_cons,4051,0.392620
letter_cons,4052,0.432886
letter_cons,4053,0.389716
letter_cons,4054,0.489828
letter_cons,4055,0.332624
letter_cons,4056,0.438507
letter_cons,4057,0.431383
letter_cons,4058,0.369053
letter_cons,4059,0.468233
letter_cons,4060,0.375036
letter_cons,4061,0.509052
letter_cons,4062,0.350183
letter_cons,4063,0.381519
letter_cons,4064,0.428944
letter_cons,4065,0.427617
letter_cons,4066,0.388004
letter_cons,4067,0.425817
letter_cons,4068,0.449172
letter_cons,4069,0.472516
letter_cons,4070,0.342317
letter_cons,4071,0.392237
letter_cons,4072,0.443140
letter_cons,4073,0.394366
letter_cons,4074,0.352249
letter_cons,4075,0.336070
letter_cons,4076,0.442116
letter_cons,4077,0.370547
letter_cons,4078,0.376977
letter_cons,4079,0.327682
letter_cons,4080,0.390060
letter_cons,4081,0.402615
letter_cons,4082,0.411940
letter_cons,4083,0.355832
letter_cons,4084,0.376509
letter_cons,4085,0.412297
letter_cons,4086,0.395618
letter_cons,4087,0.380519
letter_cons,4088,0.401382
letter_cons,4089,0.428905
letter_cons,4090,0.350123
letter_cons,4091,0.437195
letter_cons,4092,0.333414
letter_cons,4093,0.464096
letter_cons,4094,0.362597
letter_cons,4095,0.403723
letter_cons,4096,0.335771
letter_cons,4097,0.382121
letter_cons,4098,0.343874
letter_cons,4099,0.429087
letter_cons,4100,0.312091
letter_cons,4101,0.478955
letter_cons,4102,0.414300
letter_cons,4103,0.420974
letter_cons,4104,0.436196
letter_cons,4105,0.394134
letter_cons,4106,0.408821
letter_cons,4107,0.431610
letter_cons,4108,0.409591
letter_cons,4109,0.389982
letter_cons,4110,0.371000
letter_cons,4111,0.410101
letter_cons,4112,0.474980
letter_cons,4113,0.397948
letter_cons,4114,0.406372
letter_cons,4115,0.376461
letter_cons,4116,0.378206
letter_cons,4117,0.388380
letter_cons,4118,0.466533
letter_cons,4119,0.391621
letter_cons,4120,0.465594
letter_cons,4121,0.439974
letter_cons,4122,0.399835
letter_cons,4123,0.409346
letter_cons,4124,0.391723
letter_cons,4125,0.369868
letter_cons,4126,0.451280
letter_cons,4127,0.298523
letter_cons,4128,0.323323
letter_cons,4129,0.383837
letter_cons,4130,0.439388
letter_cons,4131,0.354378
letter_cons,4132,0.412676
letter_cons,4133,0.291714
letter_cons,4134,0.425872
letter_cons,4135,0.385411
letter_cons,4136,0.418608
letter_cons,4137,0.399943
letter_cons,4138,0.387215
letter_cons,4139,0.391056
letter_cons,4140,0.386103
letter_cons,4141,0.384061
letter_cons,4142,0.371578
letter_cons,4143,0.395408
letter_cons,4144,0.355603
letter_cons,4145,0.463669
letter_cons,4146,0.354326
letter_cons,4147,0.411016
letter_cons,4148,0.353992
letter_cons,4149,0.382765
letter_cons,4150,0.431906
letter_cons,4151,0.376742
letter_cons,4152,0.421413
letter_cons,4153,0.411781
letter_cons,4154,0.439065
letter_cons,4155,0.383814
letter_cons,4156,0.380419
letter_cons,4157,0.398389
letter_cons,4158,0.329150
letter_cons,4159,0.397012
letter_cons,4160,0.435862
letter_cons,4161,0.441452
letter_cons,4162,0.345879
letter_cons,4163,0.330103
letter_cons,4164,0.444959
letter_cons,4165,0.318248
letter_cons,4166,0.429812
letter_cons,4167,0.357517
letter_cons,4168,0.426654
letter_cons,4169,0.403239
letter_cons,4170,0.368588
letter_cons,4171,0.362384
letter_cons,4172,0.346024
letter_cons,4173,0.299025
letter_cons,4174,0.468699
letter_cons,4175,0.518567
letter_cons,4176,0.341516
letter_cons,4177,0.408066
letter_cons,4178,0.403087
letter_cons,4179,0.387952
letter_cons,4180,0.444175
letter_cons,4181,0.400405
letter_cons,4182,0.452874
letter_cons,4183,0.461820
letter_cons,4184,0.380288
letter_cons,4185,0.428888
letter_cons,4186,0.465427
letter_cons,4187,0.429557
letter_cons,4188,0.334369
letter_cons,4189,0.388306
letter_cons,4190,0.382081
letter_cons,4191,0.385535
letter_cons,4192,0.395043
letter_cons,4193,0.341001
letter_cons,4194,0.364335
letter_cons,4195,0.375768
letter_cons,4196,0.387838
letter_cons,4197,0.407502
letter_cons,4198,0.444687
letter_cons,4199,0.386506
letter_cons,4200,0.378940
letter_cons,4201,0.371594
letter_cons,4202,0.425360
letter_cons,4203,0.305997
letter_cons,4204,0.278289
letter_cons,4205,0.350730
letter_cons,4206,0.344047
letter_cons,4207,0.406020
letter_cons,4208,0.395540
letter_cons,4209,0.393998
letter_cons,4210,0.332917
letter_cons,4211,0.424665
letter_cons,4212,0.429046
letter_cons,4213,0.382354
letter_cons,4214,0.395987
letter_cons,4215,0.399077
letter_cons,4216,0.402125
letter_cons,4217,0.382963
letter_cons,4218,0.438696
letter_cons,4219,0.373984
letter_cons,4220,0.394975
letter_cons,4221,0.319723
letter_cons,4222,0.473487
letter_cons,4223,0.466324
letter_cons,4224,0.341573
letter_cons,4225,0.374656
letter_cons,4226,0.426881
letter_cons,4227,0.356970
letter_cons,4228,0.417327
letter_cons,4229,0.350896
letter_cons,4230,0.478694
letter_cons,4231,0.402567
letter_cons,4232,0.413580
letter_cons,4233,0.420168
letter_cons,4234,0.326396
letter_cons,4235,0.465242
letter_cons,4236,0.369049
letter_cons,4237,0.331555
letter_cons,4238,0.423397
letter_cons,4239,0.377703
letter_cons,4240,0.416576
letter_cons,4241,0.411855
letter_cons,4242,0.420280
letter_cons,4243,0.423273
letter_cons,4244,0.312687
letter_cons,4245,0.389159
letter_cons,4246,0.452514
letter_cons,4247,0.483026
letter_cons,4248,0.370886
letter_cons,4249,0.438070
letter_cons,4250,0.368650
letter_cons,4251,0.385349
letter_cons,4252,0.376443
letter_cons,4253,0.419993
letter_cons,4254,0.343315
letter_cons,4255,0.414133
letter_cons,4256,0.444621
letter_cons,4257,0.370643
letter_cons,4258,0.435387
letter_cons,4259,0.387953
letter_cons,4260,0.358854
letter_cons,4261,0.337844
letter_cons,4262,0.417189
letter_cons,4263,0.372685
letter_cons,4264,0.400655
letter_cons,4265,0.396917
letter_cons,4266,0.342842
letter_cons,4267,0.430891
letter_cons,4268,0.402867
letter_cons,4269,0.340068
letter_cons,4270,0.424657
letter_cons,4271,0.449784
letter_cons,4272,0.423840
letter_cons,4273,0.411819
letter_cons,4274,0.366483
letter_cons,4275,0.366781
letter_cons,4276,0.381496
letter_cons,4277,0.293226
letter_cons,4278,0.463000
letter_cons,4279,0.451587
letter_cons,4280,0.357780
letter_cons,4281,0.435240
letter_cons,4282,0.347762
letter_cons,4283,0.337523
letter_cons,4284,0.326701
letter_cons,4285,0.357193
letter_cons,4286,0.338882
letter_cons,4287,0.362790
letter_cons,4288,0.290772
letter_cons,4289,0.370821
letter_cons,4290,0.371814
letter_cons,4291,0.451410
letter_cons,4292,0.358565
letter_cons,4293,0.505656
letter_cons,4294,0.431612
letter_cons,4295,0.377506
letter_cons,4296,0.451491
letter_cons,4297,0.425932
letter_cons,4298,0.408254
letter_cons,4299,0.372093
letter_cons,4300,0.416717
letter_cons,4301,0.444724
letter_cons,4302,0.333431
letter_cons,4303,0.453738
letter_cons,4304,0.389144
letter_cons,4305,0.402588
letter_cons,4306,0.426355
letter_cons,4307,0.366099
letter_cons,4308,0.415797
letter_cons,4309,0.385848
letter_cons,4310,0.386795
letter_cons,4311,0.411905
letter_cons,4312,0.368974
letter_cons,4313,0.334565
letter_cons,4314,0.380045
letter_cons,4315,0.379946
letter_cons,4316,0.384995
letter_cons,4317,0.413725
letter_cons,4318,0.339137
letter_cons,4319,0.369401
letter_cons,4320,0.365123
letter_cons,4321,0.435286
letter_cons,4322,0.390683
letter_cons,4323,0.394759
letter_cons,4324,0.378239
letter_cons,4325,0.374640
letter_cons,4326,0.377051
letter_cons,4327,0.389446
letter_cons,4328,0.351285
letter_cons,4329,0.363581
letter_cons,4330,0.443802
letter_cons,4331,0.453289
letter_cons,4332,0.382155
letter_cons,4333,0.462158
letter_cons,4334,0.325858
letter_cons,4335,0.332016
letter_cons,4336,0.508067
letter_cons,4337,0.383118
letter_cons,4338,0.412332
letter_cons,4339,0.411125
letter_cons,4340,0.452886
letter_cons,4341,0.411556
letter_cons,4342,0.435950
letter_cons,4343,0.365436
letter_cons,4344,0.481308
letter_cons,4345,0.320578
letter_cons,4346,0.394006
letter_cons,4347,0.390646
letter_cons,4348,0.357347
letter_cons,4349,0.385255
letter_cons,4350,0.405733
letter_cons,4351,0.417450
letter_cons,4352,0.372730
letter_cons,4353,0.373784
letter_cons,4354,0.414075
letter_cons,4355,0.387732
letter_cons,4356,0.386718
letter_cons,4357,0.404122
letter_cons,4358,0.363503
letter_cons,4359,0.384853
letter_cons,4360,0.398046
letter_cons,4361,0.417378
letter_cons,4362,0.418375
letter_cons,4363,0.349004
letter_cons,4364,0.404616
letter_cons,4365,0.333977
letter_cons,4366,0.449414
letter_cons,4367,0.380586
letter_cons,4368,0.364175
letter_cons,4369,0.387452
letter_cons,4370,0.356598
letter_cons,4371,0.431144
letter_cons,4372,0.354400
letter_cons,4373,0.398563
letter_cons,4374,0.481397
letter_cons,4375,0.384435
letter_cons,4376,0.453502
letter_cons,4377,0.476746
letter_cons,4378,0.390085
letter_cons,4379,0.501600
letter_cons,4380,0.343659
letter_cons,4381,0.408681
letter_cons,4382,0.441735
letter_cons,4383,0.444195
letter_cons,4384,0.427065
letter_cons,4385,0.418124
letter_cons,4386,0.371844
letter_cons,4387,0.370891
letter_cons,4388,0.389940
letter_cons,4389,0.385646
letter_cons,4390,0.407447
letter_cons,4391,0.395691
letter_cons,4392,0.429391
letter_cons,4393,0.370082
letter_cons,4394,0.440034
letter_cons,4395,0.436335
letter_cons,4396,0.401541
letter_cons,4397,0.401733
letter_cons,4398,0.415743
letter_cons,4399,0.363611
letter_cons,4400,0.415967
letter_cons,4401,0.421256
letter_cons,4402,0.435883
letter_cons,4403,0.467490
letter_cons,4404,0.392043
letter_cons,4405,0.404302
letter_cons,4406,0.402533
letter_cons,4407,0.390005
letter_cons,4408,0.350546
letter_cons,4409,0.373873
letter_cons,4410,0.431744
letter_cons,4411,0.409104
letter_cons,4412,0.463274
letter_cons,4413,0.399852
letter_cons,4414,0.391491
letter_cons,4415,0.442265
letter_cons,4416,0.388946
letter_cons,4417,0.399779
letter_cons,4418,0.361333
letter_cons,4419,0.356420
letter_cons,4420,0.383702
letter_cons,4421,0.388687
letter_cons,4422,0.354363
letter_cons,4423,0.401632
letter_cons,4424,0.386034
letter_cons,4425,0.435010
letter_cons,4426,0.433931
letter_cons,4427,0.441034
letter_cons,4428,0.436529
letter_cons,4429,0.350305
letter_cons,4430,0.449196
letter_cons,4431,0.385986
letter_cons,4432,0.397087
letter_cons,4433,0.382900
letter_cons,4434,0.398593
letter_cons,4435,0.422870
letter_cons,4436,0.394972
letter_cons,4437,0.415706
letter_cons,4438,0.342790
letter_cons,4439,0.386804
letter_cons,4440,0.400480
letter_cons,4441,0.349169
letter_cons,4442,0.358068
letter_cons,4443,0.416158
letter_cons,4444,0.413470
letter_cons,4445,0.400764
letter_cons,4446,0.438003
letter_cons,4447,0.431693
letter_cons,4448,0.386259
letter_cons,4449,0.381413
letter_cons,4450,0.388984
letter_cons,4451,0.377163
letter_cons,4452,0.383398
letter_cons,4453,0.367809
letter_cons,4454,0.410359
letter_cons,4455,0.420803
letter_cons,4456,0.368008
letter_cons,4457,0.441117
letter_cons,4458,0.406544
letter_cons,4459,0.407432
letter_cons,4460,0.418524
letter_cons,4461,0.340535
letter_cons,4462,0.415528
letter_cons,4463,0.497583
letter_cons,4464,0.413715
letter_cons,4465,0.406196
letter_cons,4466,0.362292
letter_cons,4467,0.390035
letter_cons,4468,0.311192
letter_cons,4469,0.406216
letter_cons,4470,0.375065
letter_cons,4471,0.408712
letter_cons,4472,0.383660
letter_cons,4473,0.458709
letter_cons,4474,0.454414
letter_cons,4475,0.373190
letter_cons,4476,0.379010
letter_cons,4477,0.417135
letter_cons,4478,0.396983
letter_cons,4479,0.368634
letter_cons,4480,0.425074
letter_cons,4481,0.438508
letter_cons,4482,0.410470
letter_cons,4483,0.452319
letter_cons,4484,0.399017
letter_cons,4485,0.369655
letter_cons,4486,0.413769
letter_cons,4487,0.473207
letter_cons,4488,0.474460
letter_cons,4489,0.461654
letter_cons,4490,0.368245
letter_cons,4491,0.420169
letter_cons,4492,0.411348
letter_cons,4493,0.359725
letter_cons,4494,0.456379
letter_cons,4495,0.380724
letter_cons,4496,0.421760
letter_cons,4497,0.388878
letter_cons,4498,0.395509
letter_cons,4499,0.388647
letter_cons,4500,0.372888
letter_cons,4501,0.356787
letter_cons,4502,0.415087
letter_cons,4503,0.377578
letter_cons,4504,0.326976
letter_cons,4505,0.371750
letter_cons,4506,0.395920
letter_cons,4507,0.391655
letter_cons,4508,0.390904
letter_cons,4509,0.395764
letter_cons,4510,0.401453
letter_cons,4511,0.424226
letter_cons,4512,0.407462
letter_cons,4513,0.297282
letter_cons,4514,0.375125
letter_cons,4515,0.378453
letter_cons,4516,0.374026
letter_cons,4517,0.395091
letter_cons,4518,0.392809
letter_cons,4519,0.393263
letter_cons,4520,0.387739
letter_cons,4521,0.346134
letter_cons,4522,0.379353
letter_cons,4523,0.369689
letter_cons,4524,0.349523
letter_cons,4525,0.423467
letter_cons,4526,0.421774
letter_cons,4527,0.424685
letter_cons,4528,0.366922
letter_cons,4529,0.414815
letter_cons,4530,0.372249
letter_cons,4531,0.380477
letter_cons,4532,0.378617
letter_cons,4533,0.374687
letter_cons,4534,0.385191
letter_cons,4535,0.415859
letter_cons,4536,0.343054
letter_cons,4537,0.356286
letter_cons,4538,0.429380
letter_cons,4539,0.398274
letter_cons,4540,0.386654
letter_cons,4541,0.408099
letter_cons,4542,0.429088
letter_cons,4543,0.437264
letter_cons,4544,0.409684
letter_cons,4545,0.436569
letter_cons,4546,0.279618
letter_cons,4547,0.353638
letter_cons,4548,0.433522
letter_cons,4549,0.387502
letter_cons,4550,0.356289
letter_cons,4551,0.360691
letter_cons,4552,0.374515
letter_cons,4553,0.392097
letter_cons,4554,0.411932
letter_cons,4555,0.371556
letter_cons,4556,0.394909
letter_cons,4557,0.423224
letter_cons,4558,0.431180
letter_cons,4559,0.478024
letter_cons,4560,0.469016
letter_cons,4561,0.472274
letter_cons,4562,0.404741
letter_cons,4563,0.396152
letter_cons,4564,0.391045
letter_cons,4565,0.350861
letter_cons,4566,0.488792
letter_cons,4567,0.385610
letter_cons,4568,0.376532
letter_cons,4569,0.334796
letter_cons,4570,0.403526
letter_cons,4571,0.460679
letter_cons,4572,0.447416
letter_cons,4573,0.371396
letter_cons,4574,0.394590
letter_cons,4575,0.383265
letter_cons,4576,0.373753
letter_cons,4577,0.407109
letter_cons,4578,0.408310
letter_cons,4579,0.354959
letter_cons,4580,0.342512
letter_cons,4581,0.374620
letter_cons,4582,0.455526
letter_cons,4583,0.439884
letter_cons,4584,0.398710
letter_cons,4585,0.368565
letter_cons,4586,0.470502
letter_cons,4587,0.368418
letter_cons,4588,0.435308
letter_cons,4589,0.356973
letter_cons,4590,0.403900
letter_cons,4591,0.325651
letter_cons,4592,0.414314
letter_cons,4593,0.370565
letter_cons,4594,0.407091
letter_cons,4595,0.381530
letter_cons,4596,0.400877
letter_cons,4597,0.390483
letter_cons,4598,0.359603
letter_cons,4599,0.446246
letter_cons,4600,0.408491
letter_cons,4601,0.407298
letter_cons,4602,0.340828
letter_cons,4603,0.345779
letter_cons,4604,0.448977
letter_cons,4605,0.315187
letter_cons,4606,0.425189
letter_cons,4607,0.354589
letter_cons,4608,0.411264
letter_cons,4609,0.392995
letter_cons,4610,0.396427
letter_cons,4611,0.395662
letter_cons,4612,0.364359
letter_cons,4613,0.419383
letter_cons,4614,0.390189
letter_cons,4615,0.403298
letter_cons,4616,0.387413
letter_cons,4617,0.365728
letter_cons,4618,0.397312
letter_cons,4619,0.398223
letter_cons,4620,0.422663
letter_cons,4621,0.417915
letter_cons,4622,0.390973
letter_cons,4623,0.366682
letter_cons,4624,0.353206
letter_cons,4625,0.479213
letter_cons,4626,0.399660
letter_cons,4627,0.428418
letter_cons,4628,0.350462
letter_cons,4629,0.382809
letter_cons,4630,0.416968
letter_cons,4631,0.412627
letter_cons,4632,0.416544
letter_cons,4633,0.390483
letter_cons,4634,0.379751
letter_cons,4635,0.370652
letter_cons,4636,0.430447
letter_cons,4637,0.416732
letter_cons,4638,0.424192
letter_cons,4639,0.445177
letter_cons,4640,0.361218
letter_cons,4641,0.401013
letter_cons,4642,0.466803
letter_cons,4643,0.359909
letter_cons,4644,0.399659
letter_cons,4645,0.395251
letter_cons,4646,0.373043
letter_cons,4647,0.399486
letter_cons,4648,0.377837
letter_cons,4649,0.447330
letter_cons,4650,0.434678
letter_cons,4651,0.362381
letter_cons,4652,0.376586
letter_cons,4653,0.432429
letter_cons,4654,0.444881
letter_cons,4655,0.355455
letter_cons,4656,0.395254
letter_cons,4657,0.389113
letter_cons,4658,0.444086
letter_cons,4659,0.420219
letter_cons,4660,0.463639
letter_cons,4661,0.344412
letter_cons,4662,0.414090
letter_cons,4663,0.309385
letter_cons,4664,0.461412
letter_cons,4665,0.393318
letter_cons,4666,0.414844
letter_cons,4667,0.501436
letter_cons,4668,0.262156
letter_cons,4669,0.468273
letter_cons,4670,0.463986
letter_cons,4671,0.399379
letter_cons,4672,0.387191
letter_cons,4673,0.410029
letter_cons,4674,0.417852
letter_cons,4675,0.406520
letter_cons,4676,0.408834
letter_cons,4677,0.365565
letter_cons,4678,0.435814
letter_cons,4679,0.348867
letter_cons,4680,0.432714
letter_cons,4681,0.421858
letter_cons,4682,0.358952
letter_cons,4683,0.422095
letter_cons,4684,0.365074
letter_cons,4685,0.471023
letter_cons,4686,0.470014
letter_cons,4687,0.372454
letter_cons,4688,0.448890
letter_cons,4689,0.384825
letter_cons,4690,0.415188
letter_cons,4691,0.436981
letter_cons,4692,0.404620
letter_cons,4693,0.381797
letter_cons,4694,0.390373
letter_cons,4695,0.412267
letter_cons,4696,0.422442
letter_cons,4697,0.403228
letter_cons,4698,0.393258
letter_cons,4699,0.343586
letter_cons,4700,0.402545
letter_cons,4701,0.374493
letter_cons,4702,0.481486
letter_cons,4703,0.361674
letter_cons,4704,0.392038
letter_cons,4705,0.443675
letter_cons,4706,0.460651
letter_cons,4707,0.387854
letter_cons,4708,0.471245
letter_cons,4709,0.431392
letter_cons,4710,0.402715
letter_cons,4711,0.419420
letter_cons,4712,0.386265
letter_cons,4713,0.379799
letter_cons,4714,0.461398
letter_cons,4715,0.359546
letter_cons,4716,0.417795
letter_cons,4717,0.404921
letter_cons,4718,0.340316
letter_cons,4719,0.403948
letter_cons,4720,0.461342
letter_cons,4721,0.372484
letter_cons,4722,0.317477
letter_cons,4723,0.400469
letter_cons,4724,0.379859
letter_cons,4725,0.373702
letter_cons,4726,0.359542
letter_cons,4727,0.423584
letter_cons,4728,0.352447
letter_cons,4729,0.345067
letter_cons,4730,0.427642
letter_cons,4731,0.375848
letter_cons,4732,0.492939
letter_cons,4733,0.384682
letter_cons,4734,0.384286
letter_cons,4735,0.450874
letter_cons,4736,0.360023
letter_cons,4737,0.409605
letter_cons,4738,0.367155
letter_cons,4739,0.383139
letter_cons,4740,0.370601
letter_cons,4741,0.389245
letter_cons,4742,0.401923
letter_cons,4743,0.372921
letter_cons,4744,0.432696
letter_cons,4745,0.389816
letter_cons,4746,0.444407
letter_cons,4747,0.435778
letter_cons,4748,0.433470
letter_cons,4749,0.361174
letter_cons,4750,0.439653
letter_cons,4751,0.397611
letter_cons,4752,0.376251
letter_cons,4753,0.409143
letter_cons,4754,0.392921
letter_cons,4755,0.429919
letter_cons,4756,0.408394
letter_cons,4757,0.331771
letter_cons,4758,0.368237
letter_cons,4759,0.408288
letter_cons,4760,0.417607
letter_cons,4761,0.407261
letter_cons,4762,0.383958
letter_cons,4763,0.407507
letter_cons,4764,0.414562
letter_cons,4765,0.422672
letter_cons,4766,0.380647
letter_cons,4767,0.371211
letter_cons,4768,0.446520
letter_cons,4769,0.448306
letter_cons,4770,0.340505
letter_cons,4771,0.400118
letter_cons,4772,0.478474
letter_cons,4773,0.404936
letter_cons,4774,0.312148
letter_cons,4775,0.344901
letter_cons,4776,0.369508
letter_cons,4777,0.427680
letter_cons,4778,0.399139
letter_cons,4779,0.438506
letter_cons,4780,0.390856
letter_cons,4781,0.395663
letter_cons,4782,0.391309
letter_cons,4783,0.412078
letter_cons,4784,0.495033
letter_cons,4785,0.334023
letter_cons,4786,0.451872
letter_cons,4787,0.384372
letter_cons,4788,0.375034
letter_cons,4789,0.383022
letter_cons,4790,0.380243
letter_cons,4791,0.365572
letter_cons,4792,0.421478
letter_cons,4793,0.347646
letter_cons,4794,0.434001
letter_cons,4795,0.433204
letter_cons,4796,0.416309
letter_cons,4797,0.413555
letter_cons,4798,0.443051
letter_cons,4799,0.418906
letter_cons,4800,0.363407
letter_cons,4801,0.502978
letter_cons,4802,0.439785
letter_cons,4803,0.366503
letter_cons,4804,0.426043
letter_cons,4805,0.390237
letter_cons,4806,0.492925
letter_cons,4807,0.413206
letter_cons,4808,0.337091
letter_cons,4809,0.395848
letter_cons,4810,0.436842
letter_cons,4811,0.375591
letter_cons,4812,0.404058
letter_cons,4813,0.347268
letter_cons,4814,0.434316
letter_cons,4815,0.439463
letter_cons,4816,0.395115
letter_cons,4817,0.385186
letter_cons,4818,0.433891
letter_cons,4819,0.388239
letter_cons,4820,0.380561
letter_cons,4821,0.515827
letter_cons,4822,0.396889
letter_cons,4823,0.462541
letter_cons,4824,0.459820
letter_cons,4825,0.384551
letter_cons,4826,0.403628
letter_cons,4827,0.420108
letter_cons,4828,0.398281
letter_cons,4829,0.399016
letter_cons,4830,0.406907
letter_cons,4831,0.365687
letter_cons,4832,0.396250
letter_cons,4833,0.433942
letter_cons,4834,0.423066
letter_cons,4835,0.404402
letter_cons,4836,0.438068
letter_cons,4837,0.443772
letter_cons,4838,0.373996
letter_cons,4839,0.414912
letter_cons,4840,0.423591
letter_cons,4841,0.412717
letter_cons,4842,0.400408
letter_cons,4843,0.412492
letter_cons,4844,0.450051
letter_cons,4845,0.397712
letter_cons,4846,0.376761
letter_cons,4847,0.346534
letter_cons,4848,0.404313
letter_cons,4849,0.422147
letter_cons,4850,0.458624
letter_cons,4851,0.335386
letter_cons,4852,0.384261
letter_cons,4853,0.403231
letter_cons,4854,0.468758
letter_cons,4855,0.381379
letter_cons,4856,0.424145
letter_cons,4857,0.394298
letter_cons,4858,0.474690
letter_cons,4859,0.321890
letter_cons,4860,0.431997
letter_cons,4861,0.433668
letter_cons,4862,0.366621
letter_cons,4863,0.356483
letter_cons,4864,0.411015
letter_cons,4865,0.397886
letter_cons,4866,0.381407
letter_cons,4867,0.328331
letter_cons,4868,0.367349
letter_cons,4869,0.459622
letter_cons,4870,0.351536
letter_cons,4871,0.398310
letter_cons,4872,0.469094
letter_cons,4873,0.382738
letter_cons,4874,0.402699
letter_cons,4875,0.377181
letter_cons,4876,0.397019
letter_cons,4877,0.378083
letter_cons,4878,0.392460
letter_cons,4879,0.373126
letter_cons,4880,0.397119
letter_cons,4881,0.385231
letter_cons,4882,0.470489
letter_cons,4883,0.388795
letter_cons,4884,0.347935
letter_cons,4885,0.402573
letter_cons,4886,0.412423
letter_cons,4887,0.363297
letter_cons,4888,0.387062
letter_cons,4889,0.461678
letter_cons,4890,0.481909
letter_cons,4891,0.335494
letter_cons,4892,0.409446
letter_cons,4893,0.392232
letter_cons,4894,0.343951
letter_cons,4895,0.353092
letter_cons,4896,0.393111
letter_cons,4897,0.446492
letter_cons,4898,0.396098
letter_cons,4899,0.445702
letter_cons,4900,0.406703
letter_cons,4901,0.437170
letter_cons,4902,0.381004
letter_cons,4903,0.426001
letter_cons,4904,0.374728
letter_cons,4905,0.331657
letter_cons,4906,0.474931
letter_cons,4907,0.470512
letter_cons,4908,0.407654
letter_cons,4909,0.442699
letter_cons,4910,0.446701
letter_cons,4911,0.320308
letter_cons,4912,0.407892
letter_cons,4913,0.398687
letter_cons,4914,0.430318
letter_cons,4915,0.427356
letter_cons,4916,0.356522
letter_cons,4917,0.366320
letter_cons,4918,0.439080
letter_cons,4919,0.407879
letter_cons,4920,0.371756
letter_cons,4921,0.379384
letter_cons,4922,0.356900
letter_cons,4923,0.358296
letter_cons,4924,0.440556
letter_cons,4925,0.362738
letter_cons,4926,0.359025
letter_cons,4927,0.416437
letter_cons,4928,0.411291
letter_cons,4929,0.405288
letter_cons,4930,0.314995
letter_cons,4931,0.392272
letter_cons,4932,0.424374
letter_cons,4933,0.425533
letter_cons,4934,0.405819
letter_cons,4935,0.422695
letter_cons,4936,0.360517
letter_cons,4937,0.493195
letter_cons,4938,0.416164
letter_cons,4939,0.361121
letter_cons,4940,0.406838
letter_cons,4941,0.447237
letter_cons,4942,0.418967
letter_cons,4943,0.304103
letter_cons,4944,0.376110
letter_cons,4945,0.462341
letter_cons,4946,0.433789
letter_cons,4947,0.316706
letter_cons,4948,0.371932
letter_cons,4949,0.396918
letter_cons,4950,0.395799
letter_cons,4951,0.403187
letter_cons,4952,0.437267
letter_cons,4953,0.371029
letter_cons,4954,0.466398
letter_cons,4955,0.396358
letter_cons,4956,0.396499
letter_cons,4957,0.356975
letter_cons,4958,0.396984
letter_cons,4959,0.412282
letter_cons,4960,0.361075
letter_cons,4961,0.375078
letter_cons,4962,0.398634
letter_cons,4963,0.372625
letter_cons,4964,0.389446
letter_cons,4965,0.361849
letter_cons,4966,0.368749
letter_cons,4967,0.487660
letter_cons,4968,0.410324
letter_cons,4969,0.359319
letter_cons,4970,0.457347
letter_cons,4971,0.328446
letter_cons,4972,0.461940
letter_cons,4973,0.425129
letter_cons,4974,0.346342
letter_cons,4975,0.409220
letter_cons,4976,0.447539
letter_cons,4977,0.343109
letter_cons,4978,0.374280
letter_cons,4979,0.370105
letter_cons,4980,0.363414
letter_cons,4981,0.324531
letter_cons,4982,0.346613
letter_cons,4983,0.317752
letter_cons,4984,0.411103
letter_cons,4985,0.352698
letter_cons,4986,0.444191
letter_cons,4987,0.441337
letter_cons,4988,0.445906
letter_cons,4989,0.464134
letter_cons,4990,0.314845
letter_cons,4991,0.427116
letter_cons,4992,0.388102
letter_cons,4993,0.393147
letter_cons,4994,0.372529
letter_cons,4995,0.395175
letter_cons,4996,0.376620
letter_cons,4997,0.367021
letter_cons,4998,0.431812
letter_cons,4999,0.417042
letter_cons,5000,0.411791
letter_cons,5001,0.422021
letter_cons,5002,0.426176
letter_cons,5003,0.368187
letter_cons,5004,0.415649
letter_cons,5005,0.399333
letter_cons,5006,0.402750
letter_cons,5007,0.390317
letter_cons,5008,0.369352
letter_cons,5009,0.451771
letter_cons,5010,0.367587
letter_cons,5011,0.364513
letter_cons,5012,0.383868
letter_cons,5013,0.424449
letter_cons,5014,0.381038
letter_cons,5015,0.386173
letter_cons,5016,0.429586
letter_cons,5017,0.333128
letter_cons,5018,0.424596
letter_cons,5019,0.414318
letter_cons,5020,0.351868
letter_cons,5021,0.344763
letter_cons,5022,0.383336
letter_cons,5023,0.445028
letter_cons,5024,0.436229
letter_cons,5025,0.403688
letter_cons,5026,0.396226
letter_cons,5027,0.411854
letter_cons,5028,0.385532
letter_cons,5029,0.352268
letter_cons,5030,0.377626
letter_cons,5031,0.383073
letter_cons,5032,0.455852
letter_cons,5033,0.383490
letter_cons,5034,0.366127
letter_cons,5035,0.355575
letter_cons,5036,0.414791
letter_cons,5037,0.428646
letter_cons,5038,0.434000
letter_cons,5039,0.369597
letter_cons,5040,0.415677
letter_cons,5041,0.408523
letter_cons,5042,0.393436
letter_cons,5043,0.439689
letter_cons,5044,0.385620
letter_cons,5045,0.390544
letter_cons,5046,0.397119
letter_cons,5047,0.451777
letter_cons,5048,0.416982
letter_cons,5049,0.402267
letter_cons,5050,0.438937
letter_cons,5051,0.422872
letter_cons,5052,0.368182
letter_cons,5053,0.393386
letter_cons,5054,0.379342
letter_cons,5055,0.371621
letter_cons,5056,0.436490
letter_cons,5057,0.360393
letter_cons,5058,0.390114
letter_cons,5059,0.391259
letter_cons,5060,0.360845
letter_cons,5061,0.451594
letter_cons,5062,0.362350
letter_cons,5063,0.518316
letter_cons,5064,0.377589
letter_cons,5065,0.448891
letter_cons,5066,0.402948
letter_cons,5067,0.422000
letter_cons,5068,0.392855
letter_cons,5069,0.389089
letter_cons,5070,0.365150
letter_cons,5071,0.369171
letter_cons,5072,0.448304
letter_cons,5073,0.374831
letter_cons,5074,0.420753
letter_cons,5075,0.399958
letter_cons,5076,0.372784
letter_cons,5077,0.371533
letter_cons,5078,0.422553
letter_cons,5079,0.330887
letter_cons,5080,0.431439
letter_cons,5081,0.424851
letter_cons,5082,0.418222
letter_cons,5083,0.454565
letter_cons,5084,0.390952
letter_cons,5085,0.360744
letter_cons,5086,0.457687
letter_cons,5087,0.357435
letter_cons,5088,0.438791
letter_cons,5089,0.380101
letter_cons,5090,0.375812
letter_cons,5091,0.384151
letter_cons,5092,0.475539
letter_cons,5093,0.446095
letter_cons,5094,0.345267
letter_cons,5095,0.350606
letter_cons,5096,0.391336
letter_cons,5097,0.365505
letter_cons,5098,0.417173
letter_cons,5099,0.408346
letter_cons,5100,0.483251
letter_cons,5101,0.393186
letter_cons,5102,0.372606
letter_cons,5103,0.385933
letter_cons,5104,0.379507
letter_cons,5105,0.433604
letter_cons,5106,0.379005
letter_cons,5107,0.421770
letter_cons,5108,0.440697
letter_cons,5109,0.435359
letter_cons,5110,0.452778
letter_cons,5111,0.464436
letter_cons,5112,0.446042
letter_cons,5113,0.432435
letter_cons,5114,0.449289
letter_cons,5115,0.424359
letter_cons,5116,0.377797
letter_cons,5117,0.382498
letter_cons,5118,0.363860
letter_cons,5119,0.437150
letter_cons,5120,0.371678
letter_cons,5121,0.411931
letter_cons,5122,0.411948
letter_cons,5123,0.406205
letter_cons,5124,0.416132
letter_cons,5125,0.320493
letter_cons,5126,0.464263
letter_cons,5127,0.518115
letter_cons,5128,0.432703
letter_cons,5129,0.311322
letter_cons,5130,0.304606
letter_cons,5131,0.411670
letter_cons,5132,0.415477
letter_cons,5133,0.473213
letter_cons,5134,0.414064
letter_cons,5135,0.386973
letter_cons,5136,0.418959
letter_cons,5137,0.411929
letter_cons,5138,0.444946
letter_cons,5139,0.424018
letter_cons,5140,0.435845
letter_cons,5141,0.432293
letter_cons,5142,0.386315
letter_cons,5143,0.466675
letter_cons,5144,0.366443
letter_cons,5145,0.410338
letter_cons,5146,0.360291
letter_cons,5147,0.412400
letter_cons,5148,0.366442
letter_cons,5149,0.425595
letter_cons,5150,0.431096
letter_cons,5151,0.436859
letter_cons,5152,0.342519
letter_cons,5153,0.325076
letter_cons,5154,0.452542
letter_cons,5155,0.341762
letter_cons,5156,0.391311
letter_cons,5157,0.377705
letter_cons,5158,0.400725
letter_cons,5159,0.422223
letter_cons,5160,0.381098
letter_cons,5161,0.446918
letter_cons,5162,0.449293
letter_cons,5163,0.458014
letter_cons,5164,0.374510
letter_cons,5165,0.386761
letter_cons,5166,0.413995
letter_cons,5167,0.363364
letter_cons,5168,0.429322
letter_cons,5169,0.315738
letter_cons,5170,0.401203
letter_cons,5171,0.393877
letter_cons,5172,0.455933
letter_cons,5173,0.394331
letter_cons,5174,0.404365
letter_cons,5175,0.385197
letter_cons,5176,0.404810
letter_cons,5177,0.415384
letter_cons,5178,0.406602
letter_cons,5179,0.440778
letter_cons,5180,0.428907
letter_cons,5181,0.319234
letter_cons,5182,0.434120
letter_cons,5183,0.420485
letter_cons,5184,0.412321
letter_cons,5185,0.396549
letter_cons,5186,0.422906
letter_cons,5187,0.441537
letter_cons,5188,0.453709
letter_cons,5189,0.401934
letter_cons,5190,0.439900
letter_cons,5191,0.407036
letter_cons,5192,0.413904
letter_cons,5193,0.356498
letter_cons,5194,0.387704
letter_cons,5195,0.364308
letter_cons,5196,0.368787
letter_cons,5197,0.395495
letter_cons,5198,0.398810
letter_cons,5199,0.449637
letter_cons,5200,0.478300
letter_cons,5201,0.353302
letter_cons,5202,0.441721
letter_cons,5203,0.420062
letter_cons,5204,0.421031
letter_cons,5205,0.343526
letter_cons,5206,0.392340
letter_cons,5207,0.393178
letter_cons,5208,0.393559
letter_cons,5209,0.343082
letter_cons,5210,0.407115
letter_cons,5211,0.402958
letter_cons,5212,0.397561
letter_cons,5213,0.429059
letter_cons,5214,0.432746
letter_cons,5215,0.399234
letter_cons,5216,0.394041
letter_cons,5217,0.426692
letter_cons,5218,0.470282
letter_cons,5219,0.382479
letter_cons,5220,0.362738
letter_cons,5221,0.433337
letter_cons,5222,0.458137
letter_cons,5223,0.392277
letter_cons,5224,0.384260
letter_cons,5225,0.349943
letter_cons,5226,0.381726
letter_cons,5227,0.399092
letter_cons,5228,0.344976
letter_cons,5229,0.426754
letter_cons,5230,0.404361
letter_cons,5231,0.413054
letter_cons,5232,0.416397
letter_cons,5233,0.419233
letter_cons,5234,0.389405
letter_cons,5235,0.374173
letter_cons,5236,0.433263
letter_cons,5237,0.403449
letter_cons,5238,0.344841
letter_cons,5239,0.411227
letter_cons,5240,0.453495
letter_cons,5241,0.345926
letter_cons,5242,0.455748
letter_cons,5243,0.424624
letter_cons,5244,0.415296
letter_cons,5245,0.366154
letter_cons,5246,0.362134
letter_cons,5247,0.443203
letter_cons,5248,0.328060
letter_cons,5249,0.475682
letter_cons,5250,0.368182
letter_cons,5251,0.491758
letter_cons,5252,0.369417
letter_cons,5253,0.404377
letter_cons,5254,0.405269
letter_cons,5255,0.428375
letter_cons,5256,0.340854
letter_cons,5257,0.382299
letter_cons,5258,0.356218
letter_cons,5259,0.365975
letter_cons,5260,0.358670
letter_cons,5261,0.363152
letter_cons,5262,0.411171
letter_cons,5263,0.345458
letter_cons,5264,0.408657
letter_cons,5265,0.384660
letter_cons,5266,0.447704
letter_cons,5267,0.411067
letter_cons,5268,0.413165
letter_cons,5269,0.388059
letter_cons,5270,0.336479
letter_cons,5271,0.360895
letter_cons,5272,0.427975
letter_cons,5273,0.395491
letter_cons,5274,0.400104
letter_cons,5275,0.418748
letter_cons,5276,0.371100
letter_cons,5277,0.377685
letter_cons,5278,0.406434
letter_cons,5279,0.410555
letter_cons,5280,0.370696
letter_cons,5281,0.370714
letter_cons,5282,0.358926
letter_cons,5283,0.434656
letter_cons,5284,0.443563
letter_cons,5285,0.427786
letter_cons,5286,0.396911
letter_cons,5287,0.359465
letter_cons,5288,0.423204
letter_cons,5289,0.403324
letter_cons,5290,0.373150
letter_cons,5291,0.424055
letter_cons,5292,0.406412
letter_cons,5293,0.452153
letter_cons,5294,0.462877
letter_cons,5295,0.396849
letter_cons,5296,0.408669
letter_cons,5297,0.387455
letter_cons,5298,0.340010
letter_cons,5299,0.348584
letter_cons,5300,0.406210
letter_cons,5301,0.456143
letter_cons,5302,0.386278
letter_cons,5303,0.420502
letter_cons,5304,0.386955
letter_cons,5305,0.375477
letter_cons,5306,0.380712
letter_cons,5307,0.403206
letter_cons,5308,0.462323
letter_cons,5309,0.440817
letter_cons,5310,0.413004
letter_cons,5311,0.328493
letter_cons,5312,0.354105
letter_cons,5313,0.419362
letter_cons,5314,0.317287
letter_cons,5315,0.397800
letter_cons,5316,0.417736
letter_cons,5317,0.400330
letter_cons,5318,0.399570
letter_cons,5319,0.422384
letter_cons,5320,0.420937
letter_cons,5321,0.371809
letter_cons,5322,0.415882
letter_cons,5323,0.453987
letter_cons,5324,0.394328
letter_cons,5325,0.396436
letter_cons,5326,0.332550
letter_cons,5327,0.355534
letter_cons,5328,0.456384
letter_cons,5329,0.443021
letter_cons,5330,0.387348
letter_cons,5331,0.374304
letter_cons,5332,0.367319
letter_cons,5333,0.357892
letter_cons,5334,0.434566
letter_cons,5335,0.415198
letter_cons,5336,0.373051
letter_cons,5337,0.450075
letter_cons,5338,0.413437
letter_cons,5339,0.439909
letter_cons,5340,0.364494
letter_cons,5341,0.364800
letter_cons,5342,0.370088
letter_cons,5343,0.356313
letter_cons,5344,0.412130
letter_cons,5345,0.436009
letter_cons,5346,0.463499
letter_cons,5347,0.400557
letter_cons,5348,0.415777
letter_cons,5349,0.403332
letter_cons,5350,0.421022
letter_cons,5351,0.420274
letter_cons,5352,0.439296
letter_cons,5353,0.425720
letter_cons,5354,0.366878
letter_cons,5355,0.346843
letter_cons,5356,0.414770
letter_cons,5357,0.312446
letter_cons,5358,0.429821
letter_cons,5359,0.436329
letter_cons,5360,0.346582
letter_cons,5361,0.396075
letter_cons,5362,0.406803
letter_cons,5363,0.412490
letter_cons,5364,0.403285
letter_cons,5365,0.378204
letter_cons,5366,0.382810
letter_cons,5367,0.415807
letter_cons,5368,0.394143
letter_cons,5369,0.312651
letter_cons,5370,0.454110
letter_cons,5371,0.334198
letter_cons,5372,0.487070
letter_cons,5373,0.454329
letter_cons,5374,0.402538
letter_cons,5375,0.406931
letter_cons,5376,0.405179
letter_cons,5377,0.376976
letter_cons,5378,0.385473
letter_cons,5379,0.365519
letter_cons,5380,0.343829
letter_cons,5381,0.445726
letter_cons,5382,0.385972
letter_cons,5383,0.384859
letter_cons,5384,0.346696
letter_cons,5385,0.376558
letter_cons,5386,0.365740
letter_cons,5387,0.394631
letter_cons,5388,0.388483
letter_cons,5389,0.416501
letter_cons,5390,0.392057
letter_cons,5391,0.354320
letter_cons,5392,0.401604
letter_cons,5393,0.407223
letter_cons,5394,0.434754
letter_cons,5395,0.473889
letter_cons,5396,0.463141
letter_cons,5397,0.329976
letter_cons,5398,0.405160
letter_cons,5399,0.443262
letter_cons,5400,0.361598
letter_cons,5401,0.381816
letter_cons,5402,0.315349
letter_cons,5403,0.390380
letter_cons,5404,0.421821
letter_cons,5405,0.420724
letter_cons,5406,0.396565
letter_cons,5407,0.506018
letter_cons,5408,0.360983
letter_cons,5409,0.351348
letter_cons,5410,0.387411
letter_cons,5411,0.349374
letter_cons,5412,0.410293
letter_cons,5413,0.426079
letter_cons,5414,0.416797
letter_cons,5415,0.401963
letter_cons,5416,0.379510
letter_cons,5417,0.383293
letter_cons,5418,0.403990
letter_cons,5419,0.358420
letter_cons,5420,0.396889
letter_cons,5421,0.382240
letter_cons,5422,0.415127
letter_cons,5423,0.342371
letter_cons,5424,0.436659
letter_cons,5425,0.357644
letter_cons,5426,0.382114
letter_cons,5427,0.355136
letter_cons,5428,0.473741
letter_cons,5429,0.403441
letter_cons,5430,0.374881
letter_cons,5431,0.414803
letter_cons,5432,0.382988
letter_cons,5433,0.436361
letter_cons,5434,0.385482
letter_cons,5435,0.402273
letter_cons,5436,0.329979
letter_cons,5437,0.386917
letter_cons,5438,0.448552
letter_cons,5439,0.445122
letter_cons,5440,0.348008
letter_cons,5441,0.378222
letter_cons,5442,0.368835
letter_cons,5443,0.489361
letter_cons,5444,0.390881
letter_cons,5445,0.369201
letter_cons,5446,0.350215
letter_cons,5447,0.394940
letter_cons,5448,0.460093
letter_cons,5449,0.354614
letter_cons,5450,0.362848
letter_cons,5451,0.409358
letter_cons,5452,0.365755
letter_cons,5453,0.347775
letter_cons,5454,0.403845
letter_cons,5455,0.374258
letter_cons,5456,0.351308
letter_cons,5457,0.437472
letter_cons,5458,0.396091
letter_cons,5459,0.453152
letter_cons,5460,0.404240
letter_cons,5461,0.389895
letter_cons,5462,0.391349
letter_cons,5463,0.441669
letter_cons,5464,0.415177
letter_cons,5465,0.413931
letter_cons,5466,0.377578
letter_cons,5467,0.454139
letter_cons,5468,0.326128
letter_cons,5469,0.400681
letter_cons,5470,0.441108
letter_cons,5471,0.366745
letter_cons,5472,0.425088
letter_cons,5473,0.418714
letter_cons,5474,0.405319
letter_cons,5475,0.378512
letter_cons,5476,0.384443
letter_cons,5477,0.404565
letter_cons,5478,0.347785
letter_cons,5479,0.380707
letter_cons,5480,0.386421
letter_cons,5481,0.428221
letter_cons,5482,0.379848
letter_cons,5483,0.370134
letter_cons,5484,0.439776
letter_cons,5485,0.326622
letter_cons,5486,0.414139
letter_cons,5487,0.345242
letter_cons,5488,0.517102
letter_cons,5489,0.386130
letter_cons,5490,0.437189
letter_cons,5491,0.424886
letter_cons,5492,0.335555
letter_cons,5493,0.430465
letter_cons,5494,0.425484
letter_cons,5495,0.412043
letter_cons,5496,0.414719
letter_cons,5497,0.380946
letter_cons,5498,0.420765
letter_cons,5499,0.430359
letter_cons,5500,0.301420
letter_cons,5501,0.385725
letter_cons,5502,0.480996
letter_cons,5503,0.353372
letter_cons,5504,0.455606
letter_cons,5505,0.399179
letter_cons,5506,0.361739
letter_cons,5507,0.479991
letter_cons,5508,0.373048
letter_cons,5509,0.408642
letter_cons,5510,0.431351
letter_cons,5511,0.413306
letter_cons,5512,0.362237
letter_cons,5513,0.448048
letter_cons,5514,0.380681
letter_cons,5515,0.419466
letter_cons,5516,0.397234
letter_cons,5517,0.398985
letter_cons,5518,0.457767
letter_cons,5519,0.368493
letter_cons,5520,0.412790
letter_cons,5521,0.395911
letter_cons,5522,0.397849
letter_cons,5523,0.378456
letter_cons,5524,0.458345
letter_cons,5525,0.499656
letter_cons,5526,0.387789
letter_cons,5527,0.398752
letter_cons,5528,0.362874
letter_cons,5529,0.358690
letter_cons,5530,0.382726
letter_cons,5531,0.451386
letter_cons,5532,0.384448
letter_cons,5533,0.367638
letter_cons,5534,0.397740
letter_cons,5535,0.457445
letter_cons,5536,0.405510
letter_cons,5537,0.407260
letter_cons,5538,0.318538
letter_cons,5539,0.377311
letter_cons,5540,0.373384
letter_cons,5541,0.377230
letter_cons,5542,0.349776
letter_cons,5543,0.444536
letter_cons,5544,0.316102
letter_cons,5545,0.347965
letter_cons,5546,0.383327
letter_cons,5547,0.340317
letter_cons,5548,0.351275
letter_cons,5549,0.485669
letter_cons,5550,0.380243
letter_cons,5551,0.396957
letter_cons,5552,0.431476
letter_cons,5553,0.404763
letter_cons,5554,0.372530
letter_cons,5555,0.446144
letter_cons,5556,0.434436
letter_cons,5557,0.389947
letter_cons,5558,0.480667
letter_cons,5559,0.409243
letter_cons,5560,0.443634
letter_cons,5561,0.344637
letter_cons,5562,0.397970
letter_cons,5563,0.435836
letter_cons,5564,0.362118
letter_cons,5565,0.405110
letter_cons,5566,0.348503
letter_cons,5567,0.360667
letter_cons,5568,0.462436
letter_cons,5569,0.444927
letter_cons,5570,0.398397
letter_cons,5571,0.445281
letter_cons,5572,0.341418
letter_cons,5573,0.445670
letter_cons,5574,0.372792
letter_cons,5575,0.437135
letter_cons,5576,0.369147
letter_cons,5577,0.434435
letter_cons,5578,0.349186
letter_cons,5579,0.450277
letter_cons,5580,0.332834
letter_cons,5581,0.434784
letter_cons,5582,0.400654
letter_cons,5583,0.415799
letter_cons,5584,0.372077
letter_cons,5585,0.489791
letter_cons,5586,0.412863
letter_cons,5587,0.352131
letter_cons,5588,0.406197
letter_cons,5589,0.416571
letter_cons,5590,0.345774
letter_cons,5591,0.442490
letter_cons,5592,0.411141
letter_cons,5593,0.475228
letter_cons,5594,0.406062
letter_cons,5595,0.432569
letter_cons,5596,0.357258
letter_cons,5597,0.365095
letter_cons,5598,0.406735
letter_cons,5599,0.463861
letter_cons,5600,0.423249
letter_cons,5601,0.467357
letter_cons,5602,0.381463
letter_cons,5603,0.338377
letter_cons,5604,0.361513
letter_cons,5605,0.324775
letter_cons,5606,0.359793
letter_cons,5607,0.482783
letter_cons,5608,0.482582
letter_cons,5609,0.324266
letter_cons,5610,0.371753
letter_cons,5611,0.336692
letter_cons,5612,0.466219
letter_cons,5613,0.384372
letter_cons,5614,0.300280
letter_cons,5615,0.345951
letter_cons,5616,0.457268
letter_cons,5617,0.485643
letter_cons,5618,0.326098
letter_cons,5619,0.437401
letter_cons,5620,0.416615
letter_cons,5621,0.423625
letter_cons,5622,0.435381
letter_cons,5623,0.371090
letter_cons,5624,0.363940
letter_cons,5625,0.404972
letter_cons,5626,0.461586
letter_cons,5627,0.420206
letter_cons,5628,0.389552
letter_cons,5629,0.416689
letter_cons,5630,0.417353
letter_cons,5631,0.377770
letter_cons,5632,0.435679
letter_cons,5633,0.345314
letter_cons,5634,0.366013
letter_cons,5635,0.383619
letter_cons,5636,0.415228
letter_cons,5637,0.384504
letter_cons,5638,0.393652
letter_cons,5639,0.316585
letter_cons,5640,0.424122
letter_cons,5641,0.356781
letter_cons,5642,0.385475
letter_cons,5643,0.459134
letter_cons,5644,0.412779
letter_cons,5645,0.363959
letter_cons,5646,0.360509
letter_cons,5647,0.382618
letter_cons,5648,0.390087
letter_cons,5649,0.397096
letter_cons,5650,0.424090
letter_cons,5651,0.325651
letter_cons,5652,0.367170
letter_cons,5653,0.429095
letter_cons,5654,0.396148
letter_cons,5655,0.333523
letter_cons,5656,0.430772
letter_cons,5657,0.431231
letter_cons,5658,0.454339
letter_cons,5659,0.352024
letter_cons,5660,0.454946
letter_cons,5661,0.417228
letter_cons,5662,0.421762
letter_cons,5663,0.314607
letter_cons,5664,0.319862
letter_cons,5665,0.424054
letter_cons,5666,0.343703
letter_cons,5667,0.419646
letter_cons,5668,0.380822
letter_cons,5669,0.415141
letter_cons,5670,0.384878
letter_cons,5671,0.465307
letter_cons,5672,0.390747
letter_cons,5673,0.460621
letter_cons,5674,0.459979
letter_cons,5675,0.435866
letter_cons,5676,0.334556
letter_cons,5677,0.407719
letter_cons,5678,0.415313
letter_cons,5679,0.448049
letter_cons,5680,0.440627
letter_cons,5681,0.355240
letter_cons,5682,0.423496
letter_cons,5683,0.453042
letter_cons,5684,0.401159
letter_cons,5685,0.371078
letter_cons,5686,0.409719
letter_cons,5687,0.322574
letter_cons,5688,0.448016
letter_cons,5689,0.378200
letter_cons,5690,0.388518
letter_cons,5691,0.436734
letter_cons,5692,0.318336
letter_cons,5693,0.370768
letter_cons,5694,0.370734
letter_cons,5695,0.400385
letter_cons,5696,0.451825
letter_cons,5697,0.438088
letter_cons,5698,0.411568
letter_cons,5699,0.361657
letter_cons,5700,0.344741
letter_cons,5701,0.423644
letter_cons,5702,0.379452
letter_cons,5703,0.419918
letter_cons,5704,0.369279
letter_cons,5705,0.485380
letter_cons,5706,0.329757
letter_cons,5707,0.455515
letter_cons,5708,0.335741
letter_cons,5709,0.445354
letter_cons,5710,0.428278
letter_cons,5711,0.410650
letter_cons,5712,0.431229
letter_cons,5713,0.358271
letter_cons,5714,0.317646
letter_cons,5715,0.357767
letter_cons,5716,0.401906
letter_cons,5717,0.344230
letter_cons,5718,0.335736
letter_cons,5719,0.436716
letter_cons,5720,0.365902
letter_cons,5721,0.486230
letter_cons,5722,0.340526
letter_cons,5723,0.342985
letter_cons,5724,0.433574
letter_cons,5725,0.435109
letter_cons,5726,0.374993
letter_cons,5727,0.315947
letter_cons,5728,0.436713
letter_cons,5729,0.503641
letter_cons,5730,0.414907
letter_cons,5731,0.436036
letter_cons,5732,0.420206
letter_cons,5733,0.353558
letter_cons,5734,0.335759
letter_cons,5735,0.353342
letter_cons,5736,0.346105
letter_cons,5737,0.363728
letter_cons,5738,0.407264
letter_cons,5739,0.421630
letter_cons,5740,0.414604
letter_cons,5741,0.402511
letter_cons,5742,0.418188
letter_cons,5743,0.373109
letter_cons,5744,0.361199
letter_cons,5745,0.388012
letter_cons,5746,0.382331
letter_cons,5747,0.451924
letter_cons,5748,0.441336
letter_cons,5749,0.392598
letter_cons,5750,0.385389
letter_cons,5751,0.413838
letter_cons,5752,0.398568
letter_cons,5753,0.435390
letter_cons,5754,0.373869
letter_cons,5755,0.360435
letter_cons,5756,0.437955
letter_cons,5757,0.364579
letter_cons,5758,0.408487
letter_cons,5759,0.402216
letter_cons,5760,0.412049
letter_cons,5761,0.408778
letter_cons,5762,0.395863
letter_cons,5763,0.393267
letter_cons,5764,0.423333
letter_cons,5765,0.361881
letter_cons,5766,0.397010
letter_cons,5767,0.348858
letter_cons,5768,0.384448
letter_cons,5769,0.365041
letter_cons,5770,0.338705
letter_cons,5771,0.349723
letter_cons,5772,0.407393
letter_cons,5773,0.397065
letter_cons,5774,0.382717
letter_cons,5775,0.343168
letter_cons,5776,0.402303
letter_cons,5777,0.356351
letter_cons,5778,0.395945
letter_cons,5779,0.427147
letter_cons,5780,0.460538
letter_cons,5781,0.404094
letter_cons,5782,0.341372
letter_cons,5783,0.339695
letter_cons,5784,0.470637
letter_cons,5785,0.382884
letter_cons,5786,0.388029
letter_cons,5787,0.430581
letter_cons,5788,0.417961
letter_cons,5789,0.376223
letter_cons,5790,0.451771
letter_cons,5791,0.340887
letter_cons,5792,0.455461
letter_cons,5793,0.389313
letter_cons,5794,0.386887
letter_cons,5795,0.437445
letter_cons,5796,0.338814
letter_cons,5797,0.397859
letter_cons,5798,0.369248
letter_cons,5799,0.394522
letter_cons,5800,0.328541
letter_cons,5801,0.325429
letter_cons,5802,0.422256
letter_cons,5803,0.370278
letter_cons,5804,0.388242
letter_cons,5805,0.354491
letter_cons,5806,0.392359
letter_cons,5807,0.333202
letter_cons,5808,0.462899
letter_cons,5809,0.332866
letter_cons,5810,0.420726
letter_cons,5811,0.355656
letter_cons,5812,0.320712
letter_cons,5813,0.344908
letter_cons,5814,0.385635
letter_cons,5815,0.425393
letter_cons,5816,0.392982
letter_cons,5817,0.461122
letter_cons,5818,0.376575
letter_cons,5819,0.371841
letter_cons,5820,0.408883
letter_cons,5821,0.416604
letter_cons,5822,0.371398
letter_cons,5823,0.416430
letter_cons,5824,0.419292
letter_cons,5825,0.386631
letter_cons,5826,0.423737
letter_cons,5827,0.361378
letter_cons,5828,0.416729
letter_cons,5829,0.431539
letter_cons,5830,0.443343
letter_cons,5831,0.450695
letter_cons,5832,0.422055
letter_cons,5833,0.383261
letter_cons,5834,0.333434
letter_cons,5835,0.394062
letter_cons,5836,0.381766
letter_cons,5837,0.407349
letter_cons,5838,0.448651
letter_cons,5839,0.375843
letter_cons,5840,0.381491
letter_cons,5841,0.356782
letter_cons,5842,0.350540
letter_cons,5843,0.368435
letter_cons,5844,0.469337
letter_cons,5845,0.340355
letter_cons,5846,0.480072
letter_cons,5847,0.309649
letter_cons,5848,0.495369
letter_cons,5849,0.417975
letter_cons,5850,0.361029
letter_cons,5851,0.462695
letter_cons,5852,0.396888
letter_cons,5853,0.444061
letter_cons,5854,0.318409
letter_cons,5855,0.436245
letter_cons,5856,0.370069
letter_cons,5857,0.439643
letter_cons,5858,0.435187
letter_cons,5859,0.355592
letter_cons,5860,0.481658
letter_cons,5861,0.420210
letter_cons,5862,0.351568
letter_cons,5863,0.492296
letter_cons,5864,0.371645
letter_cons,5865,0.443141
letter_cons,5866,0.371777
letter_cons,5867,0.398486
letter_cons,5868,0.353164
letter_cons,5869,0.361624
letter_cons,5870,0.443819
letter_cons,5871,0.434900
letter_cons,5872,0.276955
letter_cons,5873,0.391031
letter_cons,5874,0.413236
letter_cons,5875,0.358949
letter_cons,5876,0.480701
letter_cons,5877,0.441147
letter_cons,5878,0.429862
letter_cons,5879,0.376784
letter_cons,5880,0.383830
letter_cons,5881,0.362374
letter_cons,5882,0.396759
letter_cons,5883,0.405893
letter_cons,5884,0.377455
letter_cons,5885,0.424911
letter_cons,5886,0.371498
letter_cons,5887,0.437468
letter_cons,5888,0.444840
letter_cons,5889,0.405309
letter_cons,5890,0.418855
letter_cons,5891,0.332846
letter_cons,5892,0.439001
letter_cons,5893,0.342350
letter_cons,5894,0.469804
letter_cons,5895,0.379907
letter_cons,5896,0.373522
letter_cons,5897,0.488778
letter_cons,5898,0.368602
letter_cons,5899,0.449261
letter_cons,5900,0.329560
letter_cons,5901,0.387509
letter_cons,5902,0.413983
letter_cons,5903,0.348689
letter_cons,5904,0.350930
letter_cons,5905,0.454205
letter_cons,5906,0.461492
letter_cons,5907,0.388907
letter_cons,5908,0.371531
letter_cons,5909,0.392528
letter_cons,5910,0.386750
letter_cons,5911,0.426863
letter_cons,5912,0.383281
letter_cons,5913,0.348972
letter_cons,5914,0.426607
letter_cons,5915,0.415690
letter_cons,5916,0.349580
letter_cons,5917,0.467926
letter_cons,5918,0.427522
letter_cons,5919,0.372201
letter_cons,5920,0.394897
letter_cons,5921,0.413767
letter_cons,5922,0.379269
letter_cons,5923,0.434957
letter_cons,5924,0.361626
letter_cons,5925,0.376501
letter_cons,5926,0.363373
letter_cons,5927,0.375039
letter_cons,5928,0.357729
letter_cons,5929,0.434672
letter_cons,5930,0.476742
letter_cons,5931,0.368066
letter_cons,5932,0.349848
letter_cons,5933,0.384036
letter_cons,5934,0.389396
letter_cons,5935,0.438074
letter_cons,5936,0.371112
letter_cons,5937,0.356486
letter_cons,5938,0.388628
letter_cons,5939,0.467556
letter_cons,5940,0.415031
letter_cons,5941,0.415804
letter_cons,5942,0.410266
letter_cons,5943,0.400253
letter_cons,5944,0.389687
letter_cons,5945,0.425709
letter_cons,5946,0.337680
letter_cons,5947,0.428037
letter_cons,5948,0.358188
letter_cons,5949,0.426941
letter_cons,5950,0.397592
letter_cons,5951,0.383344
letter_cons,5952,0.511021
letter_cons,5953,0.404788
letter_cons,5954,0.455201
letter_cons,5955,0.392519
letter_cons,5956,0.336262
letter_cons,5957,0.382606
letter_cons,5958,0.428011
letter_cons,5959,0.405780
letter_cons,5960,0.376602
letter_cons,5961,0.437475
letter_cons,5962,0.333967
letter_cons,5963,0.340253
letter_cons,5964,0.437992
letter_cons,5965,0.387024
letter_cons,5966,0.453699
letter_cons,5967,0.413376
letter_cons,5968,0.394039
letter_cons,5969,0.364504
letter_cons,5970,0.357041
letter_cons,5971,0.354943
letter_cons,5972,0.360005
letter_cons,5973,0.369560
letter_cons,5974,0.405029
letter_cons,5975,0.428718
letter_cons,5976,0.335995
letter_cons,5977,0.325102
letter_cons,5978,0.384959
letter_cons,5979,0.469844
letter_cons,5980,0.381347
letter_cons,5981,0.381971
letter_cons,5982,0.397732
letter_cons,5983,0.349212
letter_cons,5984,0.378458
letter_cons,5985,0.369762
letter_cons,5986,0.413445
letter_cons,5987,0.411022
letter_cons,5988,0.458865
letter_cons,5989,0.362364
letter_cons,5990,0.363385
letter_cons,5991,0.431471
letter_cons,5992,0.421601
letter_cons,5993,0.457088
letter_cons,5994,0.392931
letter_cons,5995,0.453029
letter_cons,5996,0.415055
letter_cons,5997,0.412793
letter_cons,5998,0.314607
letter_cons,5999,0.431272
letter_cons,6000,0.369183
letter_cons,6001,0.447952
letter_cons,6002,0.384419
letter_cons,6003,0.419216
letter_cons,6004,0.380750
letter_cons,6005,0.341523
letter_cons,6006,0.434793
letter_cons,6007,0.380457
letter_cons,6008,0.360223
letter_cons,6009,0.360500
letter_cons,6010,0.372543
letter_cons,6011,0.455668
letter_cons,6012,0.390066
letter_cons,6013,0.344305
letter_cons,6014,0.429536
letter_cons,6015,0.406702
letter_cons,6016,0.366056
letter_cons,6017,0.351626
letter_cons,6018,0.355019
letter_cons,6019,0.366801
letter_cons,6020,0.406923
letter_cons,6021,0.370240
letter_cons,6022,0.486303
letter_cons,6023,0.341125
letter_cons,6024,0.437802
letter_cons,6025,0.431253
letter_cons,6026,0.366994
letter_cons,6027,0.381337
letter_cons,6028,0.383825
letter_cons,6029,0.359951
letter_cons,6030,0.386852
letter_cons,6031,0.475321
letter_cons,6032,0.448686
letter_cons,6033,0.371165
letter_cons,6034,0.395328
letter_cons,6035,0.402170
letter_cons,6036,0.418487
letter_cons,6037,0.385551
letter_cons,6038,0.383957
letter_cons,6039,0.437015
letter_cons,6040,0.367748
letter_cons,6041,0.403754
letter_cons,6042,0.384318
letter_cons,6043,0.376161
letter_cons,6044,0.361171
letter_cons,6045,0.358675
letter_cons,6046,0.426903
letter_cons,6047,0.391874
letter_cons,6048,0.480420
letter_cons,6049,0.343321
letter_cons,6050,0.430164
letter_cons,6051,0.407022
letter_cons,6052,0.376253
letter_cons,6053,0.425197
letter_cons,6054,0.454204
letter_cons,6055,0.433309
letter_cons,6056,0.404974
letter_cons,6057,0.391955
letter_cons,6058,0.371328
letter_cons,6059,0.383255
letter_cons,6060,0.387796
letter_cons,6061,0.409566
letter_cons,6062,0.390637
letter_cons,6063,0.295388
letter_cons,6064,0.364682
letter_cons,6065,0.351594
letter_cons,6066,0.457139
letter_cons,6067,0.392110
letter_cons,6068,0.476131
letter_cons,6069,0.380771
letter_cons,6070,0.377327
letter_cons,6071,0.403161
letter_cons,6072,0.423787
letter_cons,6073,0.423158
letter_cons,6074,0.409743
letter_cons,6075,0.449731
letter_cons,6076,0.406499
letter_cons,6077,0.389530
letter_cons,6078,0.378886
letter_cons,6079,0.309471
letter_cons,6080,0.431389
letter_cons,6081,0.377382
letter_cons,6082,0.393464
letter_cons,6083,0.437218
letter_cons,6084,0.393428
letter_cons,6085,0.328862
letter_cons,6086,0.383095
letter_cons,6087,0.431675
letter_cons,6088,0.452117
letter_cons,6089,0.393439
letter_cons,6090,0.427078
letter_cons,6091,0.399997
letter_cons,6092,0.402755
letter_cons,6093,0.331924
letter_cons,6094,0.405279
letter_cons,6095,0.520190
letter_cons,6096,0.383028
letter_cons,6097,0.372223
letter_cons,6098,0.467451
letter_cons,6099,0.413079
letter_cons,6100,0.369814
letter_cons,6101,0.407469
letter_cons,6102,0.468850
letter_cons,6103,0.439451
letter_cons,6104,0.416579
letter_cons,6105,0.369828
letter_cons,6106,0.416005
letter_cons,6107,0.459106
letter_cons,6108,0.384129
letter_cons,6109,0.422674
letter_cons,6110,0.444557
letter_cons,6111,0.419593
letter_cons,6112,0.357342
letter_cons,6113,0.428010
letter_cons,6114,0.388793
letter_cons,6115,0.404168
letter_cons,6116,0.403301
letter_cons,6117,0.382588
letter_cons,6118,0.343123
letter_cons,6119,0.447311
letter_cons,6120,0.465707
letter_cons,6121,0.415575
letter_cons,6122,0.359861
letter_cons,6123,0.449892
letter_cons,6124,0.329212
letter_cons,6125,0.353739
letter_cons,6126,0.320181
letter_cons,6127,0.443142
letter_cons,6128,0.414953
letter_cons,6129,0.335366
letter_cons,6130,0.387239
letter_cons,6131,0.406434
letter_cons,6132,0.368203
letter_cons,6133,0.369270
letter_cons,6134,0.402392
letter_cons,6135,0.402621
letter_cons,6136,0.475387
letter_cons,6137,0.381123
letter_cons,6138,0.462402
letter_cons,6139,0.368759
letter_cons,6140,0.388446
letter_cons,6141,0.445880
letter_cons,6142,0.428968
letter_cons,6143,0.395206
letter_cons,6144,0.409403
letter_cons,6145,0.359104
letter_cons,6146,0.428319
letter_cons,6147,0.376129
letter_cons,6148,0.357752
letter_cons,6149,0.319735
letter_cons,6150,0.422933
letter_cons,6151,0.509076
letter_cons,6152,0.329329
letter_cons,6153,0.425660
letter_cons,6154,0.446954
letter_cons,6155,0.433204
letter_cons,6156,0.435565
letter_cons,6157,0.398118
letter_cons,6158,0.387275
letter_cons,6159,0.348009
letter_cons,6160,0.382865
letter_cons,6161,0.401954
letter_cons,6162,0.340118
letter_cons,6163,0.374880
letter_cons,6164,0.414035
letter_cons,6165,0.419768
letter_cons,6166,0.414059
letter_cons,6167,0.367392
letter_cons,6168,0.413821
letter_cons,6169,0.392846
letter_cons,6170,0.337303
letter_cons,6171,0.380199
letter_cons,6172,0.440201
letter_cons,6173,0.410746
letter_cons,6174,0.363322
letter_cons,6175,0.423995
letter_cons,6176,0.359402
letter_cons,6177,0.361995
letter_cons,6178,0.378518
letter_cons,6179,0.399732
letter_cons,6180,0.362551
letter_cons,6181,0.381855
letter_cons,6182,0.414096
letter_cons,6183,0.426508
letter_cons,6184,0.406970
letter_cons,6185,0.387042
letter_cons,6186,0.426308
letter_cons,6187,0.395972
letter_cons,6188,0.411996
letter_cons,6189,0.356016
letter_cons,6190,0.421551
letter_cons,6191,0.358653
letter_cons,6192,0.364315
letter_cons,6193,0.428278
letter_cons,6194,0.359386
letter_cons,6195,0.390612
letter_cons,6196,0.360329
letter_cons,6197,0.430170
letter_cons,6198,0.480335
letter_cons,6199,0.397884
letter_cons,6200,0.368114
letter_cons,6201,0.273646
letter_cons,6202,0.466317
letter_cons,6203,0.337313
letter_cons,6204,0.408758
letter_cons,6205,0.447734
letter_cons,6206,0.431661
letter_cons,6207,0.357832
letter_cons,6208,0.333550
letter_cons,6209,0.379499
letter_cons,6210,0.388789
letter_cons,6211,0.424884
letter_cons,6212,0.414345
letter_cons,6213,0.474434
letter_cons,6214,0.374777
letter_cons,6215,0.337697
letter_cons,6216,0.364253
letter_cons,6217,0.433840
letter_cons,6218,0.381052
letter_cons,6219,0.438147
letter_cons,6220,0.406587
letter_cons,6221,0.376211
letter_cons,6222,0.488766
letter_cons,6223,0.342572
letter_cons,6224,0.399897
letter_cons,6225,0.387661
letter_cons,6226,0.391842
letter_cons,6227,0.427458
letter_cons,6228,0.416072
letter_cons,6229,0.345078
letter_cons,6230,0.405948
letter_cons,6231,0.332625
letter_cons,6232,0.437064
letter_cons,6233,0.443895
letter_cons,6234,0.415904
letter_cons,6235,0.432202
letter_cons,6236,0.343900
letter_cons,6237,0.467413
letter_cons,6238,0.340432
letter_cons,6239,0.403767
letter_cons,6240,0.409320
letter_cons,6241,0.386330
letter_cons,6242,0.361437
letter_cons,6243,0.401270
letter_cons,6244,0.359792
letter_cons,6245,0.401688
letter_cons,6246,0.423139
letter_cons,6247,0.360416
letter_cons,6248,0.397624
letter_cons,6249,0.374848
letter_cons,6250,0.413814
letter_cons,6251,0.402392
letter_cons,6252,0.409890
letter_cons,6253,0.390060
letter_cons,6254,0.453710
letter_cons,6255,0.353900
letter_cons,6256,0.456421
letter_cons,6257,0.468887
letter_cons,6258,0.480565
letter_cons,6259,0.337731
letter_cons,6260,0.434548
letter_cons,6261,0.281159
letter_cons,6262,0.381566
letter_cons,6263,0.374899
letter_cons,6264,0.453982
letter_cons,6265,0.449489
letter_cons,6266,0.423842
letter_cons,6267,0.397863
letter_cons,6268,0.387182
letter_cons,6269,0.323300
letter_cons,6270,0.474017
letter_cons,6271,0.356179
letter_cons,6272,0.373487
letter_cons,6273,0.475817
letter_cons,6274,0.364661
letter_cons,6275,0.436989
letter_cons,6276,0.415173
letter_cons,6277,0.376584
letter_cons,6278,0.365847
letter_cons,6279,0.423436
letter_cons,6280,0.397708
letter_cons,6281,0.373563
letter_cons,6282,0.423046
letter_cons,6283,0.335579
letter_cons,6284,0.426649
letter_cons,6285,0.394744
letter_cons,6286,0.425134
letter_cons,6287,0.449169
letter_cons,6288,0.429113
letter_cons,6289,0.473648
letter_cons,6290,0.349570
letter_cons,6291,0.416604
letter_cons,6292,0.400001
letter_cons,6293,0.431259
letter_cons,6294,0.390502
letter_cons,6295,0.340389
letter_cons,6296,0.395888
letter_cons,6297,0.408080
letter_cons,6298,0.380570
letter_cons,6299,0.462171
letter_cons,6300,0.340420
letter_cons,6301,0.462108
letter_cons,6302,0.361229
letter_cons,6303,0.451750
letter_cons,6304,0.413460
letter_cons,6305,0.363445
letter_cons,6306,0.438450
letter_cons,6307,0.453899
letter_cons,6308,0.326234
letter_cons,6309,0.428531
letter_cons,6310,0.411969
letter_cons,6311,0.284905
letter_cons,6312,0.408149
letter_cons,6313,0.359548
letter_cons,6314,0.374205
letter_cons,6315,0.352769
letter_cons,6316,0.498134
letter_cons,6317,0.385650
letter_cons,6318,0.420343
letter_cons,6319,0.359201
letter_cons,6320,0.393159
letter_cons,6321,0.378750
letter_cons,6322,0.340318
letter_cons,6323,0.380704
letter_cons,6324,0.393838
letter_cons,6325,0.441279
letter_cons,6326,0.418682
letter_cons,6327,0.353263
letter_cons,6328,0.444356
letter_cons,6329,0.394980
letter_cons,6330,0.384018
letter_cons,6331,0.313675
letter_cons,6332,0.336741
letter_cons,6333,0.391452
letter_cons,6334,0.386467
letter_cons,6335,0.376062
letter_cons,6336,0.389001
letter_cons,6337,0.336790
letter_cons,6338,0.407111
letter_cons,6339,0.325721
letter_cons,6340,0.323780
letter_cons,6341,0.460948
letter_cons,6342,0.382652
letter_cons,6343,0.410401
letter_cons,6344,0.290713
letter_cons,6345,0.392727
letter_cons,6346,0.321276
letter_cons,6347,0.364751
letter_cons,6348,0.424371
letter_cons,6349,0.393639
letter_cons,6350,0.424086
letter_cons,6351,0.374670
letter_cons,6352,0.380046
letter_cons,6353,0.380290
letter_cons,6354,0.352141
letter_cons,6355,0.376012
letter_cons,6356,0.287549
letter_cons,6357,0.450800
letter_cons,6358,0.350035
letter_cons,6359,0.344315
letter_cons,6360,0.373471
letter_cons,6361,0.412682
letter_cons,6362,0.412258
letter_cons,6363,0.404088
letter_cons,6364,0.412259
letter_cons,6365,0.415244
letter_cons,6366,0.388206
letter_cons,6367,0.389567
letter_cons,6368,0.392687
letter_cons,6369,0.389848
letter_cons,6370,0.353806
letter_cons,6371,0.409042
letter_cons,6372,0.442692
letter_cons,6373,0.414180
letter_cons,6374,0.439561
letter_cons,6375,0.410537
letter_cons,6376,0.386588
letter_cons,6377,0.413990
letter_cons,6378,0.370316
letter_cons,6379,0.367733
letter_cons,6380,0.488734
letter_cons,6381,0.379557
letter_cons,6382,0.386984
letter_cons,6383,0.436135
letter_cons,6384,0.430123
letter_cons,6385,0.384191
letter_cons,6386,0.485876
letter_cons,6387,0.377087
letter_cons,6388,0.289257
letter_cons,6389,0.325324
letter_cons,6390,0.467800
letter_cons,6391,0.395251
letter_cons,6392,0.426204
letter_cons,6393,0.400514
letter_cons,6394,0.434727
letter_cons,6395,0.426918
letter_cons,6396,0.349173
letter_cons,6397,0.397127
letter_cons,6398,0.353935
letter_cons,6399,0.371646
letter_cons,6400,0.486853
letter_cons,6401,0.364077
letter_cons,6402,0.385469
letter_cons,6403,0.318666
letter_cons,6404,0.412896
letter_cons,6405,0.368513
letter_cons,6406,0.427125
letter_cons,6407,0.349277
letter_cons,6408,0.407153
letter_cons,6409,0.379310
letter_cons,6410,0.389622
letter_cons,6411,0.404378
letter_cons,6412,0.434965
letter_cons,6413,0.335812
letter_cons,6414,0.411142
letter_cons,6415,0.371266
letter_cons,6416,0.422476
letter_cons,6417,0.401831
letter_cons,6418,0.410875
letter_cons,6419,0.443774
letter_cons,6420,0.406566
letter_cons,6421,0.449726
letter_cons,6422,0.408212
letter_cons,6423,0.417299
letter_cons,6424,0.401256
letter_cons,6425,0.382135
letter_cons,6426,0.411148
letter_cons,6427,0.448587
letter_cons,6428,0.411779
letter_cons,6429,0.411648
letter_cons,6430,0.334754
letter_cons,6431,0.505982
letter_cons,6432,0.416675
letter_cons,6433,0.391433
letter_cons,6434,0.477235
letter_cons,6435,0.392391
letter_cons,6436,0.452308
letter_cons,6437,0.371289
letter_cons,6438,0.428638
letter_cons,6439,0.426260
letter_cons,6440,0.374400
letter_cons,6441,0.405101
letter_cons,6442,0.312679
letter_cons,6443,0.419158
letter_cons,6444,0.388104
letter_cons,6445,0.364006
letter_cons,6446,0.394739
letter_cons,6447,0.366046
letter_cons,6448,0.378661
letter_cons,6449,0.402322
letter_cons,6450,0.462642
letter_cons,6451,0.395986
letter_cons,6452,0.350783
letter_cons,6453,0.414164
letter_cons,6454,0.457499
letter_cons,6455,0.385768
letter_cons,6456,0.412298
letter_cons,6457,0.384916
letter_cons,6458,0.441994
letter_cons,6459,0.411510
letter_cons,6460,0.350468
letter_cons,6461,0.374096
letter_cons,6462,0.530872
letter_cons,6463,0.410815
letter_cons,6464,0.375299
letter_cons,6465,0.423476
letter_cons,6466,0.288536
letter_cons,6467,0.427790
letter_cons,6468,0.438604
letter_cons,6469,0.384540
letter_cons,6470,0.418134
letter_cons,6471,0.449548
letter_cons,6472,0.391204
letter_cons,6473,0.466602
letter_cons,6474,0.365883
letter_cons,6475,0.409709
letter_cons,6476,0.420164
letter_cons,6477,0.435331
letter_cons,6478,0.371744
letter_cons,6479,0.436547
letter_cons,6480,0.492281
letter_cons,6481,0.351623
letter_cons,6482,0.471749
letter_cons,6483,0.460996
letter_cons,6484,0.359696
letter_cons,6485,0.387935
letter_cons,6486,0.362609
letter_cons,6487,0.359651
letter_cons,6488,0.399583
letter_cons,6489,0.368143
letter_cons,6490,0.383564
letter_cons,6491,0.353106
letter_cons,6492,0.359129
letter_cons,6493,0.347778
letter_cons,6494,0.347179
letter_cons,6495,0.446505
letter_cons,6496,0.398845
letter_cons,6497,0.429371
letter_cons,6498,0.456920
letter_cons,6499,0.422520
letter_cons,6500,0.370511
letter_cons,6501,0.371204
letter_cons,6502,0.439408
letter_cons,6503,0.353529
letter_cons,6504,0.485239
letter_cons,6505,0.439726
letter_cons,6506,0.346677
letter_cons,6507,0.356589
letter_cons,6508,0.387422
letter_cons,6509,0.424667
letter_cons,6510,0.380205
letter_cons,6511,0.352238
letter_cons,6512,0.415491
letter_cons,6513,0.337907
letter_cons,6514,0.394825
letter_cons,6515,0.485856
letter_cons,6516,0.519681
letter_cons,6517,0.451401
letter_cons,6518,0.391023
letter_cons,6519,0.422995
letter_cons,6520,0.294782
letter_cons,6521,0.399101
letter_cons,6522,0.415021
letter_cons,6523,0.436321
letter_cons,6524,0.508674
letter_cons,6525,0.379109
letter_cons,6526,0.396355
letter_cons,6527,0.374461
letter_cons,6528,0.349431
letter_cons,6529,0.418501
letter_cons,6530,0.407399
letter_cons,6531,0.472513
letter_cons,6532,0.464146
letter_cons,6533,0.349026
letter_cons,6534,0.414829
letter_cons,6535,0.509485
letter_cons,6536,0.312834
letter_cons,6537,0.250686
letter_cons,6538,0.375635
letter_cons,6539,0.401426
letter_cons,6540,0.360449
letter_cons,6541,0.411695
letter_cons,6542,0.400553
letter_cons,6543,0.455802
letter_cons,6544,0.424306
letter_cons,6545,0.438476
letter_cons,6546,0.434641
letter_cons,6547,0.476603
letter_cons,6548,0.315675
letter_cons,6549,0.343335
letter_cons,6550,0.467727
letter_cons,6551,0.338460
letter_cons,6552,0.293142
letter_cons,6553,0.468655
letter_cons,6554,0.409463
letter_cons,6555,0.400284
letter_cons,6556,0.420143
letter_cons,6557,0.388642
letter_cons,6558,0.426241
letter_cons,6559,0.325040
letter_cons,6560,0.396578
letter_cons,6561,0.428355
letter_cons,6562,0.363768
letter_cons,6563,0.318937
letter_cons,6564,0.416664
letter_cons,6565,0.297002
letter_cons,6566,0.366159
letter_cons,6567,0.442392
letter_cons,6568,0.354314
letter_cons,6569,0.409544
letter_cons,6570,0.436967
letter_cons,6571,0.379388
letter_cons,6572,0.333507
letter_cons,6573,0.416027
letter_cons,6574,0.373698
letter_cons,6575,0.341413
letter_cons,6576,0.369496
letter_cons,6577,0.395955
letter_cons,6578,0.409482
letter_cons,6579,0.346603
letter_cons,6580,0.354069
letter_cons,6581,0.383573
letter_cons,6582,0.432000
letter_cons,6583,0.416946
letter_cons,6584,0.341980
letter_cons,6585,0.374904
letter_cons,6586,0.385325
letter_cons,6587,0.354522
letter_cons,6588,0.360418
letter_cons,6589,0.270647
letter_cons,6590,0.395833
letter_cons,6591,0.397352
letter_cons,6592,0.321239
letter_cons,6593,0.358552
letter_cons,6594,0.349331
letter_cons,6595,0.371451
letter_cons,6596,0.372431
letter_cons,6597,0.395640
letter_cons,6598,0.304012
letter_cons,6599,0.339474
letter_cons,6600,0.351268
letter_cons,6601,0.411776
letter_cons,6602,0.372328
letter_cons,6603,0.429662
letter_cons,6604,0.395174
letter_cons,6605,0.364080
letter_cons,6606,0.431144
letter_cons,6607,0.433645
letter_cons,6608,0.314474
letter_cons,6609,0.377554
letter_cons,6610,0.429942
letter_cons,6611,0.424380
letter_cons,6612,0.521274
letter_cons,6613,0.444237
letter_cons,6614,0.388137
letter_cons,6615,0.473058
letter_cons,6616,0.418596
letter_cons,6617,0.409072
letter_cons,6618,0.445970
letter_cons,6619,0.375935
letter_cons,6620,0.454736
letter_cons,6621,0.392095
letter_cons,6622,0.380556
letter_cons,6623,0.414219
letter_cons,6624,0.431053
letter_cons,6625,0.418510
letter_cons,6626,0.429008
letter_cons,6627,0.363992
letter_cons,6628,0.388491
letter_cons,6629,0.482455
letter_cons,6630,0.466700
letter_cons,6631,0.329208
letter_cons,6632,0.347313
letter_cons,6633,0.321889
letter_cons,6634,0.369621
letter_cons,6635,0.381805
letter_cons,6636,0.439935
letter_cons,6637,0.355287
letter_cons,6638,0.315061
letter_cons,6639,0.339687
letter_cons,6640,0.444526
letter_cons,6641,0.367037
letter_cons,6642,0.446093
letter_cons,6643,0.370167
letter_cons,6644,0.441664
letter_cons,6645,0.403841
letter_cons,6646,0.370302
letter_cons,6647,0.410564
letter_cons,6648,0.384747
letter_cons,6649,0.430882
letter_cons,6650,0.368697
letter_cons,6651,0.423091
letter_cons,6652,0.389467
letter_cons,6653,0.374735
letter_cons,6654,0.447404
letter_cons,6655,0.444985
letter_cons,6656,0.386252
letter_cons,6657,0.378410
letter_cons,6658,0.481233
letter_cons,6659,0.408410
letter_cons,6660,0.430403
letter_cons,6661,0.407542
letter_cons,6662,0.439604
letter_cons,6663,0.426832
letter_cons,6664,0.420920
letter_cons,6665,0.423638
letter_cons,6666,0.357689
letter_cons,6667,0.403877
letter_cons,6668,0.439014
letter_cons,6669,0.351197
letter_cons,6670,0.373353
letter_cons,6671,0.391101
letter_cons,6672,0.356811
letter_cons,6673,0.326220
letter_cons,6674,0.311902
letter_cons,6675,0.350813
letter_cons,6676,0.403977
letter_cons,6677,0.392632
letter_cons,6678,0.463771
letter_cons,6679,0.386104
letter_cons,6680,0.430743
letter_cons,6681,0.369293
letter_cons,6682,0.407565
letter_cons,6683,0.420227
letter_cons,6684,0.382353
letter_cons,6685,0.437376
letter_cons,6686,0.439580
letter_cons,6687,0.388176
letter_cons,6688,0.443366
letter_cons,6689,0.395153
letter_cons,6690,0.426157
letter_cons,6691,0.425380
letter_cons,6692,0.383213
letter_cons,6693,0.400947
letter_cons,6694,0.395391
letter_cons,6695,0.340284
letter_cons,6696,0.411485
letter_cons,6697,0.368980
letter_cons,6698,0.408753
letter_cons,6699,0.398238
letter_cons,6700,0.441983
letter_cons,6701,0.435124
letter_cons,6702,0.427654
letter_cons,6703,0.402348
letter_cons,6704,0.410617
letter_cons,6705,0.404286
letter_cons,6706,0.417286
letter_cons,6707,0.487298
letter_cons,6708,0.366770
letter_cons,6709,0.461717
letter_cons,6710,0.410559
letter_cons,6711,0.464030
letter_cons,6712,0.387149
letter_cons,6713,0.443883
letter_cons,6714,0.384567
letter_cons,6715,0.384253
letter_cons,6716,0.378427
letter_cons,6717,0.404068
letter_cons,6718,0.348663
letter_cons,6719,0.376664
letter_cons,6720,0.434070
letter_cons,6721,0.375884
letter_cons,6722,0.446476
letter_cons,6723,0.368172
letter_cons,6724,0.386585
letter_cons,6725,0.412275
letter_cons,6726,0.385573
letter_cons,6727,0.381283
letter_cons,6728,0.378017
letter_cons,6729,0.279172
letter_cons,6730,0.424096
letter_cons,6731,0.453822
letter_cons,6732,0.409380
letter_cons,6733,0.451332
letter_cons,6734,0.385803
letter_cons,6735,0.395076
letter_cons,6736,0.360956
letter_cons,6737,0.404908
letter_cons,6738,0.367621
letter_cons,6739,0.440886
letter_cons,6740,0.415625
letter_cons,6741,0.384790
letter_cons,6742,0.446237
letter_cons,6743,0.328068
letter_cons,6744,0.408270
letter_cons,6745,0.377485
letter_cons,6746,0.372154
letter_cons,6747,0.342139
letter_cons,6748,0.365098
letter_cons,6749,0.419770
letter_cons,6750,0.388317
letter_cons,6751,0.434129
letter_cons,6752,0.396494
letter_cons,6753,0.407482
letter_cons,6754,0.405028
letter_cons,6755,0.364478
letter_cons,6756,0.467004
letter_cons,6757,0.444420
letter_cons,6758,0.424443
letter_cons,6759,0.381381
letter_cons,6760,0.407726
letter_cons,6761,0.392722
letter_cons,6762,0.402886
letter_cons,6763,0.381053
letter_cons,6764,0.391222
letter_cons,6765,0.456303
letter_cons,6766,0.472164
letter_cons,6767,0.423730
letter_cons,6768,0.452807
letter_cons,6769,0.410579
letter_cons,6770,0.395846
letter_cons,6771,0.433417
letter_cons,6772,0.391766
letter_cons,6773,0.362686
letter_cons,6774,0.410473
letter_cons,6775,0.393221
letter_cons,6776,0.377545
letter_cons,6777,0.439987
letter_cons,6778,0.416946
letter_cons,6779,0.410990
letter_cons,6780,0.402100
letter_cons,6781,0.543630
letter_cons,6782,0.384990
letter_cons,6783,0.320479
letter_cons,6784,0.386178
letter_cons,6785,0.449710
letter_cons,6786,0.365060
letter_cons,6787,0.440431
letter_cons,6788,0.383089
letter_cons,6789,0.391782
letter_cons,6790,0.395525
letter_cons,6791,0.460837
letter_cons,6792,0.403654
letter_cons,6793,0.428550
letter_cons,6794,0.417637
letter_cons,6795,0.434983
letter_cons,6796,0.405750
letter_cons,6797,0.420897
letter_cons,6798,0.365378
letter_cons,6799,0.445072
letter_cons,6800,0.457689
letter_cons,6801,0.359338
letter_cons,6802,0.413736
letter_cons,6803,0.431465
letter_cons,6804,0.448327
letter_cons,6805,0.343223
letter_cons,6806,0.426216
letter_cons,6807,0.393369
letter_cons,6808,0.407671
letter_cons,6809,0.384388
letter_cons,6810,0.380001
letter_cons,6811,0.379703
letter_cons,6812,0.419589
letter_cons,6813,0.417361
letter_cons,6814,0.347425
letter_cons,6815,0.391525
letter_cons,6816,0.370435
letter_cons,6817,0.376857
letter_cons,6818,0.385566
letter_cons,6819,0.338539
letter_cons,6820,0.357127
letter_cons,6821,0.390309
letter_cons,6822,0.477974
letter_cons,6823,0.462917
letter_cons,6824,0.388532
letter_cons,6825,0.345968
letter_cons,6826,0.483799
letter_cons,6827,0.342239
letter_cons,6828,0.357507
letter_cons,6829,0.332882
letter_cons,6830,0.367622
letter_cons,6831,0.456595
letter_cons,6832,0.405110
letter_cons,6833,0.409390
letter_cons,6834,0.424663
letter_cons,6835,0.378167
letter_cons,6836,0.419301
letter_cons,6837,0.364356
letter_cons,6838,0.375489
letter_cons,6839,0.485298
letter_cons,6840,0.422141
letter_cons,6841,0.350878
letter_cons,6842,0.372189
letter_cons,6843,0.408861
letter_cons,6844,0.374054
letter_cons,6845,0.448161
letter_cons,6846,0.415490
letter_cons,6847,0.489596
letter_cons,6848,0.406226
letter_cons,6849,0.322582
letter_cons,6850,0.396494
letter_cons,6851,0.407710
letter_cons,6852,0.380267
letter_cons,6853,0.382939
letter_cons,6854,0.449035
letter_cons,6855,0.523319
letter_cons,6856,0.406028
letter_cons,6857,0.346606
letter_cons,6858,0.387044
letter_cons,6859,0.466337
letter_cons,6860,0.283624
letter_cons,6861,0.356445
letter_cons,6862,0.369918
letter_cons,6863,0.427677
letter_cons,6864,0.399854
letter_cons,6865,0.448039
letter_cons,6866,0.403352
letter_cons,6867,0.381233
letter_cons,6868,0.339927
letter_cons,6869,0.367683
letter_cons,6870,0.394693
letter_cons,6871,0.420903
letter_cons,6872,0.404787
letter_cons,6873,0.340264
letter_cons,6874,0.373709
letter_cons,6875,0.382032
letter_cons,6876,0.445712
letter_cons,6877,0.409667
letter_cons,6878,0.405953
letter_cons,6879,0.404677
letter_cons,6880,0.424950
letter_cons,6881,0.418525
letter_cons,6882,0.463091
letter_cons,6883,0.366337
letter_cons,6884,0.438796
letter_cons,6885,0.373636
letter_cons,6886,0.394461
letter_cons,6887,0.411219
letter_cons,6888,0.393209
letter_cons,6889,0.414591
letter_cons,6890,0.391669
letter_cons,6891,0.402882
letter_cons,6892,0.392136
letter_cons,6893,0.424125
letter_cons,6894,0.412664
letter_cons,6895,0.350592
letter_cons,6896,0.353759
letter_cons,6897,0.454299
letter_cons,6898,0.429167
letter_cons,6899,0.358330
letter_cons,6900,0.423617
letter_cons,6901,0.330902
letter_cons,6902,0.440602
letter_cons,6903,0.355954
letter_cons,6904,0.373300
letter_cons,6905,0.420783
letter_cons,6906,0.500530
letter_cons,6907,0.493246
letter_cons,6908,0.404155
letter_cons,6909,0.364627
letter_cons,6910,0.478699
letter_cons,6911,0.431410
letter_cons,6912,0.430649
letter_cons,6913,0.392816
letter_cons,6914,0.364608
letter_cons,6915,0.384740
letter_cons,6916,0.409524
letter_cons,6917,0.418927
letter_cons,6918,0.433745
letter_cons,6919,0.386900
letter_cons,6920,0.430356
letter_cons,6921,0.365028
letter_cons,6922,0.344408
letter_cons,6923,0.383561
letter_cons,6924,0.398419
letter_cons,6925,0.398505
letter_cons,6926,0.367997
letter_cons,6927,0.355953
letter_cons,6928,0.401499
letter_cons,6929,0.393375
letter_cons,6930,0.370067
letter_cons,6931,0.431846
letter_cons,6932,0.430511
letter_cons,6933,0.403950
letter_cons,6934,0.404727
letter_cons,6935,0.408359
letter_cons,6936,0.367349
letter_cons,6937,0.305392
letter_cons,6938,0.357908
letter_cons,6939,0.415446
letter_cons,6940,0.436901
letter_cons,6941,0.424313
letter_cons,6942,0.445714
letter_cons,6943,0.382748
letter_cons,6944,0.380857
letter_cons,6945,0.399012
letter_cons,6946,0.436812
letter_cons,6947,0.370624
letter_cons,6948,0.388239
letter_cons,6949,0.309821
letter_cons,6950,0.454127
letter_cons,6951,0.492196
letter_cons,6952,0.339092
letter_cons,6953,0.348814
letter_cons,6954,0.353924
letter_cons,6955,0.405843
letter_cons,6956,0.347877
letter_cons,6957,0.328706
letter_cons,6958,0.424671
letter_cons,6959,0.392641
letter_cons,6960,0.378176
letter_cons,6961,0.379317
letter_cons,6962,0.379486
letter_cons,6963,0.427555
letter_cons,6964,0.497179
letter_cons,6965,0.440703
letter_cons,6966,0.381097
letter_cons,6967,0.392738
letter_cons,6968,0.450543
letter_cons,6969,0.354608
letter_cons,6970,0.383298
letter_cons,6971,0.453415
letter_cons,6972,0.442025
letter_cons,6973,0.408067
letter_cons,6974,0.391016
letter_cons,6975,0.329745
letter_cons,6976,0.400631
letter_cons,6977,0.379932
letter_cons,6978,0.409999
letter_cons,6979,0.356383
letter_cons,6980,0.410933
letter_cons,6981,0.395063
letter_cons,6982,0.409326
letter_cons,6983,0.446206
letter_cons,6984,0.456415
letter_cons,6985,0.370076
letter_cons,6986,0.457838
letter_cons,6987,0.394261
letter_cons,6988,0.408726
letter_cons,6989,0.397326
letter_cons,6990,0.354155
letter_cons,6991,0.395346
letter_cons,6992,0.426922
letter_cons,6993,0.423654
letter_cons,6994,0.419726
letter_cons,6995,0.367880
letter_cons,6996,0.430730
letter_cons,6997,0.433484
letter_cons,6998,0.398561
letter_cons,6999,0.479499
letter_cons,7000,0.417915
letter_cons,7001,0.390279
letter_cons,7002,0.399261
letter_cons,7003,0.386865
letter_cons,7004,0.352565
letter_cons,7005,0.384104
letter_cons,7006,0.387266
letter_cons,7007,0.392346
letter_cons,7008,0.326226
letter_cons,7009,0.362978
letter_cons,7010,0.349655
letter_cons,7011,0.418028
letter_cons,7012,0.440811
letter_cons,7013,0.409446
letter_cons,7014,0.418240
letter_cons,7015,0.387323
letter_cons,7016,0.404194
letter_cons,7017,0.328908
letter_cons,7018,0.353292
letter_cons,7019,0.387606
letter_cons,7020,0.355133
letter_cons,7021,0.401070
letter_cons,7022,0.387534
letter_cons,7023,0.419655
letter_cons,7024,0.353281
letter_cons,7025,0.449699
letter_cons,7026,0.404162
letter_cons,7027,0.285128
letter_cons,7028,0.431280
letter_cons,7029,0.345165
letter_cons,7030,0.359281
letter_cons,7031,0.389892
letter_cons,7032,0.345876
letter_cons,7033,0.400197
letter_cons,7034,0.404040
letter_cons,7035,0.388627
letter_cons,7036,0.391215
letter_cons,7037,0.395340
letter_cons,7038,0.376503
letter_cons,7039,0.399859
letter_cons,7040,0.415750
letter_cons,7041,0.382521
letter_cons,7042,0.459909
letter_cons,7043,0.384916
letter_cons,7044,0.354524
letter_cons,7045,0.406907
letter_cons,7046,0.357887
letter_cons,7047,0.383071
letter_cons,7048,0.402228
letter_cons,7049,0.430647
letter_cons,7050,0.453858
letter_cons,7051,0.455602
letter_cons,7052,0.379020
letter_cons,7053,0.422487
letter_cons,7054,0.394798
letter_cons,7055,0.431909
letter_cons,7056,0.392609
letter_cons,7057,0.407102
letter_cons,7058,0.365174
letter_cons,7059,0.449216
letter_cons,7060,0.436535
letter_cons,7061,0.386840
letter_cons,7062,0.353609
letter_cons,7063,0.379398
letter_cons,7064,0.366496
letter_cons,7065,0.351663
letter_cons,7066,0.414640
letter_cons,7067,0.361954
letter_cons,7068,0.302934
letter_cons,7069,0.403821
letter_cons,7070,0.462081
letter_cons,7071,0.445987
letter_cons,7072,0.391675
letter_cons,7073,0.311524
letter_cons,7074,0.401372
letter_cons,7075,0.396013
letter_cons,7076,0.387024
letter_cons,7077,0.473716
letter_cons,7078,0.325106
letter_cons,7079,0.310948
letter_cons,7080,0.353878
letter_cons,7081,0.398398
letter_cons,7082,0.413446
letter_cons,7083,0.409341
letter_cons,7084,0.340082
letter_cons,7085,0.391678
letter_cons,7086,0.394630
letter_cons,7087,0.437141
letter_cons,7088,0.353798
letter_cons,7089,0.401005
letter_cons,7090,0.398467
letter_cons,7091,0.453854
letter_cons,7092,0.438299
letter_cons,7093,0.470148
letter_cons,7094,0.404445
letter_cons,7095,0.439265
letter_cons,7096,0.357621
letter_cons,7097,0.378142
letter_cons,7098,0.416561
letter_cons,7099,0.420196
letter_cons,7100,0.417476
letter_cons,7101,0.356049
letter_cons,7102,0.418538
letter_cons,7103,0.477532
letter_cons,7104,0.429607
letter_cons,7105,0.390100
letter_cons,7106,0.415994
letter_cons,7107,0.417370
letter_cons,7108,0.372951
letter_cons,7109,0.409486
letter_cons,7110,0.365882
letter_cons,7111,0.388228
letter_cons,7112,0.381531
letter_cons,7113,0.357461
letter_cons,7114,0.436516
letter_cons,7115,0.372332
letter_cons,7116,0.390759
letter_cons,7117,0.376245
letter_cons,7118,0.410733
letter_cons,7119,0.453935
letter_cons,7120,0.460832
letter_cons,7121,0.415248
letter_cons,7122,0.356923
letter_cons,7123,0.431813
letter_cons,7124,0.376059
letter_cons,7125,0.403141
letter_cons,7126,0.465022
letter_cons,7127,0.398137
letter_cons,7128,0.378700
letter_cons,7129,0.410819
letter_cons,7130,0.342602
letter_cons,7131,0.378574
letter_cons,7132,0.458885
letter_cons,7133,0.413062
letter_cons,7134,0.424407
letter_cons,7135,0.424740
letter_cons,7136,0.406990
letter_cons,7137,0.375181
letter_cons,7138,0.395557
letter_cons,7139,0.365266
letter_cons,7140,0.364785
letter_cons,7141,0.360204
letter_cons,7142,0.364055
letter_cons,7143,0.379451
letter_cons,7144,0.391252
letter_cons,7145,0.434744
letter_cons,7146,0.449156
letter_cons,7147,0.462558
letter_cons,7148,0.389703
letter_cons,7149,0.404233
letter_cons,7150,0.389348
letter_cons,7151,0.464186
letter_cons,7152,0.360934
letter_cons,7153,0.416709
letter_cons,7154,0.331792
letter_cons,7155,0.449071
letter_cons,7156,0.371607
letter_cons,7157,0.449583
letter_cons,7158,0.346659
letter_cons,7159,0.429691
letter_cons,7160,0.390635
letter_cons,7161,0.370266
letter_cons,7162,0.331052
letter_cons,7163,0.433770
letter_cons,7164,0.300170
letter_cons,7165,0.364663
letter_cons,7166,0.418806
letter_cons,7167,0.317042
letter_cons,7168,0.376512
letter_cons,7169,0.400071
letter_cons,7170,0.419568
letter_cons,7171,0.381156
letter_cons,7172,0.442336
letter_cons,7173,0.348503
letter_cons,7174,0.405399
letter_cons,7175,0.378392
letter_cons,7176,0.463422
letter_cons,7177,0.482881
letter_cons,7178,0.397578
letter_cons,7179,0.317834
letter_cons,7180,0.391731
letter_cons,7181,0.435845
letter_cons,7182,0.442015
letter_cons,7183,0.467600
letter_cons,7184,0.428450
letter_cons,7185,0.409239
letter_cons,7186,0.386180
letter_cons,7187,0.416283
letter_cons,7188,0.362399
letter_cons,7189,0.381559
letter_cons,7190,0.404168
letter_cons,7191,0.374830
letter_cons,7192,0.402426
letter_cons,7193,0.385872
letter_cons,7194,0.385929
letter_cons,7195,0.319209
letter_cons,7196,0.308523
letter_cons,7197,0.430130
letter_cons,7198,0.328811
letter_cons,7199,0.456272
letter_cons,7200,0.383131
letter_cons,7201,0.423042
letter_cons,7202,0.366741
letter_cons,7203,0.451946
letter_cons,7204,0.383423
letter_cons,7205,0.436834
letter_cons,7206,0.464454
letter_cons,7207,0.422345
letter_cons,7208,0.390476
letter_cons,7209,0.398565
letter_cons,7210,0.376923
letter_cons,7211,0.405185
letter_cons,7212,0.447884
letter_cons,7213,0.360217
letter_cons,7214,0.362271
letter_cons,7215,0.408368
letter_cons,7216,0.429860
letter_cons,7217,0.446156
letter_cons,7218,0.437421
letter_cons,7219,0.354860
letter_cons,7220,0.454934
letter_cons,7221,0.392253
letter_cons,7222,0.409505
letter_cons,7223,0.427547
letter_cons,7224,0.402540
letter_cons,7225,0.481946
letter_cons,7226,0.328153
letter_cons,7227,0.420296
letter_cons,7228,0.338027
letter_cons,7229,0.382521
letter_cons,7230,0.381172
letter_cons,7231,0.352510
letter_cons,7232,0.438478
letter_cons,7233,0.400866
letter_cons,7234,0.421246
letter_cons,7235,0.417260
letter_cons,7236,0.477719
letter_cons,7237,0.404272
letter_cons,7238,0.437837
letter_cons,7239,0.352985
letter_cons,7240,0.408486
letter_cons,7241,0.396355
letter_cons,7242,0.374819
letter_cons,7243,0.431580
letter_cons,7244,0.367933
letter_cons,7245,0.422132
letter_cons,7246,0.408320
letter_cons,7247,0.376865
letter_cons,7248,0.393212
letter_cons,7249,0.411368
letter_cons,7250,0.413940
letter_cons,7251,0.420303
letter_cons,7252,0.384861
letter_cons,7253,0.406284
letter_cons,7254,0.413181
letter_cons,7255,0.407023
letter_cons,7256,0.426506
letter_cons,7257,0.415767
letter_cons,7258,0.402187
letter_cons,7259,0.410007
letter_cons,7260,0.430586
letter_cons,7261,0.436813
letter_cons,7262,0.408967
letter_cons,7263,0.386704
letter_cons,7264,0.386617
letter_cons,7265,0.403388
letter_cons,7266,0.414270
letter_cons,7267,0.451136
letter_cons,7268,0.335038
letter_cons,7269,0.358838
letter_cons,7270,0.414475
letter_cons,7271,0.382161
letter_cons,7272,0.401727
letter_cons,7273,0.395327
letter_cons,7274,0.370678
letter_cons,7275,0.395546
letter_cons,7276,0.406424
letter_cons,7277,0.346990
letter_cons,7278,0.340645
letter_cons,7279,0.404068
letter_cons,7280,0.498672
letter_cons,7281,0.437091
letter_cons,7282,0.371761
letter_cons,7283,0.344822
letter_cons,7284,0.397303
letter_cons,7285,0.333206
letter_cons,7286,0.370657
letter_cons,7287,0.359713
letter_cons,7288,0.402021
letter_cons,7289,0.392198
letter_cons,7290,0.386635
letter_cons,7291,0.391854
letter_cons,7292,0.337321
letter_cons,7293,0.422814
letter_cons,7294,0.361524
letter_cons,7295,0.528391
letter_cons,7296,0.400879
letter_cons,7297,0.428827
letter_cons,7298,0.400320
letter_cons,7299,0.412538
letter_cons,7300,0.464386
letter_cons,7301,0.380801
letter_cons,7302,0.366113
letter_cons,7303,0.437086
letter_cons,7304,0.347434
letter_cons,7305,0.408555
letter_cons,7306,0.491290
letter_cons,7307,0.320371
letter_cons,7308,0.325688
letter_cons,7309,0.376162
letter_cons,7310,0.373830
letter_cons,7311,0.455427
letter_cons,7312,0.413171
letter_cons,7313,0.434706
letter_cons,7314,0.370958
letter_cons,7315,0.421463
letter_cons,7316,0.353382
letter_cons,7317,0.418799
letter_cons,7318,0.391923
letter_cons,7319,0.394707
letter_cons,7320,0.341074
letter_cons,7321,0.401270
letter_cons,7322,0.424731
letter_cons,7323,0.391267
letter_cons,7324,0.388972
letter_cons,7325,0.416285
letter_cons,7326,0.428054
letter_cons,7327,0.384443
letter_cons,7328,0.372391
letter_cons,7329,0.405901
letter_cons,7330,0.419572
letter_cons,7331,0.424897
letter_cons,7332,0.354726
letter_cons,7333,0.489658
letter_cons,7334,0.338911
letter_cons,7335,0.354955
letter_cons,7336,0.454876
letter_cons,7337,0.299379
letter_cons,7338,0.414373
letter_cons,7339,0.369935
letter_cons,7340,0.374037
letter_cons,7341,0.404445
letter_cons,7342,0.466233
letter_cons,7343,0.344277
letter_cons,7344,0.361653
letter_cons,7345,0.384772
letter_cons,7346,0.351567
letter_cons,7347,0.410543
letter_cons,7348,0.377661
letter_cons,7349,0.330012
letter_cons,7350,0.348076
letter_cons,7351,0.312753
letter_cons,7352,0.381504
letter_cons,7353,0.387634
letter_cons,7354,0.392647
letter_cons,7355,0.385102
letter_cons,7356,0.396928
letter_cons,7357,0.401322
letter_cons,7358,0.424505
letter_cons,7359,0.385432
letter_cons,7360,0.441017
letter_cons,7361,0.395275
letter_cons,7362,0.403754
letter_cons,7363,0.393428
letter_cons,7364,0.443692
letter_cons,7365,0.440540
letter_cons,7366,0.397032
letter_cons,7367,0.416922
letter_cons,7368,0.434150
letter_cons,7369,0.375269
letter_cons,7370,0.414009
letter_cons,7371,0.438498
letter_cons,7372,0.367075
letter_cons,7373,0.414987
letter_cons,7374,0.397362
letter_cons,7375,0.385455
letter_cons,7376,0.392397
letter_cons,7377,0.370666
letter_cons,7378,0.409662
letter_cons,7379,0.379095
letter_cons,7380,0.432694
letter_cons,7381,0.399060
letter_cons,7382,0.402712
letter_cons,7383,0.410783
letter_cons,7384,0.328474
letter_cons,7385,0.376916
letter_cons,7386,0.361491
letter_cons,7387,0.507794
letter_cons,7388,0.382200
letter_cons,7389,0.378309
letter_cons,7390,0.451430
letter_cons,7391,0.363802
letter_cons,7392,0.449761
letter_cons,7393,0.378510
letter_cons,7394,0.480043
letter_cons,7395,0.453921
letter_cons,7396,0.404498
letter_cons,7397,0.486452
letter_cons,7398,0.394211
letter_cons,7399,0.383638
letter_cons,7400,0.404721
letter_cons,7401,0.417487
letter_cons,7402,0.365561
letter_cons,7403,0.483858
letter_cons,7404,0.362955
letter_cons,7405,0.361762
letter_cons,7406,0.358409
letter_cons,7407,0.411162
letter_cons,7408,0.405110
letter_cons,7409,0.415869
letter_cons,7410,0.332564
letter_cons,7411,0.417285
letter_cons,7412,0.460206
letter_cons,7413,0.444344
letter_cons,7414,0.475937
letter_cons,7415,0.430586
letter_cons,7416,0.401405
letter_cons,7417,0.400950
letter_cons,7418,0.430388
letter_cons,7419,0.348479
letter_cons,7420,0.450715
letter_cons,7421,0.360123
letter_cons,7422,0.394557
letter_cons,7423,0.425639
letter_cons,7424,0.397442
letter_cons,7425,0.392726
letter_cons,7426,0.423316
letter_cons,7427,0.378785
letter_cons,7428,0.329572
letter_cons,7429,0.384213
letter_cons,7430,0.408089
letter_cons,7431,0.370331
letter_cons,7432,0.342830
letter_cons,7433,0.384696
letter_cons,7434,0.432257
letter_cons,7435,0.409534
letter_cons,7436,0.421026
letter_cons,7437,0.421522
letter_cons,7438,0.379008
letter_cons,7439,0.421280
letter_cons,7440,0.427509
letter_cons,7441,0.389924
letter_cons,7442,0.342160
letter_cons,7443,0.352459
letter_cons,7444,0.431273
letter_cons,7445,0.429295
letter_cons,7446,0.390767
letter_cons,7447,0.360800
letter_cons,7448,0.438225
letter_cons,7449,0.362526
letter_cons,7450,0.451606
letter_cons,7451,0.422088
letter_cons,7452,0.421704
letter_cons,7453,0.341914
letter_cons,7454,0.515965
letter_cons,7455,0.368109
letter_cons,7456,0.377908
letter_cons,7457,0.352228
letter_cons,7458,0.415997
letter_cons,7459,0.383520
letter_cons,7460,0.407341
letter_cons,7461,0.406320
letter_cons,7462,0.456235
letter_cons,7463,0.421985
letter_cons,7464,0.448539
letter_cons,7465,0.414231
letter_cons,7466,0.433220
letter_cons,7467,0.370231
letter_cons,7468,0.406088
letter_cons,7469,0.397403
letter_cons,7470,0.414803
letter_cons,7471,0.342301
letter_cons,7472,0.423578
letter_cons,7473,0.380770
letter_cons,7474,0.426362
letter_cons,7475,0.445872
letter_cons,7476,0.389431
letter_cons,7477,0.407401
letter_cons,7478,0.473179
letter_cons,7479,0.401287
letter_cons,7480,0.378447
letter_cons,7481,0.386260
letter_cons,7482,0.402909
letter_cons,7483,0.405242
letter_cons,7484,0.355998
letter_cons,7485,0.420764
letter_cons,7486,0.487683
letter_cons,7487,0.405528
letter_cons,7488,0.326142
letter_cons,7489,0.324261
letter_cons,7490,0.498137
letter_cons,7491,0.411038
letter_cons,7492,0.424114
letter_cons,7493,0.331299
letter_cons,7494,0.297114
letter_cons,7495,0.358907
letter_cons,7496,0.502813
letter_cons,7497,0.440600
letter_cons,7498,0.337564
letter_cons,7499,0.414045
letter_cons,7500,0.354472
letter_cons,7501,0.395991
letter_cons,7502,0.416550
letter_cons,7503,0.424039
letter_cons,7504,0.452257
letter_cons,7505,0.456534
letter_cons,7506,0.330776
letter_cons,7507,0.398409
letter_cons,7508,0.464042
letter_cons,7509,0.441038
letter_cons,7510,0.383752
letter_cons,7511,0.414316
letter_cons,7512,0.423453
letter_cons,7513,0.373556
letter_cons,7514,0.362173
letter_cons,7515,0.355784
letter_cons,7516,0.373477
letter_cons,7517,0.338424
letter_cons,7518,0.294125
letter_cons,7519,0.383081
letter_cons,7520,0.298171
letter_cons,7521,0.432777
letter_cons,7522,0.416969
letter_cons,7523,0.394226
letter_cons,7524,0.392634
letter_cons,7525,0.457135
letter_cons,7526,0.405285
letter_cons,7527,0.447257
letter_cons,7528,0.385323
letter_cons,7529,0.476683
letter_cons,7530,0.416158
letter_cons,7531,0.419914
letter_cons,7532,0.356303
letter_cons,7533,0.405630
letter_cons,7534,0.373546
letter_cons,7535,0.438568
letter_cons,7536,0.411199
letter_cons,7537,0.403656
letter_cons,7538,0.418031
letter_cons,7539,0.463805
letter_cons,7540,0.325781
letter_cons,7541,0.401603
letter_cons,7542,0.347178
letter_cons,7543,0.456551
letter_cons,7544,0.396960
letter_cons,7545,0.357995
letter_cons,7546,0.345498
letter_cons,7547,0.393538
letter_cons,7548,0.423114
letter_cons,7549,0.414471
letter_cons,7550,0.440175
letter_cons,7551,0.341848
letter_cons,7552,0.322351
letter_cons,7553,0.358828
letter_cons,7554,0.365132
letter_cons,7555,0.380742
letter_cons,7556,0.421213
letter_cons,7557,0.427310
letter_cons,7558,0.415086
letter_cons,7559,0.357219
letter_cons,7560,0.435568
letter_cons,7561,0.353340
letter_cons,7562,0.453430
letter_cons,7563,0.462528
letter_cons,7564,0.382365
letter_cons,7565,0.488109
letter_cons,7566,0.393851
letter_cons,7567,0.412751
letter_cons,7568,0.343412
letter_cons,7569,0.437892
letter_cons,7570,0.351517
letter_cons,7571,0.320850
letter_cons,7572,0.328035
letter_cons,7573,0.428333
letter_cons,7574,0.421833
letter_cons,7575,0.355133
letter_cons,7576,0.401665
letter_cons,7577,0.356390
letter_cons,7578,0.342387
letter_cons,7579,0.431197
letter_cons,7580,0.399800
letter_cons,7581,0.394832
letter_cons,7582,0.409367
letter_cons,7583,0.338271
letter_cons,7584,0.408200
letter_cons,7585,0.397102
letter_cons,7586,0.347637
letter_cons,7587,0.442879
letter_cons,7588,0.405629
letter_cons,7589,0.396695
letter_cons,7590,0.389658
letter_cons,7591,0.426162
letter_cons,7592,0.405718
letter_cons,7593,0.387133
letter_cons,7594,0.410204
letter_cons,7595,0.434916
letter_cons,7596,0.435687
letter_cons,7597,0.420383
letter_cons,7598,0.404949
letter_cons,7599,0.410967
letter_cons,7600,0.423836
letter_cons,7601,0.372699
letter_cons,7602,0.413805
letter_cons,7603,0.389466
letter_cons,7604,0.435658
letter_cons,7605,0.373167
letter_cons,7606,0.428491
letter_cons,7607,0.416745
letter_cons,7608,0.360343
letter_cons,7609,0.449017
letter_cons,7610,0.416835
letter_cons,7611,0.356072
letter_cons,7612,0.444614
letter_cons,7613,0.372493
letter_cons,7614,0.367946
letter_cons,7615,0.425408
letter_cons,7616,0.399081
letter_cons,7617,0.389081
letter_cons,7618,0.398190
letter_cons,7619,0.451194
letter_cons,7620,0.367484
letter_cons,7621,0.384920
letter_cons,7622,0.443510
letter_cons,7623,0.433123
letter_cons,7624,0.368229
letter_cons,7625,0.461139
letter_cons,7626,0.396821
letter_cons,7627,0.440808
letter_cons,7628,0.412909
letter_cons,7629,0.398878
letter_cons,7630,0.382098
letter_cons,7631,0.444581
letter_cons,7632,0.463266
letter_cons,7633,0.388614
letter_cons,7634,0.409024
letter_cons,7635,0.384410
letter_cons,7636,0.418050
letter_cons,7637,0.392455
letter_cons,7638,0.407660
letter_cons,7639,0.371130
letter_cons,7640,0.418922
letter_cons,7641,0.408840
letter_cons,7642,0.419589
letter_cons,7643,0.334438
letter_cons,7644,0.431075
letter_cons,7645,0.426458
letter_cons,7646,0.406219
letter_cons,7647,0.418788
letter_cons,7648,0.394375
letter_cons,7649,0.459245
letter_cons,7650,0.303667
letter_cons,7651,0.524262
letter_cons,7652,0.385671
letter_cons,7653,0.312439
letter_cons,7654,0.428289
letter_cons,7655,0.383746
letter_cons,7656,0.371730
letter_cons,7657,0.396351
letter_cons,7658,0.399349
letter_cons,7659,0.345157
letter_cons,7660,0.356823
letter_cons,7661,0.397463
letter_cons,7662,0.382884
letter_cons,7663,0.408373
letter_cons,7664,0.418077
letter_cons,7665,0.401141
letter_cons,7666,0.409778
letter_cons,7667,0.442375
letter_cons,7668,0.398076
letter_cons,7669,0.375738
letter_cons,7670,0.448899
letter_cons,7671,0.350461
letter_cons,7672,0.451700
letter_cons,7673,0.346720
letter_cons,7674,0.349913
letter_cons,7675,0.392954
letter_cons,7676,0.430107
letter_cons,7677,0.401414
letter_cons,7678,0.384609
letter_cons,7679,0.334554
letter_cons,7680,0.455203
letter_cons,7681,0.389148
letter_cons,7682,0.393772
letter_cons,7683,0.377025
letter_cons,7684,0.381777
letter_cons,7685,0.347575
letter_cons,7686,0.395128
letter_cons,7687,0.386560
letter_cons,7688,0.382334
letter_cons,7689,0.397032
letter_cons,7690,0.403245
letter_cons,7691,0.405771
letter_cons,7692,0.371796
letter_cons,7693,0.349410
letter_cons,7694,0.413584
letter_cons,7695,0.370120
letter_cons,7696,0.354871
letter_cons,7697,0.412383
letter_cons,7698,0.300561
letter_cons,7699,0.435589
letter_cons,7700,0.464105
letter_cons,7701,0.436751
letter_cons,7702,0.450656
letter_cons,7703,0.370380
letter_cons,7704,0.391757
letter_cons,7705,0.387485
letter_cons,7706,0.357380
letter_cons,7707,0.360437
letter_cons,7708,0.399918
letter_cons,7709,0.437147
letter_cons,7710,0.340534
letter_cons,7711,0.441159
letter_cons,7712,0.381094
letter_cons,7713,0.454806
letter_cons,7714,0.341329
letter_cons,7715,0.436956
letter_cons,7716,0.473038
letter_cons,7717,0.373151
letter_cons,7718,0.450103
letter_cons,7719,0.411497
letter_cons,7720,0.388974
letter_cons,7721,0.400886
letter_cons,7722,0.400425
letter_cons,7723,0.411648
letter_cons,7724,0.328113
letter_cons,7725,0.344175
letter_cons,7726,0.335332
letter_cons,7727,0.359734
letter_cons,7728,0.420422
letter_cons,7729,0.404938
letter_cons,7730,0.375968
letter_cons,7731,0.340074
letter_cons,7732,0.424960
letter_cons,7733,0.391703
letter_cons,7734,0.346692
letter_cons,7735,0.428032
letter_cons,7736,0.467765
letter_cons,7737,0.360268
letter_cons,7738,0.491404
letter_cons,7739,0.329071
letter_cons,7740,0.332899
letter_cons,7741,0.438021
letter_cons,7742,0.407335
letter_cons,7743,0.327992
letter_cons,7744,0.393750
letter_cons,7745,0.446479
letter_cons,7746,0.435885
letter_cons,7747,0.475265
letter_cons,7748,0.360117
letter_cons,7749,0.353392
letter_cons,7750,0.420806
letter_cons,7751,0.458435
letter_cons,7752,0.443455
letter_cons,7753,0.375859
letter_cons,7754,0.358683
letter_cons,7755,0.399838
letter_cons,7756,0.351894
letter_cons,7757,0.368232
letter_cons,7758,0.434403
letter_cons,7759,0.376478
letter_cons,7760,0.387248
letter_cons,7761,0.338515
letter_cons,7762,0.335732
letter_cons,7763,0.431415
letter_cons,7764,0.390245
letter_cons,7765,0.411619
letter_cons,7766,0.380980
letter_cons,7767,0.396381
letter_cons,7768,0.348984
letter_cons,7769,0.405112
letter_cons,7770,0.375994
letter_cons,7771,0.484175
letter_cons,7772,0.405429
letter_cons,7773,0.474063
letter_cons,7774,0.413282
letter_cons,7775,0.426642
letter_cons,7776,0.429346
letter_cons,7777,0.465913
letter_cons,7778,0.385846
letter_cons,7779,0.435043
letter_cons,7780,0.351194
letter_cons,7781,0.421345
letter_cons,7782,0.390590
letter_cons,7783,0.406876
letter_cons,7784,0.340137
letter_cons,7785,0.426429
letter_cons,7786,0.427155
letter_cons,7787,0.375165
letter_cons,7788,0.478321
letter_cons,7789,0.402254
letter_cons,7790,0.359261
letter_cons,7791,0.408677
letter_cons,7792,0.408529
letter_cons,7793,0.369910
letter_cons,7794,0.392576
letter_cons,7795,0.386113
letter_cons,7796,0.436127
letter_cons,7797,0.336063
letter_cons,7798,0.433170
letter_cons,7799,0.439205
letter_cons,7800,0.429949
letter_cons,7801,0.392458
letter_cons,7802,0.395213
letter_cons,7803,0.354709
letter_cons,7804,0.453027
letter_cons,7805,0.437234
letter_cons,7806,0.333466
letter_cons,7807,0.464498
letter_cons,7808,0.404403
letter_cons,7809,0.353243
letter_cons,7810,0.419432
letter_cons,7811,0.373510
letter_cons,7812,0.475636
letter_cons,7813,0.394172
letter_cons,7814,0.341359
letter_cons,7815,0.506946
letter_cons,7816,0.430909
letter_cons,7817,0.370383
letter_cons,7818,0.423813
letter_cons,7819,0.420256
letter_cons,7820,0.403048
letter_cons,7821,0.393102
letter_cons,7822,0.339858
letter_cons,7823,0.378464
letter_cons,7824,0.410128
letter_cons,7825,0.479151
letter_cons,7826,0.420584
letter_cons,7827,0.403711
letter_cons,7828,0.423434
letter_cons,7829,0.436464
letter_cons,7830,0.439281
letter_cons,7831,0.463573
letter_cons,7832,0.355816
letter_cons,7833,0.463507
letter_cons,7834,0.472446
letter_cons,7835,0.431816
letter_cons,7836,0.415257
letter_cons,7837,0.382017
letter_cons,7838,0.385188
letter_cons,7839,0.325239
letter_cons,7840,0.381674
letter_cons,7841,0.340192
letter_cons,7842,0.433922
letter_cons,7843,0.401088
letter_cons,7844,0.413171
letter_cons,7845,0.456145
letter_cons,7846,0.429665
letter_cons,7847,0.389261
letter_cons,7848,0.385593
letter_cons,7849,0.345959
letter_cons,7850,0.350131
letter_cons,7851,0.329817
letter_cons,7852,0.404446
letter_cons,7853,0.383211
letter_cons,7854,0.414524
letter_cons,7855,0.426793
letter_cons,7856,0.388524
letter_cons,7857,0.455802
letter_cons,7858,0.328584
letter_cons,7859,0.401454
letter_cons,7860,0.375862
letter_cons,7861,0.417133
letter_cons,7862,0.434083
letter_cons,7863,0.388776
letter_cons,7864,0.352522
letter_cons,7865,0.400172
letter_cons,7866,0.336813
letter_cons,7867,0.338261
letter_cons,7868,0.353863
letter_cons,7869,0.450296
letter_cons,7870,0.457817
letter_cons,7871,0.366413
letter_cons,7872,0.512723
letter_cons,7873,0.334296
letter_cons,7874,0.409518
letter_cons,7875,0.483578
letter_cons,7876,0.483552
letter_cons,7877,0.343799
letter_cons,7878,0.353964
letter_cons,7879,0.473602
letter_cons,7880,0.417799
letter_cons,7881,0.395136
letter_cons,7882,0.487245
letter_cons,7883,0.417558
letter_cons,7884,0.437412
letter_cons,7885,0.422668
letter_cons,7886,0.444890
letter_cons,7887,0.380982
letter_cons,7888,0.349825
letter_cons,7889,0.416242
letter_cons,7890,0.374074
letter_cons,7891,0.461500
letter_cons,7892,0.390999
letter_cons,7893,0.361057
letter_cons,7894,0.354582
letter_cons,7895,0.411106
letter_cons,7896,0.339426
letter_cons,7897,0.442137
letter_cons,7898,0.366719
letter_cons,7899,0.402777
letter_cons,7900,0.389335
letter_cons,7901,0.391669
letter_cons,7902,0.403676
letter_cons,7903,0.523223
letter_cons,7904,0.429698
letter_cons,7905,0.331818
letter_cons,7906,0.336562
letter_cons,7907,0.422510
letter_cons,7908,0.433595
letter_cons,7909,0.431666
letter_cons,7910,0.395065
letter_cons,7911,0.407046
letter_cons,7912,0.448601
letter_cons,7913,0.391780
letter_cons,7914,0.396150
letter_cons,7915,0.418796
letter_cons,7916,0.381564
letter_cons,7917,0.404949
letter_cons,7918,0.339680
letter_cons,7919,0.339022
letter_cons,7920,0.379124
letter_cons,7921,0.361318
letter_cons,7922,0.446771
letter_cons,7923,0.355171
letter_cons,7924,0.388041
letter_cons,7925,0.434644
letter_cons,7926,0.395609
letter_cons,7927,0.358044
letter_cons,7928,0.438110
letter_cons,7929,0.405354
letter_cons,7930,0.373645
letter_cons,7931,0.424783
letter_cons,7932,0.376469
letter_cons,7933,0.462562
letter_cons,7934,0.371487
letter_cons,7935,0.409892
letter_cons,7936,0.406512
letter_cons,7937,0.420803
letter_cons,7938,0.383677
letter_cons,7939,0.384328
letter_cons,7940,0.443182
letter_cons,7941,0.382273
letter_cons,7942,0.407269
letter_cons,7943,0.421523
letter_cons,7944,0.401009
letter_cons,7945,0.453033
letter_cons,7946,0.400214
letter_cons,7947,0.382000
letter_cons,7948,0.418662
letter_cons,7949,0.428948
letter_cons,7950,0.363571
letter_cons,7951,0.450898
letter_cons,7952,0.387876
letter_cons,7953,0.408850
letter_cons,7954,0.400612
letter_cons,7955,0.390353
letter_cons,7956,0.382957
letter_cons,7957,0.360238
letter_cons,7958,0.393527
letter_cons,7959,0.343481
letter_cons,7960,0.315455
letter_cons,7961,0.385765
letter_cons,7962,0.394139
letter_cons,7963,0.429210
letter_cons,7964,0.454503
letter_cons,7965,0.415106
letter_cons,7966,0.406450
letter_cons,7967,0.372636
letter_cons,7968,0.492959
letter_cons,7969,0.365072
letter_cons,7970,0.395864
letter_cons,7971,0.398134
letter_cons,7972,0.360692
letter_cons,7973,0.425798
letter_cons,7974,0.384863
letter_cons,7975,0.406526
letter_cons,7976,0.470442
letter_cons,7977,0.330181
letter_cons,7978,0.388865
letter_cons,7979,0.347806
letter_cons,7980,0.412774
letter_cons,7981,0.356895
letter_cons,7982,0.404671
letter_cons,7983,0.338016
letter_cons,7984,0.423582
letter_cons,7985,0.443447
letter_cons,7986,0.436980
letter_cons,7987,0.439781
letter_cons,7988,0.340395
letter_cons,7989,0.457831
letter_cons,7990,0.337144
letter_cons,7991,0.408516
letter_cons,7992,0.348349
letter_cons,7993,0.432208
letter_cons,7994,0.387193
letter_cons,7995,0.395622
letter_cons,7996,0.354474
letter_cons,7997,0.431062
letter_cons,7998,0.341866
letter_cons,7999,0.420061
letter_intr,0,0.388390
letter_intr,1,0.375443
letter_intr,2,0.465633
letter_intr,3,0.325124
letter_intr,4,0.413481
letter_intr,5,0.432501
letter_intr,6,0.391577
letter_intr,7,0.346378
letter_intr,8,0.450078
letter_intr,9,0.370779
letter_intr,10,0.470943
letter_intr,11,0.340356
letter_intr,12,0.331351
letter_intr,13,0.408797
letter_intr,14,0.474835
letter_intr,15,0.469726
letter_intr,16,0.431158
letter_intr,17,0.337641
letter_intr,18,0.376385
letter_intr,19,0.373953
letter_intr,20,0.355761
letter_intr,21,0.367712
letter_intr,22,0.404208
letter_intr,23,0.321642
letter_intr,24,0.426245
letter_intr,25,0.417869
letter_intr,26,0.414251
letter_intr,27,0.417599
letter_intr,28,0.378904
letter_intr,29,0.359856
letter_intr,30,0.406792
letter_intr,31,0.393048
letter_intr,32,0.427296
letter_intr,33,0.394354
letter_intr,34,0.367001
letter_intr,35,0.414605
letter_intr,36,0.456502
letter_intr,37,0.359779
letter_intr,38,0.430601
letter_intr,39,0.402931
letter_intr,40,0.397329
letter_intr,41,0.367516
letter_intr,42,0.456048
letter_intr,43,0.386013
letter_intr,44,0.336842
letter_intr,45,0.459076
letter_intr,46,0.369797
letter_intr,47,0.364283
letter_intr,48,0.452075
letter_intr,49,0.393817
letter_intr,50,0.395861
letter_intr,51,0.440296
letter_intr,52,0.339783
letter_intr,53,0.419566
letter_intr,54,0.404478
letter_intr,55,0.368534
letter_intr,56,0.391696
letter_intr,57,0.379467
letter_intr,58,0.448009
letter_intr,59,0.368534
letter_intr,60,0.435330
letter_intr,61,0.369725
letter_intr,62,0.391783
letter_intr,63,0.438827
letter_intr,64,0.391503
letter_intr,65,0.494335
letter_intr,66,0.418811
letter_intr,67,0.336511
letter_intr,68,0.434361
letter_intr,69,0.384728
letter_intr,70,0.463641
letter_intr,71,0.319206
letter_intr,72,0.482025
letter_intr,73,0.340178
letter_intr,74,0.440173
letter_intr,75,0.369805
letter_intr,76,0.415502
letter_intr,77,0.329168
letter_intr,78,0.419715
letter_intr,79,0.407281
letter_intr,80,0.411722
letter_intr,81,0.396021
letter_intr,82,0.424233
letter_intr,83,0.434039
letter_intr,84,0.401466
letter_intr,85,0.413136
letter_intr,86,0.414739
letter_intr,87,0.409353
letter_intr,88,0.389509
letter_intr,89,0.399526
letter_intr,90,0.437726
letter_intr,91,0.411395
letter_intr,92,0.497930
letter_intr,93,0.325618
letter_intr,94,0.410507
letter_intr,95,0.348123
letter_intr,96,0.483397
letter_intr,97,0.327768
letter_intr,98,0.495643
letter_intr,99,0.392997
letter_intr,100,0.419613
letter_intr,101,0.424482
letter_intr,102,0.381745
letter_intr,103,0.396559
letter_intr,104,0.388643
letter_intr,105,0.383422
letter_intr,106,0.398472
letter_intr,107,0.392879
letter_intr,108,0.409949
letter_intr,109,0.421719
letter_intr,110,0.468661
letter_intr,111,0.409059
letter_intr,112,0.361859
letter_intr,113,0.433944
letter_intr,114,0.365780
letter_intr,115,0.395136
letter_intr,116,0.462979
letter_intr,117,0.376158
letter_intr,118,0.392675
letter_intr,119,0.369726
letter_intr,120,0.425370
letter_intr,121,0.407142
letter_intr,122,0.443338
letter_intr,123,0.378885
letter_intr,124,0.368781
letter_intr,125,0.395729
letter_intr,126,0.459702
letter_intr,127,0.340687
letter_intr,128,0.343643
letter_intr,129,0.341547
letter_intr,130,0.431085
letter_intr,131,0.376134
letter_intr,132,0.393361
letter_intr,133,0.359277
letter_intr,134,0.485122
letter_intr,135,0.403175
letter_intr,136,0.464218
letter_intr,137,0.406363
letter_intr,138,0.393457
letter_intr,139,0.342517
letter_intr,140,0.381344
letter_intr,141,0.435381
letter_intr,142,0.413023
letter_intr,143,0.389946
letter_intr,144,0.390096
letter_intr,145,0.428950
letter_intr,146,0.428321
letter_intr,147,0.465923
letter_intr,148,0.322673
letter_intr,149,0.424098
letter_intr,150,0.355023
letter_intr,151,0.416737
letter_intr,152,0.434473
letter_intr,153,0.405792
letter_intr,154,0.394068
letter_intr,155,0.353363
letter_intr,156,0.418917
letter_intr,157,0.294909
letter_intr,158,0.429784
letter_intr,159,0.358534
letter_intr,160,0.395012
letter_intr,161,0.481340
letter_intr,162,0.409404
letter_intr,163,0.363257
letter_intr,164,0.427297
letter_intr,165,0.421174
letter_intr,166,0.384176
letter_intr,167,0.415729
letter_intr,168,0.445528
letter_intr,169,0.372946
letter_intr,170,0.438136
letter_intr,171,0.331116
letter_intr,172,0.382542
letter_intr,173,0.383903
letter_intr,174,0.356759
letter_intr,175,0.399132
letter_intr,176,0.350353
letter_intr,177,0.446974
letter_intr,178,0.380289
letter_intr,179,0.398400
letter_intr,180,0.424967
letter_intr,181,0.401194
letter_intr,182,0.375166
letter_intr,183,0.358669
letter_intr,184,0.393371
letter_intr,185,0.394658
letter_intr,186,0.437961
letter_intr,187,0.361839
letter_intr,188,0.378793
letter_intr,189,0.372183
letter_intr,190,0.398780
letter_intr,191,0.398183
letter_intr,192,0.389180
letter_intr,193,0.464921
letter_intr,194,0.367920
letter_intr,195,0.480964
letter_intr,196,0.355690
letter_intr,197,0.354408
letter_intr,198,0.411106
letter_intr,199,0.445486
letter_intr,200,0.361659
letter_intr,201,0.368979
letter_intr,202,0.408184
letter_intr,203,0.394240
letter_intr,204,0.372891
letter_intr,205,0.438848
letter_intr,206,0.319093
letter_intr,207,0.458437
letter_intr,208,0.379012
letter_intr,209,0.505278
letter_intr,210,0.370872
letter_intr,211,0.476147
letter_intr,212,0.469831
letter_intr,213,0.358228
letter_intr,214,0.424178
letter_intr,215,0.405451
letter_intr,216,0.398778
letter_intr,217,0.383037
letter_intr,218,0.419413
letter_intr,219,0.437036
letter_intr,220,0.318610
letter_intr,221,0.375160
letter_intr,222,0.373149
letter_intr,223,0.401934
letter_intr,224,0.390774
letter_intr,225,0.503865
letter_intr,226,0.389656
letter_intr,227,0.401650
letter_intr,228,0.466633
letter_intr,229,0.420414
letter_intr,230,0.340089
letter_intr,231,0.380139
letter_intr,232,0.394889
letter_intr,233,0.464830
letter_intr,234,0.387545
letter_intr,235,0.354289
letter_intr,236,0.445982
letter_intr,237,0.395059
letter_intr,238,0.401086
letter_intr,239,0.381400
letter_intr,240,0.398238
letter_intr,241,0.396790
letter_intr,242,0.472747
letter_intr,243,0.361025
letter_intr,244,0.422545
letter_intr,245,0.449571
letter_intr,246,0.441061
letter_intr,247,0.429644
letter_intr,248,0.396516
letter_intr,249,0.347040
letter_intr,250,0.380125
letter_intr,251,0.478142
letter_intr,252,0.359188
letter_intr,253,0.439572
letter_intr,254,0.427579
letter_intr,255,0.404486
letter_intr,256,0.383956
letter_intr,257,0.452705
letter_intr,258,0.462941
letter_intr,259,0.370455
letter_intr,260,0.495937
letter_intr,261,0.409644
letter_intr,262,0.356116
letter_intr,263,0.337029
letter_intr,264,0.432181
letter_intr,265,0.404959
letter_intr,266,0.359878
letter_intr,267,0.434265
letter_intr,268,0.429318
letter_intr,269,0.373351
letter_intr,270,0.386785
letter_intr,271,0.404780
letter_intr,272,0.422344
letter_intr,273,0.401844
letter_intr,274,0.439069
letter_intr,275,0.331358
letter_intr,276,0.502014
letter_intr,277,0.336605
letter_intr,278,0.433065
letter_intr,279,0.476899
letter_intr,280,0.392612
letter_intr,281,0.393688
letter_intr,282,0.410540
letter_intr,283,0.407704
letter_intr,284,0.450582
letter_intr,285,0.363748
letter_intr,286,0.367304
letter_intr,287,0.373011
letter_intr,288,0.422289
letter_intr,289,0.393694
letter_intr,290,0.413921
letter_intr,291,0.382445
letter_intr,292,0.402122
letter_intr,293,0.394105
letter_intr,294,0.421325
letter_intr,295,0.385547
letter_intr,296,0.347448
letter_intr,297,0.347314
letter_intr,298,0.415671
letter_intr,299,0.364406
letter_intr,300,0.375558
letter_intr,301,0.440398
letter_intr,302,0.349533
letter_intr,303,0.469327
letter_intr,304,0.357316
letter_intr,305,0.444338
letter_intr,306,0.411885
letter_intr,307,0.416584
letter_intr,308,0.322907
letter_intr,309,0.428681
letter_intr,310,0.461071
letter_intr,311,0.386999
letter_intr,312,0.403780
letter_intr,313,0.391263
letter_intr,314,0.382911
letter_intr,315,0.402996
letter_intr,316,0.416822
letter_intr,317,0.408455
letter_intr,318,0.415974
letter_intr,319,0.392868
letter_intr,320,0.393119
letter_intr,321,0.438631
letter_intr,322,0.412385
letter_intr,323,0.357728
letter_intr,324,0.419917
letter_intr,325,0.441379
letter_intr,326,0.455754
letter_intr,327,0.333999
letter_intr,328,0.426202
letter_intr,329,0.418431
letter_intr,330,0.341723
letter_intr,331,0.399520
letter_intr,332,0.392788
letter_intr,333,0.451521
letter_intr,334,0.414891
letter_intr,335,0.416108
letter_intr,336,0.381115
letter_intr,337,0.368726
letter_intr,338,0.408353
letter_intr,339,0.384623
letter_intr,340,0.446462
letter_intr,341,0.389601
letter_intr,342,0.419109
letter_intr,343,0.365531
letter_intr,344,0.374164
letter_intr,345,0.350367
letter_intr,346,0.415392
letter_intr,347,0.376165
letter_intr,348,0.415097
letter_intr,349,0.381044
letter_intr,350,0.457751
letter_intr,351,0.370979
letter_intr,352,0.372655
letter_intr,353,0.387016
letter_intr,354,0.384154
letter_intr,355,0.382437
letter_intr,356,0.412770
letter_intr,357,0.371021
letter_intr,358,0.375051
letter_intr,359,0.378538
letter_intr,360,0.387725
letter_intr,361,0.397244
letter_intr,362,0.384011
letter_intr,363,0.400998
letter_intr,364,0.387461
letter_intr,365,0.400007
letter_intr,366,0.400644
letter_intr,367,0.454566
letter_intr,368,0.376760
letter_intr,369,0.368900
letter_intr,370,0.432957
letter_intr,371,0.436830
letter_intr,372,0.464304
letter_intr,373,0.351094
letter_intr,374,0.470961
letter_intr,375,0.359727
letter_intr,376,0.412234
letter_intr,377,0.369138
letter_intr,378,0.373750
letter_intr,379,0.385591
letter_intr,380,0.475288
letter_intr,381,0.432944
letter_intr,382,0.401553
letter_intr,383,0.388805
letter_intr,384,0.419489
letter_intr,385,0.288041
letter_intr,386,0.451557
letter_intr,387,0.348237
letter_intr,388,0.358170
letter_intr,389,0.316312
letter_intr,390,0.487522
letter_intr,391,0.404147
letter_intr,392,0.346331
letter_intr,393,0.425576
letter_intr,394,0.463016
letter_intr,395,0.407636
letter_intr,396,0.450994
letter_intr,397,0.409066
letter_intr,398,0.479557
letter_intr,399,0.426803
letter_intr,400,0.373489
letter_intr,401,0.408894
letter_intr,402,0.356535
letter_intr,403,0.490793
letter_intr,404,0.489822
letter_intr,405,0.356108
letter_intr,406,0.423685
letter_intr,407,0.323483
letter_intr,408,0.414993
letter_intr,409,0.341192
letter_intr,410,0.399928
letter_intr,411,0.438209
letter_intr,412,0.412187
letter_intr,413,0.423094
letter_intr,414,0.420406
letter_intr,415,0.410153
letter_intr,416,0.399231
letter_intr,417,0.355284
letter_intr,418,0.393679
letter_intr,419,0.389844
letter_intr,420,0.397408
letter_intr,421,0.351682
letter_intr,422,0.393558
letter_intr,423,0.437089
letter_intr,424,0.384517
letter_intr,425,0.419596
letter_intr,426,0.307294
letter_intr,427,0.494312
letter_intr,428,0.366385
letter_intr,429,0.407892
letter_intr,430,0.365858
letter_intr,431,0.371090
letter_intr,432,0.388829
letter_intr,433,0.482318
letter_intr,434,0.334582
letter_intr,435,0.438507
letter_intr,436,0.380617
letter_intr,437,0.424154
letter_intr,438,0.425400
letter_intr,439,0.315275
letter_intr,440,0.386103
letter_intr,441,0.455516
letter_intr,442,0.405484
letter_intr,443,0.380949
letter_intr,444,0.385088
letter_intr,445,0.415439
letter_intr,446,0.440043
letter_intr,447,0.314875
letter_intr,448,0.382145
letter_intr,449,0.431624
letter_intr,450,0.347689
letter_intr,451,0.414179
letter_intr,452,0.377727
letter_intr,453,0.390839
letter_intr,454,0.379450
letter_intr,455,0.405296
letter_intr,456,0.436383
letter_intr,457,0.422064
letter_intr,458,0.300226
letter_intr,459,0.387304
letter_intr,460,0.439591
letter_intr,461,0.438619
letter_intr,462,0.415643
letter_intr,463,0.389134
letter_intr,464,0.399048
letter_intr,465,0.395134
letter_intr,466,0.446682
letter_intr,467,0.475043
letter_intr,468,0.360467
letter_intr,469,0.399153
letter_intr,470,0.447816
letter_intr,471,0.346144
letter_intr,472,0.416263
letter_intr,473,0.355545
letter_intr,474,0.444961
letter_intr,475,0.357792
letter_intr,476,0.448507
letter_intr,477,0.430339
letter_intr,478,0.392503
letter_intr,479,0.462497
letter_intr,480,0.382379
letter_intr,481,0.362931
letter_intr,482,0.402776
letter_intr,483,0.412992
letter_intr,484,0.371135
letter_intr,485,0.361409
letter_intr,486,0.445406
letter_intr,487,0.382587
letter_intr,488,0.397081
letter_intr,489,0.439652
letter_intr,490,0.397197
letter_intr,491,0.412891
letter_intr,492,0.384695
letter_intr,493,0.412680
letter_intr,494,0.393437
letter_intr,495,0.400194
letter_intr,496,0.408080
letter_intr,497,0.340327
letter_intr,498,0.388004
letter_intr,499,0.437772
letter_intr,500,0.379041
letter_intr,501,0.376963
letter_intr,502,0.418676
letter_intr,503,0.396845
letter_intr,504,0.350973
letter_intr,505,0.397047
letter_intr,506,0.433154
letter_intr,507,0.368007
letter_intr,508,0.336241
letter_intr,509,0.407294
letter_intr,510,0.447964
letter_intr,511,0.330811
letter_intr,512,0.392939
letter_intr,513,0.336319
letter_intr,514,0.402950
letter_intr,515,0.415860
letter_intr,516,0.339281
letter_intr,517,0.431443
letter_intr,518,0.372819
letter_intr,519,0.381845
letter_intr,520,0.351329
letter_intr,521,0.414559
letter_intr,522,0.392415
letter_intr,523,0.435101
letter_intr,524,0.443800
letter_intr,525,0.401350
letter_intr,526,0.366009
letter_intr,527,0.411632
letter_intr,528,0.386283
letter_intr,529,0.370978
letter_intr,530,0.460816
letter_intr,531,0.379235
letter_intr,532,0.425415
letter_intr,533,0.389108
letter_intr,534,0.417145
letter_intr,535,0.384088
letter_intr,536,0.442674
letter_intr,537,0.365271
letter_intr,538,0.366139
letter_intr,539,0.364907
letter_intr,540,0.377029
letter_intr,541,0.441975
letter_intr,542,0.368515
letter_intr,543,0.431188
letter_intr,544,0.331621
letter_intr,545,0.425533
letter_intr,546,0.364644
letter_intr,547,0.431921
letter_intr,548,0.356561
letter_intr,549,0.398311
letter_intr,550,0.433663
letter_intr,551,0.408994
letter_intr,552,0.412927
letter_intr,553,0.389236
letter_intr,554,0.389946
letter_intr,555,0.392204
letter_intr,556,0.399383
letter_intr,557,0.367287
letter_intr,558,0.406337
letter_intr,559,0.429298
letter_intr,560,0.385077
letter_intr,561,0.370895
letter_intr,562,0.341536
letter_intr,563,0.450309
letter_intr,564,0.317451
letter_intr,565,0.402168
letter_intr,566,0.441193
letter_intr,567,0.425490
letter_intr,568,0.379271
letter_intr,569,0.354819
letter_intr,570,0.487079
letter_intr,571,0.380948
letter_intr,572,0.456355
letter_intr,573,0.354759
letter_intr,574,0.459062
letter_intr,575,0.373900
letter_intr,576,0.374414
letter_intr,577,0.436207
letter_intr,578,0.331687
letter_intr,579,0.341299
letter_intr,580,0.426129
letter_intr,581,0.379305
letter_intr,582,0.430655
letter_intr,583,0.357529
letter_intr,584,0.478140
letter_intr,585,0.355959
letter_intr,586,0.485485
letter_intr,587,0.417131
letter_intr,588,0.336709
letter_intr,589,0.381265
letter_intr,590,0.401680
letter_intr,591,0.398462
letter_intr,592,0.376613
letter_intr,593,0.402750
letter_intr,594,0.425361
letter_intr,595,0.353767
letter_intr,596,0.435793
letter_intr,597,0.432682
letter_intr,598,0.418263
letter_intr,599,0.336022
letter_intr,600,0.398626
letter_intr,601,0.346220
letter_intr,602,0.461999
letter_intr,603,0.341529
letter_intr,604,0.437183
letter_intr,605,0.401018
letter_intr,606,0.353436
letter_intr,607,0.406665
letter_intr,608,0.376521
letter_intr,609,0.411062
letter_intr,610,0.376990
letter_intr,611,0.440457
letter_intr,612,0.374092
letter_intr,613,0.388849
letter_intr,614,0.388980
letter_intr,615,0.438297
letter_intr,616,0.405878
letter_intr,617,0.363283
letter_intr,618,0.366407
letter_intr,619,0.280998
letter_intr,620,0.499852
letter_intr,621,0.393782
letter_intr,622,0.403697
letter_intr,623,0.351990
letter_intr,624,0.387475
letter_intr,625,0.373955
letter_intr,626,0.422406
letter_intr,627,0.411022
letter_intr,628,0.422810
letter_intr,629,0.347604
letter_intr,630,0.418174
letter_intr,631,0.315600
letter_intr,632,0.394160
letter_intr,633,0.356737
letter_intr,634,0.486699
letter_intr,635,0.412033
letter_intr,636,0.400161
letter_intr,637,0.337311
letter_intr,638,0.359702
letter_intr,639,0.388613
letter_intr,640,0.425979
letter_intr,641,0.421058
letter_intr,642,0.348671
letter_intr,643,0.372118
letter_intr,644,0.411434
letter_intr,645,0.382897
letter_intr,646,0.385770
letter_intr,647,0.447230
letter_intr,648,0.378436
letter_intr,649,0.396892
letter_intr,650,0.359189
letter_intr,651,0.402821
letter_intr,652,0.415672
letter_intr,653,0.306014
letter_intr,654,0.358717
letter_intr,655,0.465756
letter_intr,656,0.443404
letter_intr,657,0.419476
letter_intr,658,0.344686
letter_intr,659,0.452480
letter_intr,660,0.391673
letter_intr,661,0.431140
letter_intr,662,0.452461
letter_intr,663,0.328970
letter_intr,664,0.317021
letter_intr,665,0.340200
letter_intr,666,0.350585
letter_intr,667,0.353243
letter_intr,668,0.388127
letter_intr,669,0.477517
letter_intr,670,0.362442
letter_intr,671,0.387415
letter_intr,672,0.366945
letter_intr,673,0.393343
letter_intr,674,0.440960
letter_intr,675,0.349767
letter_intr,676,0.396178
letter_intr,677,0.354043
letter_intr,678,0.344245
letter_intr,679,0.409664
letter_intr,680,0.341975
letter_intr,681,0.397350
letter_intr,682,0.326592
letter_intr,683,0.372105
letter_intr,684,0.456197
letter_intr,685,0.396442
letter_intr,686,0.381325
letter_intr,687,0.420174
letter_intr,688,0.384017
letter_intr,689,0.351876
letter_intr,690,0.285880
letter_intr,691,0.450640
letter_intr,692,0.337265
letter_intr,693,0.407089
letter_intr,694,0.340713
letter_intr,695,0.447829
letter_intr,696,0.307600
letter_intr,697,0.427661
letter_intr,698,0.420952
letter_intr,699,0.413455
letter_intr,700,0.421955
letter_intr,701,0.337780
letter_intr,702,0.449308
letter_intr,703,0.367630
letter_intr,704,0.352082
letter_intr,705,0.464939
letter_intr,706,0.407332
letter_intr,707,0.439983
letter_intr,708,0.346576
letter_intr,709,0.499660
letter_intr,710,0.446003
letter_intr,711,0.356989
letter_intr,712,0.374202
letter_intr,713,0.403599
letter_intr,714,0.338749
letter_intr,715,0.473734
letter_intr,716,0.337680
letter_intr,717,0.393200
letter_intr,718,0.412316
letter_intr,719,0.379831
letter_intr,720,0.430196
letter_intr,721,0.350244
letter_intr,722,0.387186
letter_intr,723,0.453439
letter_intr,724,0.338651
letter_intr,725,0.355351
letter_intr,726,0.400352
letter_intr,727,0.306716
letter_intr,728,0.452987
letter_intr,729,0.385012
letter_intr,730,0.416682
letter_intr,731,0.341103
letter_intr,732,0.359090
letter_intr,733,0.411019
letter_intr,734,0.450742
letter_intr,735,0.411584
letter_intr,736,0.403330
letter_intr,737,0.369953
letter_intr,738,0.421016
letter_intr,739,0.369775
letter_intr,740,0.448806
letter_intr,741,0.314000
letter_intr,742,0.530160
letter_intr,743,0.362404
letter_intr,744,0.406900
letter_intr,745,0.326103
letter_intr,746,0.426931
letter_intr,747,0.376266
letter_intr,748,0.393235
letter_intr,749,0.349321
letter_intr,750,0.395622
letter_intr,751,0.393035
letter_intr,752,0.401590
letter_intr,753,0.315868
letter_intr,754,0.392527
letter_intr,755,0.439385
letter_intr,756,0.458568
letter_intr,757,0.415100
letter_intr,758,0.431975
letter_intr,759,0.287295
letter_intr,760,0.510925
letter_intr,761,0.403588
letter_intr,762,0.486911
letter_intr,763,0.353274
letter_intr,764,0.404834
letter_intr,765,0.302991
letter_intr,766,0.455582
letter_intr,767,0.390639
letter_intr,768,0.367416
letter_intr,769,0.481980
letter_intr,770,0.355927
letter_intr,771,0.403601
letter_intr,772,0.446701
letter_intr,773,0.422818
letter_intr,774,0.441868
letter_intr,775,0.381526
letter_intr,776,0.355846
letter_intr,777,0.393091
letter_intr,778,0.445362
letter_intr,779,0.393461
letter_intr,780,0.356628
letter_intr,781,0.413406
letter_intr,782,0.422726
letter_intr,783,0.394165
letter_intr,784,0.337630
letter_intr,785,0.399145
letter_intr,786,0.425317
letter_intr,787,0.379368
letter_intr,788,0.441860
letter_intr,789,0.335403
letter_intr,790,0.505000
letter_intr,791,0.381145
letter_intr,792,0.369870
letter_intr,793,0.361349
letter_intr,794,0.451825
letter_intr,795,0.427885
letter_intr,796,0.358867
letter_intr,797,0.411971
letter_intr,798,0.418762
letter_intr,799,0.387633
letter_intr,800,0.394725
letter_intr,801,0.381866
letter_intr,802,0.449653
letter_intr,803,0.361465
letter_intr,804,0.331606
letter_intr,805,0.404054
letter_intr,806,0.358871
letter_intr,807,0.381938
letter_intr,808,0.438505
letter_intr,809,0.378621
letter_intr,810,0.379722
letter_intr,811,0.416497
letter_intr,812,0.424850
letter_intr,813,0.431402
letter_intr,814,0.340093
letter_intr,815,0.465398
letter_intr,816,0.404311
letter_intr,817,0.390534
letter_intr,818,0.360658
letter_intr,819,0.409683
letter_intr,820,0.346090
letter_intr,821,0.410320
letter_intr,822,0.432675
letter_intr,823,0.367323
letter_intr,824,0.412842
letter_intr,825,0.371945
letter_intr,826,0.411052
letter_intr,827,0.379597
letter_intr,828,0.361184
letter_intr,829,0.440668
letter_intr,830,0.431473
letter_intr,831,0.358706
letter_intr,832,0.423152
letter_intr,833,0.403367
letter_intr,834,0.368331
letter_intr,835,0.418568
letter_intr,836,0.450494
letter_intr,837,0.361872
letter_intr,838,0.386925
letter_intr,839,0.375432
letter_intr,840,0.402542
letter_intr,841,0.316728
letter_intr,842,0.386294
letter_intr,843,0.388171
letter_intr,844,0.433311
letter_intr,845,0.450674
letter_intr,846,0.372328
letter_intr,847,0.393736
letter_intr,848,0.351163
letter_intr,849,0.426313
letter_intr,850,0.356577
letter_intr,851,0.346733
letter_intr,852,0.395879
letter_intr,853,0.350267
letter_intr,854,0.441549
letter_intr,855,0.431064
letter_intr,856,0.416260
letter_intr,857,0.411304
letter_intr,858,0.354810
letter_intr,859,0.470155
letter_intr,860,0.369357
letter_intr,861,0.380590
letter_intr,862,0.437313
letter_intr,863,0.352612
letter_intr,864,0.459413
letter_intr,865,0.474829
letter_intr,866,0.449065
letter_intr,867,0.428590
letter_intr,868,0.368754
letter_intr,869,0.390450
letter_intr,870,0.414329
letter_intr,871,0.446137
letter_intr,872,0.447964
letter_intr,873,0.407209
letter_intr,874,0.410586
letter_intr,875,0.404316
letter_intr,876,0.394907
letter_intr,877,0.368887
letter_intr,878,0.388957
letter_intr,879,0.434340
letter_intr,880,0.439588
letter_intr,881,0.410746
letter_intr,882,0.485577
letter_intr,883,0.381971
letter_intr,884,0.445257
letter_intr,885,0.383098
letter_intr,886,0.386920
letter_intr,887,0.422591
letter_intr,888,0.400656
letter_intr,889,0.400157
letter_intr,890,0.420967
letter_intr,891,0.428628
letter_intr,892,0.439314
letter_intr,893,0.357622
letter_intr,894,0.372713
letter_intr,895,0.436990
letter_intr,896,0.396383
letter_intr,897,0.373455
letter_intr,898,0.388239
letter_intr,899,0.455708
letter_intr,900,0.387097
letter_intr,901,0.418177
letter_intr,902,0.368327
letter_intr,903,0.393259
letter_intr,904,0.440479
letter_intr,905,0.371395
letter_intr,906,0.451179
letter_intr,907,0.337883
letter_intr,908,0.477968
letter_intr,909,0.317009
letter_intr,910,0.396810
letter_intr,911,0.427388
letter_intr,912,0.363705
letter_intr,913,0.386423
letter_intr,914,0.399314
letter_intr,915,0.396423
letter_intr,916,0.415387
letter_intr,917,0.430135
letter_intr,918,0.344465
letter_intr,919,0.434494
letter_intr,920,0.366633
letter_intr,921,0.408348
letter_intr,922,0.396931
letter_intr,923,0.397973
letter_intr,924,0.310647
letter_intr,925,0.407622
letter_intr,926,0.482832
letter_intr,927,0.420817
letter_intr,928,0.433449
letter_intr,929,0.447693
letter_intr,930,0.377115
letter_intr,931,0.353877
letter_intr,932,0.443520
letter_intr,933,0.402159
letter_intr,934,0.382795
letter_intr,935,0.353891
letter_intr,936,0.397124
letter_intr,937,0.421974
letter_intr,938,0.406002
letter_intr,939,0.389843
letter_intr,940,0.430635
letter_intr,941,0.369771
letter_intr,942,0.462063
letter_intr,943,0.444349
letter_intr,944,0.376564
letter_intr,945,0.429700
letter_intr,946,0.443056
letter_intr,947,0.389205
letter_intr,948,0.466049
letter_intr,949,0.402357
letter_intr,950,0.355537
letter_intr,951,0.400431
letter_intr,952,0.408407
letter_intr,953,0.367796
letter_intr,954,0.398631
letter_intr,955,0.403386
letter_intr,956,0.332193
letter_intr,957,0.381178
letter_intr,958,0.456482
letter_intr,959,0.402603
letter_intr,960,0.453448
letter_intr,961,0.366095
letter_intr,962,0.455631
letter_intr,963,0.431774
letter_intr,964,0.345045
letter_intr,965,0.422207
letter_intr,966,0.452694
letter_intr,967,0.404236
letter_intr,968,0.455447
letter_intr,969,0.419390
letter_intr,970,0.357035
letter_intr,971,0.360569
letter_intr,972,0.347672
letter_intr,973,0.387214
letter_intr,974,0.400798
letter_intr,975,0.345901
letter_intr,976,0.407290
letter_intr,977,0.398332
letter_intr,978,0.368891
letter_intr,979,0.420422
letter_intr,980,0.394737
letter_intr,981,0.433941
letter_intr,982,0.327673
letter_intr,983,0.401794
letter_intr,984,0.337611
letter_intr,985,0.380043
letter_intr,986,0.462608
letter_intr,987,0.419264
letter_intr,988,0.428089
letter_intr,989,0.422807
letter_intr,990,0.418581
letter_intr,991,0.411161
letter_intr,992,0.412847
letter_intr,993,0.455545
letter_intr,994,0.361465
letter_intr,995,0.337335
letter_intr,996,0.427555
letter_intr,997,0.443938
letter_intr,998,0.325714
letter_intr,999,0.361718
letter_intr,1000,0.396047
letter_intr,1001,0.355086
letter_intr,1002,0.452890
letter_intr,1003,0.392837
letter_intr,1004,0.381608
letter_intr,1005,0.396459
letter_intr,1006,0.393720
letter_intr,1007,0.391378
letter_intr,1008,0.400213
letter_intr,1009,0.467742
letter_intr,1010,0.307742
letter_intr,1011,0.366281
letter_intr,1012,0.297667
letter_intr,1013,0.436392
letter_intr,1014,0.343213
letter_intr,1015,0.378735
letter_intr,1016,0.440483
letter_intr,1017,0.385978
letter_intr,1018,0.381578
letter_intr,1019,0.388560
letter_intr,1020,0.434775
letter_intr,1021,0.399797
letter_intr,1022,0.413574
letter_intr,1023,0.458239
letter_intr,1024,0.319494
letter_intr,1025,0.458113
letter_intr,1026,0.442536
letter_intr,1027,0.298594
letter_intr,1028,0.387660
letter_intr,1029,0.330730
letter_intr,1030,0.377307
letter_intr,1031,0.380330
letter_intr,1032,0.396219
letter_intr,1033,0.355378
letter_intr,1034,0.471754
letter_intr,1035,0.339280
letter_intr,1036,0.394487
letter_intr,1037,0.376445
letter_intr,1038,0.342511
letter_intr,1039,0.343760
letter_intr,1040,0.374682
letter_intr,1041,0.483263
letter_intr,1042,0.439406
letter_intr,1043,0.356746
letter_intr,1044,0.396954
letter_intr,1045,0.343751
letter_intr,1046,0.426615
letter_intr,1047,0.371013
letter_intr,1048,0.442096
letter_intr,1049,0.351466
letter_intr,1050,0.392659
letter_intr,1051,0.403333
letter_intr,1052,0.394989
letter_intr,1053,0.368124
letter_intr,1054,0.471146
letter_intr,1055,0.344793
letter_intr,1056,0.469495
letter_intr,1057,0.367374
letter_intr,1058,0.417300
letter_intr,1059,0.458125
letter_intr,1060,0.365336
letter_intr,1061,0.348927
letter_intr,1062,0.402325
letter_intr,1063,0.476936
letter_intr,1064,0.296181
letter_intr,1065,0.463116
letter_intr,1066,0.387151
letter_intr,1067,0.490138
letter_intr,1068,0.341018
letter_intr,1069,0.440833
letter_intr,1070,0.382214
letter_intr,1071,0.399518
letter_intr,1072,0.421220
letter_intr,1073,0.363123
letter_intr,1074,0.373654
letter_intr,1075,0.337957
letter_intr,1076,0.409655
letter_intr,1077,0.392818
letter_intr,1078,0.404819
letter_intr,1079,0.401987
letter_intr,1080,0.437009
letter_intr,1081,0.436194
letter_intr,1082,0.410649
letter_intr,1083,0.361737
letter_intr,1084,0.353034
letter_intr,1085,0.328446
letter_intr,1086,0.446016
letter_intr,1087,0.365359
letter_intr,1088,0.480577
letter_intr,1089,0.400681
letter_intr,1090,0.351510
letter_intr,1091,0.391516
letter_intr,1092,0.425845
letter_intr,1093,0.418459
letter_intr,1094,0.416897
letter_intr,1095,0.404393
letter_intr,1096,0.391581
letter_intr,1097,0.352244
letter_intr,1098,0.429308
letter_intr,1099,0.361691
letter_intr,1100,0.394465
letter_intr,1101,0.298755
letter_intr,1102,0.377202
letter_intr,1103,0.390476
letter_intr,1104,0.373860
letter_intr,1105,0.450673
letter_intr,1106,0.340565
letter_intr,1107,0.458068
letter_intr,1108,0.375358
letter_intr,1109,0.369220
letter_intr,1110,0.397877
letter_intr,1111,0.391093
letter_intr,1112,0.377826
letter_intr,1113,0.329291
letter_intr,1114,0.354892
letter_intr,1115,0.425003
letter_intr,1116,0.384526
letter_intr,1117,0.405081
letter_intr,1118,0.433926
letter_intr,1119,0.415692
letter_intr,1120,0.379285
letter_intr,1121,0.324217
letter_intr,1122,0.377254
letter_intr,1123,0.381495
letter_intr,1124,0.348049
letter_intr,1125,0.383291
letter_intr,1126,0.423508
letter_intr,1127,0.376133
letter_intr,1128,0.472519
letter_intr,1129,0.450640
letter_intr,1130,0.394425
letter_intr,1131,0.412285
letter_intr,1132,0.389168
letter_intr,1133,0.407739
letter_intr,1134,0.380368
letter_intr,1135,0.425003
letter_intr,1136,0.408275
letter_intr,1137,0.422439
letter_intr,1138,0.428097
letter_intr,1139,0.355199
letter_intr,1140,0.416352
letter_intr,1141,0.410250
letter_intr,1142,0.393532
letter_intr,1143,0.465611
letter_intr,1144,0.446993
letter_intr,1145,0.375089
letter_intr,1146,0.422229
letter_intr,1147,0.405905
letter_intr,1148,0.411616
letter_intr,1149,0.413599
letter_intr,1150,0.390575
letter_intr,1151,0.393084
letter_intr,1152,0.433046
letter_intr,1153,0.427392
letter_intr,1154,0.415397
letter_intr,1155,0.369113
letter_intr,1156,0.366164
letter_intr,1157,0.385360
letter_intr,1158,0.336431
letter_intr,1159,0.413593
letter_intr,1160,0.421198
letter_intr,1161,0.425258
letter_intr,1162,0.372632
letter_intr,1163,0.398551
letter_intr,1164,0.410624
letter_intr,1165,0.376663
letter_intr,1166,0.388133
letter_intr,1167,0.377052
letter_intr,1168,0.462289
letter_intr,1169,0.369276
letter_intr,1170,0.353466
letter_intr,1171,0.351699
letter_intr,1172,0.441126
letter_intr,1173,0.306575
letter_intr,1174,0.490087
letter_intr,1175,0.433479
letter_intr,1176,0.398469
letter_intr,1177,0.404392
letter_intr,1178,0.446982
letter_intr,1179,0.338800
letter_intr,1180,0.448341
letter_intr,1181,0.391526
letter_intr,1182,0.395138
letter_intr,1183,0.440576
letter_intr,1184,0.347619
letter_intr,1185,0.434460
letter_intr,1186,0.407717
letter_intr,1187,0.397540
letter_intr,1188,0.431939
letter_intr,1189,0.442622
letter_intr,1190,0.353992
letter_intr,1191,0.406203
letter_intr,1192,0.447267
letter_intr,1193,0.408272
letter_intr,1194,0.357117
letter_intr,1195,0.453217
letter_intr,1196,0.333932
letter_intr,1197,0.420906
letter_intr,1198,0.380517
letter_intr,1199,0.428786
letter_intr,1200,0.431936
letter_intr,1201,0.364342
letter_intr,1202,0.412882
letter_intr,1203,0.392518
letter_intr,1204,0.441683
letter_intr,1205,0.379989
letter_intr,1206,0.345987
letter_intr,1207,0.436493
letter_intr,1208,0.353259
letter_intr,1209,0.402566
letter_intr,1210,0.346528
letter_intr,1211,0.433994
letter_intr,1212,0.379276
letter_intr,1213,0.342114
letter_intr,1214,0.409629
letter_intr,1215,0.393023
letter_intr,1216,0.424540
letter_intr,1217,0.381834
letter_intr,1218,0.389939
letter_intr,1219,0.370282
letter_intr,1220,0.402307
letter_intr,1221,0.344762
letter_intr,1222,0.355894
letter_intr,1223,0.388708
letter_intr,1224,0.391438
letter_intr,1225,0.318577
letter_intr,1226,0.440707
letter_intr,1227,0.456449
letter_intr,1228,0.372724
letter_intr,1229,0.377943
letter_intr,1230,0.445656
letter_intr,1231,0.376529
letter_intr,1232,0.446366
letter_intr,1233,0.405621
letter_intr,1234,0.383499
letter_intr,1235,0.401849
letter_intr,1236,0.435034
letter_intr,1237,0.310144
letter_intr,1238,0.494000
letter_intr,1239,0.446184
letter_intr,1240,0.428039
letter_intr,1241,0.388892
letter_intr,1242,0.422339
letter_intr,1243,0.353630
letter_intr,1244,0.388690
letter_intr,1245,0.415382
letter_intr,1246,0.467876
letter_intr,1247,0.362358
letter_intr,1248,0.489024
letter_intr,1249,0.336213
letter_intr,1250,0.394538
letter_intr,1251,0.367174
letter_intr,1252,0.483087
letter_intr,1253,0.362571
letter_intr,1254,0.413012
letter_intr,1255,0.353137
letter_intr,1256,0.425455
letter_intr,1257,0.411418
letter_intr,1258,0.358019
letter_intr,1259,0.483983
letter_intr,1260,0.369680
letter_intr,1261,0.455269
letter_intr,1262,0.292406
letter_intr,1263,0.484734
letter_intr,1264,0.483557
letter_intr,1265,0.326615
letter_intr,1266,0.381178
letter_intr,1267,0.399186
letter_intr,1268,0.380930
letter_intr,1269,0.374286
letter_intr,1270,0.479015
letter_intr,1271,0.367440
letter_intr,1272,0.357527
letter_intr,1273,0.425587
letter_intr,1274,0.313841
letter_intr,1275,0.384533
letter_intr,1276,0.424302
letter_intr,1277,0.425135
letter_intr,1278,0.389546
letter_intr,1279,0.367752
letter_intr,1280,0.364975
letter_intr,1281,0.443659
letter_intr,1282,0.346726
letter_intr,1283,0.296278
letter_intr,1284,0.414209
letter_intr,1285,0.367874
letter_intr,1286,0.453323
letter_intr,1287,0.320416
letter_intr,1288,0.446524
letter_intr,1289,0.448878
letter_intr,1290,0.440290
letter_intr,1291,0.400854
letter_intr,1292,0.429426
letter_intr,1293,0.319972
letter_intr,1294,0.455763
letter_intr,1295,0.318265
letter_intr,1296,0.490555
letter_intr,1297,0.441683
letter_intr,1298,0.419996
letter_intr,1299,0.398229
letter_intr,1300,0.381421
letter_intr,1301,0.403456
letter_intr,1302,0.426368
letter_intr,1303,0.379614
letter_intr,1304,0.443972
letter_intr,1305,0.455193
letter_intr,1306,0.433602
letter_intr,1307,0.395677
letter_intr,1308,0.366216
letter_intr,1309,0.439492
letter_intr,1310,0.395295
letter_intr,1311,0.402927
letter_intr,1312,0.321643
letter_intr,1313,0.377743
letter_intr,1314,0.388352
letter_intr,1315,0.380860
letter_intr,1316,0.394036
letter_intr,1317,0.442750
letter_intr,1318,0.413933
letter_intr,1319,0.361467
letter_intr,1320,0.470151
letter_intr,1321,0.354281
letter_intr,1322,0.447131
letter_intr,1323,0.335810
letter_intr,1324,0.483206
letter_intr,1325,0.458033
letter_intr,1326,0.363637
letter_intr,1327,0.386333
letter_intr,1328,0.449066
letter_intr,1329,0.368854
letter_intr,1330,0.404905
letter_intr,1331,0.354733
letter_intr,1332,0.372768
letter_intr,1333,0.352486
letter_intr,1334,0.425696
letter_intr,1335,0.357965
letter_intr,1336,0.413144
letter_intr,1337,0.416048
letter_intr,1338,0.441121
letter_intr,1339,0.376045
letter_intr,1340,0.361869
letter_intr,1341,0.401448
letter_intr,1342,0.358420
letter_intr,1343,0.436559
letter_intr,1344,0.317849
letter_intr,1345,0.452426
letter_intr,1346,0.335419
letter_intr,1347,0.357712
letter_intr,1348,0.449772
letter_intr,1349,0.341096
letter_intr,1350,0.452171
letter_intr,1351,0.337682
letter_intr,1352,0.414121
letter_intr,1353,0.405862
letter_intr,1354,0.442231
letter_intr,1355,0.442491
letter_intr,1356,0.361727
letter_intr,1357,0.420127
letter_intr,1358,0.359445
letter_intr,1359,0.418615
letter_intr,1360,0.416285
letter_intr,1361,0.336733
letter_intr,1362,0.463137
letter_intr,1363,0.390870
letter_intr,1364,0.433406
letter_intr,1365,0.372663
letter_intr,1366,0.389099
letter_intr,1367,0.437785
letter_intr,1368,0.357703
letter_intr,1369,0.412294
letter_intr,1370,0.340417
letter_intr,1371,0.364023
letter_intr,1372,0.453528
letter_intr,1373,0.336145
letter_intr,1374,0.456850
letter_intr,1375,0.380229
letter_intr,1376,0.449827
letter_intr,1377,0.395765
letter_intr,1378,0.374356
letter_intr,1379,0.395313
letter_intr,1380,0.406814
letter_intr,1381,0.384360
letter_intr,1382,0.410678
letter_intr,1383,0.365765
letter_intr,1384,0.384769
letter_intr,1385,0.392271
letter_intr,1386,0.396475
letter_intr,1387,0.411336
letter_intr,1388,0.413717
letter_intr,1389,0.461592
letter_intr,1390,0.363738
letter_intr,1391,0.431219
letter_intr,1392,0.386255
letter_intr,1393,0.425386
letter_intr,1394,0.336375
letter_intr,1395,0.459635
letter_intr,1396,0.338552
letter_intr,1397,0.426054
letter_intr,1398,0.387130
letter_intr,1399,0.390462
letter_intr,1400,0.383237
letter_intr,1401,0.381281
letter_intr,1402,0.423200
letter_intr,1403,0.351350
letter_intr,1404,0.357339
letter_intr,1405,0.460368
letter_intr,1406,0.399974
letter_intr,1407,0.317074
letter_intr,1408,0.317810
letter_intr,1409,0.451261
letter_intr,1410,0.376510
letter_intr,1411,0.493180
letter_intr,1412,0.389947
letter_intr,1413,0.355110
letter_intr,1414,0.381080
letter_intr,1415,0.347531
letter_intr,1416,0.440665
letter_intr,1417,0.386815
letter_intr,1418,0.399694
letter_intr,1419,0.410374
letter_intr,1420,0.414719
letter_intr,1421,0.414347
letter_intr,1422,0.433137
letter_intr,1423,0.405389
letter_intr,1424,0.408927
letter_intr,1425,0.408736
letter_intr,1426,0.356201
letter_intr,1427,0.435329
letter_intr,1428,0.343415
letter_intr,1429,0.331625
letter_intr,1430,0.466858
letter_intr,1431,0.383937
letter_intr,1432,0.386546
letter_intr,1433,0.361252
letter_intr,1434,0.426902
letter_intr,1435,0.403341
letter_intr,1436,0.396082
letter_intr,1437,0.362931
letter_intr,1438,0.454328
letter_intr,1439,0.342098
letter_intr,1440,0.481766
letter_intr,1441,0.345506
letter_intr,1442,0.421747
letter_intr,1443,0.375605
letter_intr,1444,0.422310
letter_intr,1445,0.406913
letter_intr,1446,0.457771
letter_intr,1447,0.379901
letter_intr,1448,0.395793
letter_intr,1449,0.372764
letter_intr,1450,0.349745
letter_intr,1451,0.361934
letter_intr,1452,0.447245
letter_intr,1453,0.355532
letter_intr,1454,0.385538
letter_intr,1455,0.429469
letter_intr,1456,0.377837
letter_intr,1457,0.381102
letter_intr,1458,0.370327
letter_intr,1459,0.383869
letter_intr,1460,0.496847
letter_intr,1461,0.360500
letter_intr,1462,0.466165
letter_intr,1463,0.325996
letter_intr,1464,0.468641
letter_intr,1465,0.380588
letter_intr,1466,0.525551
letter_intr,1467,0.364269
letter_intr,1468,0.421255
letter_intr,1469,0.390491
letter_intr,1470,0.410549
letter_intr,1471,0.481913
letter_intr,1472,0.383655
letter_intr,1473,0.370486
letter_intr,1474,0.406641
letter_intr,1475,0.347334
letter_intr,1476,0.337327
letter_intr,1477,0.362408
letter_intr,1478,0.400273
letter_intr,1479,0.359620
letter_intr,1480,0.433458
letter_intr,1481,0.397106
letter_intr,1482,0.408655
letter_intr,1483,0.346070
letter_intr,1484,0.382752
letter_intr,1485,0.396980
letter_intr,1486,0.400492
letter_intr,1487,0.363819
letter_intr,1488,0.406651
letter_intr,1489,0.433290
letter_intr,1490,0.405933
letter_intr,1491,0.383769
letter_intr,1492,0.434968
letter_intr,1493,0.435137
letter_intr,1494,0.425689
letter_intr,1495,0.369335
letter_intr,1496,0.416048
letter_intr,1497,0.396722
letter_intr,1498,0.345865
letter_intr,1499,0.400749
letter_intr,1500,0.380453
letter_intr,1501,0.347185
letter_intr,1502,0.448168
letter_intr,1503,0.404137
letter_intr,1504,0.312115
letter_intr,1505,0.407656
letter_intr,1506,0.296623
letter_intr,1507,0.318965
letter_intr,1508,0.452376
letter_intr,1509,0.394651
letter_intr,1510,0.367206
letter_intr,1511,0.452732
letter_intr,1512,0.323172
letter_intr,1513,0.426732
letter_intr,1514,0.435326
letter_intr,1515,0.369406
letter_intr,1516,0.419180
letter_intr,1517,0.414029
letter_intr,1518,0.335973
letter_intr,1519,0.368146
letter_intr,1520,0.341003
letter_intr,1521,0.416414
letter_intr,1522,0.468363
letter_intr,1523,0.356803
letter_intr,1524,0.422287
letter_intr,1525,0.395495
letter_intr,1526,0.373774
letter_intr,1527,0.438933
letter_intr,1528,0.376877
letter_intr,1529,0.435851
letter_intr,1530,0.381766
letter_intr,1531,0.409726
letter_intr,1532,0.423932
letter_intr,1533,0.369132
letter_intr,1534,0.384521
letter_intr,1535,0.406420
letter_intr,1536,0.415947
letter_intr,1537,0.410424
letter_intr,1538,0.372860
letter_intr,1539,0.372546
letter_intr,1540,0.423975
letter_intr,1541,0.410155
letter_intr,1542,0.447528
letter_intr,1543,0.360509
letter_intr,1544,0.353410
letter_intr,1545,0.418539
letter_intr,1546,0.356516
letter_intr,1547,0.344922
letter_intr,1548,0.436302
letter_intr,1549,0.404172
letter_intr,1550,0.443682
letter_intr,1551,0.442122
letter_intr,1552,0.289852
letter_intr,1553,0.334082
letter_intr,1554,0.412130
letter_intr,1555,0.368420
letter_intr,1556,0.374765
letter_intr,1557,0.381215
letter_intr,1558,0.402293
letter_intr,1559,0.379453
letter_intr,1560,0.458849
letter_intr,1561,0.397366
letter_intr,1562,0.377563
letter_intr,1563,0.363330
letter_intr,1564,0.418566
letter_intr,1565,0.445609
letter_intr,1566,0.464742
letter_intr,1567,0.398131
letter_intr,1568,0.398489
letter_intr,1569,0.367020
letter_intr,1570,0.383159
letter_intr,1571,0.426035
letter_intr,1572,0.361934
letter_intr,1573,0.368144
letter_intr,1574,0.480111
letter_intr,1575,0.332601
letter_intr,1576,0.418093
letter_intr,1577,0.317006
letter_intr,1578,0.426547
letter_intr,1579,0.370924
letter_intr,1580,0.367967
letter_intr,1581,0.360286
letter_intr,1582,0.418543
letter_intr,1583,0.408176
letter_intr,1584,0.438107
letter_intr,1585,0.367049
letter_intr,1586,0.430973
letter_intr,1587,0.401595
letter_intr,1588,0.399775
letter_intr,1589,0.416301
letter_intr,1590,0.374396
letter_intr,1591,0.436539
letter_intr,1592,0.383169
letter_intr,1593,0.380882
letter_intr,1594,0.411985
letter_intr,1595,0.439163
letter_intr,1596,0.325963
letter_intr,1597,0.420233
letter_intr,1598,0.426421
letter_intr,1599,0.315425
letter_intr,1600,0.489591
letter_intr,1601,0.493689
letter_intr,1602,0.408574
letter_intr,1603,0.350317
letter_intr,1604,0.388844
letter_intr,1605,0.327119
letter_intr,1606,0.423882
letter_intr,1607,0.381961
letter_intr,1608,0.362926
letter_intr,1609,0.348716
letter_intr,1610,0.395743
letter_intr,1611,0.375043
letter_intr,1612,0.415035
letter_intr,1613,0.382546
letter_intr,1614,0.414269
letter_intr,1615,0.361549
letter_intr,1616,0.425155
letter_intr,1617,0.381003
letter_intr,1618,0.388587
letter_intr,1619,0.407994
letter_intr,1620,0.398333
letter_intr,1621,0.433279
letter_intr,1622,0.337753
letter_intr,1623,0.337733
letter_intr,1624,0.430201
letter_intr,1625,0.438451
letter_intr,1626,0.398072
letter_intr,1627,0.469739
letter_intr,1628,0.419377
letter_intr,1629,0.349716
letter_intr,1630,0.401187
letter_intr,1631,0.406662
letter_intr,1632,0.429852
letter_intr,1633,0.356019
letter_intr,1634,0.485372
letter_intr,1635,0.299696
letter_intr,1636,0.449522
letter_intr,1637,0.356862
letter_intr,1638,0.385771
letter_intr,1639,0.357249
letter_intr,1640,0.364498
letter_intr,1641,0.370173
letter_intr,1642,0.428041
letter_intr,1643,0.389707
letter_intr,1644,0.407729
letter_intr,1645,0.448355
letter_intr,1646,0.361267
letter_intr,1647,0.423613
letter_intr,1648,0.342331
letter_intr,1649,0.438303
letter_intr,1650,0.424458
letter_intr,1651,0.457403
letter_intr,1652,0.386166
letter_intr,1653,0.382167
letter_intr,1654,0.435071
letter_intr,1655,0.407443
letter_intr,1656,0.486706
letter_intr,1657,0.298787
letter_intr,1658,0.438944
letter_intr,1659,0.404817
letter_intr,1660,0.437571
letter_intr,1661,0.388870
letter_intr,1662,0.452150
letter_intr,1663,0.422306
letter_intr,1664,0.384443
letter_intr,1665,0.445620
letter_intr,1666,0.376178
letter_intr,1667,0.407903
letter_intr,1668,0.342752
letter_intr,1669,0.346282
letter_intr,1670,0.451868
letter_intr,1671,0.355021
letter_intr,1672,0.425113
letter_intr,1673,0.368738
letter_intr,1674,0.422641
letter_intr,1675,0.435551
letter_intr,1676,0.406227
letter_intr,1677,0.435300
letter_intr,1678,0.351234
letter_intr,1679,0.409728
letter_intr,1680,0.382953
letter_intr,1681,0.421619
letter_intr,1682,0.342835
letter_intr,1683,0.438017
letter_intr,1684,0.359709
letter_intr,1685,0.377877
letter_intr,1686,0.388932
letter_intr,1687,0.485569
letter_intr,1688,0.471739
letter_intr,1689,0.418611
letter_intr,1690,0.415587
letter_intr,1691,0.405765
letter_intr,1692,0.402497
letter_intr,1693,0.402144
letter_intr,1694,0.313548
letter_intr,1695,0.419374
letter_intr,1696,0.446186
letter_intr,1697,0.426697
letter_intr,1698,0.355981
letter_intr,1699,0.418896
letter_intr,1700,0.385482
letter_intr,1701,0.392294
letter_intr,1702,0.427116
letter_intr,1703,0.361587
letter_intr,1704,0.397260
letter_intr,1705,0.316921
letter_intr,1706,0.412657
letter_intr,1707,0.460590
letter_intr,1708,0.310667
letter_intr,1709,0.413231
letter_intr,1710,0.445588
letter_intr,1711,0.370712
letter_intr,1712,0.427732
letter_intr,1713,0.387923
letter_intr,1714,0.419771
letter_intr,1715,0.368679
letter_intr,1716,0.484178
letter_intr,1717,0.360774
letter_intr,1718,0.307982
letter_intr,1719,0.454250
letter_intr,1720,0.404863
letter_intr,1721,0.434856
letter_intr,1722,0.422701
letter_intr,1723,0.443417
letter_intr,1724,0.396425
letter_intr,1725,0.407338
letter_intr,1726,0.413006
letter_intr,1727,0.381813
letter_intr,1728,0.372833
letter_intr,1729,0.365149
letter_intr,1730,0.366650
letter_intr,1731,0.345921
letter_intr,1732,0.440584
letter_intr,1733,0.326525
letter_intr,1734,0.379647
letter_intr,1735,0.393644
letter_intr,1736,0.353334
letter_intr,1737,0.365961
letter_intr,1738,0.441932
letter_intr,1739,0.354238
letter_intr,1740,0.406825
letter_intr,1741,0.459815
letter_intr,1742,0.280141
letter_intr,1743,0.442614
letter_intr,1744,0.363786
letter_intr,1745,0.372426
letter_intr,1746,0.359022
letter_intr,1747,0.364923
letter_intr,1748,0.379798
letter_intr,1749,0.403000
letter_intr,1750,0.394871
letter_intr,1751,0.398348
letter_intr,1752,0.322922
letter_intr,1753,0.437456
letter_intr,1754,0.305657
letter_intr,1755,0.433895
letter_intr,1756,0.397204
letter_intr,1757,0.376587
letter_intr,1758,0.417901
letter_intr,1759,0.414644
letter_intr,1760,0.364513
letter_intr,1761,0.402730
letter_intr,1762,0.423218
letter_intr,1763,0.410034
letter_intr,1764,0.474241
letter_intr,1765,0.358083
letter_intr,1766,0.421697
letter_intr,1767,0.365074
letter_intr,1768,0.414566
letter_intr,1769,0.516628
letter_intr,1770,0.379085
letter_intr,1771,0.383446
letter_intr,1772,0.394622
letter_intr,1773,0.396603
letter_intr,1774,0.432686
letter_intr,1775,0.391554
letter_intr,1776,0.397656
letter_intr,1777,0.427671
letter_intr,1778,0.363218
letter_intr,1779,0.454882
letter_intr,1780,0.360162
letter_intr,1781,0.425400
letter_intr,1782,0.459252
letter_intr,1783,0.361187
letter_intr,1784,0.344168
letter_intr,1785,0.505843
letter_intr,1786,0.347997
letter_intr,1787,0.382400
letter_intr,1788,0.410095
letter_intr,1789,0.365543
letter_intr,1790,0.430900
letter_intr,1791,0.449638
letter_intr,1792,0.379468
letter_intr,1793,0.411120
letter_intr,1794,0.396904
letter_intr,1795,0.419286
letter_intr,1796,0.410010
letter_intr,1797,0.332722
letter_intr,1798,0.445471
letter_intr,1799,0.348552
letter_intr,1800,0.464883
letter_intr,1801,0.382397
letter_intr,1802,0.388406
letter_intr,1803,0.408415
letter_intr,1804,0.424574
letter_intr,1805,0.372519
letter_intr,1806,0.356774
letter_intr,1807,0.311564
letter_intr,1808,0.444356
letter_intr,1809,0.430688
letter_intr,1810,0.420522
letter_intr,1811,0.383200
letter_intr,1812,0.399819
letter_intr,1813,0.405606
letter_intr,1814,0.357584
letter_intr,1815,0.453252
letter_intr,1816,0.367010
letter_intr,1817,0.383955
letter_intr,1818,0.429834
letter_intr,1819,0.399203
letter_intr,1820,0.340160
letter_intr,1821,0.386836
letter_intr,1822,0.396084
letter_intr,1823,0.407096
letter_intr,1824,0.418870
letter_intr,1825,0.441599
letter_intr,1826,0.439198
letter_intr,1827,0.445252
letter_intr,1828,0.385277
letter_intr,1829,0.399607
letter_intr,1830,0.402996
letter_intr,1831,0.451461
letter_intr,1832,0.398059
letter_intr,1833,0.407078
letter_intr,1834,0.348641
letter_intr,1835,0.426045
letter_intr,1836,0.410454
letter_intr,1837,0.394264
letter_intr,1838,0.338694
letter_intr,1839,0.473863
letter_intr,1840,0.394271
letter_intr,1841,0.339261
letter_intr,1842,0.424945
letter_intr,1843,0.373675
letter_intr,1844,0.412150
letter_intr,1845,0.417890
letter_intr,1846,0.401053
letter_intr,1847,0.449681
letter_intr,1848,0.435302
letter_intr,1849,0.429270
letter_intr,1850,0.389470
letter_intr,1851,0.439861
letter_intr,1852,0.372573
letter_intr,1853,0.358587
letter_intr,1854,0.465394
letter_intr,1855,0.422305
letter_intr,1856,0.373263
letter_intr,1857,0.456959
letter_intr,1858,0.414624
letter_intr,1859,0.418529
letter_intr,1860,0.438640
letter_intr,1861,0.394916
letter_intr,1862,0.349997
letter_intr,1863,0.402566
letter_intr,1864,0.406391
letter_intr,1865,0.343003
letter_intr,1866,0.329419
letter_intr,1867,0.377319
letter_intr,1868,0.395512
letter_intr,1869,0.382661
letter_intr,1870,0.385433
letter_intr,1871,0.406713
letter_intr,1872,0.415237
letter_intr,1873,0.358002
letter_intr,1874,0.363096
letter_intr,1875,0.427724
letter_intr,1876,0.430143
letter_intr,1877,0.435033
letter_intr,1878,0.383695
letter_intr,1879,0.390774
letter_intr,1880,0.439804
letter_intr,1881,0.404863
letter_intr,1882,0.405777
letter_intr,1883,0.438799
letter_intr,1884,0.400902
letter_intr,1885,0.348663
letter_intr,1886,0.437231
letter_intr,1887,0.286000
letter_intr,1888,0.366859
letter_intr,1889,0.394045
letter_intr,1890,0.422119
letter_intr,1891,0.353650
letter_intr,1892,0.363195
letter_intr,1893,0.399956
letter_intr,1894,0.375786
letter_intr,1895,0.398794
letter_intr,1896,0.439263
letter_intr,1897,0.441787
letter_intr,1898,0.411035
letter_intr,1899,0.395973
letter_intr,1900,0.403041
letter_intr,1901,0.373131
letter_intr,1902,0.362756
letter_intr,1903,0.428663
letter_intr,1904,0.411025
letter_intr,1905,0.399673
letter_intr,1906,0.389837
letter_intr,1907,0.388668
letter_intr,1908,0.388832
letter_intr,1909,0.371005
letter_intr,1910,0.425014
letter_intr,1911,0.435457
letter_intr,1912,0.368955
letter_intr,1913,0.371382
letter_intr,1914,0.362639
letter_intr,1915,0.397784
letter_intr,1916,0.349452
letter_intr,1917,0.381672
letter_intr,1918,0.362394
letter_intr,1919,0.416126
letter_intr,1920,0.370438
letter_intr,1921,0.384235
letter_intr,1922,0.461593
letter_intr,1923,0.391953
letter_intr,1924,0.377920
letter_intr,1925,0.341032
letter_intr,1926,0.423107
letter_intr,1927,0.411250
letter_intr,1928,0.390382
letter_intr,1929,0.403450
letter_intr,1930,0.371330
letter_intr,1931,0.341824
letter_intr,1932,0.427217
letter_intr,1933,0.369933
letter_intr,1934,0.469051
letter_intr,1935,0.420585
letter_intr,1936,0.350762
letter_intr,1937,0.437108
letter_intr,1938,0.410464
letter_intr,1939,0.439424
letter_intr,1940,0.362480
letter_intr,1941,0.436292
letter_intr,1942,0.417024
letter_intr,1943,0.407254
letter_intr,1944,0.431164
letter_intr,1945,0.375443
letter_intr,1946,0.416623
letter_intr,1947,0.385753
letter_intr,1948,0.427314
letter_intr,1949,0.444829
letter_intr,1950,0.364165
letter_intr,1951,0.362453
letter_intr,1952,0.375748
letter_intr,1953,0.414032
letter_intr,1954,0.410373
letter_intr,1955,0.373810
letter_intr,1956,0.395227
letter_intr,1957,0.389295
letter_intr,1958,0.403874
letter_intr,1959,0.388292
letter_intr,1960,0.363576
letter_intr,1961,0.391819
letter_intr,1962,0.405791
letter_intr,1963,0.431241
letter_intr,1964,0.427012
letter_intr,1965,0.438503
letter_intr,1966,0.377502
letter_intr,1967,0.362876
letter_intr,1968,0.383993
letter_intr,1969,0.426006
letter_intr,1970,0.402839
letter_intr,1971,0.392320
letter_intr,1972,0.393801
letter_intr,1973,0.359150
letter_intr,1974,0.417742
letter_intr,1975,0.367785
letter_intr,1976,0.473240
letter_intr,1977,0.395508
letter_intr,1978,0.339104
letter_intr,1979,0.489732
letter_intr,1980,0.363699
letter_intr,1981,0.454089
letter_intr,1982,0.381621
letter_intr,1983,0.471290
letter_intr,1984,0.349358
letter_intr,1985,0.469716
letter_intr,1986,0.390848
letter_intr,1987,0.446342
letter_intr,1988,0.369047
letter_intr,1989,0.370954
letter_intr,1990,0.381195
letter_intr,1991,0.393277
letter_intr,1992,0.382904
letter_intr,1993,0.374538
letter_intr,1994,0.402281
letter_intr,1995,0.329792
letter_intr,1996,0.392964
letter_intr,1997,0.356173
letter_intr,1998,0.382109
letter_intr,1999,0.474053
letter_intr,2000,0.392281
letter_intr,2001,0.408138
letter_intr,2002,0.465805
letter_intr,2003,0.342120
letter_intr,2004,0.440843
letter_intr,2005,0.411325
letter_intr,2006,0.454072
letter_intr,2007,0.310266
letter_intr,2008,0.440851
letter_intr,2009,0.349237
letter_intr,2010,0.396234
letter_intr,2011,0.410704
letter_intr,2012,0.425728
letter_intr,2013,0.376722
letter_intr,2014,0.411032
letter_intr,2015,0.424251
letter_intr,2016,0.371076
letter_intr,2017,0.407750
letter_intr,2018,0.398505
letter_intr,2019,0.371870
letter_intr,2020,0.398667
letter_intr,2021,0.400867
letter_intr,2022,0.353368
letter_intr,2023,0.386425
letter_intr,2024,0.366494
letter_intr,2025,0.317150
letter_intr,2026,0.473516
letter_intr,2027,0.439159
letter_intr,2028,0.408226
letter_intr,2029,0.360895
letter_intr,2030,0.349917
letter_intr,2031,0.405208
letter_intr,2032,0.433519
letter_intr,2033,0.387406
letter_intr,2034,0.345486
letter_intr,2035,0.440022
letter_intr,2036,0.370072
letter_intr,2037,0.436436
letter_intr,2038,0.296741
letter_intr,2039,0.427566
letter_intr,2040,0.379478
letter_intr,2041,0.335296
letter_intr,2042,0.458976
letter_intr,2043,0.330503
letter_intr,2044,0.457905
letter_intr,2045,0.496528
letter_intr,2046,0.318150
letter_intr,2047,0.447562
letter_intr,2048,0.384025
letter_intr,2049,0.400841
letter_intr,2050,0.420538
letter_intr,2051,0.385602
letter_intr,2052,0.444442
letter_intr,2053,0.393076
letter_intr,2054,0.397265
letter_intr,2055,0.407648
letter_intr,2056,0.365775
letter_intr,2057,0.382413
letter_intr,2058,0.427664
letter_intr,2059,0.403566
letter_intr,2060,0.318457
letter_intr,2061,0.351772
letter_intr,2062,0.439695
letter_intr,2063,0.367167
letter_intr,2064,0.438272
letter_intr,2065,0.278869
letter_intr,2066,0.439390
letter_intr,2067,0.394271
letter_intr,2068,0.437838
letter_intr,2069,0.417929
letter_intr,2070,0.400044
letter_intr,2071,0.356071
letter_intr,2072,0.366273
letter_intr,2073,0.387928
letter_intr,2074,0.349216
letter_intr,2075,0.419332
letter_intr,2076,0.406636
letter_intr,2077,0.341657
letter_intr,2078,0.475779
letter_intr,2079,0.349667
letter_intr,2080,0.451133
letter_intr,2081,0.378424
letter_intr,2082,0.370959
letter_intr,2083,0.380525
letter_intr,2084,0.437586
letter_intr,2085,0.383531
letter_intr,2086,0.368118
letter_intr,2087,0.406456
letter_intr,2088,0.415822
letter_intr,2089,0.370503
letter_intr,2090,0.435156
letter_intr,2091,0.392161
letter_intr,2092,0.414736
letter_intr,2093,0.344875
letter_intr,2094,0.418734
letter_intr,2095,0.473548
letter_intr,2096,0.316829
letter_intr,2097,0.433099
letter_intr,2098,0.312017
letter_intr,2099,0.404090
letter_intr,2100,0.385646
letter_intr,2101,0.386902
letter_intr,2102,0.395065
letter_intr,2103,0.370217
letter_intr,2104,0.389591
letter_intr,2105,0.413799
letter_intr,2106,0.405350
letter_intr,2107,0.446220
letter_intr,2108,0.437410
letter_intr,2109,0.430367
letter_intr,2110,0.373338
letter_intr,2111,0.331903
letter_intr,2112,0.379000
letter_intr,2113,0.382437
letter_intr,2114,0.394868
letter_intr,2115,0.411835
letter_intr,2116,0.439065
letter_intr,2117,0.440532
letter_intr,2118,0.401948
letter_intr,2119,0.503155
letter_intr,2120,0.293511
letter_intr,2121,0.420717
letter_intr,2122,0.424130
letter_intr,2123,0.448131
letter_intr,2124,0.372423
letter_intr,2125,0.441354
letter_intr,2126,0.405862
letter_intr,2127,0.376816
letter_intr,2128,0.454287
letter_intr,2129,0.358133
letter_intr,2130,0.468519
letter_intr,2131,0.386317
letter_intr,2132,0.351982
letter_intr,2133,0.447189
letter_intr,2134,0.318788
letter_intr,2135,0.447004
letter_intr,2136,0.415814
letter_intr,2137,0.374736
letter_intr,2138,0.358412
letter_intr,2139,0.360996
letter_intr,2140,0.360786
letter_intr,2141,0.348270
letter_intr,2142,0.396451
letter_intr,2143,0.444768
letter_intr,2144,0.362201
letter_intr,2145,0.483362
letter_intr,2146,0.436520
letter_intr,2147,0.299031
letter_intr,2148,0.373564
letter_intr,2149,0.331838
letter_intr,2150,0.409623
letter_intr,2151,0.416237
letter_intr,2152,0.417801
letter_intr,2153,0.351142
letter_intr,2154,0.353354
letter_intr,2155,0.409718
letter_intr,2156,0.403684
letter_intr,2157,0.388774
letter_intr,2158,0.367800
letter_intr,2159,0.399079
letter_intr,2160,0.430799
letter_intr,2161,0.401690
letter_intr,2162,0.380649
letter_intr,2163,0.424042
letter_intr,2164,0.386416
letter_intr,2165,0.429878
letter_intr,2166,0.380470
letter_intr,2167,0.375698
letter_intr,2168,0.383414
letter_intr,2169,0.404812
letter_intr,2170,0.327436
letter_intr,2171,0.373212
letter_intr,2172,0.402276
letter_intr,2173,0.417488
letter_intr,2174,0.323126
letter_intr,2175,0.445867
letter_intr,2176,0.386119
letter_intr,2177,0.296622
letter_intr,2178,0.382502
letter_intr,2179,0.355512
letter_intr,2180,0.428382
letter_intr,2181,0.413173
letter_intr,2182,0.344728
letter_intr,2183,0.410099
letter_intr,2184,0.356151
letter_intr,2185,0.422565
letter_intr,2186,0.378522
letter_intr,2187,0.391070
letter_intr,2188,0.371481
letter_intr,2189,0.410916
letter_intr,2190,0.392961
letter_intr,2191,0.376963
letter_intr,2192,0.407778
letter_intr,2193,0.390835
letter_intr,2194,0.361508
letter_intr,2195,0.412640
letter_intr,2196,0.388671
letter_intr,2197,0.452351
letter_intr,2198,0.359560
letter_intr,2199,0.422060
letter_intr,2200,0.352545
letter_intr,2201,0.420413
letter_intr,2202,0.401001
letter_intr,2203,0.442513
letter_intr,2204,0.391772
letter_intr,2205,0.392267
letter_intr,2206,0.388920
letter_intr,2207,0.399633
letter_intr,2208,0.365607
letter_intr,2209,0.409720
letter_intr,2210,0.325452
letter_intr,2211,0.480202
letter_intr,2212,0.424840
letter_intr,2213,0.405794
letter_intr,2214,0.372737
letter_intr,2215,0.416852
letter_intr,2216,0.386479
letter_intr,2217,0.407669
letter_intr,2218,0.344111
letter_intr,2219,0.356598
letter_intr,2220,0.404573
letter_intr,2221,0.361306
letter_intr,2222,0.413982
letter_intr,2223,0.393569
letter_intr,2224,0.384197
letter_intr,2225,0.438245
letter_intr,2226,0.355548
letter_intr,2227,0.387951
letter_intr,2228,0.453634
letter_intr,2229,0.378529
letter_intr,2230,0.456709
letter_intr,2231,0.417630
letter_intr,2232,0.410756
letter_intr,2233,0.386113
letter_intr,2234,0.451929
letter_intr,2235,0.396741
letter_intr,2236,0.407760
letter_intr,2237,0.356613
letter_intr,2238,0.383613
letter_intr,2239,0.370868
letter_intr,2240,0.408608
letter_intr,2241,0.456607
letter_intr,2242,0.470766
letter_intr,2243,0.418192
letter_intr,2244,0.417396
letter_intr,2245,0.396484
letter_intr,2246,0.425539
letter_intr,2247,0.393648
letter_intr,2248,0.439288
letter_intr,2249,0.379603
letter_intr,2250,0.482808
letter_intr,2251,0.359050
letter_intr,2252,0.432735
letter_intr,2253,0.386132
letter_intr,2254,0.394062
letter_intr,2255,0.400075
letter_intr,2256,0.408057
letter_intr,2257,0.424982
letter_intr,2258,0.337933
letter_intr,2259,0.376600
letter_intr,2260,0.407510
letter_intr,2261,0.428379
letter_intr,2262,0.381260
letter_intr,2263,0.483232
letter_intr,2264,0.421773
letter_intr,2265,0.458785
letter_intr,2266,0.321820
letter_intr,2267,0.321931
letter_intr,2268,0.417422
letter_intr,2269,0.355289
letter_intr,2270,0.429169
letter_intr,2271,0.365466
letter_intr,2272,0.296604
letter_intr,2273,0.380259
letter_intr,2274,0.442936
letter_intr,2275,0.379515
letter_intr,2276,0.461281
letter_intr,2277,0.368084
letter_intr,2278,0.402101
letter_intr,2279,0.357467
letter_intr,2280,0.405898
letter_intr,2281,0.347662
letter_intr,2282,0.388530
letter_intr,2283,0.405170
letter_intr,2284,0.342384
letter_intr,2285,0.405354
letter_intr,2286,0.482543
letter_intr,2287,0.338549
letter_intr,2288,0.382970
letter_intr,2289,0.425543
letter_intr,2290,0.426311
letter_intr,2291,0.390062
letter_intr,2292,0.401778
letter_intr,2293,0.350562
letter_intr,2294,0.402017
letter_intr,2295,0.446942
letter_intr,2296,0.472879
letter_intr,2297,0.463540
letter_intr,2298,0.343606
letter_intr,2299,0.393881
letter_intr,2300,0.494030
letter_intr,2301,0.381256
letter_intr,2302,0.366686
letter_intr,2303,0.433788
letter_intr,2304,0.407050
letter_intr,2305,0.388350
letter_intr,2306,0.350159
letter_intr,2307,0.355474
letter_intr,2308,0.417933
letter_intr,2309,0.424383
letter_intr,2310,0.351447
letter_intr,2311,0.427593
letter_intr,2312,0.429769
letter_intr,2313,0.381735
letter_intr,2314,0.425257
letter_intr,2315,0.402624
letter_intr,2316,0.319008
letter_intr,2317,0.418847
letter_intr,2318,0.418904
letter_intr,2319,0.439936
letter_intr,2320,0.435185
letter_intr,2321,0.384633
letter_intr,2322,0.372804
letter_intr,2323,0.377637
letter_intr,2324,0.359921
letter_intr,2325,0.455728
letter_intr,2326,0.346968
letter_intr,2327,0.430588
letter_intr,2328,0.343241
letter_intr,2329,0.382148
letter_intr,2330,0.403385
letter_intr,2331,0.364913
letter_intr,2332,0.398369
letter_intr,2333,0.496058
letter_intr,2334,0.430750
letter_intr,2335,0.386256
letter_intr,2336,0.339534
letter_intr,2337,0.427415
letter_intr,2338,0.353930
letter_intr,2339,0.382918
letter_intr,2340,0.391362
letter_intr,2341,0.402294
letter_intr,2342,0.421093
letter_intr,2343,0.452750
letter_intr,2344,0.408966
letter_intr,2345,0.451210
letter_intr,2346,0.400717
letter_intr,2347,0.418627
letter_intr,2348,0.360019
letter_intr,2349,0.415518
letter_intr,2350,0.445143
letter_intr,2351,0.363437
letter_intr,2352,0.501064
letter_intr,2353,0.447114
letter_intr,2354,0.383791
letter_intr,2355,0.457926
letter_intr,2356,0.424249
letter_intr,2357,0.389145
letter_intr,2358,0.470059
letter_intr,2359,0.428400
letter_intr,2360,0.405760
letter_intr,2361,0.363924
letter_intr,2362,0.369934
letter_intr,2363,0.367302
letter_intr,2364,0.435894
letter_intr,2365,0.380894
letter_intr,2366,0.413583
letter_intr,2367,0.459105
letter_intr,2368,0.462784
letter_intr,2369,0.418202
letter_intr,2370,0.419915
letter_intr,2371,0.527609
letter_intr,2372,0.419730
letter_intr,2373,0.391853
letter_intr,2374,0.379733
letter_intr,2375,0.429245
letter_intr,2376,0.394294
letter_intr,2377,0.475283
letter_intr,2378,0.401628
letter_intr,2379,0.409483
letter_intr,2380,0.428861
letter_intr,2381,0.396696
letter_intr,2382,0.431054
letter_intr,2383,0.429927
letter_intr,2384,0.415040
letter_intr,2385,0.388635
letter_intr,2386,0.370963
letter_intr,2387,0.420783
letter_intr,2388,0.390992
letter_intr,2389,0.414479
letter_intr,2390,0.383679
letter_intr,2391,0.403302
letter_intr,2392,0.456763
letter_intr,2393,0.457761
letter_intr,2394,0.388643
letter_intr,2395,0.454459
letter_intr,2396,0.337307
letter_intr,2397,0.439504
letter_intr,2398,0.365860
letter_intr,2399,0.404809
letter_intr,2400,0.413887
letter_intr,2401,0.437678
letter_intr,2402,0.394961
letter_intr,2403,0.445358
letter_intr,2404,0.468601
letter_intr,2405,0.443879
letter_intr,2406,0.380245
letter_intr,2407,0.347591
letter_intr,2408,0.488892
letter_intr,2409,0.318042
letter_intr,2410,0.298038
letter_intr,2411,0.337044
letter_intr,2412,0.510157
letter_intr,2413,0.413937
letter_intr,2414,0.340650
letter_intr,2415,0.313386
letter_intr,2416,0.398830
letter_intr,2417,0.479776
letter_intr,2418,0.324730
letter_intr,2419,0.482054
letter_intr,2420,0.314310
letter_intr,2421,0.386975
letter_intr,2422,0.367069
letter_intr,2423,0.339731
letter_intr,2424,0.419738
letter_intr,2425,0.399088
letter_intr,2426,0.434236
letter_intr,2427,0.388687
letter_intr,2428,0.494546
letter_intr,2429,0.304884
letter_intr,2430,0.361256
letter_intr,2431,0.414495
letter_intr,2432,0.378011
letter_intr,2433,0.433856
letter_intr,2434,0.395339
letter_intr,2435,0.367151
letter_intr,2436,0.350328
letter_intr,2437,0.433173
letter_intr,2438,0.389224
letter_intr,2439,0.369714
letter_intr,2440,0.403244
letter_intr,2441,0.394941
letter_intr,2442,0.406280
letter_intr,2443,0.355005
letter_intr,2444,0.432289
letter_intr,2445,0.397418
letter_intr,2446,0.417208
letter_intr,2447,0.401105
letter_intr,2448,0.452224
letter_intr,2449,0.444983
letter_intr,2450,0.304708
letter_intr,2451,0.357682
letter_intr,2452,0.417951
letter_intr,2453,0.446785
letter_intr,2454,0.427327
letter_intr,2455,0.380889
letter_intr,2456,0.474910
letter_intr,2457,0.404160
letter_intr,2458,0.389073
letter_intr,2459,0.424264
letter_intr,2460,0.368962
letter_intr,2461,0.410765
letter_intr,2462,0.483401
letter_intr,2463,0.348511
letter_intr,2464,0.496385
letter_intr,2465,0.297003
letter_intr,2466,0.399947
letter_intr,2467,0.421188
letter_intr,2468,0.439828
letter_intr,2469,0.372558
letter_intr,2470,0.427215
letter_intr,2471,0.398492
letter_intr,2472,0.397730
letter_intr,2473,0.408346
letter_intr,2474,0.424350
letter_intr,2475,0.363350
letter_intr,2476,0.354890
letter_intr,2477,0.362591
letter_intr,2478,0.445730
letter_intr,2479,0.392542
letter_intr,2480,0.420446
letter_intr,2481,0.417353
letter_intr,2482,0.487126
letter_intr,2483,0.378622
letter_intr,2484,0.430716
letter_intr,2485,0.389112
letter_intr,2486,0.372812
letter_intr,2487,0.397164
letter_intr,2488,0.430725
letter_intr,2489,0.469516
letter_intr,2490,0.366238
letter_intr,2491,0.371510
letter_intr,2492,0.351525
letter_intr,2493,0.398336
letter_intr,2494,0.382647
letter_intr,2495,0.375543
letter_intr,2496,0.337503
letter_intr,2497,0.437805
letter_intr,2498,0.357502
letter_intr,2499,0.309126
letter_intr,2500,0.420557
letter_intr,2501,0.318421
letter_intr,2502,0.515249
letter_intr,2503,0.359179
letter_intr,2504,0.423427
letter_intr,2505,0.417986
letter_intr,2506,0.424724
letter_intr,2507,0.418613
letter_intr,2508,0.334671
letter_intr,2509,0.440969
letter_intr,2510,0.384215
letter_intr,2511,0.411288
letter_intr,2512,0.374298
letter_intr,2513,0.367174
letter_intr,2514,0.383099
letter_intr,2515,0.370203
letter_intr,2516,0.384451
letter_intr,2517,0.444945
letter_intr,2518,0.394698
letter_intr,2519,0.327274
letter_intr,2520,0.442531
letter_intr,2521,0.304141
letter_intr,2522,0.434590
letter_intr,2523,0.367024
letter_intr,2524,0.392015
letter_intr,2525,0.370910
letter_intr,2526,0.414284
letter_intr,2527,0.420988
letter_intr,2528,0.329701
letter_intr,2529,0.445843
letter_intr,2530,0.426904
letter_intr,2531,0.385444
letter_intr,2532,0.380010
letter_intr,2533,0.402967
letter_intr,2534,0.375462
letter_intr,2535,0.399431
letter_intr,2536,0.416719
letter_intr,2537,0.384401
letter_intr,2538,0.412670
letter_intr,2539,0.355632
letter_intr,2540,0.435137
letter_intr,2541,0.353849
letter_intr,2542,0.327292
letter_intr,2543,0.352365
letter_intr,2544,0.454027
letter_intr,2545,0.406735
letter_intr,2546,0.365065
letter_intr,2547,0.384301
letter_intr,2548,0.408987
letter_intr,2549,0.331473
letter_intr,2550,0.421477
letter_intr,2551,0.395677
letter_intr,2552,0.433327
letter_intr,2553,0.372793
letter_intr,2554,0.355785
letter_intr,2555,0.417066
letter_intr,2556,0.381675
letter_intr,2557,0.392400
letter_intr,2558,0.382513
letter_intr,2559,0.395434
letter_intr,2560,0.361131
letter_intr,2561,0.385514
letter_intr,2562,0.424489
letter_intr,2563,0.396212
letter_intr,2564,0.478077
letter_intr,2565,0.484542
letter_intr,2566,0.369328
letter_intr,2567,0.472513
letter_intr,2568,0.333005
letter_intr,2569,0.387618
letter_intr,2570,0.339550
letter_intr,2571,0.404681
letter_intr,2572,0.386476
letter_intr,2573,0.370982
letter_intr,2574,0.393953
letter_intr,2575,0.343680
letter_intr,2576,0.394298
letter_intr,2577,0.423503
letter_intr,2578,0.404194
letter_intr,2579,0.427871
letter_intr,2580,0.330470
letter_intr,2581,0.488236
letter_intr,2582,0.454277
letter_intr,2583,0.376331
letter_intr,2584,0.395335
letter_intr,2585,0.407867
letter_intr,2586,0.336420
letter_intr,2587,0.414172
letter_intr,2588,0.341141
letter_intr,2589,0.387704
letter_intr,2590,0.366444
letter_intr,2591,0.473599
letter_intr,2592,0.355892
letter_intr,2593,0.458071
letter_intr,2594,0.302877
letter_intr,2595,0.405977
letter_intr,2596,0.330040
letter_intr,2597,0.378396
letter_intr,2598,0.396115
letter_intr,2599,0.449241
letter_intr,2600,0.445736
letter_intr,2601,0.339758
letter_intr,2602,0.414869
letter_intr,2603,0.354503
letter_intr,2604,0.390076
letter_intr,2605,0.406741
letter_intr,2606,0.345763
letter_intr,2607,0.412588
letter_intr,2608,0.414633
letter_intr,2609,0.379570
letter_intr,2610,0.348748
letter_intr,2611,0.421303
letter_intr,2612,0.445414
letter_intr,2613,0.423377
letter_intr,2614,0.357790
letter_intr,2615,0.380173
letter_intr,2616,0.399711
letter_intr,2617,0.375639
letter_intr,2618,0.451964
letter_intr,2619,0.359263
letter_intr,2620,0.431543
letter_intr,2621,0.382651
letter_intr,2622,0.400046
letter_intr,2623,0.425109
letter_intr,2624,0.400485
letter_intr,2625,0.425697
letter_intr,2626,0.390743
letter_intr,2627,0.408217
letter_intr,2628,0.406571
letter_intr,2629,0.379802
letter_intr,2630,0.426785
letter_intr,2631,0.373484
letter_intr,2632,0.347389
letter_intr,2633,0.376195
letter_intr,2634,0.415193
letter_intr,2635,0.354502
letter_intr,2636,0.357730
letter_intr,2637,0.436728
letter_intr,2638,0.366961
letter_intr,2639,0.415233
letter_intr,2640,0.419383
letter_intr,2641,0.409107
letter_intr,2642,0.369228
letter_intr,2643,0.425129
letter_intr,2644,0.355113
letter_intr,2645,0.432323
letter_intr,2646,0.444799
letter_intr,2647,0.361713
letter_intr,2648,0.384345
letter_intr,2649,0.496406
letter_intr,2650,0.372010
letter_intr,2651,0.433513
letter_intr,2652,0.368561
letter_intr,2653,0.384440
letter_intr,2654,0.378043
letter_intr,2655,0.405627
letter_intr,2656,0.433642
letter_intr,2657,0.414644
letter_intr,2658,0.385593
letter_intr,2659,0.437218
letter_intr,2660,0.396037
letter_intr,2661,0.411363
letter_intr,2662,0.386216
letter_intr,2663,0.388608
letter_intr,2664,0.414095
letter_intr,2665,0.415900
letter_intr,2666,0.366951
letter_intr,2667,0.442295
letter_intr,2668,0.374863
letter_intr,2669,0.492198
letter_intr,2670,0.444711
letter_intr,2671,0.336027
letter_intr,2672,0.341825
letter_intr,2673,0.369762
letter_intr,2674,0.431671
letter_intr,2675,0.403165
letter_intr,2676,0.429390
letter_intr,2677,0.394077
letter_intr,2678,0.426533
letter_intr,2679,0.439887
letter_intr,2680,0.323953
letter_intr,2681,0.324658
letter_intr,2682,0.348961
letter_intr,2683,0.398930
letter_intr,2684,0.457247
letter_intr,2685,0.409142
letter_intr,2686,0.370199
letter_intr,2687,0.365791
letter_intr,2688,0.376588
letter_intr,2689,0.360378
letter_intr,2690,0.428365
letter_intr,2691,0.362289
letter_intr,2692,0.393258
letter_intr,2693,0.474008
letter_intr,2694,0.402315
letter_intr,2695,0.430419
letter_intr,2696,0.416939
letter_intr,2697,0.379695
letter_intr,2698,0.390206
letter_intr,2699,0.396410
letter_intr,2700,0.440898
letter_intr,2701,0.480716
letter_intr,2702,0.385364
letter_intr,2703,0.377587
letter_intr,2704,0.481476
letter_intr,2705,0.398707
letter_intr,2706,0.339393
letter_intr,2707,0.365973
letter_intr,2708,0.378272
letter_intr,2709,0.342638
letter_intr,2710,0.426713
letter_intr,2711,0.346682
letter_intr,2712,0.425872
letter_intr,2713,0.348880
letter_intr,2714,0.395411
letter_intr,2715,0.388487
letter_intr,2716,0.443764
letter_intr,2717,0.411805
letter_intr,2718,0.391793
letter_intr,2719,0.398613
letter_intr,2720,0.420061
letter_intr,2721,0.343631
letter_intr,2722,0.441943
letter_intr,2723,0.347851
letter_intr,2724,0.360713
letter_intr,2725,0.372649
letter_intr,2726,0.359024
letter_intr,2727,0.428062
letter_intr,2728,0.361518
letter_intr,2729,0.431740
letter_intr,2730,0.386466
letter_intr,2731,0.532868
letter_intr,2732,0.373135
letter_intr,2733,0.468508
letter_intr,2734,0.424407
letter_intr,2735,0.383036
letter_intr,2736,0.385984
letter_intr,2737,0.432934
letter_intr,2738,0.386032
letter_intr,2739,0.397308
letter_intr,2740,0.368923
letter_intr,2741,0.377675
letter_intr,2742,0.374926
letter_intr,2743,0.419648
letter_intr,2744,0.358271
letter_intr,2745,0.470801
letter_intr,2746,0.439735
letter_intr,2747,0.393703
letter_intr,2748,0.401867
letter_intr,2749,0.339145
letter_intr,2750,0.443435
letter_intr,2751,0.449957
letter_intr,2752,0.388756
letter_intr,2753,0.423401
letter_intr,2754,0.401636
letter_intr,2755,0.357597
letter_intr,2756,0.425595
letter_intr,2757,0.340981
letter_intr,2758,0.433063
letter_intr,2759,0.420095
letter_intr,2760,0.376311
letter_intr,2761,0.364046
letter_intr,2762,0.464930
letter_intr,2763,0.420554
letter_intr,2764,0.317022
letter_intr,2765,0.345642
letter_intr,2766,0.356791
letter_intr,2767,0.389139
letter_intr,2768,0.441988
letter_intr,2769,0.434048
letter_intr,2770,0.410240
letter_intr,2771,0.349435
letter_intr,2772,0.425826
letter_intr,2773,0.412379
letter_intr,2774,0.377140
letter_intr,2775,0.455097
letter_intr,2776,0.339239
letter_intr,2777,0.388934
letter_intr,2778,0.322959
letter_intr,2779,0.276369
letter_intr,2780,0.483527
letter_intr,2781,0.437600
letter_intr,2782,0.481591
letter_intr,2783,0.387066
letter_intr,2784,0.356983
letter_intr,2785,0.403216
letter_intr,2786,0.368560
letter_intr,2787,0.416759
letter_intr,2788,0.432466
letter_intr,2789,0.565888
letter_intr,2790,0.433998
letter_intr,2791,0.354758
letter_intr,2792,0.431038
letter_intr,2793,0.447760
letter_intr,2794,0.399538
letter_intr,2795,0.403108
letter_intr,2796,0.395831
letter_intr,2797,0.435809
letter_intr,2798,0.433815
letter_intr,2799,0.372810
letter_intr,2800,0.413942
letter_intr,2801,0.419701
letter_intr,2802,0.387984
letter_intr,2803,0.454464
letter_intr,2804,0.418985
letter_intr,2805,0.450041
letter_intr,2806,0.458080
letter_intr,2807,0.358659
letter_intr,2808,0.471275
letter_intr,2809,0.374298
letter_intr,2810,0.481296
letter_intr,2811,0.416066
letter_intr,2812,0.457047
letter_intr,2813,0.387468
letter_intr,2814,0.427214
letter_intr,2815,0.356185
letter_intr,2816,0.372697
letter_intr,2817,0.417976
letter_intr,2818,0.396343
letter_intr,2819,0.371900
letter_intr,2820,0.374751
letter_intr,2821,0.480934
letter_intr,2822,0.352875
letter_intr,2823,0.400881
letter_intr,2824,0.408584
letter_intr,2825,0.402550
letter_intr,2826,0.439177
letter_intr,2827,0.372050
letter_intr,2828,0.466806
letter_intr,2829,0.430662
letter_intr,2830,0.447803
letter_intr,2831,0.434819
letter_intr,2832,0.427284
letter_intr,2833,0.450540
letter_intr,2834,0.400832
letter_intr,2835,0.455754
letter_intr,2836,0.416484
letter_intr,2837,0.404842
letter_intr,2838,0.424961
letter_intr,2839,0.370057
letter_intr,2840,0.350385
letter_intr,2841,0.359621
letter_intr,2842,0.328227
letter_intr,2843,0.417448
letter_intr,2844,0.477056
letter_intr,2845,0.410346
letter_intr,2846,0.347697
letter_intr,2847,0.380485
letter_intr,2848,0.445641
letter_intr,2849,0.381366
letter_intr,2850,0.300324
letter_intr,2851,0.373434
letter_intr,2852,0.411091
letter_intr,2853,0.430332
letter_intr,2854,0.459338
letter_intr,2855,0.509202
letter_intr,2856,0.467603
letter_intr,2857,0.322570
letter_intr,2858,0.476038
letter_intr,2859,0.356484
letter_intr,2860,0.416235
letter_intr,2861,0.359427
letter_intr,2862,0.380118
letter_intr,2863,0.424051
letter_intr,2864,0.400880
letter_intr,2865,0.429105
letter_intr,2866,0.347843
letter_intr,2867,0.464061
letter_intr,2868,0.390335
letter_intr,2869,0.370912
letter_intr,2870,0.368782
letter_intr,2871,0.427292
letter_intr,2872,0.399342
letter_intr,2873,0.306923
letter_intr,2874,0.436345
letter_intr,2875,0.408246
letter_intr,2876,0.405059
letter_intr,2877,0.469620
letter_intr,2878,0.370369
letter_intr,2879,0.398463
letter_intr,2880,0.404189
letter_intr,2881,0.387146
letter_intr,2882,0.380468
letter_intr,2883,0.426951
letter_intr,2884,0.415722
letter_intr,2885,0.445606
letter_intr,2886,0.404129
letter_intr,2887,0.394478
letter_intr,2888,0.405832
letter_intr,2889,0.416681
letter_intr,2890,0.347537
letter_intr,2891,0.339392
letter_intr,2892,0.425952
letter_intr,2893,0.317495
letter_intr,2894,0.323667
letter_intr,2895,0.326142
letter_intr,2896,0.365622
letter_intr,2897,0.491713
letter_intr,2898,0.465554
letter_intr,2899,0.453309
letter_intr,2900,0.317977
letter_intr,2901,0.371120
letter_intr,2902,0.450353
letter_intr,2903,0.372122
letter_intr,2904,0.418818
letter_intr,2905,0.454065
letter_intr,2906,0.479131
letter_intr,2907,0.371986
letter_intr,2908,0.461135
letter_intr,2909,0.410123
letter_intr,2910,0.445510
letter_intr,2911,0.396453
letter_intr,2912,0.461292
letter_intr,2913,0.365465
letter_intr,2914,0.416696
letter_intr,2915,0.394512
letter_intr,2916,0.409936
letter_intr,2917,0.373973
letter_intr,2918,0.436569
letter_intr,2919,0.426698
letter_intr,2920,0.417207
letter_intr,2921,0.382655
letter_intr,2922,0.404883
letter_intr,2923,0.384808
letter_intr,2924,0.410127
letter_intr,2925,0.389053
letter_intr,2926,0.402222
letter_intr,2927,0.430854
letter_intr,2928,0.430599
letter_intr,2929,0.399455
letter_intr,2930,0.418654
letter_intr,2931,0.354338
letter_intr,2932,0.418471
letter_intr,2933,0.442440
letter_intr,2934,0.395746
letter_intr,2935,0.373579
letter_intr,2936,0.420481
letter_intr,2937,0.387909
letter_intr,2938,0.510627
letter_intr,2939,0.417296
letter_intr,2940,0.366784
letter_intr,2941,0.387560
letter_intr,2942,0.400621
letter_intr,2943,0.473803
letter_intr,2944,0.403752
letter_intr,2945,0.354460
letter_intr,2946,0.404321
letter_intr,2947,0.366488
letter_intr,2948,0.515597
letter_intr,2949,0.258410
letter_intr,2950,0.383049
letter_intr,2951,0.478955
letter_intr,2952,0.422420
letter_intr,2953,0.486935
letter_intr,2954,0.288627
letter_intr,2955,0.472360
letter_intr,2956,0.413039
letter_intr,2957,0.368409
letter_intr,2958,0.460133
letter_intr,2959,0.369937
letter_intr,2960,0.436414
letter_intr,2961,0.377544
letter_intr,2962,0.391825
letter_intr,2963,0.331904
letter_intr,2964,0.366266
letter_intr,2965,0.389268
letter_intr,2966,0.330543
letter_intr,2967,0.324054
letter_intr,2968,0.418535
letter_intr,2969,0.458804
letter_intr,2970,0.414525
letter_intr,2971,0.447086
letter_intr,2972,0.392605
letter_intr,2973,0.396558
letter_intr,2974,0.419548
letter_intr,2975,0.365230
letter_intr,2976,0.380857
letter_intr,2977,0.361221
letter_intr,2978,0.399701
letter_intr,2979,0.400803
letter_intr,2980,0.367225
letter_intr,2981,0.360262
letter_intr,2982,0.481190
letter_intr,2983,0.376646
letter_intr,2984,0.332412
letter_intr,2985,0.397980
letter_intr,2986,0.429037
letter_intr,2987,0.427692
letter_intr,2988,0.383831
letter_intr,2989,0.356495
letter_intr,2990,0.475847
letter_intr,2991,0.353197
letter_intr,2992,0.408818
letter_intr,2993,0.350819
letter_intr,2994,0.427872
letter_intr,2995,0.368589
letter_intr,2996,0.431541
letter_intr,2997,0.402187
letter_intr,2998,0.425420
letter_intr,2999,0.407883
letter_intr,3000,0.413729
letter_intr,3001,0.391536
letter_intr,3002,0.370365
letter_intr,3003,0.365594
letter_intr,3004,0.412183
letter_intr,3005,0.430925
letter_intr,3006,0.372361
letter_intr,3007,0.468310
letter_intr,3008,0.402625
letter_intr,3009,0.373683
letter_intr,3010,0.373713
letter_intr,3011,0.434627
letter_intr,3012,0.432421
letter_intr,3013,0.330573
letter_intr,3014,0.443750
letter_intr,3015,0.343654
letter_intr,3016,0.337367
letter_intr,3017,0.430846
letter_intr,3018,0.421599
letter_intr,3019,0.484266
letter_intr,3020,0.471949
letter_intr,3021,0.425563
letter_intr,3022,0.445753
letter_intr,3023,0.441357
letter_intr,3024,0.410728
letter_intr,3025,0.432332
letter_intr,3026,0.457531
letter_intr,3027,0.359890
letter_intr,3028,0.396543
letter_intr,3029,0.394091
letter_intr,3030,0.420112
letter_intr,3031,0.362354
letter_intr,3032,0.393742
letter_intr,3033,0.401105
letter_intr,3034,0.365941
letter_intr,3035,0.415953
letter_intr,3036,0.416558
letter_intr,3037,0.420275
letter_intr,3038,0.336932
letter_intr,3039,0.455740
letter_intr,3040,0.336541
letter_intr,3041,0.423095
letter_intr,3042,0.368456
letter_intr,3043,0.409972
letter_intr,3044,0.421661
letter_intr,3045,0.406121
letter_intr,3046,0.460031
letter_intr,3047,0.309405
letter_intr,3048,0.392056
letter_intr,3049,0.408819
letter_intr,3050,0.342980
letter_intr,3051,0.416315
letter_intr,3052,0.430618
letter_intr,3053,0.410650
letter_intr,3054,0.384742
letter_intr,3055,0.402928
letter_intr,3056,0.343176
letter_intr,3057,0.420329
letter_intr,3058,0.443225
letter_intr,3059,0.377431
letter_intr,3060,0.390848
letter_intr,3061,0.408196
letter_intr,3062,0.408903
letter_intr,3063,0.425072
letter_intr,3064,0.399545
letter_intr,3065,0.342173
letter_intr,3066,0.366052
letter_intr,3067,0.374138
letter_intr,3068,0.382408
letter_intr,3069,0.374440
letter_intr,3070,0.399406
letter_intr,3071,0.439744
letter_intr,3072,0.391376
letter_intr,3073,0.402687
letter_intr,3074,0.366687
letter_intr,3075,0.417464
letter_intr,3076,0.401310
letter_intr,3077,0.397689
letter_intr,3078,0.382937
letter_intr,3079,0.391618
letter_intr,3080,0.365080
letter_intr,3081,0.406243
letter_intr,3082,0.308110
letter_intr,3083,0.400635
letter_intr,3084,0.351281
letter_intr,3085,0.429254
letter_intr,3086,0.417807
letter_intr,3087,0.406854
letter_intr,3088,0.442942
letter_intr,3089,0.333223
letter_intr,3090,0.412769
letter_intr,3091,0.301389
letter_intr,3092,0.417262
letter_intr,3093,0.466666
letter_intr,3094,0.338060
letter_intr,3095,0.419722
letter_intr,3096,0.359088
letter_intr,3097,0.419895
letter_intr,3098,0.394347
letter_intr,3099,0.297659
letter_intr,3100,0.328474
letter_intr,3101,0.357486
letter_intr,3102,0.383812
letter_intr,3103,0.411709
letter_intr,3104,0.419625
letter_intr,3105,0.394596
letter_intr,3106,0.334735
letter_intr,3107,0.337196
letter_intr,3108,0.373148
letter_intr,3109,0.309738
letter_intr,3110,0.416115
letter_intr,3111,0.372786
letter_intr,3112,0.400317
letter_intr,3113,0.386131
letter_intr,3114,0.458230
letter_intr,3115,0.388136
letter_intr,3116,0.390848
letter_intr,3117,0.374963
letter_intr,3118,0.425263
letter_intr,3119,0.379201
letter_intr,3120,0.419464
letter_intr,3121,0.395020
letter_intr,3122,0.439211
letter_intr,3123,0.407569
letter_intr,3124,0.386545
letter_intr,3125,0.364165
letter_intr,3126,0.405876
letter_intr,3127,0.397544
letter_intr,3128,0.408614
letter_intr,3129,0.380166
letter_intr,3130,0.384281
letter_intr,3131,0.388497
letter_intr,3132,0.434942
letter_intr,3133,0.393559
letter_intr,3134,0.394968
letter_intr,3135,0.422081
letter_intr,3136,0.425558
letter_intr,3137,0.394978
letter_intr,3138,0.472147
letter_intr,3139,0.384020
letter_intr,3140,0.404854
letter_intr,3141,0.412501
letter_intr,3142,0.406128
letter_intr,3143,0.437193
letter_intr,3144,0.418438
letter_intr,3145,0.389028
letter_intr,3146,0.403553
letter_intr,3147,0.387457
letter_intr,3148,0.419879
letter_intr,3149,0.380436
letter_intr,3150,0.388969
letter_intr,3151,0.400943
letter_intr,3152,0.376277
letter_intr,3153,0.369534
letter_intr,3154,0.403020
letter_intr,3155,0.330464
letter_intr,3156,0.468318
letter_intr,3157,0.309693
letter_intr,3158,0.470720
letter_intr,3159,0.319794
letter_intr,3160,0.516974
letter_intr,3161,0.301149
letter_intr,3162,0.433289
letter_intr,3163,0.452192
letter_intr,3164,0.370055
letter_intr,3165,0.446337
letter_intr,3166,0.356207
letter_intr,3167,0.307145
letter_intr,3168,0.473904
letter_intr,3169,0.455371
letter_intr,3170,0.387265
letter_intr,3171,0.462831
letter_intr,3172,0.419561
letter_intr,3173,0.438688
letter_intr,3174,0.360192
letter_intr,3175,0.459930
letter_intr,3176,0.363626
letter_intr,3177,0.405215
letter_intr,3178,0.443920
letter_intr,3179,0.351405
letter_intr,3180,0.416532
letter_intr,3181,0.443043
letter_intr,3182,0.366146
letter_intr,3183,0.396476
letter_intr,3184,0.370902
letter_intr,3185,0.368781
letter_intr,3186,0.533494
letter_intr,3187,0.316640
letter_intr,3188,0.428991
letter_intr,3189,0.367590
letter_intr,3190,0.494115
letter_intr,3191,0.391037
letter_intr,3192,0.477287
letter_intr,3193,0.331288
letter_intr,3194,0.494155
letter_intr,3195,0.386391
letter_intr,3196,0.403626
letter_intr,3197,0.448650
letter_intr,3198,0.381961
letter_intr,3199,0.475443
letter_intr,3200,0.479320
letter_intr,3201,0.355086
letter_intr,3202,0.396163
letter_intr,3203,0.332485
letter_intr,3204,0.392236
letter_intr,3205,0.413996
letter_intr,3206,0.416338
letter_intr,3207,0.407113
letter_intr,3208,0.346740
letter_intr,3209,0.468376
letter_intr,3210,0.317906
letter_intr,3211,0.335744
letter_intr,3212,0.440972
letter_intr,3213,0.414571
letter_intr,3214,0.323867
letter_intr,3215,0.448562
letter_intr,3216,0.358772
letter_intr,3217,0.381387
letter_intr,3218,0.389533
letter_intr,3219,0.372767
letter_intr,3220,0.390018
letter_intr,3221,0.436690
letter_intr,3222,0.432738
letter_intr,3223,0.341941
letter_intr,3224,0.437774
letter_intr,3225,0.363740
letter_intr,3226,0.424588
letter_intr,3227,0.388562
letter_intr,3228,0.406072
letter_intr,3229,0.367838
letter_intr,3230,0.372877
letter_intr,3231,0.418638
letter_intr,3232,0.368057
letter_intr,3233,0.398318
letter_intr,3234,0.402288
letter_intr,3235,0.390445
letter_intr,3236,0.387426
letter_intr,3237,0.402818
letter_intr,3238,0.400826
letter_intr,3239,0.404640
letter_intr,3240,0.368838
letter_intr,3241,0.384175
letter_intr,3242,0.396450
letter_intr,3243,0.372832
letter_intr,3244,0.412272
letter_intr,3245,0.337397
letter_intr,3246,0.347445
letter_intr,3247,0.473385
letter_intr,3248,0.389168
letter_intr,3249,0.388563
letter_intr,3250,0.395995
letter_intr,3251,0.351724
letter_intr,3252,0.485854
letter_intr,3253,0.314443
letter_intr,3254,0.395836
letter_intr,3255,0.337566
letter_intr,3256,0.443545
letter_intr,3257,0.396326
letter_intr,3258,0.394311
letter_intr,3259,0.360254
letter_intr,3260,0.488389
letter_intr,3261,0.350481
letter_intr,3262,0.342748
letter_intr,3263,0.464247
letter_intr,3264,0.398948
letter_intr,3265,0.358984
letter_intr,3266,0.363547
letter_intr,3267,0.317993
letter_intr,3268,0.371205
letter_intr,3269,0.461676
letter_intr,3270,0.391431
letter_intr,3271,0.373211
letter_intr,3272,0.376676
letter_intr,3273,0.439162
letter_intr,3274,0.395068
letter_intr,3275,0.395488
letter_intr,3276,0.386322
letter_intr,3277,0.390904
letter_intr,3278,0.429589
letter_intr,3279,0.432470
letter_intr,3280,0.351573
letter_intr,3281,0.431072
letter_intr,3282,0.324992
letter_intr,3283,0.436758
letter_intr,3284,0.426114
letter_intr,3285,0.390459
letter_intr,3286,0.428906
letter_intr,3287,0.419005
letter_intr,3288,0.436476
letter_intr,3289,0.382583
letter_intr,3290,0.447870
letter_intr,3291,0.385896
letter_intr,3292,0.335851
letter_intr,3293,0.434431
letter_intr,3294,0.380741
letter_intr,3295,0.463434
letter_intr,3296,0.395432
letter_intr,3297,0.402828
letter_intr,3298,0.452033
letter_intr,3299,0.394067
letter_intr,3300,0.368555
letter_intr,3301,0.368820
letter_intr,3302,0.420776
letter_intr,3303,0.425755
letter_intr,3304,0.436862
letter_intr,3305,0.361381
letter_intr,3306,0.395379
letter_intr,3307,0.410818
letter_intr,3308,0.471816
letter_intr,3309,0.296649
letter_intr,3310,0.311723
letter_intr,3311,0.437729
letter_intr,3312,0.336059
letter_intr,3313,0.340130
letter_intr,3314,0.393557
letter_intr,3315,0.414186
letter_intr,3316,0.415747
letter_intr,3317,0.386570
letter_intr,3318,0.340295
letter_intr,3319,0.467858
letter_intr,3320,0.397246
letter_intr,3321,0.342008
letter_intr,3322,0.379071
letter_intr,3323,0.433937
letter_intr,3324,0.409798
letter_intr,3325,0.437799
letter_intr,3326,0.295050
letter_intr,3327,0.402361
letter_intr,3328,0.373160
letter_intr,3329,0.388783
letter_intr,3330,0.334729
letter_intr,3331,0.447626
letter_intr,3332,0.336155
letter_intr,3333,0.449379
letter_intr,3334,0.460849
letter_intr,3335,0.398506
letter_intr,3336,0.495980
letter_intr,3337,0.406932
letter_intr,3338,0.282164
letter_intr,3339,0.435735
letter_intr,3340,0.448527
letter_intr,3341,0.478390
letter_intr,3342,0.312840
letter_intr,3343,0.387871
letter_intr,3344,0.484000
letter_intr,3345,0.307751
letter_intr,3346,0.465490
letter_intr,3347,0.294933
letter_intr,3348,0.428511
letter_intr,3349,0.354441
letter_intr,3350,0.410772
letter_intr,3351,0.362160
letter_intr,3352,0.456824
letter_intr,3353,0.364191
letter_intr,3354,0.442275
letter_intr,3355,0.369869
letter_intr,3356,0.407798
letter_intr,3357,0.394357
letter_intr,3358,0.364113
letter_intr,3359,0.416699
letter_intr,3360,0.452942
letter_intr,3361,0.354945
letter_intr,3362,0.418553
letter_intr,3363,0.419041
letter_intr,3364,0.389955
letter_intr,3365,0.421754
letter_intr,3366,0.374498
letter_intr,3367,0.408918
letter_intr,3368,0.449072
letter_intr,3369,0.400263
letter_intr,3370,0.422438
letter_intr,3371,0.375757
letter_intr,3372,0.410964
letter_intr,3373,0.379076
letter_intr,3374,0.464154
letter_intr,3375,0.392506
letter_intr,3376,0.428293
letter_intr,3377,0.357868
letter_intr,3378,0.392696
letter_intr,3379,0.362734
letter_intr,3380,0.499693
letter_intr,3381,0.389444
letter_intr,3382,0.290680
letter_intr,3383,0.327550
letter_intr,3384,0.293555
letter_intr,3385,0.517586
letter_intr,3386,0.296562
letter_intr,3387,0.484000
letter_intr,3388,0.334267
letter_intr,3389,0.433211
letter_intr,3390,0.459045
letter_intr,3391,0.364785
letter_intr,3392,0.396597
letter_intr,3393,0.404104
letter_intr,3394,0.396294
letter_intr,3395,0.447187
letter_intr,3396,0.448912
letter_intr,3397,0.428078
letter_intr,3398,0.347975
letter_intr,3399,0.412553
letter_intr,3400,0.423324
letter_intr,3401,0.308292
letter_intr,3402,0.374567
letter_intr,3403,0.483488
letter_intr,3404,0.404192
letter_intr,3405,0.337756
letter_intr,3406,0.435513
letter_intr,3407,0.335257
letter_intr,3408,0.382117
letter_intr,3409,0.448025
letter_intr,3410,0.338300
letter_intr,3411,0.471078
letter_intr,3412,0.331644
letter_intr,3413,0.450683
letter_intr,3414,0.346053
letter_intr,3415,0.455773
letter_intr,3416,0.310447
letter_intr,3417,0.389384
letter_intr,3418,0.425874
letter_intr,3419,0.370897
letter_intr,3420,0.429507
letter_intr,3421,0.345772
letter_intr,3422,0.447460
letter_intr,3423,0.351514
letter_intr,3424,0.411197
letter_intr,3425,0.351358
letter_intr,3426,0.427662
letter_intr,3427,0.311248
letter_intr,3428,0.428329
letter_intr,3429,0.329287
letter_intr,3430,0.375992
letter_intr,3431,0.333072
letter_intr,3432,0.364273
letter_intr,3433,0.387653
letter_intr,3434,0.498130
letter_intr,3435,0.460592
letter_intr,3436,0.404637
letter_intr,3437,0.427411
letter_intr,3438,0.443140
letter_intr,3439,0.377630
letter_intr,3440,0.451545
letter_intr,3441,0.444113
letter_intr,3442,0.410936
letter_intr,3443,0.420800
letter_intr,3444,0.411107
letter_intr,3445,0.376308
letter_intr,3446,0.383514
letter_intr,3447,0.368458
letter_intr,3448,0.495732
letter_intr,3449,0.347858
letter_intr,3450,0.455261
letter_intr,3451,0.411650
letter_intr,3452,0.412438
letter_intr,3453,0.430167
letter_intr,3454,0.365882
letter_intr,3455,0.374302
letter_intr,3456,0.454338
letter_intr,3457,0.352189
letter_intr,3458,0.342692
letter_intr,3459,0.458052
letter_intr,3460,0.450845
letter_intr,3461,0.372504
letter_intr,3462,0.403161
letter_intr,3463,0.406790
letter_intr,3464,0.388098
letter_intr,3465,0.405283
letter_intr,3466,0.445642
letter_intr,3467,0.474630
letter_intr,3468,0.393299
letter_intr,3469,0.504604
letter_intr,3470,0.278156
letter_intr,3471,0.397727
letter_intr,3472,0.530294
letter_intr,3473,0.403387
letter_intr,3474,0.355579
letter_intr,3475,0.389445
letter_intr,3476,0.334644
letter_intr,3477,0.450280
letter_intr,3478,0.433132
letter_intr,3479,0.406991
letter_intr,3480,0.401525
letter_intr,3481,0.378023
letter_intr,3482,0.392851
letter_intr,3483,0.404558
letter_intr,3484,0.334226
letter_intr,3485,0.429007
letter_intr,3486,0.354685
letter_intr,3487,0.480121
letter_intr,3488,0.336050
letter_intr,3489,0.394185
letter_intr,3490,0.453803
letter_intr,3491,0.418502
letter_intr,3492,0.408482
letter_intr,3493,0.354121
letter_intr,3494,0.395429
letter_intr,3495,0.377984
letter_intr,3496,0.442270
letter_intr,3497,0.306128
letter_intr,3498,0.383208
letter_intr,3499,0.439784
letter_intr,3500,0.395284
letter_intr,3501,0.445570
letter_intr,3502,0.405888
letter_intr,3503,0.426480
letter_intr,3504,0.390550
letter_intr,3505,0.416073
letter_intr,3506,0.347060
letter_intr,3507,0.434084
letter_intr,3508,0.424865
letter_intr,3509,0.417897
letter_intr,3510,0.474069
letter_intr,3511,0.386926
letter_intr,3512,0.469395
letter_intr,3513,0.394467
letter_intr,3514,0.378709
letter_intr,3515,0.350001
letter_intr,3516,0.412442
letter_intr,3517,0.460322
letter_intr,3518,0.402482
letter_intr,3519,0.416740
letter_intr,3520,0.417880
letter_intr,3521,0.368449
letter_intr,3522,0.434035
letter_intr,3523,0.405406
letter_intr,3524,0.399819
letter_intr,3525,0.399112
letter_intr,3526,0.412634
letter_intr,3527,0.380876
letter_intr,3528,0.429616
letter_intr,3529,0.372196
letter_intr,3530,0.387240
letter_intr,3531,0.423673
letter_intr,3532,0.308106
letter_intr,3533,0.375636
letter_intr,3534,0.385363
letter_intr,3535,0.360098
letter_intr,3536,0.391551
letter_intr,3537,0.374115
letter_intr,3538,0.390662
letter_intr,3539,0.356288
letter_intr,3540,0.344829
letter_intr,3541,0.335124
letter_intr,3542,0.373345
letter_intr,3543,0.493556
letter_intr,3544,0.408602
letter_intr,3545,0.332331
letter_intr,3546,0.443999
letter_intr,3547,0.424804
letter_intr,3548,0.325376
letter_intr,3549,0.371787
letter_intr,3550,0.480638
letter_intr,3551,0.367851
letter_intr,3552,0.464617
letter_intr,3553,0.271574
letter_intr,3554,0.476673
letter_intr,3555,0.369438
letter_intr,3556,0.447636
letter_intr,3557,0.325698
letter_intr,3558,0.446325
letter_intr,3559,0.382544
letter_intr,3560,0.412404
letter_intr,3561,0.336453
letter_intr,3562,0.413216
letter_intr,3563,0.391608
letter_intr,3564,0.331731
letter_intr,3565,0.421298
letter_intr,3566,0.416597
letter_intr,3567,0.417001
letter_intr,3568,0.438815
letter_intr,3569,0.394983
letter_intr,3570,0.431858
letter_intr,3571,0.413115
letter_intr,3572,0.416349
letter_intr,3573,0.378059
letter_intr,3574,0.384176
letter_intr,3575,0.456992
letter_intr,3576,0.365290
letter_intr,3577,0.478095
letter_intr,3578,0.341471
letter_intr,3579,0.469394
letter_intr,3580,0.460278
letter_intr,3581,0.404409
letter_intr,3582,0.389646
letter_intr,3583,0.378132
letter_intr,3584,0.428239
letter_intr,3585,0.333504
letter_intr,3586,0.386480
letter_intr,3587,0.330950
letter_intr,3588,0.465382
letter_intr,3589,0.341902
letter_intr,3590,0.326941
letter_intr,3591,0.362158
letter_intr,3592,0.444184
letter_intr,3593,0.378005
letter_intr,3594,0.381788
letter_intr,3595,0.394647
letter_intr,3596,0.366137
letter_intr,3597,0.357460
letter_intr,3598,0.392828
letter_intr,3599,0.398131
letter_intr,3600,0.402614
letter_intr,3601,0.377599
letter_intr,3602,0.421179
letter_intr,3603,0.444152
letter_intr,3604,0.357770
letter_intr,3605,0.499327
letter_intr,3606,0.332576
letter_intr,3607,0.431188
letter_intr,3608,0.382671
letter_intr,3609,0.389059
letter_intr,3610,0.420063
letter_intr,3611,0.445703
letter_intr,3612,0.387268
letter_intr,3613,0.412935
letter_intr,3614,0.406083
letter_intr,3615,0.394961
letter_intr,3616,0.349000
letter_intr,3617,0.405996
letter_intr,3618,0.380622
letter_intr,3619,0.409369
letter_intr,3620,0.406058
letter_intr,3621,0.359187
letter_intr,3622,0.393686
letter_intr,3623,0.448775
letter_intr,3624,0.414122
letter_intr,3625,0.395716
letter_intr,3626,0.358665
letter_intr,3627,0.429374
letter_intr,3628,0.432186
letter_intr,3629,0.438851
letter_intr,3630,0.460834
letter_intr,3631,0.404882
letter_intr,3632,0.399858
letter_intr,3633,0.454485
letter_intr,3634,0.439261
letter_intr,3635,0.337821
letter_intr,3636,0.417539
letter_intr,3637,0.493982
letter_intr,3638,0.350964
letter_intr,3639,0.423481
letter_intr,3640,0.350595
letter_intr,3641,0.430941
letter_intr,3642,0.380753
letter_intr,3643,0.417169
letter_intr,3644,0.396701
letter_intr,3645,0.363056
letter_intr,3646,0.418434
letter_intr,3647,0.303359
letter_intr,3648,0.386739
letter_intr,3649,0.297959
letter_intr,3650,0.313615
letter_intr,3651,0.528866
letter_intr,3652,0.348405
letter_intr,3653,0.347588
letter_intr,3654,0.421479
letter_intr,3655,0.411231
letter_intr,3656,0.324202
letter_intr,3657,0.448466
letter_intr,3658,0.385995
letter_intr,3659,0.393418
letter_intr,3660,0.340289
letter_intr,3661,0.465354
letter_intr,3662,0.441023
letter_intr,3663,0.449670
letter_intr,3664,0.366937
letter_intr,3665,0.382008
letter_intr,3666,0.429022
letter_intr,3667,0.384525
letter_intr,3668,0.291964
letter_intr,3669,0.382783
letter_intr,3670,0.359843
letter_intr,3671,0.456091
letter_intr,3672,0.511804
letter_intr,3673,0.367948
letter_intr,3674,0.423516
letter_intr,3675,0.376998
letter_intr,3676,0.375502
letter_intr,3677,0.363585
letter_intr,3678,0.449361
letter_intr,3679,0.349963
letter_intr,3680,0.374759
letter_intr,3681,0.401539
letter_intr,3682,0.401552
letter_intr,3683,0.361125
letter_intr,3684,0.429067
letter_intr,3685,0.289475
letter_intr,3686,0.379853
letter_intr,3687,0.329927
letter_intr,3688,0.382447
letter_intr,3689,0.362372
letter_intr,3690,0.439849
letter_intr,3691,0.399750
letter_intr,3692,0.404514
letter_intr,3693,0.405925
letter_intr,3694,0.439275
letter_intr,3695,0.427095
letter_intr,3696,0.375577
letter_intr,3697,0.433460
letter_intr,3698,0.392492
letter_intr,3699,0.427592
letter_intr,3700,0.379709
letter_intr,3701,0.450814
letter_intr,3702,0.373697
letter_intr,3703,0.420602
letter_intr,3704,0.430512
letter_intr,3705,0.374534
letter_intr,3706,0.413135
letter_intr,3707,0.375145
letter_intr,3708,0.429219
letter_intr,3709,0.432705
letter_intr,3710,0.403022
letter_intr,3711,0.407493
letter_intr,3712,0.367282
letter_intr,3713,0.448146
letter_intr,3714,0.440733
letter_intr,3715,0.400779
letter_intr,3716,0.449240
letter_intr,3717,0.436906
letter_intr,3718,0.376530
letter_intr,3719,0.358214
letter_intr,3720,0.409564
letter_intr,3721,0.417143
letter_intr,3722,0.400665
letter_intr,3723,0.421709
letter_intr,3724,0.430669
letter_intr,3725,0.410127
letter_intr,3726,0.391499
letter_intr,3727,0.384862
letter_intr,3728,0.403343
letter_intr,3729,0.395691
letter_intr,3730,0.378927
letter_intr,3731,0.407144
letter_intr,3732,0.383502
letter_intr,3733,0.404713
letter_intr,3734,0.326739
letter_intr,3735,0.445972
letter_intr,3736,0.340594
letter_intr,3737,0.436457
letter_intr,3738,0.357282
letter_intr,3739,0.475346
letter_intr,3740,0.399020
letter_intr,3741,0.474924
letter_intr,3742,0.405324
letter_intr,3743,0.390275
letter_intr,3744,0.426522
letter_intr,3745,0.394877
letter_intr,3746,0.433405
letter_intr,3747,0.418076
letter_intr,3748,0.392191
letter_intr,3749,0.437210
letter_intr,3750,0.463798
letter_intr,3751,0.377773
letter_intr,3752,0.448999
letter_intr,3753,0.366544
letter_intr,3754,0.383767
letter_intr,3755,0.483131
letter_intr,3756,0.357489
letter_intr,3757,0.439954
letter_intr,3758,0.388295
letter_intr,3759,0.410511
letter_intr,3760,0.393951
letter_intr,3761,0.353904
letter_intr,3762,0.342159
letter_intr,3763,0.341253
letter_intr,3764,0.392300
letter_intr,3765,0.390975
letter_intr,3766,0.396069
letter_intr,3767,0.447921
letter_intr,3768,0.418941
letter_intr,3769,0.397812
letter_intr,3770,0.437012
letter_intr,3771,0.393399
letter_intr,3772,0.364606
letter_intr,3773,0.369314
letter_intr,3774,0.405948
letter_intr,3775,0.399869
letter_intr,3776,0.424776
letter_intr,3777,0.391178
letter_intr,3778,0.426522
letter_intr,3779,0.437077
letter_intr,3780,0.421966
letter_intr,3781,0.419181
letter_intr,3782,0.365014
letter_intr,3783,0.421613
letter_intr,3784,0.454168
letter_intr,3785,0.390765
letter_intr,3786,0.415084
letter_intr,3787,0.423334
letter_intr,3788,0.433433
letter_intr,3789,0.434536
letter_intr,3790,0.441524
letter_intr,3791,0.369493
letter_intr,3792,0.453833
letter_intr,3793,0.433710
letter_intr,3794,0.416893
letter_intr,3795,0.398879
letter_intr,3796,0.398072
letter_intr,3797,0.432090
letter_intr,3798,0.398291
letter_intr,3799,0.374895
letter_intr,3800,0.417300
letter_intr,3801,0.420668
letter_intr,3802,0.382878
letter_intr,3803,0.388082
letter_intr,3804,0.437787
letter_intr,3805,0.363830
letter_intr,3806,0.368245
letter_intr,3807,0.413932
letter_intr,3808,0.372573
letter_intr,3809,0.419639
letter_intr,3810,0.364812
letter_intr,3811,0.380067
letter_intr,3812,0.439857
letter_intr,3813,0.345907
letter_intr,3814,0.379088
letter_intr,3815,0.402959
letter_intr,3816,0.411050
letter_intr,3817,0.378618
letter_intr,3818,0.413528
letter_intr,3819,0.491736
letter_intr,3820,0.493999
letter_intr,3821,0.426212
letter_intr,3822,0.321467
letter_intr,3823,0.440543
letter_intr,3824,0.385216
letter_intr,3825,0.415587
letter_intr,3826,0.420225
letter_intr,3827,0.385862
letter_intr,3828,0.402756
letter_intr,3829,0.366896
letter_intr,3830,0.394718
letter_intr,3831,0.381931
letter_intr,3832,0.409704
letter_intr,3833,0.440809
letter_intr,3834,0.372721
letter_intr,3835,0.427824
letter_intr,3836,0.397178
letter_intr,3837,0.327835
letter_intr,3838,0.395602
letter_intr,3839,0.509937
letter_intr,3840,0.409247
letter_intr,3841,0.319778
letter_intr,3842,0.411841
letter_intr,3843,0.431722
letter_intr,3844,0.409097
letter_intr,3845,0.378125
letter_intr,3846,0.424751
letter_intr,3847,0.367187
letter_intr,3848,0.364073
letter_intr,3849,0.395908
letter_intr,3850,0.354392
letter_intr,3851,0.354278
letter_intr,3852,0.378160
letter_intr,3853,0.383374
letter_intr,3854,0.370557
letter_intr,3855,0.430621
letter_intr,3856,0.425786
letter_intr,3857,0.405707
letter_intr,3858,0.379607
letter_intr,3859,0.433762
letter_intr,3860,0.392776
letter_intr,3861,0.410680
letter_intr,3862,0.450132
letter_intr,3863,0.485042
letter_intr,3864,0.415368
letter_intr,3865,0.412738
letter_intr,3866,0.422806
letter_intr,3867,0.452630
letter_intr,3868,0.438278
letter_intr,3869,0.437393
letter_intr,3870,0.352182
letter_intr,3871,0.490229
letter_intr,3872,0.350672
letter_intr,3873,0.474781
letter_intr,3874,0.477759
letter_intr,3875,0.366809
letter_intr,3876,0.478643
letter_intr,3877,0.306855
letter_intr,3878,0.460815
letter_intr,3879,0.328916
letter_intr,3880,0.426874
letter_intr,3881,0.321689
letter_intr,3882,0.430725
letter_intr,3883,0.354971
letter_intr,3884,0.486415
letter_intr,3885,0.428497
letter_intr,3886,0.420010
letter_intr,3887,0.361626
letter_intr,3888,0.476472
letter_intr,3889,0.342642
letter_intr,3890,0.411895
letter_intr,3891,0.351725
letter_intr,3892,0.357224
letter_intr,3893,0.428301
letter_intr,3894,0.380193
letter_intr,3895,0.375564
letter_intr,3896,0.391041
letter_intr,3897,0.437210
letter_intr,3898,0.378368
letter_intr,3899,0.351786
letter_intr,3900,0.365700
letter_intr,3901,0.416767
letter_intr,3902,0.404821
letter_intr,3903,0.419397
letter_intr,3904,0.426982
letter_intr,3905,0.347360
letter_intr,3906,0.350488
letter_intr,3907,0.400653
letter_intr,3908,0.378882
letter_intr,3909,0.435687
letter_intr,3910,0.392081
letter_intr,3911,0.419861
letter_intr,3912,0.399025
letter_intr,3913,0.415116
letter_intr,3914,0.391503
letter_intr,3915,0.375349
letter_intr,3916,0.417279
letter_intr,3917,0.373816
letter_intr,3918,0.347264
letter_intr,3919,0.402711
letter_intr,3920,0.348806
letter_intr,3921,0.443678
letter_intr,3922,0.316119
letter_intr,3923,0.408761
letter_intr,3924,0.452913
letter_intr,3925,0.414709
letter_intr,3926,0.371274
letter_intr,3927,0.408149
letter_intr,3928,0.367852
letter_intr,3929,0.372525
letter_intr,3930,0.327847
letter_intr,3931,0.365093
letter_intr,3932,0.339674
letter_intr,3933,0.412183
letter_intr,3934,0.387365
letter_intr,3935,0.380684
letter_intr,3936,0.379317
letter_intr,3937,0.370081
letter_intr,3938,0.321008
letter_intr,3939,0.396152
letter_intr,3940,0.337991
letter_intr,3941,0.360180
letter_intr,3942,0.399533
letter_intr,3943,0.440061
letter_intr,3944,0.436289
letter_intr,3945,0.312988
letter_intr,3946,0.427318
letter_intr,3947,0.333392
letter_intr,3948,0.405474
letter_intr,3949,0.434169
letter_intr,3950,0.370678
letter_intr,3951,0.401654
letter_intr,3952,0.416015
letter_intr,3953,0.395302
letter_intr,3954,0.403020
letter_intr,3955,0.343336
letter_intr,3956,0.472688
letter_intr,3957,0.404453
letter_intr,3958,0.400676
letter_intr,3959,0.402899
letter_intr,3960,0.410848
letter_intr,3961,0.379763
letter_intr,3962,0.399808
letter_intr,3963,0.427034
letter_intr,3964,0.408649
letter_intr,3965,0.399301
letter_intr,3966,0.355667
letter_intr,3967,0.410462
letter_intr,3968,0.316928
letter_intr,3969,0.465193
letter_intr,3970,0.495975
letter_intr,3971,0.362982
letter_intr,3972,0.409334
letter_intr,3973,0.436821
letter_intr,3974,0.440550
letter_intr,3975,0.379544
letter_intr,3976,0.317906
letter_intr,3977,0.412498
letter_intr,3978,0.382920
letter_intr,3979,0.334200
letter_intr,3980,0.348727
letter_intr,3981,0.345504
letter_intr,3982,0.391620
letter_intr,3983,0.326500
letter_intr,3984,0.441529
letter_intr,3985,0.386585
letter_intr,3986,0.359005
letter_intr,3987,0.397232
letter_intr,3988,0.401400
letter_intr,3989,0.429103
letter_intr,3990,0.494813
letter_intr,3991,0.408587
letter_intr,3992,0.400910
letter_intr,3993,0.443794
letter_intr,3994,0.362076
letter_intr,3995,0.419660
letter_intr,3996,0.405566
letter_intr,3997,0.416202
letter_intr,3998,0.402507
letter_intr,3999,0.441537
letter_intr,4000,0.411186
letter_intr,4001,0.357231
letter_intr,4002,0.434344
letter_intr,4003,0.376443
letter_intr,4004,0.393156
letter_intr,4005,0.404803
letter_intr,4006,0.415593
letter_intr,4007,0.426745
letter_intr,4008,0.361019
letter_intr,4009,0.405325
letter_intr,4010,0.331213
letter_intr,4011,0.424490
letter_intr,4012,0.306804
letter_intr,4013,0.339784
letter_intr,4014,0.376609
letter_intr,4015,0.432699
letter_intr,4016,0.465142
letter_intr,4017,0.335961
letter_intr,4018,0.407812
letter_intr,4019,0.422112
letter_intr,4020,0.432132
letter_intr,4021,0.387337
letter_intr,4022,0.415760
letter_intr,4023,0.495728
letter_intr,4024,0.455553
letter_intr,4025,0.378824
letter_intr,4026,0.450353
letter_intr,4027,0.338102
letter_intr,4028,0.441098
letter_intr,4029,0.368110
letter_intr,4030,0.439779
letter_intr,4031,0.449569
letter_intr,4032,0.429834
letter_intr,4033,0.384625
letter_intr,4034,0.418415
letter_intr,4035,0.399436
letter_intr,4036,0.358215
letter_intr,4037,0.329884
letter_intr,4038,0.396229
letter_intr,4039,0.401729
letter_intr,4040,0.383554
letter_intr,4041,0.450844
letter_intr,4042,0.360093
letter_intr,4043,0.403300
letter_intr,4044,0.436317
letter_intr,4045,0.372943
letter_intr,4046,0.455378
letter_intr,4047,0.401143
letter_intr,4048,0.401009
letter_intr,4049,0.419299
letter_intr,4050,0.408800
letter_intr,4051,0.412047
letter_intr,4052,0.406270
letter_intr,4053,0.350802
letter_intr,4054,0.422139
letter_intr,4055,0.362350
letter_intr,4056,0.444332
letter_intr,4057,0.324444
letter_intr,4058,0.374606
letter_intr,4059,0.417561
letter_intr,4060,0.356506
letter_intr,4061,0.448893
letter_intr,4062,0.357524
letter_intr,4063,0.406819
letter_intr,4064,0.447622
letter_intr,4065,0.416383
letter_intr,4066,0.453766
letter_intr,4067,0.384973
letter_intr,4068,0.412130
letter_intr,4069,0.357282
letter_intr,4070,0.334179
letter_intr,4071,0.362009
letter_intr,4072,0.320083
letter_intr,4073,0.452366
letter_intr,4074,0.396577
letter_intr,4075,0.422534
letter_intr,4076,0.414791
letter_intr,4077,0.339088
letter_intr,4078,0.440619
letter_intr,4079,0.365802
letter_intr,4080,0.420411
letter_intr,4081,0.405889
letter_intr,4082,0.497407
letter_intr,4083,0.348934
letter_intr,4084,0.422487
letter_intr,4085,0.371223
letter_intr,4086,0.482654
letter_intr,4087,0.371702
letter_intr,4088,0.401051
letter_intr,4089,0.328050
letter_intr,4090,0.359557
letter_intr,4091,0.351745
letter_intr,4092,0.298782
letter_intr,4093,0.410691
letter_intr,4094,0.320833
letter_intr,4095,0.471921
letter_intr,4096,0.399446
letter_intr,4097,0.418668
letter_intr,4098,0.384651
letter_intr,4099,0.431878
letter_intr,4100,0.393714
letter_intr,4101,0.397586
letter_intr,4102,0.438435
letter_intr,4103,0.390861
letter_intr,4104,0.382078
letter_intr,4105,0.388635
letter_intr,4106,0.403241
letter_intr,4107,0.445471
letter_intr,4108,0.437439
letter_intr,4109,0.395054
letter_intr,4110,0.394215
letter_intr,4111,0.356612
letter_intr,4112,0.331321
letter_intr,4113,0.442865
letter_intr,4114,0.395753
letter_intr,4115,0.377619
letter_intr,4116,0.426805
letter_intr,4117,0.380133
letter_intr,4118,0.382646
letter_intr,4119,0.300876
letter_intr,4120,0.385505
letter_intr,4121,0.425310
letter_intr,4122,0.389917
letter_intr,4123,0.411949
letter_intr,4124,0.397961
letter_intr,4125,0.390880
letter_intr,4126,0.411592
letter_intr,4127,0.438801
letter_intr,4128,0.348038
letter_intr,4129,0.372013
letter_intr,4130,0.397917
letter_intr,4131,0.368897
letter_intr,4132,0.420953
letter_intr,4133,0.459390
letter_intr,4134,0.498423
letter_intr,4135,0.384984
letter_intr,4136,0.441908
letter_intr,4137,0.416115
letter_intr,4138,0.408831
letter_intr,4139,0.371528
letter_intr,4140,0.412726
letter_intr,4141,0.377669
letter_intr,4142,0.378873
letter_intr,4143,0.457441
letter_intr,4144,0.428446
letter_intr,4145,0.399978
letter_intr,4146,0.340024
letter_intr,4147,0.426852
letter_intr,4148,0.357431
letter_intr,4149,0.377755
letter_intr,4150,0.368468
letter_intr,4151,0.363118
letter_intr,4152,0.368467
letter_intr,4153,0.406781
letter_intr,4154,0.464009
letter_intr,4155,0.351319
letter_intr,4156,0.450952
letter_intr,4157,0.366939
letter_intr,4158,0.374751
letter_intr,4159,0.400348
letter_intr,4160,0.362898
letter_intr,4161,0.434712
letter_intr,4162,0.337782
letter_intr,4163,0.407867
letter_intr,4164,0.366858
letter_intr,4165,0.312988
letter_intr,4166,0.332106
letter_intr,4167,0.457918
letter_intr,4168,0.377316
letter_intr,4169,0.384387
letter_intr,4170,0.339542
letter_intr,4171,0.412463
letter_intr,4172,0.441990
letter_intr,4173,0.532574
letter_intr,4174,0.448796
letter_intr,4175,0.423619
letter_intr,4176,0.374210
letter_intr,4177,0.361695
letter_intr,4178,0.398613
letter_intr,4179,0.398764
letter_intr,4180,0.481015
letter_intr,4181,0.344994
letter_intr,4182,0.379171
letter_intr,4183,0.435633
letter_intr,4184,0.420127
letter_intr,4185,0.362970
letter_intr,4186,0.338067
letter_intr,4187,0.350191
letter_intr,4188,0.480642
letter_intr,4189,0.456990
letter_intr,4190,0.456989
letter_intr,4191,0.342316
letter_intr,4192,0.433131
letter_intr,4193,0.294677
letter_intr,4194,0.374891
letter_intr,4195,0.385582
letter_intr,4196,0.385504
letter_intr,4197,0.437518
letter_intr,4198,0.394544
letter_intr,4199,0.392472
letter_intr,4200,0.395410
letter_intr,4201,0.373264
letter_intr,4202,0.372269
letter_intr,4203,0.453389
letter_intr,4204,0.381357
letter_intr,4205,0.391781
letter_intr,4206,0.381279
letter_intr,4207,0.328516
letter_intr,4208,0.384463
letter_intr,4209,0.413264
letter_intr,4210,0.492753
letter_intr,4211,0.312374
letter_intr,4212,0.387578
letter_intr,4213,0.374386
letter_intr,4214,0.391500
letter_intr,4215,0.363983
letter_intr,4216,0.411926
letter_intr,4217,0.374261
letter_intr,4218,0.398753
letter_intr,4219,0.367729
letter_intr,4220,0.381884
letter_intr,4221,0.412138
letter_intr,4222,0.433806
letter_intr,4223,0.374435
letter_intr,4224,0.440458
letter_intr,4225,0.354070
letter_intr,4226,0.367110
letter_intr,4227,0.445307
letter_intr,4228,0.407181
letter_intr,4229,0.415357
letter_intr,4230,0.323388
letter_intr,4231,0.351822
letter_intr,4232,0.401366
letter_intr,4233,0.366415
letter_intr,4234,0.386900
letter_intr,4235,0.356686
letter_intr,4236,0.341086
letter_intr,4237,0.390299
letter_intr,4238,0.373753
letter_intr,4239,0.417707
letter_intr,4240,0.404156
letter_intr,4241,0.428930
letter_intr,4242,0.340342
letter_intr,4243,0.351874
letter_intr,4244,0.360404
letter_intr,4245,0.419768
letter_intr,4246,0.333139
letter_intr,4247,0.431218
letter_intr,4248,0.443225
letter_intr,4249,0.373640
letter_intr,4250,0.404332
letter_intr,4251,0.417265
letter_intr,4252,0.362378
letter_intr,4253,0.384341
letter_intr,4254,0.406814
letter_intr,4255,0.432685
letter_intr,4256,0.378966
letter_intr,4257,0.401823
letter_intr,4258,0.387966
letter_intr,4259,0.383775
letter_intr,4260,0.418214
letter_intr,4261,0.438887
letter_intr,4262,0.386985
letter_intr,4263,0.431174
letter_intr,4264,0.413263
letter_intr,4265,0.370190
letter_intr,4266,0.424312
letter_intr,4267,0.430007
letter_intr,4268,0.409594
letter_intr,4269,0.501136
letter_intr,4270,0.412116
letter_intr,4271,0.416128
letter_intr,4272,0.396943
letter_intr,4273,0.442118
letter_intr,4274,0.358320
letter_intr,4275,0.397030
letter_intr,4276,0.402963
letter_intr,4277,0.486750
letter_intr,4278,0.421099
letter_intr,4279,0.405380
letter_intr,4280,0.329361
letter_intr,4281,0.424290
letter_intr,4282,0.345042
letter_intr,4283,0.467517
letter_intr,4284,0.279628
letter_intr,4285,0.481441
letter_intr,4286,0.389888
letter_intr,4287,0.390003
letter_intr,4288,0.467262
letter_intr,4289,0.399240
letter_intr,4290,0.397535
letter_intr,4291,0.342650
letter_intr,4292,0.373766
letter_intr,4293,0.371737
letter_intr,4294,0.405220
letter_intr,4295,0.353099
letter_intr,4296,0.425613
letter_intr,4297,0.362681
letter_intr,4298,0.405643
letter_intr,4299,0.389489
letter_intr,4300,0.388238
letter_intr,4301,0.438215
letter_intr,4302,0.351088
letter_intr,4303,0.433694
letter_intr,4304,0.360968
letter_intr,4305,0.402988
letter_intr,4306,0.320471
letter_intr,4307,0.495447
letter_intr,4308,0.408138
letter_intr,4309,0.357352
letter_intr,4310,0.436358
letter_intr,4311,0.400139
letter_intr,4312,0.403743
letter_intr,4313,0.372334
letter_intr,4314,0.373013
letter_intr,4315,0.350824
letter_intr,4316,0.427781
letter_intr,4317,0.371686
letter_intr,4318,0.370991
letter_intr,4319,0.348886
letter_intr,4320,0.311015
letter_intr,4321,0.435714
letter_intr,4322,0.344492
letter_intr,4323,0.441035
letter_intr,4324,0.380203
letter_intr,4325,0.461898
letter_intr,4326,0.419666
letter_intr,4327,0.451030
letter_intr,4328,0.484494
letter_intr,4329,0.385492
letter_intr,4330,0.389216
letter_intr,4331,0.342731
letter_intr,4332,0.395634
letter_intr,4333,0.448688
letter_intr,4334,0.390553
letter_intr,4335,0.378384
letter_intr,4336,0.373334
letter_intr,4337,0.321052
letter_intr,4338,0.403506
letter_intr,4339,0.439547
letter_intr,4340,0.407208
letter_intr,4341,0.471148
letter_intr,4342,0.374799
letter_intr,4343,0.417794
letter_intr,4344,0.390488
letter_intr,4345,0.451676
letter_intr,4346,0.394043
letter_intr,4347,0.376243
letter_intr,4348,0.433630
letter_intr,4349,0.424517
letter_intr,4350,0.434766
letter_intr,4351,0.396003
letter_intr,4352,0.471740
letter_intr,4353,0.406598
letter_intr,4354,0.357780
letter_intr,4355,0.332815
letter_intr,4356,0.393276
letter_intr,4357,0.435185
letter_intr,4358,0.362912
letter_intr,4359,0.485561
letter_intr,4360,0.399532
letter_intr,4361,0.379107
letter_intr,4362,0.405475
letter_intr,4363,0.357418
letter_intr,4364,0.465597
letter_intr,4365,0.341562
letter_intr,4366,0.451997
letter_intr,4367,0.438285
letter_intr,4368,0.396083
letter_intr,4369,0.387083
letter_intr,4370,0.365184
letter_intr,4371,0.385949
letter_intr,4372,0.418990
letter_intr,4373,0.385493
letter_intr,4374,0.368102
letter_intr,4375,0.335753
letter_intr,4376,0.423918
letter_intr,4377,0.340021
letter_intr,4378,0.436516
letter_intr,4379,0.365547
letter_intr,4380,0.409127
letter_intr,4381,0.382234
letter_intr,4382,0.369391
letter_intr,4383,0.473940
letter_intr,4384,0.394991
letter_intr,4385,0.404275
letter_intr,4386,0.444987
letter_intr,4387,0.378060
letter_intr,4388,0.332624
letter_intr,4389,0.335379
letter_intr,4390,0.324354
letter_intr,4391,0.432598
letter_intr,4392,0.459681
letter_intr,4393,0.451658
letter_intr,4394,0.406632
letter_intr,4395,0.415011
letter_intr,4396,0.437655
letter_intr,4397,0.385152
letter_intr,4398,0.438554
letter_intr,4399,0.384842
letter_intr,4400,0.399069
letter_intr,4401,0.350515
letter_intr,4402,0.461251
letter_intr,4403,0.311093
letter_intr,4404,0.488938
letter_intr,4405,0.381029
letter_intr,4406,0.471304
letter_intr,4407,0.406870
letter_intr,4408,0.428729
letter_intr,4409,0.362491
letter_intr,4410,0.334626
letter_intr,4411,0.427403
letter_intr,4412,0.381426
letter_intr,4413,0.351959
letter_intr,4414,0.397237
letter_intr,4415,0.439160
letter_intr,4416,0.395702
letter_intr,4417,0.397116
letter_intr,4418,0.404030
letter_intr,4419,0.437819
letter_intr,4420,0.365882
letter_intr,4421,0.398408
letter_intr,4422,0.367151
letter_intr,4423,0.394028
letter_intr,4424,0.389571
letter_intr,4425,0.354065
letter_intr,4426,0.386670
letter_intr,4427,0.429540
letter_intr,4428,0.314907
letter_intr,4429,0.403801
letter_intr,4430,0.385449
letter_intr,4431,0.380995
letter_intr,4432,0.436970
letter_intr,4433,0.378874
letter_intr,4434,0.382475
letter_intr,4435,0.333778
letter_intr,4436,0.366598
letter_intr,4437,0.371756
letter_intr,4438,0.429643
letter_intr,4439,0.430431
letter_intr,4440,0.426915
letter_intr,4441,0.370819
letter_intr,4442,0.372375
letter_intr,4443,0.396947
letter_intr,4444,0.473872
letter_intr,4445,0.355434
letter_intr,4446,0.389906
letter_intr,4447,0.429959
letter_intr,4448,0.393893
letter_intr,4449,0.372499
letter_intr,4450,0.421953
letter_intr,4451,0.416894
letter_intr,4452,0.394818
letter_intr,4453,0.376418
letter_intr,4454,0.381280
letter_intr,4455,0.403510
letter_intr,4456,0.379449
letter_intr,4457,0.394696
letter_intr,4458,0.367863
letter_intr,4459,0.396342
letter_intr,4460,0.404055
letter_intr,4461,0.377057
letter_intr,4462,0.398017
letter_intr,4463,0.312588
letter_intr,4464,0.436394
letter_intr,4465,0.365743
letter_intr,4466,0.376942
letter_intr,4467,0.379486
letter_intr,4468,0.323085
letter_intr,4469,0.496331
letter_intr,4470,0.336404
letter_intr,4471,0.431218
letter_intr,4472,0.401957
letter_intr,4473,0.385875
letter_intr,4474,0.333060
letter_intr,4475,0.422993
letter_intr,4476,0.428676
letter_intr,4477,0.451916
letter_intr,4478,0.377862
letter_intr,4479,0.388702
letter_intr,4480,0.468253
letter_intr,4481,0.361421
letter_intr,4482,0.366809
letter_intr,4483,0.443232
letter_intr,4484,0.446473
letter_intr,4485,0.398776
letter_intr,4486,0.382226
letter_intr,4487,0.388397
letter_intr,4488,0.433335
letter_intr,4489,0.419574
letter_intr,4490,0.443881
letter_intr,4491,0.398055
letter_intr,4492,0.396453
letter_intr,4493,0.397886
letter_intr,4494,0.354338
letter_intr,4495,0.342528
letter_intr,4496,0.337553
letter_intr,4497,0.455683
letter_intr,4498,0.381560
letter_intr,4499,0.433098
letter_intr,4500,0.358842
letter_intr,4501,0.445030
letter_intr,4502,0.395261
letter_intr,4503,0.400030
letter_intr,4504,0.397051
letter_intr,4505,0.405699
letter_intr,4506,0.343457
letter_intr,4507,0.415561
letter_intr,4508,0.347980
letter_intr,4509,0.440578
letter_intr,4510,0.371763
letter_intr,4511,0.378969
letter_intr,4512,0.364545
letter_intr,4513,0.333814
letter_intr,4514,0.377911
letter_intr,4515,0.363158
letter_intr,4516,0.332255
letter_intr,4517,0.330976
letter_intr,4518,0.407818
letter_intr,4519,0.414789
letter_intr,4520,0.407378
letter_intr,4521,0.435050
letter_intr,4522,0.333654
letter_intr,4523,0.367512
letter_intr,4524,0.376120
letter_intr,4525,0.343894
letter_intr,4526,0.429392
letter_intr,4527,0.371749
letter_intr,4528,0.408747
letter_intr,4529,0.378117
letter_intr,4530,0.393284
letter_intr,4531,0.378833
letter_intr,4532,0.408109
letter_intr,4533,0.366145
letter_intr,4534,0.445785
letter_intr,4535,0.359432
letter_intr,4536,0.470229
letter_intr,4537,0.316061
letter_intr,4538,0.420679
letter_intr,4539,0.434269
letter_intr,4540,0.404343
letter_intr,4541,0.349905
letter_intr,4542,0.430205
letter_intr,4543,0.424485
letter_intr,4544,0.410315
letter_intr,4545,0.431009
letter_intr,4546,0.305139
letter_intr,4547,0.406098
letter_intr,4548,0.373920
letter_intr,4549,0.353928
letter_intr,4550,0.347906
letter_intr,4551,0.413040
letter_intr,4552,0.389345
letter_intr,4553,0.387374
letter_intr,4554,0.354592
letter_intr,4555,0.409531
letter_intr,4556,0.363299
letter_intr,4557,0.423441
letter_intr,4558,0.469596
letter_intr,4559,0.497236
letter_intr,4560,0.353587
letter_intr,4561,0.413058
letter_intr,4562,0.375089
letter_intr,4563,0.427378
letter_intr,4564,0.446718
letter_intr,4565,0.413418
letter_intr,4566,0.326394
letter_intr,4567,0.360638
letter_intr,4568,0.485775
letter_intr,4569,0.433679
letter_intr,4570,0.440163
letter_intr,4571,0.388721
letter_intr,4572,0.448903
letter_intr,4573,0.393349
letter_intr,4574,0.426509
letter_intr,4575,0.352376
letter_intr,4576,0.394890
letter_intr,4577,0.417528
letter_intr,4578,0.421482
letter_intr,4579,0.495533
letter_intr,4580,0.382189
letter_intr,4581,0.480535
letter_intr,4582,0.484702
letter_intr,4583,0.392179
letter_intr,4584,0.449376
letter_intr,4585,0.487073
letter_intr,4586,0.421647
letter_intr,4587,0.390892
letter_intr,4588,0.342975
letter_intr,4589,0.388158
letter_intr,4590,0.409444
letter_intr,4591,0.401559
letter_intr,4592,0.404165
letter_intr,4593,0.336609
letter_intr,4594,0.426601
letter_intr,4595,0.355099
letter_intr,4596,0.355186
letter_intr,4597,0.448588
letter_intr,4598,0.354670
letter_intr,4599,0.437907
letter_intr,4600,0.395488
letter_intr,4601,0.392877
letter_intr,4602,0.346995
letter_intr,4603,0.351699
letter_intr,4604,0.509331
letter_intr,4605,0.317981
letter_intr,4606,0.465831
letter_intr,4607,0.379795
letter_intr,4608,0.394267
letter_intr,4609,0.344563
letter_intr,4610,0.457896
letter_intr,4611,0.361758
letter_intr,4612,0.346712
letter_intr,4613,0.367096
letter_intr,4614,0.391041
letter_intr,4615,0.376285
letter_intr,4616,0.422696
letter_intr,4617,0.412615
letter_intr,4618,0.405839
letter_intr,4619,0.399117
letter_intr,4620,0.452650
letter_intr,4621,0.369109
letter_intr,4622,0.344394
letter_intr,4623,0.470570
letter_intr,4624,0.448557
letter_intr,4625,0.433945
letter_intr,4626,0.342953
letter_intr,4627,0.426624
letter_intr,4628,0.409256
letter_intr,4629,0.391880
letter_intr,4630,0.447571
letter_intr,4631,0.402452
letter_intr,4632,0.401226
letter_intr,4633,0.367376
letter_intr,4634,0.451458
letter_intr,4635,0.370450
letter_intr,4636,0.412531
letter_intr,4637,0.418191
letter_intr,4638,0.477687
letter_intr,4639,0.387535
letter_intr,4640,0.373075
letter_intr,4641,0.472838
letter_intr,4642,0.354475
letter_intr,4643,0.374607
letter_intr,4644,0.429244
letter_intr,4645,0.326428
letter_intr,4646,0.418082
letter_intr,4647,0.458969
letter_intr,4648,0.417278
letter_intr,4649,0.391185
letter_intr,4650,0.405132
letter_intr,4651,0.411863
letter_intr,4652,0.383689
letter_intr,4653,0.357370
letter_intr,4654,0.438847
letter_intr,4655,0.392963
letter_intr,4656,0.372343
letter_intr,4657,0.368248
letter_intr,4658,0.372458
letter_intr,4659,0.476782
letter_intr,4660,0.461359
letter_intr,4661,0.409586
letter_intr,4662,0.391622
letter_intr,4663,0.430650
letter_intr,4664,0.424659
letter_intr,4665,0.363407
letter_intr,4666,0.352354
letter_intr,4667,0.446323
letter_intr,4668,0.338616
letter_intr,4669,0.331671
letter_intr,4670,0.429001
letter_intr,4671,0.357881
letter_intr,4672,0.402370
letter_intr,4673,0.391856
letter_intr,4674,0.381286
letter_intr,4675,0.354705
letter_intr,4676,0.402825
letter_intr,4677,0.397219
letter_intr,4678,0.370576
letter_intr,4679,0.402099
letter_intr,4680,0.385834
letter_intr,4681,0.355694
letter_intr,4682,0.376879
letter_intr,4683,0.465972
letter_intr,4684,0.335659
letter_intr,4685,0.409402
letter_intr,4686,0.347004
letter_intr,4687,0.395400
letter_intr,4688,0.410420
letter_intr,4689,0.373875
letter_intr,4690,0.415027
letter_intr,4691,0.457652
letter_intr,4692,0.357681
letter_intr,4693,0.383431
letter_intr,4694,0.399209
letter_intr,4695,0.421511
letter_intr,4696,0.367717
letter_intr,4697,0.396069
letter_intr,4698,0.377203
letter_intr,4699,0.455000
letter_intr,4700,0.345440
letter_intr,4701,0.460933
letter_intr,4702,0.376834
letter_intr,4703,0.363852
letter_intr,4704,0.389921
letter_intr,4705,0.432607
letter_intr,4706,0.461272
letter_intr,4707,0.451589
letter_intr,4708,0.416074
letter_intr,4709,0.470158
letter_intr,4710,0.384572
letter_intr,4711,0.467226
letter_intr,4712,0.407789
letter_intr,4713,0.414681
letter_intr,4714,0.416472
letter_intr,4715,0.437617
letter_intr,4716,0.452674
letter_intr,4717,0.447370
letter_intr,4718,0.388975
letter_intr,4719,0.506012
letter_intr,4720,0.338554
letter_intr,4721,0.452100
letter_intr,4722,0.381988
letter_intr,4723,0.381687
letter_intr,4724,0.403255
letter_intr,4725,0.348201
letter_intr,4726,0.407030
letter_intr,4727,0.381038
letter_intr,4728,0.389253
letter_intr,4729,0.393720
letter_intr,4730,0.432445
letter_intr,4731,0.398327
letter_intr,4732,0.365391
letter_intr,4733,0.371145
letter_intr,4734,0.385830
letter_intr,4735,0.397257
letter_intr,4736,0.413896
letter_intr,4737,0.413552
letter_intr,4738,0.371229
letter_intr,4739,0.394563
letter_intr,4740,0.387150
letter_intr,4741,0.373596
letter_intr,4742,0.387520
letter_intr,4743,0.337214
letter_intr,4744,0.345529
letter_intr,4745,0.458165
letter_intr,4746,0.351397
letter_intr,4747,0.392322
letter_intr,4748,0.358333
letter_intr,4749,0.425369
letter_intr,4750,0.397289
letter_intr,4751,0.334384
letter_intr,4752,0.474855
letter_intr,4753,0.415292
letter_intr,4754,0.412006
letter_intr,4755,0.456058
letter_intr,4756,0.467761
letter_intr,4757,0.428775
letter_intr,4758,0.462906
letter_intr,4759,0.344007
letter_intr,4760,0.389758
letter_intr,4761,0.391600
letter_intr,4762,0.400634
letter_intr,4763,0.392671
letter_intr,4764,0.425534
letter_intr,4765,0.356118
letter_intr,4766,0.358695
letter_intr,4767,0.375032
letter_intr,4768,0.455177
letter_intr,4769,0.441739
letter_intr,4770,0.348851
letter_intr,4771,0.333303
letter_intr,4772,0.436472
letter_intr,4773,0.371679
letter_intr,4774,0.476616
letter_intr,4775,0.431424
letter_intr,4776,0.367093
letter_intr,4777,0.393023
letter_intr,4778,0.401428
letter_intr,4779,0.401914
letter_intr,4780,0.439689
letter_intr,4781,0.383793
letter_intr,4782,0.363085
letter_intr,4783,0.435084
letter_intr,4784,0.351601
letter_intr,4785,0.441580
letter_intr,4786,0.353130
letter_intr,4787,0.406456
letter_intr,4788,0.395583
letter_intr,4789,0.422252
letter_intr,4790,0.403331
letter_intr,4791,0.385846
letter_intr,4792,0.369319
letter_intr,4793,0.445840
letter_intr,4794,0.419603
letter_intr,4795,0.360709
letter_intr,4796,0.386844
letter_intr,4797,0.387721
letter_intr,4798,0.439670
letter_intr,4799,0.353694
letter_intr,4800,0.402074
letter_intr,4801,0.354446
letter_intr,4802,0.436077
letter_intr,4803,0.358179
letter_intr,4804,0.438646
letter_intr,4805,0.375560
letter_intr,4806,0.404657
letter_intr,4807,0.370452
letter_intr,4808,0.381060
letter_intr,4809,0.375972
letter_intr,4810,0.472392
letter_intr,4811,0.508685
letter_intr,4812,0.374832
letter_intr,4813,0.456111
letter_intr,4814,0.381637
letter_intr,4815,0.375877
letter_intr,4816,0.384159
letter_intr,4817,0.406666
letter_intr,4818,0.410032
letter_intr,4819,0.469474
letter_intr,4820,0.394515
letter_intr,4821,0.349851
letter_intr,4822,0.453962
letter_intr,4823,0.376482
letter_intr,4824,0.338246
letter_intr,4825,0.415082
letter_intr,4826,0.422806
letter_intr,4827,0.359792
letter_intr,4828,0.430775
letter_intr,4829,0.436364
letter_intr,4830,0.406977
letter_intr,4831,0.380110
letter_intr,4832,0.460491
letter_intr,4833,0.373048
letter_intr,4834,0.438418
letter_intr,4835,0.390344
letter_intr,4836,0.438145
letter_intr,4837,0.364036
letter_intr,4838,0.401384
letter_intr,4839,0.361279
letter_intr,4840,0.399836
letter_intr,4841,0.392000
letter_intr,4842,0.394348
letter_intr,4843,0.400510
letter_intr,4844,0.347152
letter_intr,4845,0.436115
letter_intr,4846,0.382400
letter_intr,4847,0.423385
letter_intr,4848,0.436677
letter_intr,4849,0.445848
letter_intr,4850,0.348350
letter_intr,4851,0.415865
letter_intr,4852,0.384830
letter_intr,4853,0.396481
letter_intr,4854,0.405619
letter_intr,4855,0.426540
letter_intr,4856,0.375271
letter_intr,4857,0.367102
letter_intr,4858,0.331279
letter_intr,4859,0.358238
letter_intr,4860,0.384131
letter_intr,4861,0.390585
letter_intr,4862,0.375642
letter_intr,4863,0.377673
letter_intr,4864,0.394405
letter_intr,4865,0.355742
letter_intr,4866,0.454249
letter_intr,4867,0.415331
letter_intr,4868,0.428529
letter_intr,4869,0.377013
letter_intr,4870,0.385116
letter_intr,4871,0.440154
letter_intr,4872,0.353666
letter_intr,4873,0.378374
letter_intr,4874,0.342540
letter_intr,4875,0.446779
letter_intr,4876,0.398937
letter_intr,4877,0.419408
letter_intr,4878,0.412291
letter_intr,4879,0.374222
letter_intr,4880,0.330283
letter_intr,4881,0.400638
letter_intr,4882,0.343731
letter_intr,4883,0.310037
letter_intr,4884,0.464400
letter_intr,4885,0.369447
letter_intr,4886,0.456916
letter_intr,4887,0.418914
letter_intr,4888,0.343384
letter_intr,4889,0.455245
letter_intr,4890,0.306966
letter_intr,4891,0.477333
letter_intr,4892,0.335728
letter_intr,4893,0.406216
letter_intr,4894,0.401208
letter_intr,4895,0.316981
letter_intr,4896,0.385202
letter_intr,4897,0.473273
letter_intr,4898,0.370312
letter_intr,4899,0.440471
letter_intr,4900,0.365825
letter_intr,4901,0.413432
letter_intr,4902,0.408097
letter_intr,4903,0.433276
letter_intr,4904,0.385749
letter_intr,4905,0.400448
letter_intr,4906,0.392392
letter_intr,4907,0.397779
letter_intr,4908,0.388960
letter_intr,4909,0.416814
letter_intr,4910,0.393884
letter_intr,4911,0.491741
letter_intr,4912,0.322264
letter_intr,4913,0.403426
letter_intr,4914,0.425804
letter_intr,4915,0.406270
letter_intr,4916,0.386232
letter_intr,4917,0.368028
letter_intr,4918,0.399756
letter_intr,4919,0.404454
letter_intr,4920,0.443229
letter_intr,4921,0.413029
letter_intr,4922,0.359550
letter_intr,4923,0.420026
letter_intr,4924,0.361347
letter_intr,4925,0.391171
letter_intr,4926,0.380787
letter_intr,4927,0.447757
letter_intr,4928,0.385236
letter_intr,4929,0.429712
letter_intr,4930,0.365963
letter_intr,4931,0.374799
letter_intr,4932,0.386196
letter_intr,4933,0.413584
letter_intr,4934,0.387123
letter_intr,4935,0.392386
letter_intr,4936,0.384423
letter_intr,4937,0.366449
letter_intr,4938,0.460155
letter_intr,4939,0.417772
letter_intr,4940,0.384827
letter_intr,4941,0.387416
letter_intr,4942,0.444259
letter_intr,4943,0.316164
letter_intr,4944,0.368103
letter_intr,4945,0.467346
letter_intr,4946,0.370676
letter_intr,4947,0.429075
letter_intr,4948,0.381560
letter_intr,4949,0.364138
letter_intr,4950,0.387054
letter_intr,4951,0.408189
letter_intr,4952,0.340297
letter_intr,4953,0.389850
letter_intr,4954,0.415446
letter_intr,4955,0.428823
letter_intr,4956,0.366513
letter_intr,4957,0.433202
letter_intr,4958,0.373969
letter_intr,4959,0.393959
letter_intr,4960,0.402039
letter_intr,4961,0.452556
letter_intr,4962,0.435308
letter_intr,4963,0.399627
letter_intr,4964,0.408568
letter_intr,4965,0.411694
letter_intr,4966,0.388742
letter_intr,4967,0.480423
letter_intr,4968,0.385944
letter_intr,4969,0.392575
letter_intr,4970,0.437219
letter_intr,4971,0.358397
letter_intr,4972,0.426091
letter_intr,4973,0.353706
letter_intr,4974,0.387303
letter_intr,4975,0.442195
letter_intr,4976,0.333163
letter_intr,4977,0.444874
letter_intr,4978,0.476082
letter_intr,4979,0.386213
letter_intr,4980,0.396482
letter_intr,4981,0.401515
letter_intr,4982,0.463201
letter_intr,4983,0.416547
letter_intr,4984,0.379546
letter_intr,4985,0.325708
letter_intr,4986,0.505624
letter_intr,4987,0.471478
letter_intr,4988,0.381348
letter_intr,4989,0.403467
letter_intr,4990,0.402024
letter_intr,4991,0.413744
letter_intr,4992,0.404001
letter_intr,4993,0.347223
letter_intr,4994,0.382205
letter_intr,4995,0.421307
letter_intr,4996,0.382469
letter_intr,4997,0.499412
letter_intr,4998,0.345646
letter_intr,4999,0.395979
letter_intr,5000,0.345254
letter_intr,5001,0.355139
letter_intr,5002,0.408337
letter_intr,5003,0.423422
letter_intr,5004,0.469601
letter_intr,5005,0.455005
letter_intr,5006,0.409100
letter_intr,5007,0.369876
letter_intr,5008,0.434143
letter_intr,5009,0.397602
letter_intr,5010,0.407041
letter_intr,5011,0.403515
letter_intr,5012,0.406573
letter_intr,5013,0.387039
letter_intr,5014,0.374577
letter_intr,5015,0.388658
letter_intr,5016,0.427752
letter_intr,5017,0.328802
letter_intr,5018,0.470401
letter_intr,5019,0.368058
letter_intr,5020,0.457571
letter_intr,5021,0.294984
letter_intr,5022,0.365075
letter_intr,5023,0.361248
letter_intr,5024,0.403565
letter_intr,5025,0.390770
letter_intr,5026,0.442903
letter_intr,5027,0.431493
letter_intr,5028,0.430534
letter_intr,5029,0.335978
letter_intr,5030,0.444258
letter_intr,5031,0.322344
letter_intr,5032,0.437302
letter_intr,5033,0.344238
letter_intr,5034,0.321751
letter_intr,5035,0.356448
letter_intr,5036,0.435454
letter_intr,5037,0.348024
letter_intr,5038,0.385258
letter_intr,5039,0.432285
letter_intr,5040,0.320891
letter_intr,5041,0.431664
letter_intr,5042,0.346644
letter_intr,5043,0.358975
letter_intr,5044,0.412048
letter_intr,5045,0.344977
letter_intr,5046,0.363679
letter_intr,5047,0.430735
letter_intr,5048,0.443716
letter_intr,5049,0.363334
letter_intr,5050,0.400672
letter_intr,5051,0.488988
letter_intr,5052,0.368667
letter_intr,5053,0.438215
letter_intr,5054,0.350950
letter_intr,5055,0.375560
letter_intr,5056,0.462623
letter_intr,5057,0.363901
letter_intr,5058,0.368199
letter_intr,5059,0.396674
letter_intr,5060,0.348263
letter_intr,5061,0.394826
letter_intr,5062,0.398644
letter_intr,5063,0.414832
letter_intr,5064,0.412696
letter_intr,5065,0.381376
letter_intr,5066,0.379316
letter_intr,5067,0.410735
letter_intr,5068,0.392854
letter_intr,5069,0.446285
letter_intr,5070,0.366425
letter_intr,5071,0.419873
letter_intr,5072,0.379077
letter_intr,5073,0.456966
letter_intr,5074,0.372973
letter_intr,5075,0.315720
letter_intr,5076,0.385053
letter_intr,5077,0.424472
letter_intr,5078,0.427477
letter_intr,5079,0.393654
letter_intr,5080,0.380737
letter_intr,5081,0.410202
letter_intr,5082,0.389128
letter_intr,5083,0.422209
letter_intr,5084,0.427638
letter_intr,5085,0.434470
letter_intr,5086,0.498498
letter_intr,5087,0.394500
letter_intr,5088,0.350663
letter_intr,5089,0.402990
letter_intr,5090,0.379537
letter_intr,5091,0.365540
letter_intr,5092,0.332318
letter_intr,5093,0.416196
letter_intr,5094,0.318748
letter_intr,5095,0.341837
letter_intr,5096,0.391484
letter_intr,5097,0.393317
letter_intr,5098,0.413342
letter_intr,5099,0.397281
letter_intr,5100,0.461107
letter_intr,5101,0.334736
letter_intr,5102,0.429553
letter_intr,5103,0.427504
letter_intr,5104,0.424623
letter_intr,5105,0.368998
letter_intr,5106,0.406375
letter_intr,5107,0.401918
letter_intr,5108,0.397068
letter_intr,5109,0.397065
letter_intr,5110,0.392093
letter_intr,5111,0.441064
letter_intr,5112,0.407016
letter_intr,5113,0.426515
letter_intr,5114,0.412812
letter_intr,5115,0.435140
letter_intr,5116,0.436359
letter_intr,5117,0.409125
letter_intr,5118,0.399959
letter_intr,5119,0.357793
letter_intr,5120,0.351269
letter_intr,5121,0.395408
letter_intr,5122,0.438249
letter_intr,5123,0.377863
letter_intr,5124,0.505145
letter_intr,5125,0.353470
letter_intr,5126,0.495990
letter_intr,5127,0.359169
letter_intr,5128,0.362456
letter_intr,5129,0.352607
letter_intr,5130,0.487037
letter_intr,5131,0.335754
letter_intr,5132,0.480543
letter_intr,5133,0.483238
letter_intr,5134,0.388043
letter_intr,5135,0.401029
letter_intr,5136,0.399395
letter_intr,5137,0.362389
letter_intr,5138,0.431470
letter_intr,5139,0.391007
letter_intr,5140,0.401946
letter_intr,5141,0.339117
letter_intr,5142,0.402249
letter_intr,5143,0.409632
letter_intr,5144,0.482290
letter_intr,5145,0.463201
letter_intr,5146,0.335131
letter_intr,5147,0.349562
letter_intr,5148,0.393385
letter_intr,5149,0.352724
letter_intr,5150,0.442226
letter_intr,5151,0.366192
letter_intr,5152,0.373800
letter_intr,5153,0.428013
letter_intr,5154,0.460711
letter_intr,5155,0.411723
letter_intr,5156,0.321882
letter_intr,5157,0.384147
letter_intr,5158,0.411593
letter_intr,5159,0.350623
letter_intr,5160,0.418619
letter_intr,5161,0.439627
letter_intr,5162,0.356940
letter_intr,5163,0.385080
letter_intr,5164,0.421537
letter_intr,5165,0.434646
letter_intr,5166,0.378213
letter_intr,5167,0.398126
letter_intr,5168,0.425120
letter_intr,5169,0.422948
letter_intr,5170,0.397127
letter_intr,5171,0.324304
letter_intr,5172,0.373703
letter_intr,5173,0.378518
letter_intr,5174,0.373667
letter_intr,5175,0.376977
letter_intr,5176,0.385719
letter_intr,5177,0.495620
letter_intr,5178,0.383008
letter_intr,5179,0.391975
letter_intr,5180,0.310887
letter_intr,5181,0.470206
letter_intr,5182,0.416187
letter_intr,5183,0.402223
letter_intr,5184,0.398995
letter_intr,5185,0.354144
letter_intr,5186,0.408077
letter_intr,5187,0.477811
letter_intr,5188,0.421899
letter_intr,5189,0.437253
letter_intr,5190,0.405042
letter_intr,5191,0.424024
letter_intr,5192,0.393173
letter_intr,5193,0.404391
letter_intr,5194,0.420822
letter_intr,5195,0.404572
letter_intr,5196,0.428716
letter_intr,5197,0.421504
letter_intr,5198,0.403564
letter_intr,5199,0.348067
letter_intr,5200,0.314503
letter_intr,5201,0.452184
letter_intr,5202,0.429947
letter_intr,5203,0.355148
letter_intr,5204,0.391072
letter_intr,5205,0.483512
letter_intr,5206,0.412765
letter_intr,5207,0.389393
letter_intr,5208,0.398752
letter_intr,5209,0.434686
letter_intr,5210,0.382321
letter_intr,5211,0.458434
letter_intr,5212,0.343977
letter_intr,5213,0.380701
letter_intr,5214,0.402182
letter_intr,5215,0.363892
letter_intr,5216,0.428240
letter_intr,5217,0.374371
letter_intr,5218,0.342295
letter_intr,5219,0.396613
letter_intr,5220,0.369545
letter_intr,5221,0.456811
letter_intr,5222,0.399126
letter_intr,5223,0.392156
letter_intr,5224,0.417881
letter_intr,5225,0.386219
letter_intr,5226,0.367255
letter_intr,5227,0.418557
letter_intr,5228,0.429060
letter_intr,5229,0.388320
letter_intr,5230,0.431912
letter_intr,5231,0.367332
letter_intr,5232,0.429042
letter_intr,5233,0.430578
letter_intr,5234,0.354282
letter_intr,5235,0.397613
letter_intr,5236,0.399353
letter_intr,5237,0.348682
letter_intr,5238,0.461961
letter_intr,5239,0.361080
letter_intr,5240,0.501654
letter_intr,5241,0.451869
letter_intr,5242,0.423448
letter_intr,5243,0.400717
letter_intr,5244,0.445022
letter_intr,5245,0.420734
letter_intr,5246,0.429104
letter_intr,5247,0.429397
letter_intr,5248,0.442801
letter_intr,5249,0.375348
letter_intr,5250,0.353671
letter_intr,5251,0.394483
letter_intr,5252,0.367313
letter_intr,5253,0.353637
letter_intr,5254,0.400078
letter_intr,5255,0.387482
letter_intr,5256,0.377074
letter_intr,5257,0.425815
letter_intr,5258,0.408789
letter_intr,5259,0.324342
letter_intr,5260,0.379966
letter_intr,5261,0.427206
letter_intr,5262,0.423042
letter_intr,5263,0.392759
letter_intr,5264,0.367237
letter_intr,5265,0.362945
letter_intr,5266,0.428534
letter_intr,5267,0.405325
letter_intr,5268,0.386210
letter_intr,5269,0.400547
letter_intr,5270,0.371500
letter_intr,5271,0.416500
letter_intr,5272,0.319335
letter_intr,5273,0.404416
letter_intr,5274,0.376364
letter_intr,5275,0.435371
letter_intr,5276,0.382714
letter_intr,5277,0.363475
letter_intr,5278,0.418378
letter_intr,5279,0.372076
letter_intr,5280,0.394400
letter_intr,5281,0.420814
letter_intr,5282,0.366938
letter_intr,5283,0.436173
letter_intr,5284,0.390834
letter_intr,5285,0.379272
letter_intr,5286,0.397687
letter_intr,5287,0.417273
letter_intr,5288,0.469470
letter_intr,5289,0.447228
letter_intr,5290,0.356973
letter_intr,5291,0.420534
letter_intr,5292,0.395790
letter_intr,5293,0.363540
letter_intr,5294,0.328036
letter_intr,5295,0.352840
letter_intr,5296,0.454368
letter_intr,5297,0.374323
letter_intr,5298,0.391382
letter_intr,5299,0.415924
letter_intr,5300,0.428670
letter_intr,5301,0.412029
letter_intr,5302,0.465604
letter_intr,5303,0.419855
letter_intr,5304,0.379986
letter_intr,5305,0.383023
letter_intr,5306,0.474834
letter_intr,5307,0.324007
letter_intr,5308,0.389078
letter_intr,5309,0.340792
letter_intr,5310,0.379635
letter_intr,5311,0.459164
letter_intr,5312,0.417813
letter_intr,5313,0.408518
letter_intr,5314,0.346358
letter_intr,5315,0.374355
letter_intr,5316,0.337574
letter_intr,5317,0.388545
letter_intr,5318,0.379245
letter_intr,5319,0.348792
letter_intr,5320,0.374420
letter_intr,5321,0.391227
letter_intr,5322,0.399821
letter_intr,5323,0.426023
letter_intr,5324,0.370951
letter_intr,5325,0.398259
letter_intr,5326,0.460987
letter_intr,5327,0.355420
letter_intr,5328,0.429211
letter_intr,5329,0.396425
letter_intr,5330,0.422319
letter_intr,5331,0.361753
letter_intr,5332,0.432634
letter_intr,5333,0.338490
letter_intr,5334,0.425998
letter_intr,5335,0.333434
letter_intr,5336,0.429130
letter_intr,5337,0.411560
letter_intr,5338,0.447006
letter_intr,5339,0.329494
letter_intr,5340,0.380826
letter_intr,5341,0.418030
letter_intr,5342,0.378015
letter_intr,5343,0.380715
letter_intr,5344,0.385033
letter_intr,5345,0.416850
letter_intr,5346,0.432596
letter_intr,5347,0.482462
letter_intr,5348,0.360321
letter_intr,5349,0.397900
letter_intr,5350,0.399509
letter_intr,5351,0.392010
letter_intr,5352,0.450556
letter_intr,5353,0.433573
letter_intr,5354,0.355412
letter_intr,5355,0.428687
letter_intr,5356,0.363233
letter_intr,5357,0.409449
letter_intr,5358,0.368007
letter_intr,5359,0.297119
letter_intr,5360,0.360916
letter_intr,5361,0.386799
letter_intr,5362,0.416007
letter_intr,5363,0.420710
letter_intr,5364,0.394980
letter_intr,5365,0.403200
letter_intr,5366,0.415395
letter_intr,5367,0.454578
letter_intr,5368,0.401149
letter_intr,5369,0.428994
letter_intr,5370,0.458415
letter_intr,5371,0.279602
letter_intr,5372,0.498278
letter_intr,5373,0.421461
letter_intr,5374,0.404479
letter_intr,5375,0.422791
letter_intr,5376,0.423202
letter_intr,5377,0.367384
letter_intr,5378,0.392999
letter_intr,5379,0.365511
letter_intr,5380,0.397674
letter_intr,5381,0.418607
letter_intr,5382,0.350830
letter_intr,5383,0.398250
letter_intr,5384,0.411729
letter_intr,5385,0.367062
letter_intr,5386,0.374962
letter_intr,5387,0.364570
letter_intr,5388,0.369694
letter_intr,5389,0.383447
letter_intr,5390,0.381796
letter_intr,5391,0.424203
letter_intr,5392,0.387432
letter_intr,5393,0.471483
letter_intr,5394,0.398060
letter_intr,5395,0.375545
letter_intr,5396,0.412583
letter_intr,5397,0.346201
letter_intr,5398,0.437604
letter_intr,5399,0.436147
letter_intr,5400,0.359812
letter_intr,5401,0.436959
letter_intr,5402,0.353574
letter_intr,5403,0.426955
letter_intr,5404,0.408122
letter_intr,5405,0.444547
letter_intr,5406,0.360429
letter_intr,5407,0.401796
letter_intr,5408,0.447912
letter_intr,5409,0.360840
letter_intr,5410,0.419400
letter_intr,5411,0.393384
letter_intr,5412,0.496680
letter_intr,5413,0.410027
letter_intr,5414,0.380119
letter_intr,5415,0.350180
letter_intr,5416,0.389543
letter_intr,5417,0.428478
letter_intr,5418,0.388097
letter_intr,5419,0.393215
letter_intr,5420,0.405931
letter_intr,5421,0.462545
letter_intr,5422,0.437417
letter_intr,5423,0.365882
letter_intr,5424,0.434550
letter_intr,5425,0.369544
letter_intr,5426,0.393511
letter_intr,5427,0.367745
letter_intr,5428,0.394020
letter_intr,5429,0.421621
letter_intr,5430,0.427320
letter_intr,5431,0.384369
letter_intr,5432,0.401981
letter_intr,5433,0.380148
letter_intr,5434,0.367325
letter_intr,5435,0.432705
letter_intr,5436,0.400551
letter_intr,5437,0.419926
letter_intr,5438,0.357723
letter_intr,5439,0.394579
letter_intr,5440,0.394968
letter_intr,5441,0.397937
letter_intr,5442,0.326389
letter_intr,5443,0.423458
letter_intr,5444,0.414692
letter_intr,5445,0.301947
letter_intr,5446,0.407313
letter_intr,5447,0.367361
letter_intr,5448,0.394926
letter_intr,5449,0.368559
letter_intr,5450,0.403557
letter_intr,5451,0.367107
letter_intr,5452,0.371696
letter_intr,5453,0.452898
letter_intr,5454,0.460981
letter_intr,5455,0.367373
letter_intr,5456,0.437437
letter_intr,5457,0.413097
letter_intr,5458,0.417275
letter_intr,5459,0.365409
letter_intr,5460,0.370671
letter_intr,5461,0.386448
letter_intr,5462,0.424601
letter_intr,5463,0.366022
letter_intr,5464,0.385698
letter_intr,5465,0.399460
letter_intr,5466,0.384926
letter_intr,5467,0.424551
letter_intr,5468,0.408596
letter_intr,5469,0.383444
letter_intr,5470,0.371520
letter_intr,5471,0.419775
letter_intr,5472,0.389438
letter_intr,5473,0.357430
letter_intr,5474,0.410728
letter_intr,5475,0.383033
letter_intr,5476,0.428351
letter_intr,5477,0.404442
letter_intr,5478,0.341683
letter_intr,5479,0.357404
letter_intr,5480,0.377458
letter_intr,5481,0.379936
letter_intr,5482,0.371406
letter_intr,5483,0.405055
letter_intr,5484,0.386924
letter_intr,5485,0.498097
letter_intr,5486,0.437544
letter_intr,5487,0.321642
letter_intr,5488,0.464244
letter_intr,5489,0.343968
letter_intr,5490,0.435924
letter_intr,5491,0.441128
letter_intr,5492,0.434769
letter_intr,5493,0.347017
letter_intr,5494,0.362534
letter_intr,5495,0.405686
letter_intr,5496,0.415914
letter_intr,5497,0.462707
letter_intr,5498,0.440442
letter_intr,5499,0.372773
letter_intr,5500,0.349975
letter_intr,5501,0.379069
letter_intr,5502,0.373493
letter_intr,5503,0.343103
letter_intr,5504,0.504301
letter_intr,5505,0.416142
letter_intr,5506,0.372981
letter_intr,5507,0.400729
letter_intr,5508,0.441609
letter_intr,5509,0.309705
letter_intr,5510,0.405086
letter_intr,5511,0.413463
letter_intr,5512,0.436527
letter_intr,5513,0.473062
letter_intr,5514,0.325604
letter_intr,5515,0.417901
letter_intr,5516,0.441201
letter_intr,5517,0.337121
letter_intr,5518,0.402358
letter_intr,5519,0.412802
letter_intr,5520,0.379158
letter_intr,5521,0.407769
letter_intr,5522,0.419389
letter_intr,5523,0.371335
letter_intr,5524,0.435485
letter_intr,5525,0.311069
letter_intr,5526,0.367633
letter_intr,5527,0.371048
letter_intr,5528,0.491997
letter_intr,5529,0.456442
letter_intr,5530,0.362197
letter_intr,5531,0.411368
letter_intr,5532,0.387652
letter_intr,5533,0.459851
letter_intr,5534,0.354352
letter_intr,5535,0.475166
letter_intr,5536,0.390747
letter_intr,5537,0.464393
letter_intr,5538,0.318566
letter_intr,5539,0.334946
letter_intr,5540,0.451216
letter_intr,5541,0.428656
letter_intr,5542,0.409979
letter_intr,5543,0.374516
letter_intr,5544,0.378557
letter_intr,5545,0.373890
letter_intr,5546,0.415110
letter_intr,5547,0.344302
letter_intr,5548,0.425932
letter_intr,5549,0.340395
letter_intr,5550,0.463857
letter_intr,5551,0.383660
letter_intr,5552,0.377731
letter_intr,5553,0.394766
letter_intr,5554,0.409355
letter_intr,5555,0.353585
letter_intr,5556,0.485070
letter_intr,5557,0.456704
letter_intr,5558,0.450517
letter_intr,5559,0.485415
letter_intr,5560,0.425969
letter_intr,5561,0.397928
letter_intr,5562,0.438736
letter_intr,5563,0.427478
letter_intr,5564,0.404429
letter_intr,5565,0.394485
letter_intr,5566,0.441000
letter_intr,5567,0.383161
letter_intr,5568,0.323553
letter_intr,5569,0.320074
letter_intr,5570,0.399800
letter_intr,5571,0.393242
letter_intr,5572,0.469611
letter_intr,5573,0.402823
letter_intr,5574,0.294622
letter_intr,5575,0.464860
letter_intr,5576,0.421029
letter_intr,5577,0.454854
letter_intr,5578,0.394569
letter_intr,5579,0.428507
letter_intr,5580,0.388423
letter_intr,5581,0.402402
letter_intr,5582,0.333588
letter_intr,5583,0.391792
letter_intr,5584,0.431578
letter_intr,5585,0.334600
letter_intr,5586,0.393720
letter_intr,5587,0.348110
letter_intr,5588,0.405113
letter_intr,5589,0.361163
letter_intr,5590,0.401914
letter_intr,5591,0.433092
letter_intr,5592,0.414687
letter_intr,5593,0.494222
letter_intr,5594,0.417312
letter_intr,5595,0.411328
letter_intr,5596,0.369447
letter_intr,5597,0.463041
letter_intr,5598,0.389134
letter_intr,5599,0.425061
letter_intr,5600,0.393830
letter_intr,5601,0.312988
letter_intr,5602,0.358956
letter_intr,5603,0.463422
letter_intr,5604,0.361347
letter_intr,5605,0.320122
letter_intr,5606,0.477757
letter_intr,5607,0.470878
letter_intr,5608,0.402170
letter_intr,5609,0.401781
letter_intr,5610,0.388325
letter_intr,5611,0.428812
letter_intr,5612,0.350765
letter_intr,5613,0.463980
letter_intr,5614,0.467354
letter_intr,5615,0.401568
letter_intr,5616,0.482082
letter_intr,5617,0.348915
letter_intr,5618,0.344385
letter_intr,5619,0.360691
letter_intr,5620,0.407970
letter_intr,5621,0.331146
letter_intr,5622,0.459146
letter_intr,5623,0.356347
letter_intr,5624,0.428874
letter_intr,5625,0.357113
letter_intr,5626,0.411232
letter_intr,5627,0.379626
letter_intr,5628,0.391296
letter_intr,5629,0.392750
letter_intr,5630,0.384932
letter_intr,5631,0.424889
letter_intr,5632,0.373789
letter_intr,5633,0.444826
letter_intr,5634,0.350727
letter_intr,5635,0.402943
letter_intr,5636,0.361401
letter_intr,5637,0.438348
letter_intr,5638,0.338540
letter_intr,5639,0.419577
letter_intr,5640,0.475460
letter_intr,5641,0.376184
letter_intr,5642,0.380405
letter_intr,5643,0.304605
letter_intr,5644,0.404407
letter_intr,5645,0.392161
letter_intr,5646,0.405493
letter_intr,5647,0.402232
letter_intr,5648,0.398233
letter_intr,5649,0.385457
letter_intr,5650,0.357175
letter_intr,5651,0.347206
letter_intr,5652,0.395705
letter_intr,5653,0.436831
letter_intr,5654,0.426495
letter_intr,5655,0.378069
letter_intr,5656,0.364133
letter_intr,5657,0.414207
letter_intr,5658,0.374932
letter_intr,5659,0.428369
letter_intr,5660,0.407650
letter_intr,5661,0.389557
letter_intr,5662,0.396426
letter_intr,5663,0.445004
letter_intr,5664,0.411373
letter_intr,5665,0.396250
letter_intr,5666,0.336742
letter_intr,5667,0.438996
letter_intr,5668,0.375961
letter_intr,5669,0.414881
letter_intr,5670,0.402923
letter_intr,5671,0.401279
letter_intr,5672,0.431556
letter_intr,5673,0.399966
letter_intr,5674,0.397628
letter_intr,5675,0.356094
letter_intr,5676,0.468951
letter_intr,5677,0.383337
letter_intr,5678,0.465159
letter_intr,5679,0.324223
letter_intr,5680,0.361052
letter_intr,5681,0.376858
letter_intr,5682,0.395911
letter_intr,5683,0.441162
letter_intr,5684,0.384923
letter_intr,5685,0.398562
letter_intr,5686,0.397178
letter_intr,5687,0.356352
letter_intr,5688,0.450227
letter_intr,5689,0.414670
letter_intr,5690,0.379529
letter_intr,5691,0.384007
letter_intr,5692,0.450337
letter_intr,5693,0.353977
letter_intr,5694,0.343645
letter_intr,5695,0.386996
letter_intr,5696,0.427231
letter_intr,5697,0.415340
letter_intr,5698,0.398969
letter_intr,5699,0.496879
letter_intr,5700,0.430721
letter_intr,5701,0.390375
letter_intr,5702,0.347907
letter_intr,5703,0.413643
letter_intr,5704,0.367915
letter_intr,5705,0.365380
letter_intr,5706,0.460683
letter_intr,5707,0.325868
letter_intr,5708,0.453183
letter_intr,5709,0.437666
letter_intr,5710,0.466895
letter_intr,5711,0.378641
letter_intr,5712,0.425406
letter_intr,5713,0.427198
letter_intr,5714,0.402474
letter_intr,5715,0.392014
letter_intr,5716,0.361057
letter_intr,5717,0.426833
letter_intr,5718,0.349909
letter_intr,5719,0.384871
letter_intr,5720,0.383118
letter_intr,5721,0.375409
letter_intr,5722,0.382269
letter_intr,5723,0.378159
letter_intr,5724,0.453998
letter_intr,5725,0.445938
letter_intr,5726,0.359085
letter_intr,5727,0.490673
letter_intr,5728,0.372638
letter_intr,5729,0.343371
letter_intr,5730,0.426344
letter_intr,5731,0.395119
letter_intr,5732,0.395911
letter_intr,5733,0.366303
letter_intr,5734,0.355991
letter_intr,5735,0.296814
letter_intr,5736,0.339187
letter_intr,5737,0.481896
letter_intr,5738,0.401269
letter_intr,5739,0.400377
letter_intr,5740,0.431002
letter_intr,5741,0.396785
letter_intr,5742,0.395233
letter_intr,5743,0.440478
letter_intr,5744,0.402321
letter_intr,5745,0.405645
letter_intr,5746,0.433090
letter_intr,5747,0.310170
letter_intr,5748,0.415823
letter_intr,5749,0.372935
letter_intr,5750,0.365948
letter_intr,5751,0.432665
letter_intr,5752,0.332390
letter_intr,5753,0.462034
letter_intr,5754,0.394195
letter_intr,5755,0.350282
letter_intr,5756,0.411932
letter_intr,5757,0.419655
letter_intr,5758,0.379502
letter_intr,5759,0.404518
letter_intr,5760,0.378011
letter_intr,5761,0.432020
letter_intr,5762,0.425139
letter_intr,5763,0.420510
letter_intr,5764,0.401680
letter_intr,5765,0.387990
letter_intr,5766,0.418263
letter_intr,5767,0.382166
letter_intr,5768,0.468695
letter_intr,5769,0.366483
letter_intr,5770,0.358902
letter_intr,5771,0.332224
letter_intr,5772,0.347149
letter_intr,5773,0.418805
letter_intr,5774,0.349618
letter_intr,5775,0.447544
letter_intr,5776,0.443491
letter_intr,5777,0.377197
letter_intr,5778,0.366373
letter_intr,5779,0.386996
letter_intr,5780,0.428385
letter_intr,5781,0.433141
letter_intr,5782,0.352888
letter_intr,5783,0.464012
letter_intr,5784,0.468188
letter_intr,5785,0.385797
letter_intr,5786,0.456708
letter_intr,5787,0.381547
letter_intr,5788,0.404552
letter_intr,5789,0.312394
letter_intr,5790,0.460851
letter_intr,5791,0.330325
letter_intr,5792,0.371619
letter_intr,5793,0.385023
letter_intr,5794,0.420482
letter_intr,5795,0.361424
letter_intr,5796,0.398492
letter_intr,5797,0.419993
letter_intr,5798,0.416310
letter_intr,5799,0.360197
letter_intr,5800,0.380008
letter_intr,5801,0.384533
letter_intr,5802,0.395470
letter_intr,5803,0.387329
letter_intr,5804,0.401744
letter_intr,5805,0.341003
letter_intr,5806,0.455772
letter_intr,5807,0.364763
letter_intr,5808,0.342441
letter_intr,5809,0.389834
letter_intr,5810,0.404115
letter_intr,5811,0.341402
letter_intr,5812,0.377613
letter_intr,5813,0.326319
letter_intr,5814,0.413323
letter_intr,5815,0.430879
letter_intr,5816,0.357306
letter_intr,5817,0.406842
letter_intr,5818,0.384737
letter_intr,5819,0.400546
letter_intr,5820,0.327821
letter_intr,5821,0.365061
letter_intr,5822,0.348666
letter_intr,5823,0.381271
letter_intr,5824,0.382086
letter_intr,5825,0.382341
letter_intr,5826,0.397258
letter_intr,5827,0.363329
letter_intr,5828,0.409753
letter_intr,5829,0.358262
letter_intr,5830,0.460034
letter_intr,5831,0.403860
letter_intr,5832,0.344924
letter_intr,5833,0.494242
letter_intr,5834,0.353042
letter_intr,5835,0.427251
letter_intr,5836,0.374357
letter_intr,5837,0.425853
letter_intr,5838,0.386124
letter_intr,5839,0.408627
letter_intr,5840,0.401579
letter_intr,5841,0.456552
letter_intr,5842,0.394350
letter_intr,5843,0.379596
letter_intr,5844,0.362925
letter_intr,5845,0.378299
letter_intr,5846,0.398812
letter_intr,5847,0.401307
letter_intr,5848,0.299597
letter_intr,5849,0.425789
letter_intr,5850,0.381391
letter_intr,5851,0.389697
letter_intr,5852,0.366815
letter_intr,5853,0.472655
letter_intr,5854,0.440459
letter_intr,5855,0.372357
letter_intr,5856,0.371809
letter_intr,5857,0.441651
letter_intr,5858,0.358203
letter_intr,5859,0.465729
letter_intr,5860,0.334952
letter_intr,5861,0.393749
letter_intr,5862,0.398731
letter_intr,5863,0.428314
letter_intr,5864,0.393218
letter_intr,5865,0.387578
letter_intr,5866,0.403147
letter_intr,5867,0.407632
letter_intr,5868,0.381487
letter_intr,5869,0.347890
letter_intr,5870,0.332207
letter_intr,5871,0.367068
letter_intr,5872,0.493326
letter_intr,5873,0.413673
letter_intr,5874,0.434704
letter_intr,5875,0.334747
letter_intr,5876,0.492690
letter_intr,5877,0.462776
letter_intr,5878,0.451957
letter_intr,5879,0.389481
letter_intr,5880,0.438870
letter_intr,5881,0.325840
letter_intr,5882,0.396776
letter_intr,5883,0.414923
letter_intr,5884,0.347949
letter_intr,5885,0.366988
letter_intr,5886,0.402424
letter_intr,5887,0.401674
letter_intr,5888,0.427643
letter_intr,5889,0.424492
letter_intr,5890,0.417961
letter_intr,5891,0.392647
letter_intr,5892,0.352015
letter_intr,5893,0.410826
letter_intr,5894,0.408942
letter_intr,5895,0.420839
letter_intr,5896,0.348838
letter_intr,5897,0.403858
letter_intr,5898,0.405517
letter_intr,5899,0.362223
letter_intr,5900,0.430191
letter_intr,5901,0.453185
letter_intr,5902,0.344862
letter_intr,5903,0.411626
letter_intr,5904,0.443104
letter_intr,5905,0.424316
letter_intr,5906,0.479790
letter_intr,5907,0.421502
letter_intr,5908,0.434447
letter_intr,5909,0.395739
letter_intr,5910,0.471538
letter_intr,5911,0.332587
letter_intr,5912,0.385291
letter_intr,5913,0.370610
letter_intr,5914,0.426284
letter_intr,5915,0.395726
letter_intr,5916,0.361748
letter_intr,5917,0.369300
letter_intr,5918,0.394872
letter_intr,5919,0.414616
letter_intr,5920,0.408150
letter_intr,5921,0.394629
letter_intr,5922,0.443715
letter_intr,5923,0.405391
letter_intr,5924,0.329775
letter_intr,5925,0.366873
letter_intr,5926,0.481669
letter_intr,5927,0.358193
letter_intr,5928,0.438427
letter_intr,5929,0.405755
letter_intr,5930,0.347718
letter_intr,5931,0.455130
letter_intr,5932,0.284853
letter_intr,5933,0.434129
letter_intr,5934,0.347425
letter_intr,5935,0.368530
letter_intr,5936,0.422696
letter_intr,5937,0.398030
letter_intr,5938,0.396800
letter_intr,5939,0.361345
letter_intr,5940,0.395085
letter_intr,5941,0.344199
letter_intr,5942,0.473208
letter_intr,5943,0.369258
letter_intr,5944,0.436884
letter_intr,5945,0.350809
letter_intr,5946,0.404289
letter_intr,5947,0.441966
letter_intr,5948,0.428385
letter_intr,5949,0.375571
letter_intr,5950,0.453770
letter_intr,5951,0.412032
letter_intr,5952,0.356876
letter_intr,5953,0.394302
letter_intr,5954,0.325433
letter_intr,5955,0.372467
letter_intr,5956,0.410089
letter_intr,5957,0.473329
letter_intr,5958,0.330273
letter_intr,5959,0.395502
letter_intr,5960,0.389426
letter_intr,5961,0.422152
letter_intr,5962,0.418873
letter_intr,5963,0.499607
letter_intr,5964,0.409482
letter_intr,5965,0.407782
letter_intr,5966,0.496078
letter_intr,5967,0.360067
letter_intr,5968,0.443759
letter_intr,5969,0.420561
letter_intr,5970,0.431144
letter_intr,5971,0.359014
letter_intr,5972,0.404573
letter_intr,5973,0.426147
letter_intr,5974,0.401990
letter_intr,5975,0.456932
letter_intr,5976,0.362609
letter_intr,5977,0.516144
letter_intr,5978,0.436578
letter_intr,5979,0.418364
letter_intr,5980,0.455420
letter_intr,5981,0.399343
letter_intr,5982,0.379680
letter_intr,5983,0.444943
letter_intr,5984,0.341638
letter_intr,5985,0.347349
letter_intr,5986,0.415324
letter_intr,5987,0.466947
letter_intr,5988,0.359644
letter_intr,5989,0.415530
letter_intr,5990,0.398540
letter_intr,5991,0.446734
letter_intr,5992,0.380439
letter_intr,5993,0.363328
letter_intr,5994,0.448406
letter_intr,5995,0.482837
letter_intr,5996,0.398373
letter_intr,5997,0.396813
letter_intr,5998,0.497109
letter_intr,5999,0.381870
letter_intr,6000,0.409983
letter_intr,6001,0.434183
letter_intr,6002,0.366249
letter_intr,6003,0.410206
letter_intr,6004,0.415471
letter_intr,6005,0.447894
letter_intr,6006,0.416002
letter_intr,6007,0.394699
letter_intr,6008,0.419134
letter_intr,6009,0.458268
letter_intr,6010,0.326146
letter_intr,6011,0.434915
letter_intr,6012,0.367251
letter_intr,6013,0.332244
letter_intr,6014,0.414974
letter_intr,6015,0.398306
letter_intr,6016,0.446399
letter_intr,6017,0.324836
letter_intr,6018,0.445393
letter_intr,6019,0.313085
letter_intr,6020,0.369026
letter_intr,6021,0.465392
letter_intr,6022,0.349148
letter_intr,6023,0.305221
letter_intr,6024,0.368851
letter_intr,6025,0.330706
letter_intr,6026,0.481354
letter_intr,6027,0.387424
letter_intr,6028,0.380665
letter_intr,6029,0.345842
letter_intr,6030,0.379109
letter_intr,6031,0.396812
letter_intr,6032,0.355944
letter_intr,6033,0.425385
letter_intr,6034,0.360143
letter_intr,6035,0.378117
letter_intr,6036,0.409326
letter_intr,6037,0.371692
letter_intr,6038,0.440967
letter_intr,6039,0.401171
letter_intr,6040,0.364637
letter_intr,6041,0.401008
letter_intr,6042,0.374084
letter_intr,6043,0.372253
letter_intr,6044,0.395385
letter_intr,6045,0.399780
letter_intr,6046,0.371609
letter_intr,6047,0.407480
letter_intr,6048,0.378994
letter_intr,6049,0.406746
letter_intr,6050,0.392918
letter_intr,6051,0.418014
letter_intr,6052,0.402441
letter_intr,6053,0.426539
letter_intr,6054,0.357323
letter_intr,6055,0.346940
letter_intr,6056,0.368358
letter_intr,6057,0.349849
letter_intr,6058,0.364817
letter_intr,6059,0.365198
letter_intr,6060,0.431705
letter_intr,6061,0.382830
letter_intr,6062,0.435252
letter_intr,6063,0.424532
letter_intr,6064,0.372890
letter_intr,6065,0.439563
letter_intr,6066,0.382991
letter_intr,6067,0.355138
letter_intr,6068,0.399648
letter_intr,6069,0.423637
letter_intr,6070,0.387249
letter_intr,6071,0.390632
letter_intr,6072,0.404114
letter_intr,6073,0.334204
letter_intr,6074,0.403131
letter_intr,6075,0.412499
letter_intr,6076,0.434319
letter_intr,6077,0.392408
letter_intr,6078,0.420886
letter_intr,6079,0.327919
letter_intr,6080,0.374032
letter_intr,6081,0.469563
letter_intr,6082,0.411930
letter_intr,6083,0.472870
letter_intr,6084,0.413398
letter_intr,6085,0.319348
letter_intr,6086,0.420233
letter_intr,6087,0.433448
letter_intr,6088,0.436984
letter_intr,6089,0.376889
letter_intr,6090,0.404913
letter_intr,6091,0.373516
letter_intr,6092,0.378007
letter_intr,6093,0.414344
letter_intr,6094,0.471986
letter_intr,6095,0.423026
letter_intr,6096,0.457445
letter_intr,6097,0.521053
letter_intr,6098,0.422107
letter_intr,6099,0.373024
letter_intr,6100,0.400956
letter_intr,6101,0.406395
letter_intr,6102,0.422174
letter_intr,6103,0.354056
letter_intr,6104,0.433500
letter_intr,6105,0.427748
letter_intr,6106,0.354631
letter_intr,6107,0.463060
letter_intr,6108,0.376309
letter_intr,6109,0.372664
letter_intr,6110,0.375689
letter_intr,6111,0.360651
letter_intr,6112,0.362346
letter_intr,6113,0.389287
letter_intr,6114,0.361301
letter_intr,6115,0.363829
letter_intr,6116,0.417268
letter_intr,6117,0.358334
letter_intr,6118,0.434263
letter_intr,6119,0.337209
letter_intr,6120,0.343127
letter_intr,6121,0.344748
letter_intr,6122,0.407249
letter_intr,6123,0.445464
letter_intr,6124,0.376948
letter_intr,6125,0.424106
letter_intr,6126,0.385349
letter_intr,6127,0.460578
letter_intr,6128,0.407187
letter_intr,6129,0.369030
letter_intr,6130,0.439226
letter_intr,6131,0.405202
letter_intr,6132,0.394653
letter_intr,6133,0.462261
letter_intr,6134,0.358198
letter_intr,6135,0.354316
letter_intr,6136,0.396168
letter_intr,6137,0.437462
letter_intr,6138,0.386545
letter_intr,6139,0.394969
letter_intr,6140,0.400744
letter_intr,6141,0.360657
letter_intr,6142,0.344292
letter_intr,6143,0.466943
letter_intr,6144,0.329820
letter_intr,6145,0.420679
letter_intr,6146,0.341814
letter_intr,6147,0.453227
letter_intr,6148,0.339227
letter_intr,6149,0.389240
letter_intr,6150,0.463601
letter_intr,6151,0.371927
letter_intr,6152,0.422673
letter_intr,6153,0.431356
letter_intr,6154,0.429026
letter_intr,6155,0.356125
letter_intr,6156,0.368908
letter_intr,6157,0.398149
letter_intr,6158,0.348877
letter_intr,6159,0.395542
letter_intr,6160,0.410540
letter_intr,6161,0.408739
letter_intr,6162,0.410521
letter_intr,6163,0.402445
letter_intr,6164,0.430369
letter_intr,6165,0.359077
letter_intr,6166,0.396690
letter_intr,6167,0.383078
letter_intr,6168,0.409966
letter_intr,6169,0.432481
letter_intr,6170,0.354454
letter_intr,6171,0.430260
letter_intr,6172,0.438447
letter_intr,6173,0.419127
letter_intr,6174,0.392788
letter_intr,6175,0.342274
letter_intr,6176,0.422999
letter_intr,6177,0.349775
letter_intr,6178,0.437136
letter_intr,6179,0.394054
letter_intr,6180,0.401337
letter_intr,6181,0.436416
letter_intr,6182,0.383317
letter_intr,6183,0.442390
letter_intr,6184,0.431127
letter_intr,6185,0.403074
letter_intr,6186,0.283744
letter_intr,6187,0.448325
letter_intr,6188,0.416398
letter_intr,6189,0.410826
letter_intr,6190,0.372868
letter_intr,6191,0.465711
letter_intr,6192,0.428549
letter_intr,6193,0.332024
letter_intr,6194,0.378621
letter_intr,6195,0.376131
letter_intr,6196,0.416604
letter_intr,6197,0.389438
letter_intr,6198,0.401732
letter_intr,6199,0.326847
letter_intr,6200,0.439645
letter_intr,6201,0.365920
letter_intr,6202,0.475247
letter_intr,6203,0.462827
letter_intr,6204,0.459939
letter_intr,6205,0.428635
letter_intr,6206,0.500309
letter_intr,6207,0.356956
letter_intr,6208,0.422545
letter_intr,6209,0.422942
letter_intr,6210,0.430631
letter_intr,6211,0.468538
letter_intr,6212,0.343244
letter_intr,6213,0.470110
letter_intr,6214,0.362100
letter_intr,6215,0.369253
letter_intr,6216,0.371138
letter_intr,6217,0.413230
letter_intr,6218,0.393027
letter_intr,6219,0.485211
letter_intr,6220,0.416282
letter_intr,6221,0.370239
letter_intr,6222,0.378148
letter_intr,6223,0.415021
letter_intr,6224,0.447613
letter_intr,6225,0.415591
letter_intr,6226,0.367076
letter_intr,6227,0.397235
letter_intr,6228,0.413351
letter_intr,6229,0.411022
letter_intr,6230,0.435498
letter_intr,6231,0.363283
letter_intr,6232,0.349278
letter_intr,6233,0.449435
letter_intr,6234,0.433523
letter_intr,6235,0.408814
letter_intr,6236,0.449920
letter_intr,6237,0.344571
letter_intr,6238,0.450303
letter_intr,6239,0.373544
letter_intr,6240,0.451568
letter_intr,6241,0.396509
letter_intr,6242,0.331844
letter_intr,6243,0.418551
letter_intr,6244,0.435585
letter_intr,6245,0.444480
letter_intr,6246,0.369566
letter_intr,6247,0.407221
letter_intr,6248,0.425942
letter_intr,6249,0.393492
letter_intr,6250,0.394900
letter_intr,6251,0.395246
letter_intr,6252,0.396136
letter_intr,6253,0.412276
letter_intr,6254,0.404697
letter_intr,6255,0.410228
letter_intr,6256,0.402509
letter_intr,6257,0.405046
letter_intr,6258,0.417300
letter_intr,6259,0.419087
letter_intr,6260,0.361959
letter_intr,6261,0.424832
letter_intr,6262,0.385562
letter_intr,6263,0.355969
letter_intr,6264,0.399603
letter_intr,6265,0.417162
letter_intr,6266,0.453894
letter_intr,6267,0.392792
letter_intr,6268,0.402065
letter_intr,6269,0.447780
letter_intr,6270,0.328987
letter_intr,6271,0.396845
letter_intr,6272,0.332187
letter_intr,6273,0.354210
letter_intr,6274,0.413855
letter_intr,6275,0.377266
letter_intr,6276,0.381860
letter_intr,6277,0.427874
letter_intr,6278,0.387282
letter_intr,6279,0.418097
letter_intr,6280,0.394448
letter_intr,6281,0.362960
letter_intr,6282,0.394414
letter_intr,6283,0.475869
letter_intr,6284,0.294776
letter_intr,6285,0.423057
letter_intr,6286,0.377792
letter_intr,6287,0.436859
letter_intr,6288,0.394406
letter_intr,6289,0.470035
letter_intr,6290,0.282678
letter_intr,6291,0.410888
letter_intr,6292,0.400307
letter_intr,6293,0.364761
letter_intr,6294,0.450165
letter_intr,6295,0.477681
letter_intr,6296,0.342316
letter_intr,6297,0.350627
letter_intr,6298,0.424067
letter_intr,6299,0.385449
letter_intr,6300,0.449124
letter_intr,6301,0.383769
letter_intr,6302,0.356144
letter_intr,6303,0.459315
letter_intr,6304,0.387582
letter_intr,6305,0.463356
letter_intr,6306,0.351728
letter_intr,6307,0.434605
letter_intr,6308,0.374942
letter_intr,6309,0.400987
letter_intr,6310,0.337931
letter_intr,6311,0.506784
letter_intr,6312,0.320975
letter_intr,6313,0.367743
letter_intr,6314,0.410727
letter_intr,6315,0.425752
letter_intr,6316,0.464934
letter_intr,6317,0.335827
letter_intr,6318,0.446066
letter_intr,6319,0.348425
letter_intr,6320,0.454050
letter_intr,6321,0.435810
letter_intr,6322,0.448140
letter_intr,6323,0.383480
letter_intr,6324,0.392357
letter_intr,6325,0.340071
letter_intr,6326,0.402258
letter_intr,6327,0.436477
letter_intr,6328,0.358004
letter_intr,6329,0.517552
letter_intr,6330,0.366234
letter_intr,6331,0.368474
letter_intr,6332,0.483600
letter_intr,6333,0.435342
letter_intr,6334,0.391614
letter_intr,6335,0.321095
letter_intr,6336,0.394952
letter_intr,6337,0.482363
letter_intr,6338,0.423032
letter_intr,6339,0.325200
letter_intr,6340,0.428171
letter_intr,6341,0.367132
letter_intr,6342,0.431459
letter_intr,6343,0.416438
letter_intr,6344,0.373299
letter_intr,6345,0.428875
letter_intr,6346,0.347887
letter_intr,6347,0.374913
letter_intr,6348,0.400530
letter_intr,6349,0.351115
letter_intr,6350,0.360601
letter_intr,6351,0.394614
letter_intr,6352,0.358029
letter_intr,6353,0.409382
letter_intr,6354,0.369894
letter_intr,6355,0.378512
letter_intr,6356,0.337117
letter_intr,6357,0.287080
letter_intr,6358,0.410622
letter_intr,6359,0.405573
letter_intr,6360,0.475744
letter_intr,6361,0.380063
letter_intr,6362,0.395410
letter_intr,6363,0.393269
letter_intr,6364,0.437837
letter_intr,6365,0.397075
letter_intr,6366,0.421310
letter_intr,6367,0.384482
letter_intr,6368,0.423163
letter_intr,6369,0.318481
letter_intr,6370,0.425157
letter_intr,6371,0.421472
letter_intr,6372,0.337589
letter_intr,6373,0.416150
letter_intr,6374,0.413721
letter_intr,6375,0.392263
letter_intr,6376,0.397550
letter_intr,6377,0.407669
letter_intr,6378,0.355117
letter_intr,6379,0.458913
letter_intr,6380,0.355022
letter_intr,6381,0.422058
letter_intr,6382,0.444357
letter_intr,6383,0.405260
letter_intr,6384,0.390242
letter_intr,6385,0.433955
letter_intr,6386,0.456787
letter_intr,6387,0.420712
letter_intr,6388,0.337755
letter_intr,6389,0.397104
letter_intr,6390,0.433620
letter_intr,6391,0.385328
letter_intr,6392,0.370412
letter_intr,6393,0.447435
letter_intr,6394,0.410232
letter_intr,6395,0.387297
letter_intr,6396,0.392874
letter_intr,6397,0.430434
letter_intr,6398,0.354505
letter_intr,6399,0.426122
letter_intr,6400,0.372188
letter_intr,6401,0.381620
letter_intr,6402,0.464163
letter_intr,6403,0.464001
letter_intr,6404,0.415067
letter_intr,6405,0.374882
letter_intr,6406,0.438006
letter_intr,6407,0.400845
letter_intr,6408,0.391559
letter_intr,6409,0.472880
letter_intr,6410,0.424798
letter_intr,6411,0.407855
letter_intr,6412,0.385858
letter_intr,6413,0.476659
letter_intr,6414,0.378858
letter_intr,6415,0.372386
letter_intr,6416,0.392325
letter_intr,6417,0.419592
letter_intr,6418,0.375928
letter_intr,6419,0.411652
letter_intr,6420,0.397392
letter_intr,6421,0.355106
letter_intr,6422,0.388527
letter_intr,6423,0.384120
letter_intr,6424,0.362543
letter_intr,6425,0.388832
letter_intr,6426,0.349246
letter_intr,6427,0.421439
letter_intr,6428,0.436498
letter_intr,6429,0.400390
letter_intr,6430,0.385223
letter_intr,6431,0.366120
letter_intr,6432,0.493936
letter_intr,6433,0.364024
letter_intr,6434,0.453107
letter_intr,6435,0.463438
letter_intr,6436,0.479496
letter_intr,6437,0.412643
letter_intr,6438,0.409738
letter_intr,6439,0.380982
letter_intr,6440,0.496859
letter_intr,6441,0.432489
letter_intr,6442,0.503203
letter_intr,6443,0.490185
letter_intr,6444,0.350752
letter_intr,6445,0.413749
letter_intr,6446,0.430537
letter_intr,6447,0.392344
letter_intr,6448,0.479733
letter_intr,6449,0.446792
letter_intr,6450,0.378202
letter_intr,6451,0.389287
letter_intr,6452,0.467754
letter_intr,6453,0.419329
letter_intr,6454,0.371870
letter_intr,6455,0.419033
letter_intr,6456,0.390481
letter_intr,6457,0.399012
letter_intr,6458,0.401006
letter_intr,6459,0.434989
letter_intr,6460,0.453090
letter_intr,6461,0.464518
letter_intr,6462,0.349321
letter_intr,6463,0.417758
letter_intr,6464,0.427606
letter_intr,6465,0.409370
letter_intr,6466,0.476553
letter_intr,6467,0.297929
letter_intr,6468,0.457741
letter_intr,6469,0.336048
letter_intr,6470,0.423437
letter_intr,6471,0.370628
letter_intr,6472,0.391321
letter_intr,6473,0.446434
letter_intr,6474,0.370710
letter_intr,6475,0.433823
letter_intr,6476,0.361950
letter_intr,6477,0.388731
letter_intr,6478,0.455476
letter_intr,6479,0.398955
letter_intr,6480,0.492376
letter_intr,6481,0.464423
letter_intr,6482,0.337470
letter_intr,6483,0.407543
letter_intr,6484,0.383156
letter_intr,6485,0.379373
letter_intr,6486,0.335621
letter_intr,6487,0.429441
letter_intr,6488,0.422909
letter_intr,6489,0.378729
letter_intr,6490,0.464145
letter_intr,6491,0.392999
letter_intr,6492,0.397103
letter_intr,6493,0.348185
letter_intr,6494,0.379426
letter_intr,6495,0.331785
letter_intr,6496,0.405585
letter_intr,6497,0.498988
letter_intr,6498,0.385599
letter_intr,6499,0.424579
letter_intr,6500,0.429356
letter_intr,6501,0.461759
letter_intr,6502,0.366058
letter_intr,6503,0.415277
letter_intr,6504,0.397021
letter_intr,6505,0.390657
letter_intr,6506,0.480101
letter_intr,6507,0.364423
letter_intr,6508,0.383185
letter_intr,6509,0.296724
letter_intr,6510,0.423230
letter_intr,6511,0.365441
letter_intr,6512,0.436918
letter_intr,6513,0.349939
letter_intr,6514,0.370801
letter_intr,6515,0.462775
letter_intr,6516,0.367817
letter_intr,6517,0.367714
letter_intr,6518,0.355478
letter_intr,6519,0.435368
letter_intr,6520,0.401982
letter_intr,6521,0.385676
letter_intr,6522,0.466412
letter_intr,6523,0.438950
letter_intr,6524,0.408387
letter_intr,6525,0.371461
letter_intr,6526,0.391926
letter_intr,6527,0.367850
letter_intr,6528,0.499823
letter_intr,6529,0.384055
letter_intr,6530,0.539357
letter_intr,6531,0.379024
letter_intr,6532,0.394855
letter_intr,6533,0.494404
letter_intr,6534,0.357539
letter_intr,6535,0.453065
letter_intr,6536,0.378839
letter_intr,6537,0.461933
letter_intr,6538,0.334354
letter_intr,6539,0.519874
letter_intr,6540,0.335174
letter_intr,6541,0.428543
letter_intr,6542,0.345078
letter_intr,6543,0.354441
letter_intr,6544,0.455035
letter_intr,6545,0.428646
letter_intr,6546,0.364575
letter_intr,6547,0.429254
letter_intr,6548,0.393487
letter_intr,6549,0.368215
letter_intr,6550,0.470338
letter_intr,6551,0.352854
letter_intr,6552,0.374756
letter_intr,6553,0.451778
letter_intr,6554,0.427207
letter_intr,6555,0.395607
letter_intr,6556,0.427594
letter_intr,6557,0.407516
letter_intr,6558,0.444585
letter_intr,6559,0.458489
letter_intr,6560,0.345550
letter_intr,6561,0.437749
letter_intr,6562,0.446605
letter_intr,6563,0.385488
letter_intr,6564,0.370944
letter_intr,6565,0.375236
letter_intr,6566,0.422387
letter_intr,6567,0.415807
letter_intr,6568,0.389604
letter_intr,6569,0.361717
letter_intr,6570,0.405079
letter_intr,6571,0.374066
letter_intr,6572,0.365359
letter_intr,6573,0.368689
letter_intr,6574,0.444307
letter_intr,6575,0.326653
letter_intr,6576,0.435678
letter_intr,6577,0.407837
letter_intr,6578,0.353198
letter_intr,6579,0.398668
letter_intr,6580,0.457197
letter_intr,6581,0.393448
letter_intr,6582,0.350358
letter_intr,6583,0.443292
letter_intr,6584,0.338960
letter_intr,6585,0.335752
letter_intr,6586,0.383012
letter_intr,6587,0.412884
letter_intr,6588,0.445756
letter_intr,6589,0.334120
letter_intr,6590,0.343610
letter_intr,6591,0.554019
letter_intr,6592,0.422342
letter_intr,6593,0.384280
letter_intr,6594,0.387945
letter_intr,6595,0.421832
letter_intr,6596,0.426725
letter_intr,6597,0.357270
letter_intr,6598,0.286584
letter_intr,6599,0.460939
letter_intr,6600,0.363373
letter_intr,6601,0.406020
letter_intr,6602,0.423065
letter_intr,6603,0.388734
letter_intr,6604,0.481179
letter_intr,6605,0.388097
letter_intr,6606,0.466927
letter_intr,6607,0.352980
letter_intr,6608,0.455464
letter_intr,6609,0.379597
letter_intr,6610,0.384566
letter_intr,6611,0.424616
letter_intr,6612,0.400492
letter_intr,6613,0.415512
letter_intr,6614,0.427077
letter_intr,6615,0.444921
letter_intr,6616,0.365542
letter_intr,6617,0.418808
letter_intr,6618,0.401784
letter_intr,6619,0.396014
letter_intr,6620,0.406997
letter_intr,6621,0.379729
letter_intr,6622,0.417580
letter_intr,6623,0.415362
letter_intr,6624,0.351196
letter_intr,6625,0.397400
letter_intr,6626,0.367020
letter_intr,6627,0.498544
letter_intr,6628,0.418776
letter_intr,6629,0.381271
letter_intr,6630,0.418995
letter_intr,6631,0.361038
letter_intr,6632,0.388611
letter_intr,6633,0.341744
letter_intr,6634,0.386452
letter_intr,6635,0.414613
letter_intr,6636,0.380770
letter_intr,6637,0.429763
letter_intr,6638,0.335305
letter_intr,6639,0.401870
letter_intr,6640,0.344687
letter_intr,6641,0.459889
letter_intr,6642,0.338530
letter_intr,6643,0.437731
letter_intr,6644,0.367998
letter_intr,6645,0.357614
letter_intr,6646,0.462231
letter_intr,6647,0.403036
letter_intr,6648,0.356780
letter_intr,6649,0.440855
letter_intr,6650,0.368166
letter_intr,6651,0.386202
letter_intr,6652,0.411360
letter_intr,6653,0.340390
letter_intr,6654,0.455606
letter_intr,6655,0.382880
letter_intr,6656,0.422513
letter_intr,6657,0.432005
letter_intr,6658,0.355445
letter_intr,6659,0.370268
letter_intr,6660,0.365173
letter_intr,6661,0.430935
letter_intr,6662,0.375284
letter_intr,6663,0.381540
letter_intr,6664,0.462661
letter_intr,6665,0.412147
letter_intr,6666,0.383937
letter_intr,6667,0.392285
letter_intr,6668,0.461689
letter_intr,6669,0.420535
letter_intr,6670,0.392363
letter_intr,6671,0.423148
letter_intr,6672,0.421234
letter_intr,6673,0.420416
letter_intr,6674,0.368475
letter_intr,6675,0.375400
letter_intr,6676,0.443689
letter_intr,6677,0.353246
letter_intr,6678,0.395028
letter_intr,6679,0.385858
letter_intr,6680,0.416010
letter_intr,6681,0.409085
letter_intr,6682,0.370008
letter_intr,6683,0.381901
letter_intr,6684,0.410330
letter_intr,6685,0.344975
letter_intr,6686,0.469971
letter_intr,6687,0.407814
letter_intr,6688,0.418162
letter_intr,6689,0.444070
letter_intr,6690,0.394405
letter_intr,6691,0.370420
letter_intr,6692,0.434380
letter_intr,6693,0.394522
letter_intr,6694,0.411932
letter_intr,6695,0.379039
letter_intr,6696,0.381954
letter_intr,6697,0.413960
letter_intr,6698,0.402455
letter_intr,6699,0.375626
letter_intr,6700,0.434582
letter_intr,6701,0.390575
letter_intr,6702,0.416197
letter_intr,6703,0.441024
letter_intr,6704,0.350039
letter_intr,6705,0.408074
letter_intr,6706,0.354539
letter_intr,6707,0.335636
letter_intr,6708,0.343340
letter_intr,6709,0.479166
letter_intr,6710,0.313830
letter_intr,6711,0.362093
letter_intr,6712,0.361326
letter_intr,6713,0.440941
letter_intr,6714,0.334889
letter_intr,6715,0.373289
letter_intr,6716,0.414433
letter_intr,6717,0.407988
letter_intr,6718,0.468341
letter_intr,6719,0.414400
letter_intr,6720,0.383875
letter_intr,6721,0.461715
letter_intr,6722,0.352505
letter_intr,6723,0.400449
letter_intr,6724,0.397182
letter_intr,6725,0.419225
letter_intr,6726,0.399398
letter_intr,6727,0.379245
letter_intr,6728,0.398688
letter_intr,6729,0.452084
letter_intr,6730,0.418132
letter_intr,6731,0.459549
letter_intr,6732,0.394612
letter_intr,6733,0.428708
letter_intr,6734,0.419613
letter_intr,6735,0.394529
letter_intr,6736,0.415052
letter_intr,6737,0.357204
letter_intr,6738,0.378792
letter_intr,6739,0.490038
letter_intr,6740,0.421166
letter_intr,6741,0.322203
letter_intr,6742,0.477551
letter_intr,6743,0.341346
letter_intr,6744,0.374998
letter_intr,6745,0.361379
letter_intr,6746,0.458051
letter_intr,6747,0.381505
letter_intr,6748,0.378672
letter_intr,6749,0.357117
letter_intr,6750,0.422732
letter_intr,6751,0.380715
letter_intr,6752,0.429526
letter_intr,6753,0.395875
letter_intr,6754,0.364704
letter_intr,6755,0.430136
letter_intr,6756,0.333809
letter_intr,6757,0.390330
letter_intr,6758,0.361258
letter_intr,6759,0.359055
letter_intr,6760,0.431533
letter_intr,6761,0.387183
letter_intr,6762,0.417004
letter_intr,6763,0.356241
letter_intr,6764,0.420097
letter_intr,6765,0.395688
letter_intr,6766,0.334819
letter_intr,6767,0.433513
letter_intr,6768,0.352851
letter_intr,6769,0.377634
letter_intr,6770,0.397847
letter_intr,6771,0.412158
letter_intr,6772,0.425820
letter_intr,6773,0.364155
letter_intr,6774,0.414634
letter_intr,6775,0.408281
letter_intr,6776,0.431492
letter_intr,6777,0.411172
letter_intr,6778,0.440580
letter_intr,6779,0.394609
letter_intr,6780,0.469364
letter_intr,6781,0.494004
letter_intr,6782,0.409400
letter_intr,6783,0.499188
letter_intr,6784,0.341381
letter_intr,6785,0.426127
letter_intr,6786,0.335847
letter_intr,6787,0.354516
letter_intr,6788,0.347664
letter_intr,6789,0.413723
letter_intr,6790,0.463766
letter_intr,6791,0.385113
letter_intr,6792,0.435318
letter_intr,6793,0.375108
letter_intr,6794,0.418333
letter_intr,6795,0.383419
letter_intr,6796,0.424784
letter_intr,6797,0.384247
letter_intr,6798,0.394583
letter_intr,6799,0.435553
letter_intr,6800,0.391237
letter_intr,6801,0.457158
letter_intr,6802,0.421870
letter_intr,6803,0.383291
letter_intr,6804,0.394289
letter_intr,6805,0.395222
letter_intr,6806,0.424782
letter_intr,6807,0.411627
letter_intr,6808,0.404622
letter_intr,6809,0.410434
letter_intr,6810,0.428230
letter_intr,6811,0.420335
letter_intr,6812,0.421439
letter_intr,6813,0.389409
letter_intr,6814,0.394030
letter_intr,6815,0.398954
letter_intr,6816,0.441693
letter_intr,6817,0.466776
letter_intr,6818,0.396044
letter_intr,6819,0.464918
letter_intr,6820,0.398978
letter_intr,6821,0.411748
letter_intr,6822,0.355423
letter_intr,6823,0.369769
letter_intr,6824,0.464615
letter_intr,6825,0.361516
letter_intr,6826,0.426380
letter_intr,6827,0.409493
letter_intr,6828,0.411249
letter_intr,6829,0.364298
letter_intr,6830,0.450052
letter_intr,6831,0.394485
letter_intr,6832,0.418630
letter_intr,6833,0.440593
letter_intr,6834,0.420627
letter_intr,6835,0.357381
letter_intr,6836,0.437020
letter_intr,6837,0.365676
letter_intr,6838,0.319649
letter_intr,6839,0.411486
letter_intr,6840,0.343334
letter_intr,6841,0.396647
letter_intr,6842,0.356676
letter_intr,6843,0.403683
letter_intr,6844,0.354252
letter_intr,6845,0.385562
letter_intr,6846,0.420718
letter_intr,6847,0.371248
letter_intr,6848,0.414767
letter_intr,6849,0.453128
letter_intr,6850,0.414582
letter_intr,6851,0.384882
letter_intr,6852,0.368360
letter_intr,6853,0.376803
letter_intr,6854,0.334077
letter_intr,6855,0.323592
letter_intr,6856,0.337118
letter_intr,6857,0.449140
letter_intr,6858,0.346145
letter_intr,6859,0.455361
letter_intr,6860,0.314985
letter_intr,6861,0.422376
letter_intr,6862,0.389736
letter_intr,6863,0.419838
letter_intr,6864,0.426361
letter_intr,6865,0.354879
letter_intr,6866,0.432419
letter_intr,6867,0.405300
letter_intr,6868,0.393002
letter_intr,6869,0.361143
letter_intr,6870,0.387970
letter_intr,6871,0.431919
letter_intr,6872,0.422906
letter_intr,6873,0.362353
letter_intr,6874,0.354947
letter_intr,6875,0.370511
letter_intr,6876,0.406870
letter_intr,6877,0.368628
letter_intr,6878,0.423347
letter_intr,6879,0.383253
letter_intr,6880,0.400072
letter_intr,6881,0.431161
letter_intr,6882,0.383730
letter_intr,6883,0.397229
letter_intr,6884,0.385928
letter_intr,6885,0.369355
letter_intr,6886,0.360976
letter_intr,6887,0.427661
letter_intr,6888,0.439037
letter_intr,6889,0.420973
letter_intr,6890,0.445735
letter_intr,6891,0.421476
letter_intr,6892,0.372966
letter_intr,6893,0.336584
letter_intr,6894,0.449816
letter_intr,6895,0.489896
letter_intr,6896,0.459328
letter_intr,6897,0.431097
letter_intr,6898,0.387791
letter_intr,6899,0.425819
letter_intr,6900,0.396945
letter_intr,6901,0.405376
letter_intr,6902,0.378733
letter_intr,6903,0.398026
letter_intr,6904,0.385516
letter_intr,6905,0.464425
letter_intr,6906,0.388524
letter_intr,6907,0.393177
letter_intr,6908,0.400533
letter_intr,6909,0.422003
letter_intr,6910,0.301347
letter_intr,6911,0.438134
letter_intr,6912,0.348067
letter_intr,6913,0.346300
letter_intr,6914,0.391292
letter_intr,6915,0.468700
letter_intr,6916,0.461088
letter_intr,6917,0.371205
letter_intr,6918,0.393660
letter_intr,6919,0.393076
letter_intr,6920,0.382944
letter_intr,6921,0.371025
letter_intr,6922,0.416687
letter_intr,6923,0.385908
letter_intr,6924,0.435160
letter_intr,6925,0.425701
letter_intr,6926,0.415795
letter_intr,6927,0.385740
letter_intr,6928,0.439816
letter_intr,6929,0.325449
letter_intr,6930,0.432762
letter_intr,6931,0.359098
letter_intr,6932,0.470616
letter_intr,6933,0.459570
letter_intr,6934,0.363062
letter_intr,6935,0.398487
letter_intr,6936,0.460398
letter_intr,6937,0.458318
letter_intr,6938,0.385380
letter_intr,6939,0.414147
letter_intr,6940,0.387811
letter_intr,6941,0.374662
letter_intr,6942,0.460725
letter_intr,6943,0.364765
letter_intr,6944,0.408848
letter_intr,6945,0.389824
letter_intr,6946,0.377902
letter_intr,6947,0.410114
letter_intr,6948,0.320507
letter_intr,6949,0.347411
letter_intr,6950,0.429826
letter_intr,6951,0.420496
letter_intr,6952,0.474784
letter_intr,6953,0.373992
letter_intr,6954,0.404776
letter_intr,6955,0.433111
letter_intr,6956,0.419820
letter_intr,6957,0.473983
letter_intr,6958,0.300216
letter_intr,6959,0.400240
letter_intr,6960,0.373198
letter_intr,6961,0.410311
letter_intr,6962,0.399344
letter_intr,6963,0.394902
letter_intr,6964,0.484967
letter_intr,6965,0.368216
letter_intr,6966,0.404984
letter_intr,6967,0.439450
letter_intr,6968,0.459742
letter_intr,6969,0.359292
letter_intr,6970,0.434026
letter_intr,6971,0.390853
letter_intr,6972,0.403641
letter_intr,6973,0.396661
letter_intr,6974,0.407019
letter_intr,6975,0.453233
letter_intr,6976,0.367369
letter_intr,6977,0.327447
letter_intr,6978,0.393532
letter_intr,6979,0.441675
letter_intr,6980,0.406749
letter_intr,6981,0.467077
letter_intr,6982,0.350337
letter_intr,6983,0.345458
letter_intr,6984,0.388228
letter_intr,6985,0.371808
letter_intr,6986,0.344262
letter_intr,6987,0.396229
letter_intr,6988,0.383996
letter_intr,6989,0.360658
letter_intr,6990,0.444338
letter_intr,6991,0.364855
letter_intr,6992,0.381621
letter_intr,6993,0.428244
letter_intr,6994,0.429766
letter_intr,6995,0.476079
letter_intr,6996,0.433209
letter_intr,6997,0.392961
letter_intr,6998,0.388911
letter_intr,6999,0.383630
letter_intr,7000,0.402355
letter_intr,7001,0.406320
letter_intr,7002,0.435987
letter_intr,7003,0.342932
letter_intr,7004,0.460387
letter_intr,7005,0.336195
letter_intr,7006,0.389929
letter_intr,7007,0.391917
letter_intr,7008,0.417568
letter_intr,7009,0.430870
letter_intr,7010,0.426557
letter_intr,7011,0.450996
letter_intr,7012,0.371810
letter_intr,7013,0.422573
letter_intr,7014,0.425974
letter_intr,7015,0.344456
letter_intr,7016,0.444583
letter_intr,7017,0.385397
letter_intr,7018,0.496550
letter_intr,7019,0.380117
letter_intr,7020,0.366035
letter_intr,7021,0.427901
letter_intr,7022,0.475373
letter_intr,7023,0.361867
letter_intr,7024,0.411530
letter_intr,7025,0.523314
letter_intr,7026,0.288405
letter_intr,7027,0.417530
letter_intr,7028,0.369617
letter_intr,7029,0.425828
letter_intr,7030,0.398309
letter_intr,7031,0.415482
letter_intr,7032,0.379699
letter_intr,7033,0.449128
letter_intr,7034,0.350932
letter_intr,7035,0.446757
letter_intr,7036,0.430073
letter_intr,7037,0.424003
letter_intr,7038,0.454599
letter_intr,7039,0.389365
letter_intr,7040,0.402700
letter_intr,7041,0.385376
letter_intr,7042,0.351103
letter_intr,7043,0.386337
letter_intr,7044,0.371076
letter_intr,7045,0.385254
letter_intr,7046,0.398558
letter_intr,7047,0.433845
letter_intr,7048,0.378353
letter_intr,7049,0.370633
letter_intr,7050,0.373868
letter_intr,7051,0.447112
letter_intr,7052,0.357978
letter_intr,7053,0.446406
letter_intr,7054,0.392965
letter_intr,7055,0.435800
letter_intr,7056,0.398741
letter_intr,7057,0.393211
letter_intr,7058,0.324849
letter_intr,7059,0.445089
letter_intr,7060,0.295177
letter_intr,7061,0.473726
letter_intr,7062,0.356132
letter_intr,7063,0.397726
letter_intr,7064,0.413584
letter_intr,7065,0.370487
letter_intr,7066,0.369479
letter_intr,7067,0.333468
letter_intr,7068,0.355775
letter_intr,7069,0.395493
letter_intr,7070,0.412379
letter_intr,7071,0.398620
letter_intr,7072,0.398250
letter_intr,7073,0.373421
letter_intr,7074,0.432251
letter_intr,7075,0.439407
letter_intr,7076,0.376585
letter_intr,7077,0.384242
letter_intr,7078,0.327974
letter_intr,7079,0.441850
letter_intr,7080,0.428699
letter_intr,7081,0.405212
letter_intr,7082,0.493051
letter_intr,7083,0.433831
letter_intr,7084,0.464912
letter_intr,7085,0.388306
letter_intr,7086,0.352865
letter_intr,7087,0.430421
letter_intr,7088,0.447111
letter_intr,7089,0.452228
letter_intr,7090,0.332240
letter_intr,7091,0.402791
letter_intr,7092,0.403781
letter_intr,7093,0.388491
letter_intr,7094,0.373261
letter_intr,7095,0.416651
letter_intr,7096,0.380624
letter_intr,7097,0.470525
letter_intr,7098,0.374827
letter_intr,7099,0.429071
letter_intr,7100,0.340925
letter_intr,7101,0.421403
letter_intr,7102,0.430044
letter_intr,7103,0.401542
letter_intr,7104,0.445528
letter_intr,7105,0.438139
letter_intr,7106,0.442703
letter_intr,7107,0.404100
letter_intr,7108,0.392994
letter_intr,7109,0.393963
letter_intr,7110,0.344135
letter_intr,7111,0.358293
letter_intr,7112,0.430481
letter_intr,7113,0.371354
letter_intr,7114,0.384854
letter_intr,7115,0.403103
letter_intr,7116,0.418879
letter_intr,7117,0.365931
letter_intr,7118,0.365265
letter_intr,7119,0.317704
letter_intr,7120,0.381132
letter_intr,7121,0.385688
letter_intr,7122,0.413312
letter_intr,7123,0.353561
letter_intr,7124,0.432927
letter_intr,7125,0.416769
letter_intr,7126,0.431394
letter_intr,7127,0.421410
letter_intr,7128,0.359829
letter_intr,7129,0.422856
letter_intr,7130,0.429888
letter_intr,7131,0.355305
letter_intr,7132,0.448580
letter_intr,7133,0.397669
letter_intr,7134,0.359362
letter_intr,7135,0.474922
letter_intr,7136,0.343293
letter_intr,7137,0.376263
letter_intr,7138,0.386790
letter_intr,7139,0.461104
letter_intr,7140,0.387023
letter_intr,7141,0.420892
letter_intr,7142,0.392043
letter_intr,7143,0.375300
letter_intr,7144,0.406146
letter_intr,7145,0.384784
letter_intr,7146,0.476691
letter_intr,7147,0.413777
letter_intr,7148,0.396025
letter_intr,7149,0.409589
letter_intr,7150,0.417534
letter_intr,7151,0.430482
letter_intr,7152,0.415240
letter_intr,7153,0.402353
letter_intr,7154,0.332978
letter_intr,7155,0.373725
letter_intr,7156,0.404492
letter_intr,7157,0.445166
letter_intr,7158,0.444508
letter_intr,7159,0.412252
letter_intr,7160,0.352256
letter_intr,7161,0.418683
letter_intr,7162,0.364490
letter_intr,7163,0.449856
letter_intr,7164,0.343328
letter_intr,7165,0.428925
letter_intr,7166,0.415495
letter_intr,7167,0.438751
letter_intr,7168,0.423535
letter_intr,7169,0.370505
letter_intr,7170,0.393631
letter_intr,7171,0.366230
letter_intr,7172,0.378413
letter_intr,7173,0.462548
letter_intr,7174,0.297082
letter_intr,7175,0.431898
letter_intr,7176,0.412446
letter_intr,7177,0.338622
letter_intr,7178,0.442651
letter_intr,7179,0.375176
letter_intr,7180,0.467265
letter_intr,7181,0.363071
letter_intr,7182,0.360900
letter_intr,7183,0.346876
letter_intr,7184,0.355898
letter_intr,7185,0.390867
letter_intr,7186,0.382361
letter_intr,7187,0.374186
letter_intr,7188,0.380913
letter_intr,7189,0.445931
letter_intr,7190,0.324377
letter_intr,7191,0.451650
letter_intr,7192,0.383303
letter_intr,7193,0.412123
letter_intr,7194,0.377937
letter_intr,7195,0.407990
letter_intr,7196,0.451853
letter_intr,7197,0.367415
letter_intr,7198,0.399366
letter_intr,7199,0.385453
letter_intr,7200,0.378563
letter_intr,7201,0.360251
letter_intr,7202,0.416504
letter_intr,7203,0.358269
letter_intr,7204,0.370616
letter_intr,7205,0.408859
letter_intr,7206,0.400176
letter_intr,7207,0.421235
letter_intr,7208,0.375179
letter_intr,7209,0.425683
letter_intr,7210,0.401160
letter_intr,7211,0.360433
letter_intr,7212,0.346350
letter_intr,7213,0.392897
letter_intr,7214,0.408379
letter_intr,7215,0.423018
letter_intr,7216,0.395046
letter_intr,7217,0.373869
letter_intr,7218,0.462901
letter_intr,7219,0.460085
letter_intr,7220,0.428592
letter_intr,7221,0.386328
letter_intr,7222,0.412193
letter_intr,7223,0.371202
letter_intr,7224,0.406691
letter_intr,7225,0.296571
letter_intr,7226,0.409641
letter_intr,7227,0.332423
letter_intr,7228,0.476206
letter_intr,7229,0.448157
letter_intr,7230,0.388991
letter_intr,7231,0.450750
letter_intr,7232,0.434670
letter_intr,7233,0.368056
letter_intr,7234,0.458938
letter_intr,7235,0.379211
letter_intr,7236,0.311765
letter_intr,7237,0.486985
letter_intr,7238,0.324595
letter_intr,7239,0.362945
letter_intr,7240,0.408476
letter_intr,7241,0.368699
letter_intr,7242,0.392706
letter_intr,7243,0.467912
letter_intr,7244,0.394616
letter_intr,7245,0.419231
letter_intr,7246,0.410576
letter_intr,7247,0.399567
letter_intr,7248,0.399446
letter_intr,7249,0.450588
letter_intr,7250,0.439403
letter_intr,7251,0.428702
letter_intr,7252,0.400430
letter_intr,7253,0.374156
letter_intr,7254,0.401479
letter_intr,7255,0.410276
letter_intr,7256,0.452025
letter_intr,7257,0.347332
letter_intr,7258,0.432027
letter_intr,7259,0.414641
letter_intr,7260,0.443700
letter_intr,7261,0.369042
letter_intr,7262,0.406203
letter_intr,7263,0.415771
letter_intr,7264,0.428761
letter_intr,7265,0.370805
letter_intr,7266,0.405419
letter_intr,7267,0.371482
letter_intr,7268,0.353199
letter_intr,7269,0.361575
letter_intr,7270,0.344367
letter_intr,7271,0.382354
letter_intr,7272,0.375083
letter_intr,7273,0.399446
letter_intr,7274,0.348693
letter_intr,7275,0.438359
letter_intr,7276,0.326834
letter_intr,7277,0.404121
letter_intr,7278,0.410609
letter_intr,7279,0.401068
letter_intr,7280,0.355707
letter_intr,7281,0.350520
letter_intr,7282,0.427605
letter_intr,7283,0.463811
letter_intr,7284,0.405244
letter_intr,7285,0.396064
letter_intr,7286,0.379026
letter_intr,7287,0.361152
letter_intr,7288,0.400741
letter_intr,7289,0.408528
letter_intr,7290,0.429855
letter_intr,7291,0.438687
letter_intr,7292,0.387558
letter_intr,7293,0.389926
letter_intr,7294,0.343548
letter_intr,7295,0.358563
letter_intr,7296,0.379505
letter_intr,7297,0.400951
letter_intr,7298,0.460462
letter_intr,7299,0.514387
letter_intr,7300,0.384046
letter_intr,7301,0.400698
letter_intr,7302,0.360071
letter_intr,7303,0.432234
letter_intr,7304,0.357224
letter_intr,7305,0.407964
letter_intr,7306,0.456870
letter_intr,7307,0.403240
letter_intr,7308,0.378667
letter_intr,7309,0.399012
letter_intr,7310,0.413717
letter_intr,7311,0.395982
letter_intr,7312,0.390831
letter_intr,7313,0.411453
letter_intr,7314,0.331242
letter_intr,7315,0.367921
letter_intr,7316,0.412262
letter_intr,7317,0.365924
letter_intr,7318,0.411015
letter_intr,7319,0.353778
letter_intr,7320,0.386311
letter_intr,7321,0.436456
letter_intr,7322,0.343257
letter_intr,7323,0.394596
letter_intr,7324,0.411461
letter_intr,7325,0.373893
letter_intr,7326,0.363663
letter_intr,7327,0.366851
letter_intr,7328,0.349957
letter_intr,7329,0.343556
letter_intr,7330,0.350943
letter_intr,7331,0.399105
letter_intr,7332,0.368137
letter_intr,7333,0.411765
letter_intr,7334,0.391112
letter_intr,7335,0.426213
letter_intr,7336,0.371495
letter_intr,7337,0.446920
letter_intr,7338,0.459776
letter_intr,7339,0.367198
letter_intr,7340,0.448825
letter_intr,7341,0.356734
letter_intr,7342,0.384966
letter_intr,7343,0.446042
letter_intr,7344,0.396266
letter_intr,7345,0.434622
letter_intr,7346,0.365477
letter_intr,7347,0.421739
letter_intr,7348,0.375930
letter_intr,7349,0.384247
letter_intr,7350,0.385620
letter_intr,7351,0.421007
letter_intr,7352,0.415753
letter_intr,7353,0.391806
letter_intr,7354,0.383391
letter_intr,7355,0.422148
letter_intr,7356,0.423961
letter_intr,7357,0.380046
letter_intr,7358,0.361884
letter_intr,7359,0.360579
letter_intr,7360,0.437225
letter_intr,7361,0.349362
letter_intr,7362,0.328183
letter_intr,7363,0.426192
letter_intr,7364,0.392530
letter_intr,7365,0.423870
letter_intr,7366,0.378841
letter_intr,7367,0.352088
letter_intr,7368,0.447531
letter_intr,7369,0.404859
letter_intr,7370,0.336076
letter_intr,7371,0.378313
letter_intr,7372,0.413180
letter_intr,7373,0.504935
letter_intr,7374,0.391107
letter_intr,7375,0.383768
letter_intr,7376,0.390168
letter_intr,7377,0.393357
letter_intr,7378,0.382180
letter_intr,7379,0.436243
letter_intr,7380,0.346631
letter_intr,7381,0.421569
letter_intr,7382,0.357087
letter_intr,7383,0.459387
letter_intr,7384,0.341751
letter_intr,7385,0.408591
letter_intr,7386,0.379421
letter_intr,7387,0.374210
letter_intr,7388,0.494839
letter_intr,7389,0.396840
letter_intr,7390,0.388477
letter_intr,7391,0.458590
letter_intr,7392,0.365939
letter_intr,7393,0.467477
letter_intr,7394,0.456216
letter_intr,7395,0.381701
letter_intr,7396,0.340939
letter_intr,7397,0.341714
letter_intr,7398,0.412515
letter_intr,7399,0.347269
letter_intr,7400,0.414213
letter_intr,7401,0.361383
letter_intr,7402,0.430464
letter_intr,7403,0.395300
letter_intr,7404,0.408368
letter_intr,7405,0.401663
letter_intr,7406,0.330983
letter_intr,7407,0.428271
letter_intr,7408,0.409483
letter_intr,7409,0.353782
letter_intr,7410,0.369056
letter_intr,7411,0.365729
letter_intr,7412,0.396253
letter_intr,7413,0.323146
letter_intr,7414,0.357978
letter_intr,7415,0.402559
letter_intr,7416,0.342233
letter_intr,7417,0.465381
letter_intr,7418,0.373159
letter_intr,7419,0.430047
letter_intr,7420,0.345143
letter_intr,7421,0.307866
letter_intr,7422,0.407172
letter_intr,7423,0.454543
letter_intr,7424,0.431652
letter_intr,7425,0.436457
letter_intr,7426,0.382997
letter_intr,7427,0.405723
letter_intr,7428,0.375561
letter_intr,7429,0.411251
letter_intr,7430,0.458071
letter_intr,7431,0.407750
letter_intr,7432,0.398825
letter_intr,7433,0.362397
letter_intr,7434,0.439947
letter_intr,7435,0.403062
letter_intr,7436,0.435541
letter_intr,7437,0.370972
letter_intr,7438,0.393709
letter_intr,7439,0.378384
letter_intr,7440,0.319533
letter_intr,7441,0.401385
letter_intr,7442,0.387587
letter_intr,7443,0.400442
letter_intr,7444,0.343407
letter_intr,7445,0.391782
letter_intr,7446,0.357417
letter_intr,7447,0.372773
letter_intr,7448,0.347246
letter_intr,7449,0.375980
letter_intr,7450,0.429523
letter_intr,7451,0.365281
letter_intr,7452,0.399602
letter_intr,7453,0.378812
letter_intr,7454,0.444635
letter_intr,7455,0.349617
letter_intr,7456,0.391255
letter_intr,7457,0.434141
letter_intr,7458,0.405493
letter_intr,7459,0.446921
letter_intr,7460,0.456944
letter_intr,7461,0.404238
letter_intr,7462,0.439550
letter_intr,7463,0.337418
letter_intr,7464,0.411961
letter_intr,7465,0.384830
letter_intr,7466,0.500086
letter_intr,7467,0.469353
letter_intr,7468,0.352882
letter_intr,7469,0.375561
letter_intr,7470,0.351464
letter_intr,7471,0.409734
letter_intr,7472,0.416508
letter_intr,7473,0.426098
letter_intr,7474,0.442030
letter_intr,7475,0.409808
letter_intr,7476,0.428828
letter_intr,7477,0.395768
letter_intr,7478,0.411649
letter_intr,7479,0.356280
letter_intr,7480,0.418079
letter_intr,7481,0.404307
letter_intr,7482,0.397460
letter_intr,7483,0.445028
letter_intr,7484,0.453192
letter_intr,7485,0.436665
letter_intr,7486,0.352196
letter_intr,7487,0.423592
letter_intr,7488,0.407183
letter_intr,7489,0.436193
letter_intr,7490,0.413956
letter_intr,7491,0.318124
letter_intr,7492,0.383837
letter_intr,7493,0.395413
letter_intr,7494,0.428794
letter_intr,7495,0.339076
letter_intr,7496,0.405254
letter_intr,7497,0.377466
letter_intr,7498,0.412211
letter_intr,7499,0.405634
letter_intr,7500,0.370512
letter_intr,7501,0.435624
letter_intr,7502,0.400036
letter_intr,7503,0.397737
letter_intr,7504,0.389599
letter_intr,7505,0.417291
letter_intr,7506,0.386588
letter_intr,7507,0.399006
letter_intr,7508,0.395201
letter_intr,7509,0.421303
letter_intr,7510,0.399461
letter_intr,7511,0.419594
letter_intr,7512,0.384595
letter_intr,7513,0.359310
letter_intr,7514,0.360217
letter_intr,7515,0.461054
letter_intr,7516,0.381568
letter_intr,7517,0.425704
letter_intr,7518,0.398531
letter_intr,7519,0.454996
letter_intr,7520,0.449027
letter_intr,7521,0.396255
letter_intr,7522,0.374002
letter_intr,7523,0.389863
letter_intr,7524,0.441648
letter_intr,7525,0.412319
letter_intr,7526,0.408249
letter_intr,7527,0.398500
letter_intr,7528,0.425451
letter_intr,7529,0.416596
letter_intr,7530,0.385417
letter_intr,7531,0.338158
letter_intr,7532,0.447929
letter_intr,7533,0.376322
letter_intr,7534,0.378472
letter_intr,7535,0.374137
letter_intr,7536,0.431052
letter_intr,7537,0.405498
letter_intr,7538,0.391078
letter_intr,7539,0.331993
letter_intr,7540,0.383383
letter_intr,7541,0.441866
letter_intr,7542,0.347082
letter_intr,7543,0.411278
letter_intr,7544,0.389153
letter_intr,7545,0.413170
letter_intr,7546,0.409983
letter_intr,7547,0.382283
letter_intr,7548,0.364532
letter_intr,7549,0.372287
letter_intr,7550,0.418429
letter_intr,7551,0.433840
letter_intr,7552,0.504476
letter_intr,7553,0.358441
letter_intr,7554,0.445459
letter_intr,7555,0.386868
letter_intr,7556,0.368678
letter_intr,7557,0.423181
letter_intr,7558,0.402815
letter_intr,7559,0.427232
letter_intr,7560,0.339433
letter_intr,7561,0.414186
letter_intr,7562,0.439478
letter_intr,7563,0.346383
letter_intr,7564,0.328446
letter_intr,7565,0.450756
letter_intr,7566,0.387406
letter_intr,7567,0.388298
letter_intr,7568,0.425921
letter_intr,7569,0.356403
letter_intr,7570,0.456941
letter_intr,7571,0.395743
letter_intr,7572,0.354064
letter_intr,7573,0.410707
letter_intr,7574,0.416654
letter_intr,7575,0.416002
letter_intr,7576,0.447085
letter_intr,7577,0.433079
letter_intr,7578,0.332958
letter_intr,7579,0.358306
letter_intr,7580,0.451530
letter_intr,7581,0.333393
letter_intr,7582,0.321443
letter_intr,7583,0.477146
letter_intr,7584,0.355065
letter_intr,7585,0.362864
letter_intr,7586,0.399754
letter_intr,7587,0.373981
letter_intr,7588,0.342470
letter_intr,7589,0.393870
letter_intr,7590,0.406456
letter_intr,7591,0.437990
letter_intr,7592,0.387157
letter_intr,7593,0.342330
letter_intr,7594,0.455030
letter_intr,7595,0.376963
letter_intr,7596,0.381067
letter_intr,7597,0.375692
letter_intr,7598,0.351064
letter_intr,7599,0.366499
letter_intr,7600,0.431804
letter_intr,7601,0.345529
letter_intr,7602,0.362783
letter_intr,7603,0.438636
letter_intr,7604,0.425229
letter_intr,7605,0.347321
letter_intr,7606,0.482971
letter_intr,7607,0.474017
letter_intr,7608,0.343111
letter_intr,7609,0.494434
letter_intr,7610,0.475849
letter_intr,7611,0.436267
letter_intr,7612,0.420421
letter_intr,7613,0.363575
letter_intr,7614,0.409068
letter_intr,7615,0.434332
letter_intr,7616,0.440110
letter_intr,7617,0.360344
letter_intr,7618,0.360373
letter_intr,7619,0.378549
letter_intr,7620,0.383269
letter_intr,7621,0.392290
letter_intr,7622,0.445004
letter_intr,7623,0.412158
letter_intr,7624,0.406344
letter_intr,7625,0.409567
letter_intr,7626,0.435067
letter_intr,7627,0.398316
letter_intr,7628,0.422171
letter_intr,7629,0.435003
letter_intr,7630,0.376139
letter_intr,7631,0.402109
letter_intr,7632,0.353092
letter_intr,7633,0.366324
letter_intr,7634,0.369689
letter_intr,7635,0.402749
letter_intr,7636,0.361480
letter_intr,7637,0.455243
letter_intr,7638,0.375737
letter_intr,7639,0.406864
letter_intr,7640,0.404406
letter_intr,7641,0.412482
letter_intr,7642,0.384287
letter_intr,7643,0.383474
letter_intr,7644,0.424899
letter_intr,7645,0.372259
letter_intr,7646,0.478231
letter_intr,7647,0.350852
letter_intr,7648,0.388284
letter_intr,7649,0.352985
letter_intr,7650,0.483294
letter_intr,7651,0.297310
letter_intr,7652,0.286976
letter_intr,7653,0.479820
letter_intr,7654,0.366649
letter_intr,7655,0.437837
letter_intr,7656,0.356163
letter_intr,7657,0.435328
letter_intr,7658,0.379127
letter_intr,7659,0.433869
letter_intr,7660,0.395126
letter_intr,7661,0.420735
letter_intr,7662,0.394664
letter_intr,7663,0.435462
letter_intr,7664,0.375400
letter_intr,7665,0.380595
letter_intr,7666,0.368558
letter_intr,7667,0.428301
letter_intr,7668,0.425819
letter_intr,7669,0.394182
letter_intr,7670,0.479935
letter_intr,7671,0.404263
letter_intr,7672,0.494180
letter_intr,7673,0.378654
letter_intr,7674,0.362421
letter_intr,7675,0.406733
letter_intr,7676,0.437977
letter_intr,7677,0.382030
letter_intr,7678,0.391238
letter_intr,7679,0.522549
letter_intr,7680,0.442572
letter_intr,7681,0.352629
letter_intr,7682,0.357354
letter_intr,7683,0.353018
letter_intr,7684,0.413198
letter_intr,7685,0.420085
letter_intr,7686,0.358117
letter_intr,7687,0.421399
letter_intr,7688,0.391941
letter_intr,7689,0.368369
letter_intr,7690,0.408763
letter_intr,7691,0.417490
letter_intr,7692,0.363973
letter_intr,7693,0.388261
letter_intr,7694,0.385913
letter_intr,7695,0.435265
letter_intr,7696,0.389003
letter_intr,7697,0.439225
letter_intr,7698,0.431923
letter_intr,7699,0.397104
letter_intr,7700,0.330852
letter_intr,7701,0.410011
letter_intr,7702,0.458844
letter_intr,7703,0.384164
letter_intr,7704,0.434699
letter_intr,7705,0.390613
letter_intr,7706,0.399946
letter_intr,7707,0.336677
letter_intr,7708,0.395002
letter_intr,7709,0.387656
letter_intr,7710,0.482469
letter_intr,7711,0.341450
letter_intr,7712,0.371801
letter_intr,7713,0.380048
letter_intr,7714,0.418390
letter_intr,7715,0.412386
letter_intr,7716,0.396453
letter_intr,7717,0.362843
letter_intr,7718,0.438184
letter_intr,7719,0.292419
letter_intr,7720,0.448647
letter_intr,7721,0.415023
letter_intr,7722,0.440155
letter_intr,7723,0.436946
letter_intr,7724,0.322876
letter_intr,7725,0.434890
letter_intr,7726,0.348929
letter_intr,7727,0.432061
letter_intr,7728,0.383390
letter_intr,7729,0.366530
letter_intr,7730,0.369262
letter_intr,7731,0.423249
letter_intr,7732,0.399434
letter_intr,7733,0.403507
letter_intr,7734,0.419858
letter_intr,7735,0.420772
letter_intr,7736,0.436243
letter_intr,7737,0.378578
letter_intr,7738,0.435116
letter_intr,7739,0.527346
letter_intr,7740,0.375286
letter_intr,7741,0.448222
letter_intr,7742,0.391092
letter_intr,7743,0.422344
letter_intr,7744,0.470376
letter_intr,7745,0.420044
letter_intr,7746,0.322772
letter_intr,7747,0.323131
letter_intr,7748,0.407196
letter_intr,7749,0.415504
letter_intr,7750,0.399798
letter_intr,7751,0.423352
letter_intr,7752,0.473690
letter_intr,7753,0.404144
letter_intr,7754,0.385269
letter_intr,7755,0.473471
letter_intr,7756,0.422989
letter_intr,7757,0.455996
letter_intr,7758,0.396972
letter_intr,7759,0.365352
letter_intr,7760,0.338319
letter_intr,7761,0.416222
letter_intr,7762,0.323557
letter_intr,7763,0.409271
letter_intr,7764,0.377108
letter_intr,7765,0.432069
letter_intr,7766,0.368211
letter_intr,7767,0.488315
letter_intr,7768,0.345164
letter_intr,7769,0.434917
letter_intr,7770,0.450441
letter_intr,7771,0.369691
letter_intr,7772,0.392298
letter_intr,7773,0.433924
letter_intr,7774,0.422260
letter_intr,7775,0.344883
letter_intr,7776,0.450164
letter_intr,7777,0.435579
letter_intr,7778,0.330978
letter_intr,7779,0.402367
letter_intr,7780,0.402697
letter_intr,7781,0.456941
letter_intr,7782,0.330862
letter_intr,7783,0.373671
letter_intr,7784,0.342073
letter_intr,7785,0.440426
letter_intr,7786,0.392647
letter_intr,7787,0.333308
letter_intr,7788,0.369527
letter_intr,7789,0.380678
letter_intr,7790,0.343486
letter_intr,7791,0.499580
letter_intr,7792,0.384958
letter_intr,7793,0.410173
letter_intr,7794,0.375098
letter_intr,7795,0.439550
letter_intr,7796,0.467632
letter_intr,7797,0.376346
letter_intr,7798,0.338941
letter_intr,7799,0.420845
letter_intr,7800,0.422686
letter_intr,7801,0.440890
letter_intr,7802,0.422773
letter_intr,7803,0.378046
letter_intr,7804,0.376040
letter_intr,7805,0.254757
letter_intr,7806,0.402584
letter_intr,7807,0.456916
letter_intr,7808,0.301011
letter_intr,7809,0.435505
letter_intr,7810,0.356871
letter_intr,7811,0.405620
letter_intr,7812,0.430590
letter_intr,7813,0.343543
letter_intr,7814,0.347735
letter_intr,7815,0.394467
letter_intr,7816,0.470525
letter_intr,7817,0.504531
letter_intr,7818,0.425412
letter_intr,7819,0.383126
letter_intr,7820,0.393322
letter_intr,7821,0.371335
letter_intr,7822,0.356441
letter_intr,7823,0.424426
letter_intr,7824,0.389807
letter_intr,7825,0.396077
letter_intr,7826,0.325689
letter_intr,7827,0.337943
letter_intr,7828,0.371216
letter_intr,7829,0.370296
letter_intr,7830,0.353716
letter_intr,7831,0.425217
letter_intr,7832,0.407728
letter_intr,7833,0.412714
letter_intr,7834,0.380073
letter_intr,7835,0.435820
letter_intr,7836,0.437614
letter_intr,7837,0.403608
letter_intr,7838,0.396064
letter_intr,7839,0.426712
letter_intr,7840,0.390002
letter_intr,7841,0.460922
letter_intr,7842,0.355272
letter_intr,7843,0.382188
letter_intr,7844,0.347819
letter_intr,7845,0.369013
letter_intr,7846,0.441435
letter_intr,7847,0.386647
letter_intr,7848,0.353126
letter_intr,7849,0.459214
letter_intr,7850,0.326840
letter_intr,7851,0.387583
letter_intr,7852,0.398259
letter_intr,7853,0.358417
letter_intr,7854,0.385003
letter_intr,7855,0.416911
letter_intr,7856,0.406945
letter_intr,7857,0.373698
letter_intr,7858,0.417166
letter_intr,7859,0.344922
letter_intr,7860,0.376001
letter_intr,7861,0.414847
letter_intr,7862,0.440034
letter_intr,7863,0.348009
letter_intr,7864,0.453860
letter_intr,7865,0.325547
letter_intr,7866,0.359189
letter_intr,7867,0.339442
letter_intr,7868,0.474445
letter_intr,7869,0.358193
letter_intr,7870,0.374568
letter_intr,7871,0.443158
letter_intr,7872,0.438828
letter_intr,7873,0.357263
letter_intr,7874,0.342664
letter_intr,7875,0.339513
letter_intr,7876,0.508582
letter_intr,7877,0.460384
letter_intr,7878,0.280646
letter_intr,7879,0.441268
letter_intr,7880,0.433552
letter_intr,7881,0.456599
letter_intr,7882,0.349647
letter_intr,7883,0.518045
letter_intr,7884,0.378239
letter_intr,7885,0.435496
letter_intr,7886,0.453365
letter_intr,7887,0.347619
letter_intr,7888,0.407798
letter_intr,7889,0.402483
letter_intr,7890,0.415230
letter_intr,7891,0.393562
letter_intr,7892,0.412510
letter_intr,7893,0.480309
letter_intr,7894,0.379216
letter_intr,7895,0.325371
letter_intr,7896,0.388437
letter_intr,7897,0.387177
letter_intr,7898,0.386497
letter_intr,7899,0.383428
letter_intr,7900,0.473577
letter_intr,7901,0.404759
letter_intr,7902,0.358780
letter_intr,7903,0.482363
letter_intr,7904,0.410052
letter_intr,7905,0.374680
letter_intr,7906,0.420546
letter_intr,7907,0.429014
letter_intr,7908,0.379997
letter_intr,7909,0.405070
letter_intr,7910,0.382203
letter_intr,7911,0.426138
letter_intr,7912,0.398473
letter_intr,7913,0.378493
letter_intr,7914,0.357016
letter_intr,7915,0.380267
letter_intr,7916,0.475524
letter_intr,7917,0.386976
letter_intr,7918,0.402574
letter_intr,7919,0.404347
letter_intr,7920,0.376413
letter_intr,7921,0.439026
letter_intr,7922,0.305759
letter_intr,7923,0.403923
letter_intr,7924,0.441987
letter_intr,7925,0.385844
letter_intr,7926,0.370920
letter_intr,7927,0.404439
letter_intr,7928,0.413586
letter_intr,7929,0.394375
letter_intr,7930,0.396626
letter_intr,7931,0.352085
letter_intr,7932,0.400962
letter_intr,7933,0.409925
letter_intr,7934,0.409585
letter_intr,7935,0.386688
letter_intr,7936,0.388364
letter_intr,7937,0.407328
letter_intr,7938,0.406435
letter_intr,7939,0.385504
letter_intr,7940,0.405818
letter_intr,7941,0.383441
letter_intr,7942,0.416097
letter_intr,7943,0.471538
letter_intr,7944,0.387922
letter_intr,7945,0.319711
letter_intr,7946,0.391108
letter_intr,7947,0.490532
letter_intr,7948,0.437962
letter_intr,7949,0.452258
letter_intr,7950,0.472397
letter_intr,7951,0.398417
letter_intr,7952,0.495088
letter_intr,7953,0.397722
letter_intr,7954,0.429871
letter_intr,7955,0.360165
letter_intr,7956,0.438436
letter_intr,7957,0.415747
letter_intr,7958,0.408687
letter_intr,7959,0.397335
letter_intr,7960,0.426252
letter_intr,7961,0.377921
letter_intr,7962,0.366480
letter_intr,7963,0.371518
letter_intr,7964,0.462745
letter_intr,7965,0.473001
letter_intr,7966,0.412089
letter_intr,7967,0.328210
letter_intr,7968,0.451879
letter_intr,7969,0.481988
letter_intr,7970,0.343739
letter_intr,7971,0.506211
letter_intr,7972,0.484470
letter_intr,7973,0.323567
letter_intr,7974,0.391285
letter_intr,7975,0.363954
letter_intr,7976,0.490147
letter_intr,7977,0.405832
letter_intr,7978,0.397809
letter_intr,7979,0.403828
letter_intr,7980,0.399950
letter_intr,7981,0.421705
letter_intr,7982,0.438984
letter_intr,7983,0.384977
letter_intr,7984,0.420540
letter_intr,7985,0.338563
letter_intr,7986,0.404877
letter_intr,7987,0.421168
letter_intr,7988,0.359709
letter_intr,7989,0.410045
letter_intr,7990,0.386717
letter_intr,7991,0.403249
letter_intr,7992,0.361815
letter_intr,7993,0.402916
letter_intr,7994,0.304228
letter_intr,7995,0.416525
letter_intr,7996,0.398899
letter_intr,7997,0.343485
letter_intr,7998,0.381521
letter_intr,7999,0.381216
