f_within_unweighted,f_within_population_weighted,f_within_inscription_weighted
0.39128477173111464,0.6760919582422524,0.5620557852720613
0.30168448133806436,0.47700204282414915,0.4327746136380358
0.31408303207014765,0.5353709780533117,0.45142074971792945
0.25536328759709737,0.4153449997512223,0.38386207055546573
0.3245147374984523,0.4954796317726612,0.4507634443771198
0.2943217922376734,0.4259723643484316,0.4241056348108073
0.2859222766851489,0.5122207163980778,0.3841773789715846
0.29916396838625353,0.5095031122980724,0.3919602266314076
0.31237937442346003,0.5466378019117835,0.44473246786588866
0.32056240062688407,0.5550421337518666,0.4639369642719839
0.3608072444908914,0.5835607737177171,0.4660496312941854
0.311500524156537,0.47899947670526444,0.4418493847638723
0.2446365121888801,0.4589663547662936,0.35352452572609944
0.3223979767966465,0.49296719718212584,0.45845626602538936
0.31753963435573573,0.5429652997304415,0.4134750753430677
0.25381169884794774,0.42694495670137583,0.3511997368432371
0.2804235529701608,0.4750517072184768,0.3869170476622619
0.4065402051783849,0.6278891726211312,0.49185003946443157
0.2996173626167906,0.5334843917930866,0.46928279600597583
0.2538203955093073,0.41839924769703696,0.3425413162718128
0.28265633954890446,0.48146586247262424,0.4136924763504736
0.3469120225304623,0.5630357353438097,0.4521649949279953
0.24986613639541724,0.4164845542042926,0.4046443131092103
0.4144386981661423,0.5997261795365555,0.5272573072289162
0.29670795670540084,0.537614328388288,0.41675852276105074
0.30098090264859556,0.535989905607159,0.43089469938162156
0.3280847626994884,0.498808062741641,0.44663409181793035
0.33398229198185647,0.5182312371698694,0.42916812514506164
0.2508079452213689,0.4409816578670296,0.34060889753380746
0.3056480262826906,0.5075531305275139,0.39941778778310294
0.288380765898783,0.49950254585352943,0.4143814265934978
0.29963226711760316,0.4793206514105181,0.40845256017386694
0.31179357933890256,0.46661409063332016,0.4227328101430445
0.3244509394248989,0.4737273546225351,0.4337286437126867
0.28205023997750805,0.46519736693176594,0.3999360408598408
0.31717318969637687,0.5312953124538718,0.4442189611245252
0.29146989623391406,0.4738992562976252,0.4217220252729552
0.3090871280787299,0.5017966225703118,0.45693512034137285
0.33492562932930775,0.5653647377476377,0.49306986843272194
0.3289805970979208,0.5244211805805518,0.49616451282743856
0.346319902600368,0.6010445665422871,0.4883344074778223
0.28540608049817484,0.4709639304092246,0.4050241236630962
0.29420524887502864,0.48239339567111816,0.3912670131017843
0.30056595383654444,0.49632186513694937,0.3827067249759482
0.2857262213073116,0.45227643192392863,0.37749540419394106
0.26401545710424584,0.40629721491948545,0.41250286643079637
0.27347456279242655,0.4356991247188942,0.37961747398133444
0.2827036375918019,0.4442747786670639,0.42649576011102375
0.35606368144141876,0.6138216710823857,0.4876621127824748
0.36239048925428313,0.5123980413583404,0.4936907354312145
0.2750610410566316,0.3961924997650205,0.344521505150281
0.34299446183118376,0.5471222445654799,0.48061048676267254
0.24305320230945388,0.3981302256528097,0.37452497609693325
0.2857899921313461,0.47338969954050136,0.41214220111123384
0.29377332223535924,0.4884553491194751,0.4132645274899055
0.23696581400789218,0.3950648840310219,0.37639111672717074
0.3103081048290913,0.5384616003786578,0.4097863635036103
0.31336243089905735,0.5070843784460769,0.461610334218429
0.33092348136213695,0.575449312610609,0.4205925994956291
0.2651399226220257,0.4322863792528396,0.37277328599322124
0.29930228947683396,0.4834768625567874,0.41735908798208
0.2838023088187033,0.4899349638823825,0.42765390435970385
0.298010880549583,0.49569547677116205,0.42121588345888145
0.32019145776627683,0.5341690008327571,0.4445315016925729
0.2892933699022834,0.4670992413690826,0.40292448236909983
0.33652627888379477,0.5655145924128478,0.4546433879200655
0.2771604354287074,0.4227790601254784,0.41044115120780944
0.2913551138610154,0.5316561090036218,0.41316756011578304
0.3178512796146942,0.5506941443663311,0.4560315224642704
0.2750076147971304,0.45457471909229663,0.38369486402981584
0.22697193215347963,0.39936373099184874,0.3619741686729902
0.2669123096568262,0.434157539875489,0.3255444548974308
0.3178175963036278,0.5619124452511826,0.4363598015149158
0.2829536267492484,0.4535056265770869,0.38220643034083
0.25866946836829785,0.4805724708332247,0.3920147480879605
0.2898989265718187,0.45760190259453737,0.423050460260988
0.2884121943528065,0.5128808090031426,0.40334402396094227
0.33059824333557275,0.5927064120410304,0.4608335181138764
0.28506363401974333,0.4087303422337419,0.45361890994995985
0.2599162552896753,0.4069764856608266,0.3455802333174099
0.32292933827057724,0.5843221876709168,0.4758657152367492
0.3016461125123641,0.5058072311057319,0.4260548347600864
0.2914834027646582,0.4741041144601905,0.4083259154482874
0.2978716512105056,0.49993963780005923,0.42138523871092054
0.30545098038544005,0.47787247960291607,0.4048580853269152
0.3419099268850075,0.5821565688975975,0.4750902708873873
0.3030411627435145,0.509454385548665,0.3952210959131359
0.294902670580787,0.47137497728411615,0.42914029888376104
0.3306378174113596,0.5590668574536602,0.46957006505878096
0.2879592397307594,0.5044198650108519,0.4236475554931236
0.328927051524195,0.5296469614627072,0.48421532649962723
0.370114834232914,0.6253836327052105,0.5038654333085932
0.2792573893249719,0.4697643217567739,0.3817737476356409
0.3263047754303671,0.5621712571657036,0.4554663442836643
0.3424438799823803,0.555119168365733,0.4991545381249197
0.29232790610864595,0.48893566390143495,0.411615376746741
0.2886100950068652,0.4538224045391331,0.42023244702820167
0.2591673343929126,0.38883142639815477,0.40566649144636774
0.3344836595334838,0.5977680529791944,0.50314070779254
0.2781851639730219,0.4568986016936448,0.3938628730241198
0.2627235470040638,0.470385420970102,0.3908778949091635
0.27974615492073707,0.49810126400261256,0.3932896283252733
0.3060242157641507,0.4954519826601979,0.43174397324481245
0.24101267460732245,0.41834047915960226,0.3406325805065645
0.3094680553273326,0.5251374075682058,0.4589079907837612
0.29218393647960156,0.5073700423498292,0.4013228350993457
0.2577615263793167,0.4087456844170693,0.3677710722412817
0.28119469453301266,0.47327431954663546,0.41293845687946185
0.27866490753380846,0.491528143400854,0.3969585935415602
0.3245018687657141,0.5201026056299805,0.46520590352261626
0.299440011289637,0.45680622857746517,0.37641035061573785
0.28068173799243956,0.4711575044534873,0.44242691581569416
0.2775461148566414,0.4714079030908726,0.382053305516573
0.2946255659390501,0.4894676494360954,0.42263548305656395
0.32972474694978027,0.5505524935574878,0.4667068643150784
0.32787538917954684,0.5572819427685004,0.438178300197335
0.2850044943382176,0.47354363780216135,0.4202255282000554
0.3382079016193241,0.5403028659359476,0.4467022967470975
0.3153846959445129,0.4990526303831389,0.45143390662753136
0.2665881398492435,0.47129941512569234,0.39044676694738306
0.3561916289961745,0.5286874523276673,0.4211266587759227
0.2627085090785284,0.43215553213996605,0.37933605835401196
0.3496959093254494,0.5353629101251838,0.45453630912674814
0.28813279087232524,0.44872230364702975,0.39623595679842527
0.3122391300520373,0.5149243153138713,0.4110056359942217
0.32112049095961115,0.4957529067220729,0.48604122745593364
0.2618280875687674,0.44548124004151557,0.3794517427525374
0.2718241093425948,0.46106845624763887,0.37118841248958834
0.2684512062725143,0.43919503539116167,0.3592121408162463
0.3302547674031531,0.5115790154395362,0.45494931404847705
0.2946832102365061,0.5054933009224136,0.41374373956721255
0.2601057022683712,0.45618640146278383,0.39211660154117917
0.42224627882433136,0.6426564992844033,0.5250445680635293
0.2905485517014243,0.47591485619408747,0.4460673808033969
0.22990463155919907,0.36798721325793515,0.31769043279225434
0.301680367596283,0.5211764555103745,0.4110228036328257
0.3297741498465375,0.5169951865878152,0.45170465661040254
0.28115068971858,0.4754382363354972,0.3664745084138859
0.30191246911949293,0.4965819662538218,0.4577188580398663
0.3145472732664344,0.510263898404214,0.42718030840802357
0.3492755851380456,0.5815789464584907,0.45837856293375134
0.26879962516848555,0.4226163723349604,0.4041006369646346
0.2683960890263379,0.42046769675229795,0.39670221467671607
0.3073391526265164,0.499235378542002,0.399895232079039
0.3202477424577678,0.5169115034247013,0.4571272031552585
0.31803202622692495,0.5144722288020331,0.4687873209885441
0.2775339778038997,0.44613384630645936,0.38157845968380677
0.3136138870261062,0.5075011792461309,0.5017869062122139
0.31146276411761553,0.4961811320120429,0.4298906524936732
0.3067546826201991,0.514835480738759,0.40411898286080383
0.30071710234758,0.5109404078147174,0.4309868019603796
0.31831197092218805,0.5015975053483903,0.42090742810721515
0.27528211044876943,0.4707268744891505,0.4223275555480274
0.33906897853043594,0.5793128287384282,0.4297660575901604
0.32529016665428584,0.5276956001391645,0.4298413299992129
0.31903127353147614,0.5015007195993312,0.41084218155568286
0.2869889369696911,0.5465063374658347,0.4655974458752306
0.2687347978521468,0.4433701879638227,0.3577646585256784
0.2901061578406274,0.492719181190778,0.43457942817436385
0.3368071999405643,0.5289282021089805,0.4559982712549422
0.28829625251937413,0.4549797975307865,0.3549092511884318
0.2825948667435476,0.47757045111917856,0.4377409586710156
0.2820150217329999,0.46406693148724554,0.3944693533580056
0.25331399714182756,0.44937565815560127,0.3696869213513212
0.26639650796354336,0.45104176523917955,0.40824486087814665
0.3070617029623605,0.4975678649684837,0.4001997673410399
0.2692197420690403,0.4553157866423287,0.3915956988232749
0.3273976189591142,0.566133156822819,0.4812360690670005
0.23853079865806764,0.39894054602522105,0.3563958278210178
0.29558538427746556,0.5109829689962815,0.42513591429277403
0.33475393458291947,0.534832403843944,0.4382047297720189
0.2728476444901001,0.4547239567385704,0.3957899804798559
0.345668438928194,0.5759432081740802,0.4741216692449043
0.29692341765345137,0.49254573426995896,0.405668523724595
0.28626731357931195,0.511467708670672,0.38369176323698734
0.28808362597733683,0.47931700361826224,0.4239540859572522
0.2863902770274747,0.4434309050339965,0.4171694824467753
0.24074987114039872,0.3641010972996934,0.34728229650492176
0.3038121305669324,0.5162928656007675,0.42607450621859555
0.3106274082504783,0.5361797774439028,0.4083049945778835
0.3027491321593211,0.5114150076079367,0.42812210644579524
0.2845082616106487,0.4750463771565547,0.4202958290438382
0.3107546312858918,0.5296574281740265,0.389927181936415
0.2321660855325963,0.408470834503125,0.35070514077448056
0.27561641938686376,0.46807280643497257,0.40943183411650724
0.28928584802905494,0.45168547313962254,0.4174494026858156
0.3509949595143178,0.6148010711257144,0.4469524126673682
0.28769367244382277,0.45445052349186377,0.415722812165953
0.3728748753957853,0.6142568091919947,0.5266870575992003
0.2702007742769444,0.4601099033367263,0.4038324637297013
0.317256981684549,0.510650485636786,0.42988111681899477
0.2633862994151311,0.4325878533031957,0.45926327688111196
0.2822499457298721,0.4772862464346883,0.38046005845962905
0.2886904589858054,0.5167290106427297,0.39055479179262653
0.33383461803370323,0.5053098062249085,0.45524190252249136
0.3217661785948706,0.46683440014244154,0.4663712460921776
0.3018689043344372,0.44096910369698067,0.4440495232353462
0.29653523578209384,0.5442493733606686,0.40280872958503516
0.2900207885995054,0.4564257192648839,0.41246119554544264
0.2880254500252036,0.4990480136251159,0.4300564388495321
0.3425321186565466,0.5682341520304575,0.4114334350366727
0.30854594729744605,0.5212587184880205,0.4622110419530482
0.2853162377380865,0.4392051297255501,0.35496241441973647
0.2928905497986994,0.4240027597459,0.39791164434638937
0.28669967110359984,0.5067624364532657,0.4036575547074958
0.256882741137113,0.373242245489342,0.4024995025755405
0.32229084605542374,0.5675218726534202,0.43717936452674655
0.32979746899302637,0.5700015859446729,0.4656054124297831
0.268037690529045,0.4166540880878982,0.3728613408563738
0.33594862025384825,0.586711059029367,0.4845047826971772
0.2376794057702784,0.3855290666949622,0.35536689067683547
0.3238892781030064,0.5365427654644637,0.4060884235599158
0.23544373701552535,0.37250216921966794,0.3654589119373046
0.29914040483210685,0.5088685932787741,0.42832724529402444
0.3508510443295432,0.5917322790317928,0.46485501262541773
0.24857391294735715,0.4092167282688363,0.3443518887658868
0.2929107015012476,0.5130366445895446,0.4171457499797401
0.2629927115650827,0.42832276293324645,0.35885259837821987
0.3302341597795534,0.542569680602625,0.4464148327394891
0.30938246557832144,0.5143967945977647,0.41016213453570055
0.27794320119172794,0.4583510218587991,0.4027552925220684
0.2820472459086615,0.4774425975289897,0.3651597393349201
0.3014115144878453,0.5360904453860957,0.4245770411082484
0.32733116502513016,0.478848967782198,0.4802907546099991
0.2648185024778532,0.4841342851398713,0.38577029302369287
0.3152087661790091,0.5738850665193718,0.42900720918542706
0.2999865840992426,0.5441028372013759,0.3928651909185602
0.3112327827215327,0.47554334665481757,0.4007105042335179
0.30317422115361403,0.537001093095387,0.39961358295142557
0.3220886995275818,0.5066791638397968,0.4964903352881501
0.2752052551965296,0.4697410744672869,0.3607071696639739
0.24505583023327687,0.433613273667938,0.40452320707224637
0.3052857251447029,0.4871660353771029,0.36327425125860796
0.25198412622515226,0.4355758001515731,0.36157415135447435
0.25995766324204683,0.4258048690657808,0.3506819908937926
0.28112332148987434,0.48194305231270695,0.4075388817169405
0.3284389019347911,0.5521783905070318,0.4889110424069589
0.2802608754454953,0.4620180690312999,0.41061960841088313
0.34558366386207384,0.5830415852937916,0.5233355376775427
0.310434387037655,0.49956094252513844,0.41309936837700556
0.35698907160564924,0.5844348931315326,0.5458936664598073
0.3248193294333424,0.5102517558644584,0.4353142362425684
0.31159101148835755,0.4747922601363067,0.4168488231179142
0.2793468853808757,0.5213511798418536,0.4218765593369686
0.32221051098758074,0.46703691834394884,0.45142810552596674
0.3223222966770972,0.5227012604187548,0.43025922796608995
0.24945499583807862,0.44676519306239304,0.33812358216228466
0.34065633571187165,0.5546717482331922,0.47613018095779835
0.282680609025899,0.4528002604186537,0.371277080540557
0.34949018022162187,0.5360472600000189,0.43572027061843316
0.3213507956079474,0.5096520395669709,0.3812197490636959
0.310270604705273,0.5072890927874663,0.41047776999562896
0.34964828817567767,0.5160779738662948,0.4831257467976274
0.34626786633074874,0.5849392114782755,0.49565492843485176
0.2569559134660453,0.3985718292257641,0.3893483308083481
0.2784042960371663,0.4790888132677268,0.37442377192180337
0.31596711049701787,0.5181337929044137,0.40895229252410814
0.28365040605414416,0.4797152923056856,0.4085818285749128
0.26454866789973425,0.45133334696549016,0.40314510722791114
0.3250382014315439,0.5926336639471669,0.4617489101014248
0.319708566228073,0.486133939382774,0.4552146395892263
0.33086516987226117,0.5478584187052455,0.4555851632224207
0.2389025994333349,0.39676148664003225,0.39251954305200176
0.32242178867720866,0.5485416494354828,0.4526224923842569
0.29334580446289926,0.47907504791629796,0.4023163820833631
0.31432000304032087,0.5117765611886059,0.39975841425997116
0.3276017831422291,0.5320480763544401,0.4207866019039375
0.25478184469251897,0.46658675458018034,0.4000615913612396
0.34524901385444745,0.5510390141275312,0.4096030365025609
0.29110040921371916,0.5036684083361859,0.4813141630168003
0.3161568327949465,0.539915998187284,0.4085660638414252
0.27374520783454565,0.4684497592428883,0.36555345914357
0.3295827864670368,0.5478773692559425,0.42202965049746083
0.3176835890863639,0.5399701505773505,0.4723867373666391
0.2728511038856697,0.4776331161541042,0.391515665373819
0.3125304618216487,0.5035118527740374,0.4095989056043311
0.26264754102306986,0.40364503791378864,0.3928869256619756
0.35962539265948534,0.6486823985271923,0.49766875039397696
0.29383489516143246,0.4525669246036469,0.4133368002643214
0.2603437779836816,0.4627699324982709,0.3889670274786826
0.29381872064057174,0.4608011771509742,0.4330422783315592
0.32894371996683,0.5735067675348541,0.45375454734360793
0.2963828334109209,0.5475988889657144,0.4219219979623703
0.2985917735784455,0.4623625335100631,0.3953410219701394
0.26247308856034346,0.48431595150900864,0.3923535592072447
0.3027502952789362,0.46014288314233803,0.4064624492815233
0.26239198056880275,0.4609860874196578,0.39334001151088044
0.2764694143789111,0.42364785806616306,0.3601722238971515
0.32848999864399997,0.5869377717723283,0.47213449675721625
0.24189690975235417,0.386607850921724,0.32577777519649415
0.23939625725092883,0.37886054063120034,0.30488213158021793
0.30190324390286993,0.5215555020146696,0.43551933169638163
0.3425344439531355,0.5247877397571902,0.44163323849137676
0.26992576988985933,0.5184278244075194,0.36037508600403073
0.3289213957512988,0.5149502103188183,0.4419621088533354
0.34572890818005364,0.5346405547654032,0.47501812906359897
0.27548427900699224,0.4348979254009673,0.4106456008195101
0.28780962877462385,0.527491554703377,0.4709348430913384
0.3107163691601692,0.49718636705911884,0.4217043053397692
0.29993273914660923,0.5053120529265208,0.4279954837959388
0.3118892609218725,0.5037098160694217,0.44838470310679457
0.2113271053988774,0.347959625030471,0.27953714941323526
0.3460297844348275,0.6031810381497857,0.5392038603354075
0.2766666322123774,0.44146398674336446,0.36670697010930686
0.2564804136566681,0.44781675326132175,0.3880458641546416
0.33950318391005396,0.5229609606493619,0.4812552074128443
0.2992374385933874,0.5335133773872637,0.4222596653849556
0.3080949916806697,0.49938795556894455,0.47002181668440435
0.31592173553811537,0.5501004935829173,0.4267684070350373
0.3104077813145242,0.5224388246951278,0.4483155583052625
0.35963012431814473,0.5280031646983666,0.48568112157845456
0.2740141870119253,0.4666897590633082,0.3921849581983672
0.32479300981377923,0.5336795838319502,0.4658002185852391
0.2536361741054747,0.4489565052054874,0.37715800260683807
0.28541936247166366,0.4600795102977277,0.37572701824313015
0.2708704015416797,0.44995334750023186,0.4195050473841924
0.3011751261866936,0.5045654299845467,0.40805914072551075
0.3180623314187067,0.4970921605543106,0.456092401870272
0.274181139150634,0.455316882098288,0.409047047854827
0.2978653491835851,0.504700784707069,0.4531322069328351
0.3410838388125144,0.5485796419842613,0.432492702293248
0.2813743660523263,0.5048743480223803,0.4027903634303648
0.2939484471456429,0.4546647385465257,0.412116721930687
0.34270463375266946,0.5368169284936881,0.4652608944385772
0.23752268467805,0.4373070452255466,0.3467307064070565
0.28592270169898487,0.4577090593660073,0.41353252752966335
0.3276678578830305,0.5279668777354949,0.4358828951331254
0.29990862963313675,0.5157281031524383,0.4296247936541766
0.3663074248801889,0.5834943897462525,0.566354527789138
0.23203409657443005,0.4016085740034399,0.31221714822212343
0.35501942803393166,0.5393287615077358,0.5233936670953028
0.26008248381136295,0.44361579370937976,0.3521948236245575
0.3036244964256004,0.49212700260252573,0.4200606928625098
0.27848245685287054,0.48275842867160496,0.4054256368194676
0.25807745927344383,0.46219085658951176,0.3867524965722137
0.33097322851459254,0.5341226122585617,0.45578314855263197
0.2740664996735247,0.46333993388754996,0.40982306053796425
0.32956139356659353,0.5298882226521925,0.4595251008655017
0.2429908353179195,0.4060199926113076,0.35779588177141
0.23258099299634977,0.41528888221841886,0.31044810762701563
0.25007945157429806,0.4461327104944585,0.34677358088472504
0.32502418136010347,0.5371799829509339,0.47881640775638457
0.3372076468425291,0.5559660393137263,0.44475830011518436
0.33158000781901886,0.5527285267114309,0.4730183820582939
0.29986335001229897,0.511944593141954,0.4728285266822275
0.2806979696446228,0.4460520897712137,0.41422432560177525
0.3124766993700768,0.5423396765477746,0.47548316780908517
0.2877256227491308,0.4691582284916306,0.37261199567189185
0.3665191963163859,0.6245646286198636,0.5219895764484224
0.313719417831054,0.5296946117495864,0.5016437810152458
0.3052083892789246,0.4741640902075904,0.38383393972227114
0.3315913587079276,0.6099441836547153,0.48767203357732375
0.27226532637044104,0.396444114160485,0.356643954972042
0.25226754189144096,0.43570450699326724,0.3718433940669902
0.3413567799279245,0.5020445605235979,0.4599637762048578
0.29081681124753167,0.4897617445561963,0.3901662540470879
0.32120946293169883,0.5463018119594689,0.4429603142832747
0.292158576527552,0.471658884288956,0.39489664984393047
0.2834465027485427,0.4464713272570547,0.4143322386009065
0.28840162253986196,0.48213646001256644,0.4153157569739735
0.2783653704685495,0.45111569465483903,0.43376012082527665
0.3378658540476866,0.5766651014682578,0.4526023665374895
0.2952177973177761,0.4584053957245208,0.47503992474490264
0.2741311456555314,0.43300796421966775,0.4384297959195295
0.3262681687575806,0.5420803806095965,0.4463387094477106
0.34121267429594787,0.5753527874335368,0.48757410095419057
0.29425826429774354,0.5119811048352847,0.42636894621183863
0.271112330094162,0.4674727136525814,0.37259441342129385
0.2981062381669361,0.485858711824798,0.4129365212996783
0.33197187002338807,0.5883060735143426,0.45888166982439227
0.27072945412711674,0.4623290109892315,0.3942385870490998
0.28462330508485173,0.44727832761600445,0.41496594871601095
0.27177927834087184,0.47971284790997837,0.3922453707589654
0.35143075062998136,0.5430776639119567,0.4556165921518486
0.3062062949892623,0.49367148984990833,0.4838697944490176
0.29958559161625803,0.49746312718360186,0.3870307692624353
0.25627345338614743,0.4583119000546665,0.39428197361062106
0.3283779037417395,0.5134349163194578,0.421380520926377
0.31228601826253133,0.5272622058246084,0.5048233208975932
0.303063694762697,0.5011960314582965,0.4536147176391064
0.29140325637967524,0.4926721119284937,0.3890838512413605
0.30720398913943975,0.516642624767904,0.4320040826903219
0.28410868879860995,0.466698062435991,0.4003802997743746
0.2598477058596486,0.4195993271206588,0.39345878324741884
0.2653755087681648,0.47548927016630793,0.3636614514353975
0.22691341747556928,0.36069768573673167,0.3196597584093344
0.34554453997627294,0.5404904915322565,0.5090120234538491
0.3501334379087995,0.5347500806008885,0.465406542065341
0.2598822289571306,0.4582308647418079,0.38302168045293095
0.2870933118306813,0.5033742603325423,0.38310150199368725
0.342982321920016,0.5193779511117772,0.44634444642074267
0.2512249108128915,0.47028788209256206,0.38783791279258917
0.27973778483628536,0.4623350368191576,0.39400419342111376
0.2682006376336928,0.45368344326415383,0.3307980262927813
0.30015568228371414,0.4329233883861748,0.4559127624693877
0.3454534145649813,0.5626343407965686,0.42669547724060375
0.3396731797889881,0.5571008760806809,0.4553020441974591
0.28234082382994347,0.4658893319702974,0.440000952526506
0.29339302851360394,0.4884968881895033,0.37891172145801594
0.3048202217554611,0.4961800612864231,0.46478990245466306
0.3061396843364551,0.5428353934041213,0.3951551008665803
0.2514411008783755,0.41647050352635884,0.37412962829866253
0.3275389404896039,0.5600335497252845,0.4596137777866231
0.30276857761973863,0.47966757140478916,0.431247511041808
0.3060149100110208,0.5529249852564911,0.4510120523345225
0.3317102664214469,0.5232405972566909,0.40495179739270964
0.3185454236323915,0.48845761350785366,0.46648374851900276
0.2820558456488189,0.49782953669156615,0.39290130147556784
0.2965005343922945,0.4909048715629738,0.42988609741530476
0.30157049391296137,0.5144253842011975,0.3962316961019972
0.2841706827699058,0.4746433937353816,0.3994370287730922
0.318592842384918,0.5345045252386976,0.4230135571402849
0.2709071972910195,0.4488884489471219,0.37842601823976263
0.3005968908662502,0.4997328299329713,0.4359007021799952
0.28719820738024215,0.44731077594334656,0.39017025290044166
0.34380705758395996,0.4678383810202483,0.475085843855864
0.2672238597413581,0.5051462394975605,0.3541535023164531
0.37613587001617454,0.5537565078768225,0.5246892298324363
0.3321237728949483,0.514198938486131,0.4843044440185696
0.29603973433295283,0.47924540777951286,0.4061326576588487
0.32977397448411916,0.5433208038899668,0.4798764839034739
0.32333125027444426,0.5419666382948277,0.434191825093436
0.29070342359977963,0.5067790731608488,0.40496042009781713
0.307274986716824,0.5110913274796884,0.42498566964053835
0.35193992394440127,0.6484214728197856,0.4862939167278143
0.2863590227098813,0.5340915293026537,0.40187188253194817
0.28030142568967664,0.41869399503208554,0.4076653095636382
0.24504233757019053,0.4208492680789719,0.3216618467065666
0.29262054927216397,0.46824585156400306,0.429302381140853
0.28640418500436793,0.48186373730107684,0.3693689634069605
0.2997372105422005,0.5101070430212058,0.3723150089531667
0.34591723284175796,0.565762747661348,0.5471028719828486
0.2806247483840867,0.47914197734249564,0.3885570420276298
0.33348395984492524,0.5374804238744016,0.5165724017731683
0.31005318290794515,0.520245966721885,0.4617282959039405
0.3153495378269415,0.5226649492824722,0.39797889871721076
0.29073428959852404,0.4709005248972144,0.43356153950653514
0.2813811353082146,0.4441608572250343,0.4106738937904461
0.29483469984449945,0.47637702468286514,0.3819577382037645
0.3018565323836516,0.5186884621681199,0.4012642144105644
0.29889618331308415,0.4796484982616492,0.4231412326247003
0.2984274672061085,0.5323906233895558,0.40583376806287746
0.34650443591217417,0.5391997394090413,0.4480436365883273
0.33637865476770096,0.5164203321060409,0.4273167340863133
0.2906649243262274,0.4877998289919671,0.3684323162549896
0.2301586869348048,0.37531754707487563,0.3437923264948162
0.35251961790220837,0.5952541252445248,0.4352954153105918
0.2697571807024694,0.4353745150538233,0.4209289317995478
0.3030894634115064,0.48172903394422545,0.41853518711141807
0.29753603861256256,0.5238152191710148,0.4713036100264069
0.29124520041167007,0.4865591218649214,0.4097807434896481
0.25498758472425914,0.39650955549692823,0.3518171709164268
0.3675834943129002,0.5762550562975866,0.5191824527328305
0.32848330462412145,0.5245018255518886,0.4896836720411138
0.280092486880717,0.45401564996009025,0.37663040618506505
0.3191036469615943,0.5259034197663702,0.42919931354388624
0.2904048520262364,0.4646828742171519,0.441961046290427
0.3205883695054262,0.5227288760714397,0.42818439869270924
0.3452504647748414,0.5336233884085544,0.49431678489491887
0.27589101994364906,0.4612086300181186,0.3839396060765083
0.2910689822614015,0.4816299486937475,0.40686422241814596
0.3082820028294466,0.5236595626920467,0.43751217808960136
0.35751163096460586,0.6159045712227745,0.45990981320394314
0.3037695356304501,0.4653337714498858,0.4457048628789395
0.28226093380064,0.5013837437060894,0.39575352256097607
0.3428009064102503,0.5346849958919851,0.5060918296302386
0.27422755408521043,0.4784236153077277,0.37966566457393836
0.243591038318282,0.39726473163865805,0.345442638451417
0.311920304111915,0.5302281386759752,0.39323369198674174
0.26510910837110724,0.43519465334866175,0.377426640729017
0.28256021959286237,0.5097871985811804,0.4365386357149926
0.23874295357866604,0.41588763087912983,0.3157929582323975
0.3058821011379065,0.485790119633587,0.42365411986714685
0.3318434355417006,0.5691620724263745,0.507431745167719
0.23934066228009848,0.41834616236987254,0.34483758451988167
0.29346261426942366,0.48413023561159496,0.4170505782367879
0.2400374913149716,0.41077475805033703,0.36669697619480374
0.27511581979660654,0.45296210590160824,0.35203152641725544
0.37365765407068036,0.671909374511322,0.600152108612494
0.293427654359177,0.43228690773083916,0.3848537505791012
0.309644396234559,0.5398853294692061,0.44338712044451467
0.2586911472028898,0.41830395662794306,0.36214591662442286
0.3203414589137682,0.5361408315467537,0.4453952797380187
0.2804871812197416,0.40763538784452924,0.37620628320717725
0.32931930738141907,0.5311395455437806,0.4441994986980336
0.30820064023215993,0.5355989634568252,0.401748520544806
0.2740840877064133,0.44358263834844935,0.3577496756087874
0.3229093425302045,0.572900377187328,0.46718773566716026
0.3103487102873975,0.5258670674185794,0.4445093441384448
0.27529721710300953,0.48593153917626575,0.42721406072323653
0.3100812972530975,0.5024375449155283,0.4028656501847504
0.32030554749689405,0.5608259907874077,0.4647554886784561
0.3233032630131134,0.5565165791620522,0.44379349454027106
0.2827844546239243,0.4631563611249898,0.38312257570979136
0.34644086948204067,0.5842101338579422,0.5130374481424158
0.3341326472865398,0.5124282166496495,0.4109415749020728
0.2961547471963521,0.5172018731724086,0.3937591845356042
0.2779351408162733,0.451341605908481,0.373803017815068
0.26241999379188713,0.47766990609124216,0.37814906349828004
0.2611313030437844,0.44114473668692966,0.349922690567558
0.331004234971044,0.5285039132333906,0.471392080888968
0.2675849490748701,0.46649940165456555,0.3535079445471928
0.28064440815592334,0.48991706330071483,0.38602465605283
0.27064532162601246,0.4532123839880443,0.3886833382339638
0.3186530680172071,0.5278361726096797,0.4455875402306779
0.3189180622455056,0.5360203698191232,0.45005618925967666
0.2794752043403714,0.4844015912535295,0.4190490817091514
0.260248560140166,0.4318657807514144,0.3684671270505081
0.3208842951835163,0.5213844549061127,0.45088846302727614
0.32983904131461356,0.5460259344432515,0.4646306200185669
0.3498024242916363,0.576011355067222,0.47384993785635127
0.295367575205051,0.47815177745611964,0.3993886014738895
0.33891417150839953,0.5899147124251485,0.5128128945323396
0.3179903109561756,0.5165333636843404,0.3900726201592452
0.3285459525245393,0.4994579039551332,0.47249469634318436
0.3219238248722571,0.5325239388943642,0.41932105994234825
0.31428171573005215,0.49622942404705045,0.47099791678565495
0.33030595738808033,0.5242679810379101,0.4903427180600696
0.283949975010023,0.4700686550810708,0.41814760734610573
0.3247272107434498,0.5479454880518987,0.46754448309954616
0.29642336790634966,0.4881928810622867,0.39873941955997244
0.3133157542255337,0.5464010716636286,0.4314082528820978
0.252753603239395,0.4284618222187344,0.3730590648479792
0.3204647563367264,0.5359497442908985,0.4559359657209706
0.28732403647262356,0.46091739106954976,0.3859711705857073
0.29506224837443995,0.5094823510606553,0.4162265154843515
0.3078296561259103,0.5103951443331535,0.4334104897618261
0.2823611631636593,0.4781554908710704,0.41228284580247826
0.3050724249909436,0.49374946039713086,0.4412255929881802
0.27560670800980436,0.4449371282185052,0.3831848545095349
0.27804335493178994,0.4769425562157739,0.40343144218789506
0.3005876683703373,0.5146597128779444,0.42597130359113305
0.2944840111725115,0.46390206149731267,0.46424352124602253
0.30446618443949036,0.5013744095037589,0.38912853994979435
0.268648020638609,0.46991355972451915,0.4093761551678042
0.3651117602162025,0.5646231956832304,0.45523571283258935
0.3127767231158257,0.5132528369186801,0.4579515549995219
0.2957183316264361,0.48129144190949796,0.44455875996879574
0.29510297070389563,0.5090614356537095,0.3761131104089699
0.312185862724801,0.5189810383820064,0.44208326146918325
0.3154964038557406,0.45209377902074854,0.4121926588596486
0.27923824790519164,0.40702648813189396,0.40366016923261505
0.2769064970675958,0.4600623534314582,0.4046528809163005
0.29630773050201636,0.5068266649218914,0.40158174694788873
0.28318508511666823,0.4767084667311585,0.4109176638244614
0.2511630695502761,0.4282068534062053,0.3527087583165008
0.33306367551515104,0.5158717900254826,0.43653183683326724
0.2834517156856873,0.4301116556361724,0.42242819441328905
0.29130687653628323,0.4961852764816127,0.40333027779450914
0.2853767604027171,0.4827929965350883,0.44007974655047966
0.3358494951669887,0.5501086767674075,0.43703012109197403
0.28922767609752587,0.47388587020981976,0.44730614667966734
0.2869754758464307,0.5066985113818802,0.35294872176507497
0.29977674571429824,0.5026170047358612,0.40879794033716504
0.31416497731877224,0.5203789134065074,0.4712757385506976
0.3621570633704512,0.5672377315097625,0.4850466631191981
0.22992538910493043,0.40823984373404965,0.3265211795871762
0.2675369400681821,0.45219325226438895,0.3524326975973945
0.32602755338752,0.5364718939870684,0.4659689241789976
0.26403642308976466,0.4416333041864692,0.39010394421440736
0.29581554171537805,0.44465942027406363,0.40949269493826645
0.28504545268847853,0.5249955976708309,0.39839383040150383
0.27444633849411054,0.4461800687771683,0.40369818043798883
0.29652429532715296,0.5210481003951084,0.4035574956846778
0.28386231772934556,0.47250002580262007,0.3888168967013677
0.34193373821615985,0.5715091143919783,0.4590471070625482
0.2817646385551577,0.479236463525919,0.38889527098937127
0.30353968623121935,0.4900471331997033,0.40593658833204227
0.307288199704555,0.5336851669211202,0.42580728779971705
0.2895205403385619,0.4838465623316321,0.4061338909124222
0.3250327063614148,0.5603948511076738,0.40600394922643523
0.31425672394402615,0.5584664520844466,0.44557805703380216
0.27533487811719043,0.45693854877080636,0.3757432397422207
0.2940021875275296,0.4735444837406412,0.39539638041461544
0.2704065588566752,0.4755860394098759,0.41640697856916714
0.2729878329446563,0.46070499471855597,0.38495473680266473
0.26633935827050265,0.4673088180134258,0.3828849694340895
0.32257550327872353,0.5015011198095652,0.48508898534043177
0.35845572656960667,0.6378796261941727,0.486383398175592
0.36294895920157155,0.5495815005377033,0.5094983118143738
0.3516437423127599,0.5966987899043845,0.49946144341382315
0.3438947365906646,0.5616747726902875,0.44934150322166866
0.33214694893274316,0.5247427711575737,0.4375608280802921
0.28416364977569125,0.45990171046573597,0.41215155397449027
0.31792703231650926,0.5275396647095691,0.41276923197210047
0.27706973309501653,0.4627033480857564,0.4083678058767226
0.2815026310315192,0.46338646127743854,0.36674740951600215
0.30064027728602305,0.50742783527544,0.4056801987570672
0.29142255244668,0.538773810328511,0.45072001186453703
0.299224859505579,0.4556364655675669,0.3947529426965488
0.29401234165913853,0.4846244854019572,0.4238191124663216
0.29053939813532975,0.47145206834123404,0.4264426869832201
0.31334661740393505,0.516272149237197,0.44352491495626933
0.3192922834808214,0.5241935325706718,0.4508966128300295
0.3210245240697007,0.5444213139651608,0.4575671183107654
0.3375995677217814,0.522801372230779,0.41937059189405707
0.30299798501198916,0.5071669716614737,0.39878727540283
0.32687199765966196,0.5235252588374137,0.4790702477003023
0.305603854280707,0.5157792439298955,0.436446242425503
0.2783627331071148,0.4568398917331003,0.378127923420588
0.24230666302938608,0.4199195166543503,0.34406560774988254
0.32487269202044766,0.5292160901177492,0.44143583028268735
0.2577105466346404,0.42924177420458137,0.3761096562641035
0.25439253082022995,0.4423992671869536,0.35923195095176946
0.3289703171779036,0.49292852221385913,0.44037417667115675
0.32078395630374285,0.4920134360433843,0.4459397622540355
0.25666472570683746,0.44269436394851625,0.40230250826425873
0.30393900347763286,0.4825640740712562,0.4110739320381775
0.288274518202359,0.458950661546549,0.39330159079670235
0.3224171444958592,0.5316732968153558,0.43792989693551604
0.3288680137225976,0.57000284599519,0.4341280129448329
0.2640158885893409,0.44491472780034236,0.40321073017957226
0.27677749787122985,0.4563863802890648,0.3849637559051531
0.3203017313379269,0.5190955678277417,0.44638373418485017
0.2623187103277538,0.44210646752089466,0.39773117938389696
0.3652216762834996,0.6143220966113678,0.47742684916385375
0.27738417348590705,0.4533079092509839,0.4229124368010177
0.3102394001020985,0.5254846488021989,0.4053748508517145
0.34783061167838525,0.5929732882185974,0.4209286922503205
0.3191198658375716,0.5032390861915742,0.4424456205858758
0.24141154070230006,0.4007112995339305,0.3199925833351384
0.27247542957431165,0.47428170019554766,0.3977651706648132
0.2616575399346823,0.468303168104897,0.40089975541651507
0.3413506920525446,0.5322470663452594,0.4367242163535652
0.3581695225467765,0.5802555236379644,0.5129393960090604
0.2440906563090821,0.4134398023799423,0.33341106276250243
0.2824575539135648,0.46747318708378055,0.3957404372270485
0.33589192593289185,0.5019143306780394,0.4866293085231666
0.26084941426968355,0.391112204775763,0.37304364708363164
0.29054021942021246,0.49884992046876075,0.37356779327112277
0.25927266915325126,0.40568521777686783,0.39857395763339754
0.25277712840681354,0.42113076287412,0.3313807991388891
0.2840528775369803,0.4947115171272418,0.440663048027925
0.3023143499403225,0.47243046929885696,0.3967306954374611
0.27799866144943286,0.45138834674676687,0.4113447062669518
0.3025785244979316,0.5379666778455473,0.4250538394811773
0.32049606023002125,0.5345009609065863,0.4579527028276164
0.3349578902233478,0.476953808661553,0.45586583761834415
0.33024908885814147,0.5746574466798846,0.4399206586239888
0.33164181259721015,0.5057852819428001,0.4569153257127963
0.26929331612519297,0.4981985178759324,0.4035167442910859
0.3275093637860488,0.4820477128831636,0.47921593007666324
0.2560524408013335,0.4390848978918715,0.3700583251827785
0.3105610394642011,0.5051990460030054,0.4158490692746781
0.26765375947115166,0.4357114583511347,0.3942017346332503
0.2863978318357089,0.47986752395254006,0.40087235280397054
0.32590904490401335,0.531436990783775,0.43945759743283475
0.3199144252250378,0.4972832096098223,0.4523855050017316
0.30724267732910326,0.5277286446703038,0.4565281086863526
0.353386174705433,0.5928648532000674,0.5030027704231274
0.2831488966004123,0.4472486236764856,0.39784641258670816
0.2889206564395738,0.4915950989695927,0.40795585010645075
0.28599666895239384,0.4962551159891213,0.418005517550492
0.3178090645686529,0.5481750269495199,0.4275097003380571
0.3003875857333131,0.48349187706069985,0.42426194315828314
0.2756106691751389,0.47818752819547167,0.45013207736620703
0.299707910728094,0.507922462989082,0.3918513599673032
0.2912786642757153,0.47488412427269494,0.435613551036815
0.36262684040041926,0.6225542316381742,0.486240337235086
0.288892026657158,0.46860182641379133,0.42375179247555
0.3599136945557228,0.5696471268586594,0.48374719679989603
0.3371903069383902,0.5226826444801291,0.4570351091472526
0.29707336023171327,0.5050770447497316,0.4465707679988203
0.2945958773475998,0.4831435725844125,0.41941925196076946
0.27792087964311846,0.45188409913722677,0.4032088553797646
0.27101713304058084,0.482639139333773,0.3952226556931873
0.3441307625699907,0.5938144810585838,0.5089539320648876
0.257151114839053,0.41253005227194345,0.3771731454322326
0.30447362427109875,0.4828875795128367,0.3837961731839932
0.2491323871839745,0.3708042610585441,0.390066096830981
0.28342523346097814,0.48877661205183975,0.3967197271248856
0.28710953617602974,0.4723392553332123,0.4556920532636354
0.2799872072551612,0.4676300782284414,0.43890594658105114
0.2823464500184739,0.4570518310719649,0.4118110252680137
0.26057960807377656,0.45769817929324563,0.36879658466907905
0.28689690129400175,0.48098999644780244,0.436919781907788
0.29219070148958953,0.4940151307423394,0.3985346264183725
0.29067688119043456,0.48092882204627935,0.4256220042131669
0.29526797659428644,0.46715198153503673,0.41409767848573076
0.2576083878967963,0.44710935320175244,0.3873832648664488
0.27040308562556775,0.4237126160533486,0.360335318855704
0.3052036042238481,0.5358303866187603,0.4563442743403308
0.2979927123141856,0.4830193092846377,0.3972777140479552
0.29102935233781774,0.46090059649914666,0.38953298021153693
0.2164146718437247,0.38061171882818573,0.3251616972490801
0.41044544973726294,0.5685609923840931,0.555035325902948
0.25477992938116545,0.4376293744579482,0.363843906262979
0.31498332165402093,0.46707647556234916,0.45417851194915615
0.31504670517456684,0.5067121882465356,0.4737886206836807
0.2721543483705636,0.4722771848426347,0.34780853825406166
0.2720584352435045,0.47594818184562704,0.3573772426857716
0.30922575778496686,0.5048468659329411,0.475032978225033
0.3115921064352639,0.4888522684013913,0.4740684116862014
0.3547632758535538,0.5951617773990671,0.4626220771054494
0.2748340967305845,0.4129001798798467,0.41468789377243337
0.345187371421564,0.6165761415429101,0.44271480418830106
0.3772906127734985,0.5987417555831589,0.5760348126792697
0.3468762920876471,0.5894753950180412,0.45015997366448973
0.2788663263021388,0.476465360127697,0.45661168854076445
0.36169515685854076,0.5778607866858732,0.4252495012594596
0.343297731306666,0.5523384701175563,0.3949963205614904
0.33663472348910617,0.5533282724707473,0.40729951372680134
0.2701128050109331,0.46134150465083645,0.35256725873139316
0.31189326196913025,0.5588181224410798,0.4788996078581918
0.3098451016708917,0.47125434032308827,0.37631454612831344
0.32168142210388984,0.4836421301403833,0.426604935909771
0.317548769173883,0.5189818586954639,0.4396129012780484
0.32175800548352546,0.4757495916532115,0.4210767843904048
0.31218805990322124,0.5553051999364765,0.4642849361045383
0.3387986689610481,0.534599614783048,0.45082877453719244
0.27527987906190465,0.4846251470340417,0.398215288823956
0.2775672447270229,0.48735355347506804,0.41115707201764695
0.33955680370928915,0.49353343603677363,0.43207187571379296
0.3223491954578266,0.5666607504405345,0.44980686647819595
0.270355586186453,0.4174648631910825,0.40631655189473587
0.24864592504552196,0.43163165954870847,0.3470146216043118
0.23700298635658515,0.4067008864927918,0.3158495558193169
0.3199601119815191,0.5094251801708751,0.47394832915700924
0.2643883858344434,0.45865294397887246,0.34637815853606757
0.29721078475184826,0.5215273011121921,0.4434774682332265
0.3109561776501072,0.5097909010788304,0.425232839169046
0.30830393962423186,0.5273437398405815,0.4583366759477885
0.2762574924514815,0.474138025540621,0.4073111416467235
0.2925255927562226,0.4754638220388413,0.3908399410958259
0.3455858950251375,0.6030146157058469,0.4742705087176898
0.2794888856513034,0.45602045970810656,0.40701356763435304
0.37277252946716616,0.6252460237710995,0.476784382854747
0.2598667133016526,0.3904396602907257,0.35399798915067265
0.2931479337802823,0.5597613002602111,0.4077955320024978
0.29220551079948476,0.4496927080987366,0.4047809724036743
0.33052264421658706,0.5536609662173422,0.4676677386257138
0.29300579061111287,0.48642908752832087,0.38754426018536825
0.296689682935963,0.5042769849866282,0.4039377140541244
0.36784129715482555,0.6047422129101321,0.5282379889649952
0.34453432423241914,0.5874025019094432,0.512790538426732
0.295335120163319,0.48825781331491785,0.3988895438913327
0.2886789886625915,0.5058040040413952,0.379622102571383
0.2332885097608934,0.38658180559176986,0.36301304673209667
0.2519355144518383,0.43478011365438324,0.35106885596571624
0.30286661489116484,0.5113514097093825,0.45276577043803035
0.3772049561816781,0.6247518633797867,0.531485212097096
0.26894800986134054,0.4328554509874764,0.39449222721861416
0.3206312815665174,0.5673813098385905,0.4442288395067291
0.26676763290441263,0.43135396314507557,0.3901774704836501
0.23346570994709928,0.3636088696723331,0.3612026476662291
0.26764767655358723,0.4413199506228026,0.34561133842989394
0.29853658802515587,0.4802771935477311,0.4094687104194826
0.2653820366597763,0.4338624457495974,0.37197000441866196
0.37180137026575644,0.5972388637485745,0.4916300886497413
0.3472887243374093,0.569207942669272,0.4863835117218213
0.3519133095741585,0.5964458757302544,0.4715451142639402
0.3115902478346048,0.5010016751791471,0.42345106885663175
0.36531117979206534,0.5844957330541517,0.49950838192270125
0.34461489989378574,0.5688667092256522,0.48012476336087506
0.31881832430064266,0.5425761690356525,0.42304532097896747
0.2640418812264314,0.4423496408082603,0.38316555943554714
0.3333723930311241,0.49448479400295886,0.48871693817391165
0.3435854833823529,0.5804221011149149,0.5312844987474907
0.32932983003809807,0.5356268364084357,0.5182258185047594
0.3300112574317556,0.5202175971068413,0.45091100675121587
0.2546214117902709,0.44372592840678254,0.3917176630720311
0.2633893062557417,0.45934607609670974,0.414901394986584
0.3691055855866643,0.5983295853585087,0.47348857802827315
0.27926711461434056,0.4746654402196369,0.42512399136083145
0.2899821619816891,0.47190797961186703,0.37839016573559386
0.28686616936116827,0.49196789072853164,0.4246103511876494
0.30487527499153133,0.5637877294563413,0.42610672849667586
0.2883333242364572,0.5248602243676154,0.4003742114801901
0.29268049224636516,0.47556357384023934,0.4213340492468113
0.24586028580084324,0.4335631599682481,0.36895182725442277
0.3128944077813642,0.5160575032037406,0.4331260264998876
0.23309194525240143,0.4075497405682391,0.3508849275031741
0.3552242664484075,0.5898454611113301,0.4814577626091081
0.25593958186974647,0.4186445744292019,0.3744384189398158
0.2695306451543881,0.4773839350837291,0.41223369665450377
0.2882070713428048,0.4835759528209891,0.40211532606379563
0.3071486790412586,0.5249303707668408,0.3996043731308828
0.3489544392854562,0.6143598582761582,0.4872206827531677
0.31838632321412336,0.5202274219668361,0.42252974077536404
0.33941674869638666,0.5541203361949782,0.4358064728629362
0.3214687301361091,0.5128642041635925,0.4661326483325712
0.25808285529431124,0.42844097865341035,0.36766582528578906
0.2939587013808522,0.43277891124439244,0.45618746023270157
0.2791246394908942,0.5148397249680351,0.3866639035978221
0.31484680845781665,0.4521304475342782,0.4801830907278717
0.3248658365454233,0.47338188561244554,0.5077683062594156
0.3445694573584227,0.5566485777448392,0.4766389459179982
0.3728441267802668,0.5973876537441326,0.5398526821267667
0.2212759834033912,0.3884951684758851,0.3600367485996728
0.38055034099252066,0.6116329707214736,0.5252518095022708
0.2065257077517062,0.32433490830409833,0.3436987923943766
0.2809860364452136,0.43794481910620103,0.38471168072709755
0.34750059914839,0.5506038029970963,0.44670407054836075
0.3350992542775785,0.5584170577814328,0.4753394734636159
0.3366819548341879,0.5627311520370437,0.4523663791429437
0.31161985227118827,0.4904010280803337,0.4321270118312302
0.34937025357191415,0.547820616407473,0.4575700404222425
0.3748213217891153,0.6031197215613509,0.45787603558007883
0.3702821688395069,0.597411344713421,0.4612127566510115
0.2743495146306102,0.4583414611696654,0.4641768091653639
0.3047655934505231,0.49360331360352705,0.3950762446101284
0.28349858573690734,0.4574589672422551,0.47405358794527835
0.28748643747791275,0.5044462779668257,0.38134231757897963
0.30066458404968077,0.48124325722028294,0.4366615946696492
0.2953895421076621,0.46140031010025256,0.4250864406267734
0.334417408271749,0.49907475950695845,0.47745359696204454
0.26517788809168485,0.48547293034045913,0.3801439526519689
0.26837553951704596,0.45987498618410194,0.36228910148640203
0.31205266664491793,0.4943879940993156,0.45120410035711034
0.29021067010018015,0.4785712342059165,0.3872166973286875
0.29844370738083814,0.49683106541610317,0.4407735481306489
0.36441254030495046,0.6379987427447459,0.5027872779466112
0.24985906707166922,0.4134855760795701,0.3549224420839729
0.34882882974130414,0.5673983251510052,0.4702289070814088
0.24265640095473415,0.39763616522284667,0.3485621055954802
0.30235096328747385,0.45056768230694316,0.45966651976904443
0.27169157200470256,0.48934703478836844,0.39062537122761937
0.2981366379628113,0.4450020045770937,0.39001694775927254
0.3078043290619358,0.5377491920976418,0.40178187739083143
0.2877938270850877,0.44729054914100763,0.43276043643517953
0.2750763832729622,0.4695370717862365,0.3744258308307143
0.30169502899394507,0.518677376741514,0.41483597695184
0.2865291764426314,0.487291830827161,0.4020111434951278
0.30256770340384304,0.5239838009283265,0.4432879767295985
0.3005040062052147,0.4990359362915936,0.4161356091373238
0.2657671999128382,0.43286888072017304,0.3661398021864343
0.2643054294295841,0.47833411829200445,0.38505782793502247
0.32681919219924543,0.5242702164147667,0.43197597402375537
0.2713912246838223,0.4638437707677918,0.3827572498534386
0.2710172778665158,0.47439126108994517,0.3858377841305017
0.28383940944136477,0.45410542046542207,0.4098510564278886
0.26584333198120935,0.4234710599895342,0.395297207352943
0.30073286594611104,0.510371278997411,0.4266877345229012
0.2733094474391516,0.43565320862394113,0.3958859630012725
0.29954511091016145,0.48423562817936644,0.41989532095692095
0.29639116987894976,0.47466442325446145,0.426017372763507
0.3723163128757477,0.6223158644545664,0.4411603673171536
0.2635746748515522,0.41258450254988854,0.3988379849161473
0.3445143626807549,0.5652142103346689,0.4501934682668364
0.31802174796108107,0.5549050745581859,0.48172522222290415
0.3458728946737221,0.5586785064643918,0.45323619473071186
0.2564284560107251,0.43244909861441905,0.38324323369014407
0.3518156228521205,0.5702314385217003,0.5094571280163356
0.2565313289626566,0.4717527310903912,0.33961808415785294
0.33244241418084086,0.4741205443691564,0.5114027365255497
0.2575423888884968,0.46929782148794913,0.36014287737622047
0.32248878254319313,0.490224019093038,0.4389854609768983
0.3068355351351481,0.5548013951809639,0.47637929026995124
0.34732907012764525,0.4906269310640108,0.4615167925349376
0.32260360062096655,0.5714206524272241,0.4904913588594245
0.30599868830699073,0.4349513961837349,0.4509316820800854
0.32201198656674423,0.5516154047931486,0.4554000196130264
0.27303126532440647,0.45682814779537934,0.3877780713241067
0.2797568525131051,0.47355717567798505,0.39300565633483114
0.3312057306446602,0.4991477898652391,0.5094731325318429
0.3227827205392713,0.5649282361168634,0.44206054895752595
0.3130083443249451,0.4145433111130218,0.47543131967536245
0.33654161632189816,0.6177621924310661,0.4542106135725195
0.2871930525574737,0.42627838453550826,0.36423054708944436
0.328874548452271,0.5756859346485078,0.4136396426599918
0.2583954899495249,0.39865169927276484,0.3727232083376666
0.2923967403429171,0.5469725392644409,0.420217466304519
0.3056099797261825,0.4504055085637438,0.45514669695674076
0.2944024958103144,0.48107489270562115,0.4150718948026484
0.26637056383900215,0.4850424533239191,0.38470446066581854
0.2421162536967721,0.40015337572722753,0.3588313377329449
0.3055010083580145,0.5027513994664199,0.4269870452454486
0.29673654026277946,0.5151152977681829,0.3694463635980593
0.2933630435798288,0.47711788326424026,0.43285374521455494
0.32942990378983383,0.5571116835498214,0.47272339171612177
0.3278184976043494,0.5379457725043313,0.4451081291779693
0.29046391990633513,0.4793560672648074,0.39723671078950074
0.2898157233702543,0.4562989364794678,0.4156938413477653
0.31984232262320345,0.5190113543157311,0.4164571937062125
0.2953738117938218,0.47361931053663553,0.3990988260276283
0.3031230677395168,0.5037088870942829,0.39685054662600194
0.2864443903089344,0.46177784566939334,0.402802810854079
0.372420290260338,0.6222659727600223,0.4925755493696658
0.3004589781206295,0.4880234393951911,0.43044512247849703
0.3063649460608891,0.48916554481173363,0.40923762876384545
0.2998729772401408,0.4890146507678981,0.42897372310833143
0.3005191693589272,0.4959317128126292,0.40777516518099965
0.2628388625483474,0.4367211675513786,0.35239352681433145
0.32712078137968476,0.5219470355834755,0.49713977251605834
0.25520586574504844,0.45079663115014534,0.3621655855405158
0.2683743870195722,0.4304252524552787,0.4246950700349346
0.3058519314769979,0.503058178959884,0.3862967166714354
0.2875804996918381,0.48687407035109287,0.3988480090758577
0.2670852640696417,0.4649916778142069,0.3766589102098012
0.3129687008238328,0.5025164287731292,0.4206091064915021
0.2840437669772502,0.49280265899413833,0.38395060062129066
0.3297934305162871,0.5570705756992917,0.478361039037339
0.2759103748920868,0.4740319883874134,0.3978646699431387
0.30788803475049664,0.4783937796765701,0.4247729186282573
0.29717916804780353,0.4861482030848316,0.39932440406224007
0.32288847011103106,0.5109841394060531,0.439476639307488
0.33093381207924116,0.5175145488885221,0.46789718690553317
0.2704941307092504,0.45265312889942033,0.3801247179324501
0.29149882287941664,0.478168592853044,0.4314675660728798
0.28785224921903285,0.4973586814437739,0.394104186383488
0.2803435394151022,0.45805503869086356,0.420753970585721
0.32703666428595124,0.5465179837209009,0.41594583901493787
0.2688472359633821,0.4639640369762312,0.4285887026784012
0.3219915812034146,0.525976189009345,0.4599849561081814
0.25875633260837927,0.4410479954624751,0.35993693973797747
0.3076091550466887,0.5125117149714931,0.41273750800249603
0.3176556705529032,0.5204992400479531,0.46743712673649507
0.34640378919734366,0.5532199206756878,0.48238471323524645
0.3235340199678225,0.5079073902280752,0.410483623634505
0.33530495965951873,0.5458841323181587,0.4523301515951833
0.3130733336089661,0.5622782173805785,0.42537045776173243
0.3242569892881796,0.5500429642662202,0.47223804068900926
0.3167570900924452,0.5126559696435137,0.4316311389660052
0.23974603176783824,0.39755292016684013,0.36548370530095303
0.2684902104827878,0.45551674086087723,0.4125214203962751
0.34109893040192024,0.5196694175352842,0.47070653348032304
0.33333404023836377,0.5023266709967761,0.44170934799767925
0.2505688963933153,0.41270297561343827,0.3775583580298153
0.35971380121868474,0.6130776801651956,0.5037195985262821
0.2611124604750657,0.4214500711429189,0.39868901746227386
0.30420418569468083,0.5086789930554106,0.39951359128382674
0.2773368550400503,0.4551238156187244,0.42660247808672663
0.3039026192152272,0.5144226363202862,0.4282411406520537
0.3017904088805126,0.5159689000799991,0.4606154361627653
0.30747024378237575,0.5220833861374048,0.4444676628333149
0.36677891051337747,0.5441124267182572,0.4730978604450106
0.2674541354338984,0.4540411318452829,0.375985535678089
0.36055572623280074,0.586932250186841,0.4770430842875313
0.288732909563369,0.49619860216137396,0.39459225631378253
0.3336595816891363,0.5466373050111293,0.4585291315412043
0.30972190364661567,0.5101193255284099,0.44828851789793894
0.27661144685876604,0.52612174101999,0.39980258244562883
0.2711732535872991,0.44423778981562917,0.4010356886731232
0.3432018716809045,0.5763647178175673,0.4577469699323958
0.2529467653859749,0.41660863721160735,0.37794618015847337
0.3723563108256619,0.6206531163866547,0.47888171066471097
0.2601792212941875,0.4295235089826542,0.38661046253980097
0.3432318227082729,0.6003987869122028,0.4715977582005449
0.3401243466744444,0.5702023033902959,0.4309308127497509
0.3060505493986588,0.5191462936928064,0.4415535359550547
0.27119296588905567,0.4391033829769662,0.3654044543130613
0.2789628018012867,0.5033881602509266,0.42924144538818854
0.30682533150569025,0.5272459875655424,0.4136458483848901
0.28606742889265135,0.4872731306024291,0.39796867874643366
0.28305218192794035,0.4372549066187255,0.3615244382350505
0.28391817657900736,0.4661014426281329,0.419604575617258
0.339872886769146,0.5206452110131978,0.41881567133755404
0.3051348051727097,0.5107763963011025,0.447961998075127
0.2842603612558068,0.46516930574568555,0.3650344470429998
0.2569072488602072,0.4273791204807099,0.4290301252497487
0.29811821453683385,0.5398359739387296,0.3786732076541976
0.2722325778878191,0.42805134627725205,0.37820157019515815
0.24596679572146846,0.38582007119573547,0.3314690447980607
0.2762951046295883,0.443678478500045,0.42258669724666226
0.33189278032744157,0.5456082323977345,0.4535754964595357
0.24561669665234137,0.41499380850540474,0.34670665441787996
0.27474136874240646,0.4688885270118072,0.3818827782764488
0.30275583205727724,0.538209530656533,0.4268436966535254
0.34015813238982057,0.6070479530319737,0.48953752395922295
0.3150550025533245,0.46749460081014504,0.3756475397943902
0.30510327965218226,0.5427599950194747,0.3905735096036641
0.31934563008632666,0.4915155870001648,0.4640417452303799
0.2997607117223873,0.5002518259454668,0.4215167828255088
0.3145116498331894,0.47785460189450196,0.4265161332364111
0.2782896601037134,0.512505644608864,0.4097281504891076
0.27038517035206117,0.41684523993342554,0.38019012840540867
0.29305379771195417,0.5322392826689234,0.43654186967820957
0.3044666679045883,0.5079837352620133,0.41481118566944286
0.31071984593765756,0.5036464585157923,0.41599963852325744
0.39681658922165763,0.6229067564571564,0.532395680673246
0.29621757329642634,0.5006364718935558,0.44525420923971576
0.3232436324252432,0.527734082088428,0.4208579253818067
0.3063310548603706,0.5047421183414478,0.4176585630462721
0.3112054938555878,0.5181142673129056,0.41774740500808144
0.3013594354866981,0.4837537143765901,0.4271477437213597
0.28213070321661676,0.4461185032681328,0.3781730723094297
0.2904702080597002,0.49116419027090447,0.4121672119027743
0.31887482831137637,0.5379006758101887,0.4647484568532827
0.25636075879729864,0.4138672133050633,0.35105767941482074
0.3193616694932993,0.5170592918959886,0.46897898271636485
0.3114551980276187,0.5177396751784864,0.45158793973817496
0.3190603007781825,0.5055526717032433,0.4687746351569271
0.2728644322669493,0.4718966532838617,0.3618905809765441
0.31209643787102925,0.5334297844019867,0.48176452188768676
0.35296989023365055,0.6298832480171649,0.4719771379950516
0.34833200616225557,0.5979823933221728,0.4439301717187569
0.26155666604869193,0.40480064004903227,0.4054506241618174
0.3219375601514731,0.5321333892790865,0.4449321957085586
0.2863246820525543,0.4549341419921466,0.39870759656599736
0.30067437542606984,0.5016664741866267,0.40496518505922713
0.3216816455733895,0.5008624014430471,0.45832472440969724
0.2539429315905421,0.45451141009357005,0.344024464594561
0.2795864631290404,0.4664541908062055,0.4586211378245857
0.3296447419342995,0.525131358991675,0.4679160639427334
0.26640318245099126,0.446018789997339,0.3803249218144094
0.23486182476264403,0.4117215461535652,0.37031668459626915
0.30316883011019474,0.5161314402305062,0.39187558777466874
0.30815837308291183,0.49813180091418746,0.49489921796570074
0.3321049910820871,0.5725962355855635,0.4267483807563665
0.23141781577603548,0.3635688906100819,0.4025366475252081
0.3288888135871889,0.5717061595830369,0.4789367757326131
0.28444180469194813,0.46668544787656585,0.4150826327594043
0.31760703872891943,0.5520525741167481,0.4329115043490535
0.32864391052774555,0.5263882703627826,0.5049932128433168
0.31698834725852454,0.5127681447393603,0.3994638056548377
0.2982136447203035,0.5044051441033501,0.40516193435763964
0.28141551370565565,0.46367157534667713,0.3885587758746382
0.28593438399655435,0.4658680422778411,0.3908346873901448
0.28943064739706653,0.49538603530009984,0.4150132510760139
0.2929370737748384,0.5157406230029462,0.48246169247307646
0.32763124992149856,0.5170481862196191,0.4364263968974222
0.27512832728669223,0.46434988430012214,0.4231331588239009
0.334137609722489,0.5142581489836401,0.42595612617771167
0.2462315770141876,0.44494443034762504,0.3720377378572411
0.3276038617108294,0.531243258827862,0.501917358465799
0.2923083668343295,0.4782002411800407,0.37826493986369986
0.28716090259556387,0.47761206070201684,0.4076634703573711
0.24150570865747314,0.42695512722479345,0.3681446326098868
0.3247335021369846,0.48853190796518736,0.45404804514504443
0.282658535335707,0.49344439116687583,0.41564630826561827
0.3028070958080185,0.4653490385505782,0.3941391434030723
0.30377715966434926,0.499034877974845,0.4030808141380206
0.28737214579121734,0.44512527631106735,0.4296424533288573
0.2800294090941522,0.48107335720362526,0.36586333657251024
0.3014564949031287,0.4564198815562475,0.39354125421657105
0.3174025435068391,0.5023288915243431,0.4689965150948982
0.30733003847775986,0.541124489485238,0.4493052151697477
0.32204601034514396,0.5058192810458364,0.47855901265110307
0.34459088190784454,0.5669448922064255,0.44112135864616
0.29350057331302976,0.49358839543069244,0.40786510412261157
0.3323879510676145,0.529782900781716,0.45738657823975704
0.30594974317485873,0.5177365593152768,0.46936162618328864
0.296946674819483,0.5032760752852754,0.4164389544882605
0.26726334295037074,0.43342276551090475,0.38712674791626506
0.2902247001653079,0.4879572325287739,0.4214351076376758
0.31858653456654845,0.5370750101459865,0.4453783525475592
0.26973024246921495,0.44599148470071054,0.37905744413622605
0.2686690702110389,0.4568865852018742,0.39268880001394635
0.31939228516714213,0.5383163715005128,0.40661483875246085
0.2855282154548002,0.448747764747473,0.44217491641665035
0.30872925604999746,0.5260941237921336,0.400979826791559
0.3263499400177493,0.512311076776391,0.49238206136756457
0.2604382520889772,0.467359916296493,0.35976590921641094
0.36313299301192853,0.5385478184764437,0.5114607965448089
0.3051151110461478,0.517796078561033,0.4385943707757305
0.33047409640765707,0.5479681669708629,0.4533327818634322
0.3090388451330744,0.5229483701361078,0.4112695589675735
0.3149811979079973,0.5181528466089849,0.4409683442903619
0.25627115080468504,0.42696733533984305,0.3747577213493582
0.3071757276568647,0.5194715358595248,0.40736868047068503
0.30501465393699084,0.5112079823041021,0.4216518724732973
0.3154832325651822,0.5309399475480715,0.4430354761886723
0.27579863778378044,0.4544963739223986,0.3791233587370463
0.3027798403128386,0.5080355548110094,0.4673100636139648
0.3566506289925224,0.559434293943115,0.47236588274725394
0.24941161138965653,0.40624568184610244,0.33335779862713444
0.2810957075755235,0.48254046140509976,0.4003612912414999
0.2875994513644125,0.4702519929368413,0.3919962534552533
0.2912920125519943,0.5127137518096683,0.4102319341268244
0.2667993836395876,0.42243559382281465,0.3601719263224093
0.3081484001360575,0.49754094825503853,0.4526569292198816
0.3004531612196702,0.49732936595055877,0.4816603919098596
0.3119689681181372,0.525111553854786,0.38004994910567996
0.24792534889267392,0.4226308497044536,0.3884922924507708
0.3093863811105759,0.48213864084268493,0.4177983708691605
0.28219420800876854,0.49254413535003577,0.44196040077718307
0.31458492278218453,0.5048388998821842,0.4437579946067514
0.27374827953958053,0.4390747200277611,0.39189360603074025
0.30507688934483096,0.49294978749802026,0.4192979259884589
0.2923002208473922,0.4777956216412144,0.4544399446344599
0.28636789851994254,0.46790794090205223,0.4144263393713489
0.31995967067115877,0.5246386433133738,0.4611881678584342
0.31604216242612704,0.5409846246191746,0.41068071253961863
0.30200297722735314,0.5019261712644669,0.4328991979514581
0.23975555982052763,0.42785184349491306,0.35169551856934195
0.29834360827433504,0.49619551241735116,0.4156463724389928
0.30456563965100986,0.49494576503049303,0.45543025293338485
0.32516515563845,0.448606259599625,0.45139245188598653
0.3203148926399303,0.572031463463455,0.4673472330489994
0.25447933253836186,0.3916345236760739,0.3859888768084623
0.33048088526811104,0.5739050793406131,0.45285998009624595
0.2755969137720594,0.4292779852571829,0.4124500877617923
0.2778169867470618,0.45831818581920225,0.4031877274447609
0.3108342700348044,0.4907204400019098,0.4297051966105359
0.2831690627479788,0.5209424501660052,0.4141807270872917
0.29835123011363673,0.4700407043699402,0.40992894268736324
0.32728339100076054,0.5816332939607932,0.4459256003659788
0.35368248684993214,0.6107741909065948,0.4814812013699806
0.2953003632498946,0.5082233832376328,0.4063836757796869
0.28213752508455947,0.4777121076144257,0.3997680757720322
0.268006949892175,0.46791423264275006,0.382248356531081
0.2960190970787934,0.4532519750965223,0.4646916951580646
0.28011406110031367,0.46505186767034423,0.39003567988360655
0.3341074606868122,0.5465452724413036,0.48773003085961714
0.32806690865798316,0.5435722757145407,0.43159940333122476
0.35342034614281886,0.6000646381224847,0.4608412521538062
0.28014544017767606,0.49607845118464794,0.4037835491069198
0.27602230025075286,0.4944090093816598,0.39188036883828364
0.29626751321215133,0.4733867180316282,0.4057535799694971
0.3189659316329547,0.5526664440534153,0.4497569621469547
0.30705612440529856,0.5013269757866067,0.46498077777437996
0.24847046724447583,0.42422217297283743,0.34143950137195955
0.2935876720817802,0.4794949141803366,0.445073296087051
0.25108700634207337,0.4376462147363049,0.36304224859998513
0.3391807074756503,0.5322208102262409,0.4533108808953121
0.37500114869901374,0.5900634356086445,0.5463844431872843
0.2963134893543078,0.5034195758055362,0.375887969930571
0.23986636383093907,0.38648169570817803,0.36539225088481114
0.30904432089096967,0.48186052948743324,0.44442464266359843
0.29296965040639456,0.5037229210802281,0.39393753299300427
0.3067722097386434,0.46487692674055475,0.43193163624118064
0.298651089010061,0.5045125581868489,0.44361441702029325
0.3317254252650509,0.5483003601991241,0.47262678127859803
0.27135225661050444,0.4749216118253971,0.38668324549796157
0.31353147015588234,0.5333043950804384,0.41567460033134684
0.3083602090486442,0.4860068789514255,0.3992027160805349
0.3747438058612609,0.6477532955182453,0.5458980375635293
0.2516686122486776,0.3989111387160255,0.3664837723511189
0.33681317993169013,0.5269145056433492,0.4583851970455811
0.27652494437346564,0.4279749557972372,0.397719402224725
0.3225171713528868,0.570872966758969,0.4176878638557579
0.26218611569894934,0.4206537660837279,0.38807569846399365
0.31931847555750725,0.4861317354433892,0.4872680547353472
0.25751971548673175,0.4580434201635966,0.36364798325725156
0.3068443664221244,0.48916219036610603,0.4268988649679052
0.27704463686670744,0.512299163958554,0.4164503119150634
0.31655848253020386,0.5065867048360685,0.4240186161692051
0.31478695470108575,0.5258157081787279,0.4201092903726028
0.29970532152257334,0.4905092905366509,0.4180847644921878
0.2671169912956344,0.449837657008123,0.34398201620726804
0.3126945672275795,0.48028566777907894,0.4275727507628021
0.3697859686285654,0.5931426957371599,0.57985376244149
0.3096820126134808,0.5094421055099391,0.3784832068950859
0.287663036755541,0.4734131700720508,0.39935784845465566
0.34270910896380413,0.5436640810952497,0.44348350053054253
0.2858588557465071,0.4664069565461523,0.36209536972295775
0.2927963457920915,0.4674135933577659,0.3849766241750575
0.29914098180291193,0.47886685945481705,0.3814326040394215
0.33519769854840353,0.5304692402326683,0.4847364603541905
0.2604078780876369,0.42616939827676376,0.3418114295368466
0.3143436461475255,0.5249679098368679,0.4041945714670516
0.3110696269744765,0.5228244712940345,0.45239042525394435
0.3099208849121661,0.47748043302787896,0.4865741545538289
0.27913357444589976,0.4813942684534599,0.38404618257597156
0.2893756037099571,0.5044015808334071,0.4192390120287088
0.26457640406476285,0.4456464422630364,0.39218028939676525
0.2867772842311032,0.5079599786338572,0.4368448267940952
0.29866507741271375,0.49997749592155477,0.4325333498602525
0.3425378652496896,0.5648331937079827,0.47354879565793706
0.2984873659323676,0.5232313760106627,0.41746250456596234
0.27642547719438315,0.443460379903297,0.39045550233453763
0.28755325337053506,0.4558050488296026,0.38215247221132
0.3043097104300077,0.4729888940733652,0.44024434354859215
0.30429218861137247,0.4451128993816338,0.4035294666998838
0.2896379413286229,0.5118940405142132,0.4418274246846422
0.30083566349777324,0.5214060263442294,0.40958477621436545
0.2681492478629983,0.4574460465208253,0.3741505496791805
0.3062684784512056,0.5160437796108515,0.46408739382598546
0.33202207133984135,0.5477838548215597,0.42645788307187515
0.3130761809216145,0.505530811910942,0.45245427811302474
0.3278520033614107,0.6150216273183376,0.4591786552557409
0.3548576253013365,0.5337894908777463,0.4919087995215142
0.2943356295261137,0.5180823258602291,0.39842741882646887
0.34957967408808993,0.525953328916796,0.530191752705464
0.3069221506358176,0.5109854523346689,0.4566773364737546
0.3201114589745956,0.562191210580011,0.4188144135810154
0.30339711313467693,0.5076727656941971,0.4479672008743512
0.3239907830947418,0.5248092700613031,0.4463717609744541
0.31872620042399413,0.5455614700327541,0.3929026925773869
0.31716101688764775,0.5195663759655845,0.44738286223547874
0.35914454382280436,0.6228759367802841,0.47891611344583374
0.3096317185693932,0.4850397580183942,0.4618061268461855
0.28836260980399003,0.5076579199443977,0.4105454252575647
0.3765077012745871,0.5874827034728526,0.5367481868231633
0.26536723964470865,0.43104163993608263,0.3442255750258281
0.2951088211439612,0.49937588030987573,0.4177060814589763
0.22349093895772165,0.34576888766730307,0.31887681712863686
0.27729412347912225,0.46053993283512995,0.409461829869404
0.2452349648045114,0.42193799530686343,0.35407927032033704
0.3389615734928925,0.5629893181980211,0.4427937442052633
0.28831964190738313,0.48780201043854016,0.4446986187285984
0.33994261502979584,0.5884190305762587,0.47099447253111903
0.28067698224559723,0.4562699927554293,0.3674230094611039
0.33925140231880874,0.5628338869798957,0.45764643293772195
0.28050669085683316,0.5095432069152597,0.3989860956503096
0.26917221416892023,0.4228302380022428,0.3638938018924087
0.25041082831492295,0.4509057806895563,0.4008325789258692
0.3604357942166507,0.5215267016798383,0.4746386724463219
0.2103189836076408,0.37919278132512735,0.3509788094423228
0.24125215335571312,0.40824240081337454,0.31044139290298023
0.3416974341033038,0.5717304771251642,0.4837525713524183
0.3631743383825808,0.5817084310969202,0.476455770638819
0.3574373731059961,0.5613789483739814,0.47786180264484257
0.3230340173730766,0.5236459468353166,0.43764935860620774
0.2748384772491173,0.42035030429635767,0.39174023273476094
0.34242887495627805,0.5583556927835546,0.5291136051255104
0.2788413983485459,0.4825558470851817,0.3965916622948497
0.37801487306839127,0.5755973396500985,0.5421163194915212
0.32475882689229685,0.5276573018253892,0.516696852959587
0.32508920365059957,0.5248298683066913,0.40964518476265044
0.34377356285985927,0.5643510124169269,0.4738447061715937
0.2364137155210502,0.39993316797008926,0.3876720409648665
0.3257987694616367,0.5473888687159126,0.4103297680947931
0.3520526306162167,0.581255409152181,0.48219275628501146
0.3005220358585885,0.48173678488523713,0.40135487964004546
0.28866306048693446,0.5288163194778525,0.4043441712083506
0.3444608677049541,0.6121421250507654,0.46193840727018026
0.23698777827858825,0.38230679844671417,0.3686155392306313
0.2463787532254097,0.4499899680867976,0.331834895375468
0.31269839064047256,0.5010541797614362,0.41409898435482256
0.27521877885520923,0.47539420083996575,0.37478667581269814
0.31289822093997827,0.4929189413276628,0.4198722579939385
0.28354091107750434,0.4271571735867248,0.4061488802043153
0.2793887366786763,0.4952314943863166,0.4126495966321372
0.3472145136441646,0.5504138641926734,0.4736703768809668
0.3282951989323856,0.5165799547579586,0.44687282945312545
0.2937809916284267,0.44173589012851733,0.390092337889403
0.2721678406647705,0.46334468078094776,0.3644081139531508
0.29510969188153585,0.5157622744819627,0.37559343456400895
0.31032650838363113,0.47857596240999656,0.4468860308419648
0.2576677731840265,0.428892939900601,0.32725955136979185
0.274034008824647,0.47541911464870745,0.39467033774921384
0.31726367153237756,0.5360671770781524,0.4263688092331981
0.32573450122924197,0.5194917552120392,0.47014182499048845
0.2596199537602028,0.44909309975487927,0.3636055569815148
0.23453062971596245,0.40369802183927833,0.30246379527742406
0.3301415454414201,0.5317796972249342,0.4907383451025333
0.27083683764032523,0.4463449586102165,0.3810984053312574
0.3371711053845175,0.49856996852498775,0.4892416192106288
0.35932636699507153,0.5685746783961882,0.4783413926091174
0.37460941983616786,0.6092998117849054,0.4986093402742252
0.3517205461072898,0.5603166335853492,0.4518566825555737
0.25385759357209337,0.4362458421799537,0.39525696062958293
0.3415460262726449,0.5410114288042981,0.45720084628252905
0.36117293735764644,0.5644590895178317,0.49014834633316207
0.2944914493186865,0.5068440783744999,0.4283131819723273
0.3101867574863777,0.5267916780219373,0.45059248203450913
0.2903501572636599,0.5007599022283131,0.4201769392656275
0.2943202236588176,0.3992480260634594,0.3844990542854085
0.35758177338110503,0.5186626926149182,0.46793036253663955
0.2986527002452228,0.4807512193072328,0.4470245648549107
0.2910718859975857,0.4657139837820348,0.42058679169193675
0.28721695503663885,0.4763705926762484,0.4070532869083829
0.29919636675888683,0.5026113012338861,0.4273419875153095
0.2925520291336115,0.48944130581316175,0.4156932349398731
0.2836772883809047,0.4747063830547826,0.3965789614632991
0.350362230354698,0.5765562575983028,0.4780972904904588
0.27779942363531135,0.4598164189292707,0.38436351220770576
0.30635220365349686,0.5150206158387077,0.43478572506980934
0.33827655933546413,0.5041566294415368,0.46829823731504744
0.33066049451033436,0.5133938144788266,0.49707412496222914
0.27114489032126693,0.4480767312101486,0.3369640811543912
0.2766687334490681,0.46394705521273744,0.3870103461086117
0.2766691879832076,0.4760332477665494,0.402688046290511
0.2592294815910893,0.4644418727688995,0.3841344772543386
0.30709016224127506,0.5237544943794118,0.4048093950921119
0.2752699684470645,0.4192825591709745,0.3855414337385576
0.26836788535238365,0.4136958784140392,0.3863935131238987
0.3250337993916959,0.5189684508721766,0.4060209915710899
0.28943304500285866,0.4522670719144048,0.3915112877971635
0.3082751955123708,0.5381300070049441,0.4282560368591018
0.2854986812490009,0.47054526188143014,0.4027074900207311
0.3082146031424267,0.5212283865282644,0.4184533903508361
0.27568093541476885,0.4474586638521635,0.3645926920199468
0.24481995793912398,0.4260979056079236,0.3216350655098046
0.26469618443164944,0.4207516966145793,0.3354992745614652
0.259792726082251,0.4302947144118311,0.36530331797164767
0.3379099401375697,0.5864146572946128,0.4228720212467388
0.2988782522968114,0.4719181709201495,0.4708780193970947
0.3273634177042792,0.49304097143105374,0.44532510231488137
0.28553181888181045,0.48013917022134767,0.4243293006640893
0.32325267682722125,0.5096455613898077,0.4469724498983097
0.25118259146217364,0.4111168437008586,0.33573174559157465
0.3249187915302004,0.5487077672673739,0.450876065762104
0.32280384561314107,0.5620973583124823,0.49900486228775015
0.25910983777874197,0.435014769065728,0.3240909758050142
0.30539261409215124,0.48073106008179034,0.4504710614261901
0.34356681217030016,0.6009792365147933,0.5291383194808158
0.2601765464156336,0.43506633759522684,0.3471422509685359
0.26713998689576673,0.4054690045686691,0.3752658615830437
0.31130946530833853,0.5023557631701536,0.4722579973378825
0.2974942828009677,0.481255909815168,0.3868723492178777
0.32306117375873683,0.5376340420244192,0.41090139426301553
0.30756560416341805,0.49921505865381377,0.4535265963378382
0.3290138982452514,0.5282421150461152,0.4546373631745612
0.27788432590384676,0.45101229582438673,0.407930448821165
0.2950217934624898,0.5082051742507515,0.4086770365238569
0.3449313693998196,0.5309363360676401,0.4564593057593617
0.23359352594324093,0.41525832950081687,0.34747133460999324
0.3230856131910268,0.4995034724770616,0.4141776070904129
0.33580175026495324,0.5323970368758623,0.4257227044687781
0.24890335673303166,0.44563857639591337,0.39898981191867816
0.3591612417155381,0.573264080618428,0.4852359890492748
0.25588176538282215,0.4423472436244329,0.42446416825987826
0.30196602717053117,0.49296985226172063,0.4172450508316651
0.26581463018845963,0.46412982635389904,0.39353753529252505
0.27242978596687184,0.4459748070029933,0.40892884156893006
0.2876479885466481,0.4947292627599805,0.42629360577651243
0.361604826107564,0.6189787811380866,0.4998521673671342
0.29369978792558654,0.4792687137529091,0.4147059919174459
0.27347242114900944,0.4618977678945973,0.40963251349799495
0.3021230093304569,0.49518441527929613,0.4178622591307362
0.25515942502962813,0.3745355147806352,0.32444277728579773
0.24915220391749526,0.3837005088017703,0.33763541178523254
0.3488204892378406,0.5581900803031897,0.46027745409030846
0.30781728827177657,0.4812686015590014,0.48054920900478204
0.2813020638816803,0.45876183254368036,0.3925858716085275
0.2769770974858578,0.46419245772505047,0.40106781399891134
0.3565055758826398,0.5660369576704983,0.5101329367960139
0.35788410363216067,0.5722874589877938,0.5352954805713032
0.32749399076898394,0.5645726697119293,0.43946354342735067
0.3096120408848472,0.5225738177820042,0.4617155983954056
0.24654743507150295,0.39517358950615034,0.36723646984942454
0.3165197665284596,0.5467465641676665,0.5027108484988876
0.2577000418287156,0.3931044383009125,0.38636648854434874
0.27486289408157355,0.427056843566738,0.3916771173436519
0.2558527264748164,0.3999203949399343,0.3845516038905712
0.263924566207177,0.4492337691854453,0.38460322477703335
0.3085131133027736,0.520202984542903,0.41890134791476796
0.30292017536956944,0.5033654769305991,0.4075111821116135
0.296608282811092,0.46856040834598117,0.4702161669666862
0.2956467951017505,0.5057587265177181,0.4027679075756816
0.33225852277522894,0.5039470153064489,0.47074949761592294
0.31501409402843955,0.45012365719945974,0.45029396164894653
0.3045272446755578,0.491876365326987,0.40822649983079634
0.2361270450380056,0.37844469405545744,0.3313913683033535
0.3453707198774149,0.5852967208820097,0.44477594622841
0.21150877097728774,0.353846438101559,0.32824713036486425
0.2561756200086971,0.4485254561741914,0.3512501967634258
0.2773613410030986,0.4864717502372643,0.4140837516077769
0.3082618414617659,0.4914167735551607,0.4473292667572564
0.30664014402606066,0.5208975861287001,0.43735560045204447
0.3040572472097534,0.49937442197857623,0.4251591063542782
0.2984372932887688,0.4717830186090879,0.39299958589966577
0.3037648372599261,0.5207453496063746,0.42518094672667495
0.31090812671907797,0.47214698813407724,0.43004883605666533
0.2764920623093246,0.4532127371874896,0.35865255927759626
0.34167632139385457,0.5809257865696426,0.5080870585977773
0.30162119858156045,0.4986739043468572,0.4732065743789952
0.2659915013700603,0.4335306793435966,0.3285232061006875
0.31128348821125806,0.5038231215236986,0.4797800548158674
0.37769054579847017,0.6040034623327073,0.45942184608370334
0.2756605274171415,0.4933957103230182,0.4022076891082605
0.3117456193168036,0.5375745106778176,0.45203513800683226
0.26535890724946537,0.45362955037654185,0.3675829092841957
0.2728317778354285,0.45975456657385494,0.41712665824592576
0.3137445450192899,0.5143414470087592,0.43588474030233404
0.2813326044764145,0.5013227963781327,0.4074415994072971
0.32972490907089524,0.5236527272664504,0.43991095361061655
0.306947941073181,0.5227876580725741,0.4446577619397223
0.339754893529541,0.5349101139532421,0.4159465816648063
0.27015735977640437,0.4531750804003097,0.4166637646463561
0.3506251006740701,0.5511196212767291,0.4255779110558137
0.3024812633640275,0.4721573123823871,0.4248867551269518
0.2652051569228493,0.4269166111320856,0.3938607528466388
0.2735122583924547,0.4551070995118956,0.39371354575083495
0.28910708440134053,0.47780163483505844,0.42400574010595315
0.3051978120379594,0.5130890448729731,0.43595782904943997
0.2847326476231794,0.49351078564147005,0.3955903613750115
0.318841989869854,0.49915459050649186,0.4472094023267927
0.3404676412008276,0.5448642561822534,0.427143150267754
0.3012117043425747,0.5289586850098361,0.4349564414779725
0.250517225045036,0.4252593442582678,0.3817611175103724
0.26884330532741346,0.45858560496341455,0.3756903825277557
0.3342712796697133,0.5253981508060896,0.4860407184976083
0.3200290361963643,0.5278819944423173,0.42715421977325074
0.28621823054654744,0.4987214329856856,0.39163606233729586
0.2229078345555375,0.38844513501740874,0.3054586908073068
0.35387734891631384,0.5840521993082981,0.448788012880596
0.319315876201201,0.5552254174104667,0.44990026502322555
0.3012725609889281,0.529676460690626,0.43061936802873757
0.3359756433792515,0.5555266612327272,0.4417897037233612
0.3265007620769701,0.49341276427172254,0.5014365525447577
0.2811698497745713,0.49912755334030623,0.35574596926003144
0.27047315458029764,0.4449554917810679,0.4046883678803687
0.28921641320788916,0.46768937268312877,0.4124207280291312
0.3232987187185726,0.5398952214303596,0.43646730342466894
0.29723910943973036,0.48117016627119547,0.43244679954440135
0.2663891442158794,0.4809712823442548,0.3402647212811955
0.35488936484353073,0.5017336701856997,0.5124231407683003
0.2631250124322971,0.49052299531697263,0.39385532676816104
0.27740352332719226,0.47788521761788044,0.39169791669181386
0.35024852831419023,0.5592503839567351,0.49660654083841815
0.306799152841235,0.527432945182785,0.41969184743705756
0.27934109163540466,0.4651448229887043,0.37497396247840414
0.2858005749161172,0.4809550150565765,0.39174927249405683
0.28014228699936,0.4510441458176799,0.42117701361099474
0.32461758989289435,0.5884939266120698,0.46063716358473433
0.3532141522466822,0.5750998775974812,0.4517859157958274
0.305190284816061,0.5174646943986436,0.43321436842047906
0.2814802777711188,0.47641748658636524,0.4009957096150617
0.28423226406719254,0.4379603911673405,0.4120690809586152
0.2581077218219347,0.44181086598016145,0.3524700240737976
0.26937831470752055,0.44849039544933794,0.39515806520557056
0.26810315222387787,0.466972361173169,0.38354579215235846
0.3281606651819426,0.5503245329213385,0.4641854887908117
0.32630249284460866,0.521935255323105,0.48549103362731505
0.26664805126229385,0.44817518982415183,0.36097206069842674
0.2859686671851962,0.4998788858981251,0.40252495130415966
0.29732658871477113,0.48198434043323635,0.42059479999604077
0.30815380604565207,0.5013481138143534,0.42598338140574765
0.30809519129364726,0.5112027207701986,0.4282473924723111
0.26379627162104735,0.44148014627754223,0.3789553468804021
0.3413101488818374,0.6365840506420256,0.5142859563740989
0.29089246311312655,0.49398079675064144,0.4534419075155321
0.3011457224271819,0.48393676166319555,0.38985619226005575
0.29758952651894843,0.5122835732642677,0.41397102686172815
0.3104532339536276,0.5536295413962086,0.4448608322860257
0.2804181712164762,0.4659184042590077,0.39408577067763834
0.34370256524023857,0.5261738774814887,0.4378241215180889
0.31821517028411866,0.4345284668735579,0.43273456926510095
0.3367637563327684,0.6295686373720369,0.4679614298175419
0.2947229708690899,0.46680324132624623,0.4226203687717012
0.251265337650748,0.42210386446671005,0.3657051576839996
0.31352304896932176,0.5085571691465964,0.47131377784898204
0.3144554406894285,0.5233270509702653,0.39579836716949246
0.27397547291959035,0.4636433324701238,0.3897148122546493
0.3254632574468042,0.5340043634307357,0.48438897191208263
0.27323482875513105,0.467297693794145,0.3902172285299625
0.2849586366972864,0.47582817871237554,0.39772112352092664
0.2468195363286875,0.4212469586377104,0.37715298131106434
0.29386679594759096,0.5062841714458967,0.4459138905728181
0.3306279386005851,0.5481081537928609,0.42165358005224723
0.26118514999240516,0.4591255342638353,0.4484705681522066
0.30373255717452424,0.5357721913500795,0.5072015969944678
0.27043911688174727,0.4340137583760495,0.33740316083349836
0.28899893002206783,0.49755505862591776,0.4282473749612774
0.34594889335971196,0.5505828920762629,0.4440599715678566
0.29839349899704243,0.467766199546172,0.43353695091728006
0.32891371130247027,0.5170930628893902,0.43916435339584164
0.33632976975796963,0.5158511964387045,0.45681742556909455
0.39303828384122924,0.6364776799720846,0.4831787336366629
0.25296964752079065,0.4331639572272819,0.36620291615177825
0.2977928141799405,0.5157335044301485,0.38562570982393257
0.26446157037015033,0.4345619984916771,0.4049719195649117
0.30483961979769636,0.5225232447681267,0.4209051897042371
0.31699149718335023,0.527268711935095,0.46030290598576423
0.30746199984352957,0.4920978069470226,0.4275341986628136
0.32552622909048895,0.5468870709414387,0.44185249104534113
0.2651031623437131,0.43022379967396324,0.38778696397032947
0.2501310738022542,0.4419254253025217,0.3733422435883553
0.2672214878817399,0.4556201890383551,0.3929592620502945
0.2827428859378237,0.40700642936345816,0.3906830802618244
0.285183251538212,0.4284902236498889,0.4008861227693639
0.32908491303846626,0.5497509675347576,0.4276362855177524
0.33014371502275225,0.5218332629887916,0.441096220662118
0.312942085578755,0.4591260628384961,0.4673700877636822
0.33865962195428345,0.49431752792674855,0.4755320538757728
0.25803942001850283,0.44303900994926304,0.3765825914551176
0.3058328163021687,0.5153513462380659,0.43301800944916885
0.35048686504525794,0.5414662942761795,0.4983002711311904
0.30277582373710715,0.4922065913189355,0.4077491282920389
0.3074431484225466,0.5315557767717429,0.4159332921824852
0.2510825953429976,0.42586242478998426,0.34766360241488725
0.329435143133198,0.5415300825725304,0.44347725097276985
0.33625999952995356,0.522435442948361,0.48316663770273044
0.29123135352568735,0.4856413139924677,0.38977929449836457
0.2586959088591156,0.43323955751772236,0.3860086080392251
0.27999668754023355,0.48414760280918767,0.38350809593384133
0.3147386377246005,0.4985860657755602,0.4654208973211606
0.2971417764608042,0.5058948762704455,0.43896824196645845
0.34181439036714006,0.5210993202161345,0.44228484050057154
0.31657767656757685,0.5163591477929398,0.41516906873770765
0.3126284352853157,0.49353025848440346,0.4066611527843619
0.30190222585015425,0.5202896966534463,0.4166035718553027
0.29048409358724947,0.5186955287063298,0.39105009927444717
0.336407756376412,0.538007920672376,0.4732484929630806
0.3187948063263497,0.508739886939733,0.4216262279563673
0.3044525811563097,0.5147798001173797,0.3918530283566678
0.3540573177487646,0.5876183516200049,0.4482851818328459
0.2902241868750882,0.485746724494224,0.3927313504827992
0.30921011277776783,0.5417891866511576,0.44632100651884943
0.3276494827520637,0.5020386061791324,0.39154295745892903
0.2747133433496769,0.47510197518310293,0.3227154035844963
0.35610250660352355,0.587771789576811,0.5461804363170855
0.29772356994920723,0.5029405324919054,0.3937852060692841
0.2450997853733821,0.42032881045029763,0.3539071027246614
0.36277588009444256,0.6244652417883358,0.4968705451757884
0.31177990767691055,0.5508206800876789,0.46164926741195844
0.2712564817759455,0.4446496528204368,0.43425359452688644
0.2859472307508174,0.49251043001810835,0.3805437058533232
0.27434472944874966,0.47541454343708106,0.35836290110753455
0.32879635338163715,0.5851895129784401,0.46016785894662626
0.2641973422335384,0.43351514102425776,0.3692415388461948
0.32939104898731675,0.5380209638558746,0.4801144446471506
0.3092816281573864,0.5046324083284991,0.4345653382706121
0.26796236813223323,0.4695947154280015,0.3564675231138896
0.279216760506824,0.4540243272452303,0.38523840398608317
0.2718151702630196,0.4784885995708394,0.37821857643991763
0.33373857829113845,0.5055193348003061,0.47895047053858214
0.3082564183390303,0.49754489483605546,0.4042091842037221
0.2878707820284467,0.4639930834160055,0.42585483290647835
0.33211963303506253,0.525088015822475,0.4487335082261303
0.29368363402206554,0.447900785656539,0.45029439035318786
0.24362911195642717,0.43809395145348956,0.3699946913070841
0.2555249367455711,0.4659269126475203,0.36350108507844775
0.2542308661654006,0.4640117726014798,0.35219724215273074
0.33796839192736244,0.4596328086008911,0.46063116502852675
0.3271177504181249,0.5001955582093291,0.4400262099301005
0.286096344535288,0.4852357620728029,0.4148061290485255
0.33376308896916834,0.5435965713797738,0.4853407578966515
0.34454102456865376,0.5659506996034259,0.43812047054645453
0.27246854293659833,0.4539892799807863,0.36303817025171753
0.2595386121030138,0.4451341501635408,0.4270526798379992
0.33543082418475434,0.545638083676038,0.44801029674621207
0.2973256033877014,0.47694816062929785,0.42021091520983167
0.29354678976423587,0.49155478312568573,0.3918392689555165
0.302100869411511,0.48548750792922407,0.44901182601690115
0.3087842518449705,0.5214482039970014,0.4181180204921319
0.2983970038520935,0.4937030977847641,0.4167651920025893
0.3662447351153195,0.6160736063937851,0.4757628885932038
0.30521109003407665,0.47100552524167444,0.4582410389422584
0.34793807970953433,0.5923905372167172,0.47822896743956006
0.31460212618036176,0.49795030163526366,0.43020004135296974
0.3325646408752377,0.48822280747284474,0.42616896391365355
0.304289399517443,0.4465339025837525,0.425499726236754
0.33584501765120545,0.5210649988887059,0.42117654871064486
0.26818337701344963,0.44488885240485687,0.4337333638275395
0.2586245067765979,0.42210893381499415,0.3465972587633691
0.33815458131463944,0.5882736297292498,0.46171380692057895
0.24836830779676652,0.38479319158114206,0.3338899111858626
0.2916837138439607,0.5304579909842652,0.3865889435769484
0.26879729498740984,0.43578445026477575,0.36998752124467543
0.2557277526230826,0.45122180950099977,0.3589717121749821
0.31158186305964036,0.506021248252292,0.4335949777288829
0.2707894913845566,0.4596017069444778,0.37671038311340765
0.31624347208945214,0.5385010230710557,0.46714853708629006
0.2930059889989405,0.530357464591993,0.4374580301285035
0.3427147168734569,0.5292416054351576,0.5127875838969181
0.3455823252075928,0.5631602386543479,0.4659898787634527
0.2685941614329518,0.43598645701615335,0.3916422825523413
0.2660263166261345,0.43323537729391814,0.38473113161460315
0.3155118976642278,0.5393019489641704,0.4202539852241405
0.31101874745865293,0.5404266795031677,0.4378869743372762
0.32362836673606893,0.48205597888938834,0.4508202624873457
0.35497403672533107,0.5792860503965068,0.4808700941162831
0.2965651044100649,0.4715356205801286,0.4104579077660675
0.2939291389298375,0.4728963212989555,0.411375316727045
0.31671442612653206,0.5314072115964318,0.4259122163760369
0.30813234778984877,0.4964526764685891,0.4431429737638837
0.3415641450124778,0.6089770590589952,0.4660193679967576
0.3397544940497915,0.530027544609359,0.49660030535866984
0.282666460897386,0.4836685868468765,0.404253876878691
0.29022575574490805,0.49480936626453764,0.446371678900273
0.2864547112667713,0.4795131451431184,0.3771006167674943
0.2790499836200907,0.467293342067139,0.35466957928897785
0.28407849234030863,0.4737005609491619,0.4184933986503312
0.22933493593991586,0.40516091087665196,0.28772537938821824
0.30191622707308513,0.4766570482500253,0.435625596259524
0.27555835619947106,0.46846469276451574,0.3723374616292355
0.31661301637893,0.538446233951781,0.4261750196161139
0.27514487812996546,0.44688756532758034,0.4200539155353534
0.2803589892777319,0.4640356032674997,0.3640284470732248
0.35292209706578603,0.5765672357831907,0.5126686730305055
0.3278571564417201,0.5689489691031892,0.4332121501946229
0.3345822641723622,0.5672999827046282,0.45363514637218755
0.2883738682254966,0.4798420942171934,0.41641809669792684
0.29296696480866796,0.48631360742145724,0.42948293472436533
0.29870831441655815,0.508307935611998,0.4113273173253049
0.3309564379351817,0.51938348451364,0.47960823974741656
0.2673309079690173,0.44026035305369604,0.3536589687202946
0.2809278414201837,0.48026292540054416,0.3608056237378604
0.2834119994702621,0.4846465607670901,0.45675702139328267
0.31657873907969863,0.526014710853702,0.41006985648955463
0.30346225585939923,0.5304202245340348,0.501414331212519
0.3093009700676302,0.4967942576552805,0.3764846515557215
0.3523524255915433,0.571954205051688,0.5368385786875474
0.2933708949737144,0.4403185411132967,0.4132434084088119
0.28436612353674323,0.5175909720067589,0.44091067616644164
0.33842985035328654,0.5046858147720785,0.46440148407956316
0.2904009958890309,0.5133331665269576,0.4210349857322296
0.2753520350724311,0.48869550081499896,0.41089720332633417
0.3157691002869367,0.47897837110246166,0.46707268086694004
0.312166076854525,0.5427446633907709,0.41201409331309574
0.29292674818604014,0.46293131531047654,0.37243796018858527
0.28764276847052855,0.46443716971167515,0.36895284279153756
0.3378932522780755,0.5561242179554097,0.47899229600474574
0.2124335904339901,0.3732288575478998,0.31000715707900495
0.3517853220040523,0.5906740144883137,0.46600382212970987
0.23908552990770698,0.41951439601519086,0.34059352146305605
0.2802898105117731,0.4748621100136497,0.39343544397445185
0.3022720746881922,0.5003757158221104,0.44039294305638854
0.2768489449745427,0.4642840799086797,0.4131185544633144
0.28715921970794916,0.5095848431412359,0.38721721875374243
0.35177141104682047,0.5592815892500141,0.5253159043925745
0.29957593417447514,0.5171311783004018,0.3924261352625314
0.2500569249981754,0.42713664914941474,0.35030347401889494
0.28667706448746605,0.49500994299743134,0.4293855564129834
0.3158720800580386,0.49687117302003236,0.45063061441315594
0.3001008271331004,0.5500375725158583,0.4003865396230043
0.3331215162900787,0.5942100638041171,0.46478448161242114
0.34169685876963174,0.4902569821121007,0.49408662391726715
0.29417301539322493,0.5382216135482314,0.4191608995596759
0.31293922046669836,0.47472407676858813,0.43682084759881723
0.3001356225193437,0.5388344307578491,0.4499420029569574
0.34358197588722517,0.5390137331591567,0.45779541774352167
0.26432586137317454,0.4504491969021918,0.36963946849937274
0.285086411684475,0.4765463734576742,0.41975652141498826
0.3345921423688752,0.5437435272423876,0.4264243806186259
0.2600554432438807,0.44576577169362747,0.3680535922112905
0.258114863561922,0.45989645775049615,0.37811383850767744
0.28855117824399534,0.5216489608371175,0.40080737846582565
0.28751466242019985,0.48276577695182005,0.3753186223816858
0.29973777317572864,0.4971223139624052,0.4327556418299551
0.28808775936326736,0.5055434224747997,0.39903045000141574
0.29134048376325833,0.510551651864184,0.45139106722235445
0.3117200693801398,0.4947971961579173,0.40500420142644594
0.33920806678127946,0.5520709302224098,0.46354602348984286
0.2690656111263393,0.4568521436550987,0.3876605451086011
0.32767020473358516,0.5314954008261632,0.4694562794508415
0.28208334652118894,0.47063775417584414,0.38231331881301917
0.34233089646281195,0.5676560079183697,0.4586104432276463
0.3454055318546182,0.5256879755655777,0.500800561125435
0.22921496253478188,0.4087334769102717,0.3307693788275456
0.3281287014767365,0.5409005301001959,0.40793384296454227
0.30600120549370696,0.5306825779805121,0.47081564195126674
0.26929601387006735,0.43575815711094495,0.40329546576809355
0.31139003753148514,0.5343504961810563,0.43929643827171966
0.2928392056222022,0.49252503836183054,0.43761336912876864
0.28811367500232693,0.4764843735240574,0.3870536708412743
0.26917737783249535,0.4593542208892745,0.43422475875777083
0.2849012279862506,0.46985692510454846,0.3714195203306835
0.31174483293392524,0.5177740382887198,0.45681095593294235
0.32691042288237243,0.4981143570056337,0.40956625564442495
0.2837035602908105,0.4932918438210779,0.43614316853621005
0.2926462321052873,0.4129921735010531,0.4088617174010189
0.31692906223725986,0.4861183787008661,0.4259225244242177
0.27616295321792783,0.4420894418634235,0.40453930643133246
0.2430699856170893,0.42607806031956197,0.361080673885758
0.2668051338045351,0.4570488471844583,0.3836573122383338
0.3111666745077511,0.463358816067437,0.4026550304180118
0.2723316625518373,0.4693560415971524,0.40369345829558234
0.2751002723564298,0.4518795903898189,0.37695354705692585
0.2775644423927973,0.4594425812807044,0.4208861366967888
0.34069295765192364,0.559244004099275,0.45283008661311624
0.2750321303533226,0.4501097620889139,0.40600887535466623
0.3308308068558122,0.4886975743064788,0.450687969622076
0.25845768196946145,0.4194341586242096,0.3983132923852531
0.27612736593464393,0.4704227178244554,0.41302381168732705
0.31726609524888816,0.5061361591657644,0.4766452028978936
0.29156872015086005,0.5055039203992704,0.41316047739685735
0.35063353102062433,0.5567106247771578,0.5294449078469725
0.33780594712831763,0.5896241668509019,0.4378752951920171
0.2918565121995033,0.4596398574402766,0.43174986143008254
0.3005420727211539,0.48898180013341136,0.40719359038147834
0.31783643899555336,0.5026825450900386,0.4444003365772012
0.3477256189107094,0.5962096380625875,0.5267095813939459
0.29156500918930794,0.5099688790218876,0.42746777264386915
0.2953979128564107,0.5236164895785337,0.4096209046363925
0.2883679480633096,0.44878743310784314,0.3985306908789824
0.2773289524659953,0.46898834793401467,0.38775452509453245
0.2857791964073413,0.4753079222946245,0.37184122254128116
0.307888439412398,0.5071720063210132,0.4573908634179685
0.2951863168260047,0.5079454791396154,0.4336358033785494
0.3106901298759348,0.5018682290746596,0.41773060746992513
0.2931879633071649,0.4928845555105799,0.4453050274463655
0.2925713271314213,0.4789100254246699,0.3844511829315733
0.3027139308184657,0.4855861592768515,0.45825586613227076
0.2886169529857172,0.46923783371528927,0.4498148331798634
0.3684016729063261,0.5617572242024065,0.4316987477016957
0.27873778047073094,0.505387482640852,0.4404910521343489
0.31660686330457277,0.466689229151498,0.40546226630244986
0.23257574377948168,0.41943459913412273,0.38273470687903427
0.3750909843734764,0.5321581534383872,0.4840694795422563
0.2822957972588971,0.48336171754696233,0.4278736949697321
0.2970298747474118,0.5000218018446658,0.380780217728614
0.31860095148153394,0.5331110847518917,0.521459159466347
0.3052881369469064,0.5142759467257426,0.39979191231076155
0.3023710503341427,0.4816917595640667,0.4640369548183016
0.2969770267113971,0.48995120638145667,0.4100859228037463
0.32529471980413643,0.5227167386944341,0.4317624702673456
0.3182227534675319,0.5136723038271511,0.47034053184868135
0.28808807530395775,0.50404314244546,0.3597118391603623
0.3280337603022241,0.5396354319750131,0.4496876892000743
0.29232186282802713,0.4665279736594994,0.4015084663143497
0.28702592813973044,0.4549021059028368,0.40189726061935704
0.3033224151228919,0.5237074925647605,0.4405055104991121
0.3118739655756585,0.5069316968507512,0.3984309900309309
0.2920069752372413,0.5252221305219231,0.44296105977866196
0.25725738481800936,0.42414498839256337,0.3602085721930084
0.280505175748788,0.4320885137100589,0.40788684980526957
0.3360670871554067,0.5982574093983405,0.5080054082638721
0.3254192870253667,0.5052828879257646,0.41291351505693186
0.33045166708492985,0.5408185697829634,0.4916890146684273
0.28144925909849927,0.4700583224514824,0.399853592950846
0.33882168549039177,0.5549926076978574,0.4473216641742457
0.2881551568867799,0.462144728952339,0.4173518176274577
0.3477623773530806,0.5707737222278993,0.4403357716897386
0.3325351959264865,0.5448487589315516,0.42692707762228044
0.2613191301680204,0.4124024341034745,0.40332451683003234
0.31293243434063583,0.47514244456052296,0.3656723777047001
0.3130201148324631,0.5135843913737319,0.44086121106916343
0.238346592548424,0.3793707445333433,0.3159123608418068
0.3578985825574217,0.5895887153986658,0.5235673083450804
0.272183695268123,0.48248129327038436,0.3872717532336268
0.23284334162186857,0.38158716439197565,0.3196386223197273
0.30482511164730636,0.532920515921354,0.41025868541028465
0.2522456195888907,0.4455863479351367,0.38225247522141526
0.3626594485954219,0.6083286607755212,0.4713674157292451
0.2588573396677653,0.4201091352748655,0.3791464792906123
0.39599832635750837,0.618336734193999,0.5246900439685924
0.26665481166482435,0.4202358189336818,0.4198609437505908
0.32987083460942124,0.5150966795036943,0.41886812902538617
0.28675146065442353,0.426107914906015,0.4558122214905848
0.3754316176256636,0.7081016723450512,0.4413229283674177
0.3663076671196254,0.6938212702071205,0.43144164111845157
0.3076694456878941,0.540402682537462,0.4666645105811419
0.3509277812493271,0.4846194345494891,0.4578567363654796
0.25323726503847643,0.3862271257445015,0.38777418455935186
0.2881409793738954,0.49295471544880004,0.36737484484639926
0.3121186727609248,0.497504166600704,0.42010258260977423
0.3621428348878278,0.5732901270728614,0.49509043632859695
0.2861184694788396,0.4731802777263344,0.40271410632668264
0.283984841395496,0.4847031120671916,0.40549692983979196
0.27458182327733793,0.46073265815931674,0.40301958635065094
0.31645780867752293,0.5311395243173993,0.4144115666126743
0.33964108383028446,0.5329354444818232,0.48836798860865777
0.26869443616357613,0.4401901258298323,0.3673121248401397
0.2772690300130484,0.4662632324495265,0.431078314623185
0.30516412328918774,0.5219587650109223,0.4033031454229446
0.2808839997509541,0.4533856828094708,0.40074734712936966
0.3096955886110083,0.5309692542417246,0.44876726570605907
0.3627281653281964,0.5466397486878055,0.5129960883737996
0.26270462890137974,0.48602931160178964,0.39038961082524204
0.30745543803710296,0.4824981632455055,0.42848163723756033
0.2755096601876743,0.46502717935412446,0.3882539003670924
0.33798280350227544,0.5609654228643411,0.49689805516446806
0.23577639693121014,0.41485359174264835,0.33822926101648426
0.35541357691847586,0.5483455932999266,0.48633105799360216
0.34008445704584717,0.5007373659953455,0.48615565419581086
0.32744558014831554,0.5656640030556529,0.42765703712581826
0.32097206292004965,0.5338075731410751,0.45652650345924634
0.3251350512146353,0.5052627641138573,0.44351258078316735
0.28748015297987506,0.5018609411224847,0.3783896489909124
0.30465439428135305,0.5028442715310849,0.45297935838931846
0.291659580855539,0.5136896740566123,0.3763074884511889
0.3293925243157862,0.5225976044440116,0.4552616403551376
0.27854158727207173,0.4994319097646559,0.3957776165727575
0.3235942836379838,0.4771269086492838,0.4756653083270701
0.29634084778945396,0.4580086790354429,0.41793287529767803
0.2773736453115185,0.45297529903889533,0.42693258006417806
0.27753832048950694,0.47413502729075685,0.4016870520313994
0.28896815777948,0.4661026608348783,0.4282939313753559
0.32599093737575563,0.5270199131927641,0.4703749759522467
0.26063654412261783,0.40947342880167176,0.38428528668987333
0.256966982770226,0.40818546637927733,0.36817550336370564
0.27190676341739356,0.479080574681681,0.43245292306195454
0.3021986044958877,0.4744668520924059,0.41294448843753906
0.278018721498283,0.46492988093926313,0.3841373060924749
0.2755528158927736,0.44935650390444776,0.3746187647210956
0.27187001104280845,0.4561167536267003,0.3886117317285637
0.25220791771551176,0.418842256219375,0.3815001435108394
0.25602801206019143,0.4209322775556077,0.3719519617555101
0.3381202056514442,0.5601772681437895,0.5048671624978674
0.28504732758232004,0.4706116775918141,0.39067052277536524
0.35672332351248615,0.592404451302979,0.44512959102368926
0.24433445358939854,0.40804949503780114,0.3675056992808066
0.3127107727131527,0.5133081005243425,0.453661293366695
0.35202616501001427,0.6085464877934172,0.4629359525766909
0.34943958195360053,0.584977949217984,0.4331840925316886
0.3398146997596268,0.5978133609811103,0.4440434331056698
0.27120376499304766,0.5105931429451488,0.3748834445942764
0.3043874429135962,0.524417522668603,0.40850178307595847
0.28796611850494014,0.454008224719248,0.4107573431455886
0.273902605333164,0.4835528640706938,0.42362911780294793
0.26591573203554536,0.4582740865286482,0.41077369038995787
0.33299134560448057,0.5674515581234681,0.45844779794156215
0.33877263116163064,0.5545573906092758,0.4801383535178353
0.3040591956764494,0.4674815704697641,0.40807769906494096
0.316941071646482,0.517177113249649,0.5073345401135431
0.28371442872098457,0.45186598404964895,0.37089337809988593
0.21124669080473613,0.36243016069981304,0.3754958844028981
0.33569503973434844,0.527148564368081,0.5025901584219965
0.24146908335388362,0.4150048456241529,0.38516490452055085
0.30237858945887025,0.49126463960507105,0.4306777196389721
0.33520157505289644,0.5221256128763331,0.4754687784306767
0.24607872079867663,0.43877114571642556,0.3353171242958799
0.3256280961284711,0.5330853688346894,0.4514891202714046
0.3250857713229787,0.5402666407103414,0.4529101423140793
0.28273027305764603,0.4720956101186197,0.38130808376492487
0.3399261276976297,0.5602582467361206,0.46681784162055456
0.32882807967019123,0.540766804131756,0.45047803200897146
0.28799464083729104,0.46830064975315827,0.3947609842709845
0.3430603461572921,0.5611878502034748,0.5081449535813792
0.30139925709915144,0.4935379626844686,0.4028695581715514
0.28719762768369755,0.5157604344620437,0.40928144872261424
0.27091798195065786,0.4819389708430889,0.3783341645784137
0.2908608023001461,0.4633399017675542,0.45669242793384596
0.278933470818403,0.42283929737953824,0.4201263873997289
0.28098146745334485,0.4343845455873807,0.44364889358846554
0.32993764307199425,0.5121409844627538,0.427446204895519
0.2519782566933717,0.42666619287558794,0.36974357656336065
0.33497835239242346,0.563138153259528,0.4331905130775266
0.30723090933765423,0.4962931033396127,0.45662390459323227
0.33240974387955496,0.5711937902944916,0.44164747486931066
0.2762361292360482,0.42636255663852923,0.4096563832852618
0.3045407124056689,0.5177247582215914,0.4421790579736815
0.33261606225473656,0.5549126450193091,0.492785280379142
0.3095014268190899,0.5258287887594593,0.4131524929491465
0.2755164716169197,0.440296145371604,0.42658721427896573
0.30543426038590715,0.5150187844883936,0.38713275167427197
0.28030589326744426,0.4688169021286023,0.4233298304120733
0.2991743448857485,0.4811741140570425,0.46069872137896734
0.26158176061145244,0.4267252637263872,0.33195089796732663
0.30778405130327297,0.5341297304807866,0.4220844993871037
0.3015220525765052,0.4906317244918061,0.4583806282731026
0.2592060056769547,0.4528095496053336,0.3580630108072826
0.19321378957174104,0.3336115990961714,0.27474616166843674
0.32731930132780895,0.5079725796172005,0.462893212456334
0.36318665606240735,0.5411514869787132,0.4764405825467927
0.3748059939583372,0.5673678869805181,0.5023071621853544
0.23735213678290856,0.4218863788817155,0.34871224071639867
0.28665078419488726,0.46884323998762933,0.38694613931459726
0.26778350375199467,0.47579438777005967,0.38079362465171873
0.31055574650360174,0.4834864781039078,0.4120006715927479
0.2855158051255306,0.48426273216298393,0.3937023562272106
0.3203026436535062,0.5223058736164136,0.4438626536896569
0.3177482423027034,0.5281283095299626,0.4035373189325133
0.28810574708434233,0.4872331475558181,0.3896904398737022
0.2939757929394454,0.490732691339358,0.4021208668049988
0.2800993131480227,0.4472931493796616,0.41699853317340135
0.32370177253743593,0.5430217944984371,0.4482174506811488
0.2802544453717675,0.48086973615226636,0.3924227634761804
0.3327870542545705,0.5540077401158668,0.43252951122744454
0.3035484309012936,0.5299718250967272,0.4196135815307908
0.2914711049448528,0.5096752534838095,0.40832176665695086
0.26879688210455566,0.44933299396438564,0.3916418762883898
0.3344257775719788,0.5483809734325114,0.43052235964230773
0.30882036778586885,0.5061958894536758,0.4562605992538643
0.30897174898690044,0.5233276758897243,0.4017761925931762
0.31029604810432154,0.5152757939286337,0.4360803528616252
0.2612702570367823,0.4410152272161678,0.35241238399254793
0.2597437707663231,0.44189065287674234,0.39367796524640475
0.2911274583080721,0.49300864455022547,0.43820213188981594
0.2787123095358754,0.45102905313988023,0.40523725361928625
0.21647521776918677,0.3412331430130629,0.3330658118480426
0.32973044217799125,0.5938757294010564,0.4397396348977754
0.2395823942118327,0.40147807966855004,0.36535788633585436
0.3329415549363603,0.5747725229766417,0.42005395489028086
0.3033652361695459,0.4814829320206452,0.4838580906885536
0.272259301981269,0.4636469392360898,0.3551240088456961
0.2713066273981879,0.4401274534260404,0.4247463772671692
0.271123351444742,0.4304946467845048,0.3700522490044273
0.3816998297088358,0.6143254009167516,0.4672920086906492
0.21930556202578033,0.35734367929445165,0.3557844993060355
0.38620454472239235,0.6185848426259023,0.4629173914308628
0.2907347696576002,0.466892363519758,0.43115483691377593
0.3179425489748129,0.5235483170248585,0.39876688182255754
0.26156992510889654,0.41689134074570167,0.3972534750808671
0.3659310314789496,0.5618296034927787,0.5004805629745569
0.24171064089228692,0.3838124119215229,0.37041085231798176
0.37375966559787555,0.6107784837698885,0.49689388397295403
0.2399894531429354,0.37910518870285786,0.3622126682222344
0.36107378115849015,0.5805663362075298,0.47487851177852697
0.26695616952916046,0.43646225052440274,0.405033577801051
0.2445469681488896,0.3726026504711189,0.3654093155421214
0.29351539956592976,0.4787766877389461,0.4298916018711013
0.2799865576258517,0.4724437644357774,0.3607947241754784
0.2855128128747478,0.4911913283771401,0.4292437175368551
0.2856272447119894,0.4260490501757184,0.389318415397073
0.25952856981742606,0.407059172484421,0.3537017225580391
0.3374546591988928,0.6051912578233084,0.4629959616684255
0.3251520497263631,0.4358947751956572,0.4935588856331445
0.30717839653580326,0.5515088349281662,0.4397251167893252
0.3281783852588189,0.49590042746119595,0.4737559517110514
0.3197025277582744,0.5565121493260247,0.40426682871191577
0.2283853998588378,0.3763619624246958,0.3657476843684421
0.27304431002796076,0.48855379816582334,0.41092920952259276
0.2324891062553865,0.4131621076045256,0.39667750016122494
0.29261065787631046,0.45630483509569963,0.39980367144800405
0.30827626810182535,0.5143708427259153,0.39860736137114305
0.28250235340475816,0.47247638948887416,0.3832180891059644
0.24629367434569327,0.4162236976788507,0.3953525621449025
0.36687457066728996,0.5732196389898334,0.4648047351505764
0.23356983825736233,0.3881132037696689,0.37422436527679775
0.3098710123999987,0.539448102915781,0.42099239832946717
0.29068692155065173,0.48284306748236394,0.4143440176816891
0.29542712403620736,0.4730405244775332,0.47421241708556
0.30849208121709903,0.5349862538849898,0.46503290346584275
0.294141329359978,0.493515205815242,0.38822182389759113
0.245326837846869,0.4478514781472483,0.38925338474083276
0.32406717625952075,0.5171779044214613,0.4343801248054041
0.25960014082822414,0.45056442762048704,0.33928318037174315
0.3623117743365973,0.5823297533077465,0.5036671924194813
0.3287780046321287,0.5362899328258965,0.46447916511168574
0.25946406172329173,0.4517974624840742,0.36110436997402895
0.31848500118984174,0.4934289046084871,0.4275893506313499
0.2895187990054046,0.48707777293774873,0.39737647471742277
0.32446385952410983,0.5369498553058653,0.45095474599110885
0.30915667939896935,0.5316590512476504,0.46662407254631355
0.3116375432962627,0.5669433315816176,0.45827302075725507
0.37602551644979043,0.6545203286594039,0.5233715271770609
0.2973028994613077,0.4588516215628137,0.3894838760222524
0.24254413721205353,0.4011394048746016,0.383776294432051
0.33032769666439254,0.5613504323810488,0.4628459909163712
0.3012738724679251,0.44507480651432224,0.4343954375926508
0.30172018599765366,0.5079128300711824,0.43627449296059195
0.31130686795295465,0.4743205224803717,0.42018050954724084
0.2733285725766903,0.4580686324903377,0.41744173941476886
0.3011971523190708,0.4988101701910969,0.472814634532357
0.2673273921723688,0.47996222398814864,0.3649474856350221
0.29426544575950414,0.5025846803999795,0.4066041250603894
0.2919115160851962,0.5189166967849305,0.42086572040513764
0.30857648998614745,0.5207353554642687,0.41574459425538884
0.29550677386622015,0.4934318393896005,0.4347839116249557
0.3086415531338483,0.5094880646120937,0.3825148128148647
0.32604578171770177,0.5316945294699873,0.4295046680221001
0.283579823648163,0.4796967356153195,0.4912982192535207
0.31965688447934326,0.5301384045540305,0.4028301972766853
0.29552501838679573,0.5041122296974776,0.46914737997277534
0.3492843176450169,0.5616475649078156,0.46560294790026535
0.2975035019023681,0.4994509014006881,0.42446160025989804
0.3122306683557572,0.5198022847293642,0.4111703818926926
0.29679449001124925,0.4730551021707533,0.39419580296265533
0.3172980394395907,0.5457153783448518,0.4203576704778879
0.32815220396906897,0.5408914335027397,0.45137820084315977
0.29076424364926495,0.4783381574432897,0.4222762930705767
0.3087622320289786,0.5154540084100443,0.42575744295533346
0.27950287139301433,0.43474731309719644,0.40581299354581624
0.2767217441406006,0.4072559391792379,0.39735659432667797
0.320710455809493,0.5042554164283441,0.41841700955242994
0.3057397835696872,0.4720281586884683,0.442178978364972
0.26584718831620124,0.48416462073401406,0.3844685558053684
0.2786835310800909,0.4840753895816975,0.3790870226145193
0.30497637046371867,0.4690251362768407,0.44815689861272534
0.2768298527948153,0.4765893748174263,0.3777999350298741
0.3241690383160491,0.5562675423470997,0.433834498289199
0.3489693423999448,0.6245636348140428,0.5054155611558722
0.2527540537073718,0.3859967939605798,0.3372402169282368
0.33367120564702757,0.6135235564574789,0.4702837519846013
0.2630198910090489,0.39299896784258387,0.36486086376737664
0.21428420353145283,0.36131816009503653,0.3338090696588801
0.23653191492949704,0.38979456505802174,0.3673737925721421
0.36766020603563077,0.6730057908797781,0.4888412440420998
0.29143773652804983,0.4293318210674938,0.4645694497567957
0.401082310956316,0.6182030404898559,0.5043933872599378
0.2236478670375326,0.358656926215788,0.324173957898754
0.30694150318867164,0.49175502918952074,0.4469844074239236
0.2519087943649342,0.3856991063220747,0.38761164008801047
0.35810139986737527,0.6081802506083696,0.46242750594218635
0.3689829132034963,0.6694226528571194,0.4649131862422014
0.24158611640481203,0.3790607989206116,0.3573838664965908
0.26074139773728133,0.4193654711796872,0.3644528053153576
0.2560783409192794,0.3880293466573728,0.3441053070108916
0.3059082766236642,0.45528875677435493,0.42518797086431825
0.3091868389883506,0.4825048944089494,0.441417755298483
0.30635390267099005,0.5105729708195036,0.4422156440253023
0.30541412016748454,0.4742672864154991,0.457103715513527
0.35914650213040356,0.6186973311818171,0.4751526219285263
0.282893045360229,0.44119987877237316,0.4092288301809953
0.31491983548416763,0.5745782212335354,0.4506772345334331
0.2876371512280994,0.4309453118514024,0.4156831819060957
0.28362399314798814,0.4793815161213307,0.37362803421267626
0.3064242532468111,0.5063082924653917,0.4300781246527124
0.29905329095512523,0.4878080387920874,0.40571634019600433
0.28977656449917094,0.4744386920257415,0.3908701168739984
0.2859615265441932,0.47984676645549523,0.39407498377855127
0.2756521787948155,0.48217026085908443,0.40781456143379397
0.2617182895543817,0.45424367963715834,0.3743817527203839
0.3675393545677945,0.6008327623856311,0.4999282038111124
0.33037987199938773,0.5565552027185751,0.4902213787468128
0.24351824611452136,0.37177168932499577,0.29593645032581284
0.29888784010421765,0.517203152296804,0.43162619208923303
0.3056208368590103,0.529375750183558,0.44250717330445877
0.34497107827037926,0.5066653308544697,0.4907030990048762
0.30784800280907443,0.5136319893053815,0.46244284696641774
0.2720795317134163,0.42506101995542694,0.38484441629819394
0.27898107171885134,0.4948833478399691,0.39048292698027376
0.36589541986410673,0.5654369893024851,0.5438740763657899
0.3110459092545635,0.5565363981600692,0.41217887970222167
0.3355700328404073,0.5304299265129573,0.4961969980582403
0.28771513555773914,0.48330020961758213,0.3990641555288479
0.30598598096244134,0.4818367613454696,0.4355291479069161
0.26700166866517905,0.4538713758848096,0.36822659182481454
0.28773591649358626,0.4894618406609949,0.3986041088840488
0.3030269792791586,0.5042168802279108,0.4098039320390103
0.3190093654339078,0.5620686071741722,0.45993847333612475
0.29188672254530673,0.46198287229595425,0.4205237564590465
0.269122356279031,0.47299113412507926,0.37195953110493096
0.3439369566082373,0.5473484038749097,0.4120802349988229
0.32344690973032736,0.5335123679125758,0.4249902848347297
0.3629475787457014,0.6438636376428402,0.5261960668993245
0.29140670953224296,0.4955524481282094,0.4215723957707642
0.23080247263854292,0.3907282230493989,0.321742133626371
0.32909885675991185,0.5112511247907716,0.4059126555917325
0.2990399049360313,0.4936504786622919,0.4740014932540168
0.29962395619911547,0.511203554155282,0.38680604862903506
0.24515752210222724,0.417408684526897,0.39291290723146316
0.29390411056302346,0.48818856076970013,0.37256871077006076
0.29772011365666023,0.4654203254918947,0.4293090482287078
0.2631372711186951,0.47011843635982975,0.38193311676562836
0.2951251498427231,0.4861641224999006,0.4457977447849568
0.3075453957763879,0.5127496164184248,0.4128520266599482
0.2891307391127228,0.4816853654009352,0.44688440984616434
0.3369516937839607,0.5669563738997159,0.47093686403010077
0.2668702906937791,0.4404564142826265,0.3685009769436959
0.31883625927471454,0.5431024329220215,0.44669274947921905
0.32076770418033757,0.4861272756625282,0.44725353683283947
0.3349726163627215,0.5136297308453026,0.46953640745342756
0.2981051662962514,0.5052054475338938,0.4145480885821874
0.30620015963846625,0.5076938729437748,0.45062399679725723
0.25954572737765813,0.40542568078656066,0.36464406122608295
0.3052736339020473,0.5217405552606468,0.4663488549815517
0.3110881435768098,0.5135820873055185,0.41769346477192293
0.27345868545785323,0.4588735250996833,0.41576548129710605
0.33748648736182574,0.5628096891259943,0.4153919290685625
0.33167727119082596,0.5490137580018823,0.40955623819562675
0.32458121975409704,0.493726001076528,0.5050080328151973
0.33261931397996547,0.5807229394508243,0.4174024106278843
0.28485158758639695,0.42131871492633965,0.4100027017432279
0.30008145515048534,0.49701444662561783,0.4246073556347904
0.27910530514400705,0.47445592215121624,0.3849285401146233
0.22510586495076587,0.38655687125947846,0.3366746686042067
0.33581968529903733,0.5389094030881104,0.4294799549046533
0.31137253302358375,0.5243397133263661,0.39632050234173954
0.2937474541662685,0.4931350412739114,0.439677779242791
0.32842908673477855,0.540539850962326,0.4079927222879491
0.2700578628021257,0.4448846152336518,0.411046375446447
0.2667841947280173,0.44378753082817,0.38399146193069433
0.29403128996573086,0.4604853898968996,0.45684005776662223
0.24975596399250904,0.4011025598449638,0.385378122525875
0.3226456150607285,0.5512043579769669,0.471052822964953
0.24248176727359558,0.4163785430563083,0.33493102649994905
0.32559995337072767,0.527544640123452,0.47478500973140414
0.26911938175817235,0.46117828150086404,0.419217806220978
0.29560583656604084,0.4879263299004354,0.3898156387833944
0.27043921597311754,0.453307440497101,0.4394453391400429
0.27511598364321654,0.4786825645118494,0.4372931997224575
0.3012998837684859,0.4341819764475434,0.40434280370926273
0.32225434554286114,0.5464658293988098,0.4621823598403903
0.3303165528398209,0.5849671686901777,0.4920455823256817
0.3059699089641111,0.4595284702548976,0.44894534140763537
0.291494988697426,0.50152478853935,0.4127703538282515
0.3009499664181606,0.45850408067772275,0.39781868663659364
0.3051280068126336,0.535838061474514,0.47039621815395566
0.27702146247772613,0.4213218886875931,0.37498674616155586
0.3438985773458752,0.607123848540959,0.5080419133526441
0.27126643290074703,0.4418253452400596,0.37782583700710753
0.23938286390758617,0.4249270537421248,0.35641694505271243
0.27571645291840013,0.4479135661656563,0.386385743082966
0.246896584519281,0.4353956177140768,0.3653503321665059
0.27571110516097397,0.4842045630240617,0.3750435655751954
0.2884146729463097,0.4528639756429376,0.4400460947189929
0.26654051350555913,0.46411890189501565,0.36928774038954326
0.2853715368576445,0.4687350091381347,0.45280997780256715
0.2777389246234287,0.429774154027896,0.354321102821975
0.2908070759961372,0.46607866697562833,0.4044930465416863
0.27271493087495274,0.4386291545519077,0.4030302993848577
0.31672192445648734,0.518818212518907,0.4526854112040983
0.2909963789844632,0.49623053447714044,0.4460915016484344
0.3192549015181109,0.5263070180280127,0.4410533377392723
0.27158750676683835,0.41056566070537287,0.3802430544326605
0.31007060175827694,0.5661301107720679,0.441003106244507
0.25790070465900805,0.41131586386748725,0.4021452387438936
0.31106647518379665,0.5117087568259828,0.417427177503342
0.2762345360960136,0.4974194268938719,0.37975928891224625
0.27137565422154236,0.4662044840055109,0.40963816683941595
0.3166865996218438,0.4889897718895727,0.4163245570367505
0.24951821774872163,0.46253276829107487,0.3846107739843228
0.33508000445177094,0.5667744153624745,0.44605273114934074
0.31560940476618554,0.527445292617632,0.4636165447197595
0.28797917106258675,0.4887628721418872,0.38470527721754133
0.3384586429762094,0.5611115899186108,0.4893840111605778
0.26965078684114135,0.47237100586638386,0.41156808556518004
0.3011595921897369,0.4949803639765823,0.3984984125616545
0.2938139800927657,0.4278058620690454,0.4035036177649625
0.3163969712147948,0.5111237091639053,0.41681807279370436
0.2748632035384038,0.47832403911809246,0.3519248461193506
0.29870410156126054,0.4971048750770502,0.40335925144475715
0.30973634504520126,0.5165742920007025,0.4815321595276354
0.32663850898749464,0.5299908929123112,0.45221334834171495
0.2742189310794327,0.468909092224698,0.3673385304050298
0.28916518201082975,0.4821764738957858,0.40040160089706023
0.2967886030658161,0.5115552988635882,0.4714549833074442
0.28809205734170423,0.4792305362449466,0.3651929016682752
0.30524712084758154,0.5187764217638945,0.4209120284342644
0.2804009402086043,0.4779033996354983,0.40704951716912324
0.27779448382573396,0.47477981326026647,0.4270848832884248
0.2860928056572087,0.46149974858829146,0.38524277029126613
0.29571355219338735,0.4720326440188174,0.39835722503365767
0.3423427668114206,0.5594910892863043,0.4970253827038905
0.33016849410994636,0.5559416562975592,0.44769614800485313
0.2965680533641149,0.46030172644538514,0.44657788862564535
0.2549410821795767,0.47740168209435285,0.37541023772656695
0.2495821868999741,0.4115901102689588,0.3505489912604
0.3050155102806929,0.5294989944718874,0.4160178690547023
0.27432988125894536,0.45546102813051204,0.4533294012526498
0.3666634384825661,0.5822497690463603,0.46758765535523766
0.30990724774315775,0.549593596016384,0.40486315877036705
0.30267203973139467,0.47987851918832536,0.40279567004722444
0.27733603712088456,0.4671927582541787,0.3832939236401612
0.2632018912593408,0.4517350535767429,0.3813564212741269
0.33699431844080985,0.538720997196704,0.46567428435680447
0.28296291409373,0.4803686533619185,0.378932340039127
0.271802538057554,0.44345790271443347,0.4152286976573478
0.3645618260683169,0.6326164485077362,0.49995370188706495
0.32070712220848224,0.5147608980118982,0.49073604810102867
0.279078877588835,0.45021782118219955,0.3519780766744118
0.29018211572163793,0.49410216568548604,0.44851098923122107
0.29877598910225267,0.5022429255446867,0.3955023098594774
0.30235063339023677,0.5459863804927502,0.3954102051442042
0.33119843262468335,0.486712430631252,0.4693235696379651
0.26185675008220327,0.4682392731411678,0.3830569722535733
0.270393438040852,0.46173419718056524,0.3919266439184969
0.2892312731947511,0.5082823184558859,0.42907793762646895
0.3605559382328644,0.5896499051634078,0.4251427507134429
0.2526745921957288,0.4398275940437764,0.3941458723138057
0.2891544739972422,0.521358375081685,0.42567223499327794
0.3287960288970228,0.514385791836839,0.45396623290341365
0.30324832992340656,0.5567847598302992,0.3980779443638743
0.2779963560563444,0.4453298203034667,0.4208286968247711
0.32584684442346995,0.5705722541816453,0.4419380851313179
0.30944151088090016,0.5406444331334894,0.4332966815416657
0.336599001412102,0.5739874071262281,0.4342575635637651
0.2700306731332666,0.45196931684026714,0.3793152946478347
0.3277856350636915,0.5372995362030804,0.41777063770028167
0.2581743916165642,0.4084164631864666,0.3624717413075037
0.3345526003170882,0.6011422919057783,0.48823944126944235
0.23734923110858602,0.4027694450506505,0.3410871068853318
0.3284683058653571,0.5436004258556282,0.47523025827003207
0.27711518172109934,0.4395165717047638,0.41932057066842254
0.320831155967932,0.5236406174030975,0.452027593051554
0.2519527017961418,0.42536133706563045,0.3672539148823709
0.3408827123081647,0.5469652178685074,0.4466082887205823
0.24996199795490484,0.43910930701034023,0.36808803236202065
0.25813428127079313,0.43586246846552407,0.36593044561444926
0.36633678595494323,0.5732380628030864,0.5042173174306767
0.3558256226910439,0.5416700189408514,0.5429128664709983
0.27319103233609576,0.4529959900630973,0.31817789275429753
0.29642128670913503,0.4877540800150196,0.4255408625402977
0.3035487438264218,0.45969762896554656,0.4272864328106063
0.3574190091255004,0.6113469111951305,0.44604456898182326
0.26182828799498387,0.41921431187498864,0.39709957601879065
0.27614578200945766,0.4404399129294849,0.4078801051891188
0.3567428857703012,0.5563648666258052,0.4976332873244071
0.24477793600264947,0.4168015728010441,0.35923823910665303
0.32042161164022953,0.5613930694309067,0.4724057958729322
0.303322835882829,0.48226967320159586,0.4220829160280057
0.3012200319169343,0.49442460655138926,0.4442553811314453
0.3372917916921268,0.5447463982625284,0.4411701345465
0.24204520974421925,0.41443609992962727,0.3557727809380281
0.23907417421367017,0.4019590973485435,0.35279396687068465
0.2631038482505409,0.4554360857630828,0.38548811803557653
0.2722582009102297,0.4295796668248086,0.3638015788817641
0.24699264060035095,0.403182747638634,0.355121728962572
0.2943447778413521,0.48108515025449605,0.37454023696203703
0.3038718074620514,0.49997092879740507,0.39696507708383
0.2893367118012273,0.4771423137976972,0.39952384503086025
0.27334813053158336,0.48478326155075235,0.4178895442962585
0.3248337769630082,0.5246316736500548,0.4119329478484519
0.2847715972139077,0.48224876100819863,0.3867857576520024
0.2946776480012522,0.4729063069093161,0.38529151813557105
0.27229345484254375,0.4501016452703669,0.3936485448704301
0.30388171364398875,0.4993292929247218,0.39624555537831063
0.27370972674122873,0.46595703112495473,0.34003400385377525
0.26876056348220606,0.4026362981459989,0.40368118045255386
0.23209349085581316,0.36769176072898735,0.3080239969820889
0.28811602858208546,0.41263085795777155,0.41274752038927215
0.32295938303644245,0.5626638483231231,0.48923071617505043
0.3311420998548815,0.477878671142547,0.4478016911098422
0.28557268684245546,0.5141732272850209,0.4347338816840838
0.2832497067512673,0.5032705052868871,0.43532327606584686
0.32380817146805246,0.4819649008084898,0.4082429140511909
0.2808676411039623,0.46697782182073144,0.4231930887828159
0.35866688884445175,0.6007943824729849,0.4575508648892342
0.394361414919577,0.6874345739583146,0.5275071816861724
0.34790623680324056,0.5948921860227673,0.517292125392824
0.3390068871715137,0.5316152376433126,0.4633551349567168
0.3027254099670563,0.48318253462270566,0.4219872928597472
0.36026721966522407,0.6292469628281208,0.45319320428902005
0.29270084255962364,0.4944652462425347,0.39352914683409806
0.30048601511177214,0.5617463989488449,0.42335956804075325
0.2892873406864551,0.5116423067739405,0.42673703183555095
0.3004853726926358,0.4606714516979942,0.41450757530720006
0.2652423759409922,0.4678458374024456,0.36350657647703805
0.3321492326873388,0.508017024807383,0.46523457538604146
0.2780851044329204,0.48260022126273316,0.426193783046586
0.3146160112161725,0.48992923618039763,0.45451230544289356
0.29466309695035525,0.4979580051591273,0.38278278409645294
0.3220708130537764,0.5386550787993586,0.48956072712797466
0.32133182354852724,0.5301458179787093,0.42131776121292613
0.3266475557550299,0.5281613290940639,0.43478790102690745
0.22426024473612874,0.38692957102647657,0.34532339725942834
0.3332845008863134,0.5085371203750829,0.4475215349098632
0.3489842948498187,0.5626111139952401,0.5086591192683677
0.24813924382811314,0.43409009223835027,0.3119728025416486
0.3224836330517637,0.5812006353010296,0.4302184609523261
0.3139759906805608,0.4697670196161091,0.46488481430837636
0.2745596807284194,0.4687060526802849,0.37807314541435905
0.3129858678489808,0.537256187010537,0.4363891309469655
0.2993484470801236,0.4907934275071209,0.40001529622130594
0.2628772547705895,0.42697976691511996,0.37256842206280333
0.3467980436102764,0.5765151238915922,0.49792506158488614
0.2869980652837773,0.4666798488822079,0.3946853129578239
0.3153450727825748,0.5131748581942231,0.4304085605384139
0.29732924956241064,0.5303007762241638,0.4433619895377367
0.3323183384528053,0.5219750648822675,0.4432963240219297
0.22813866365336616,0.39153144172670484,0.2939360168928909
0.34124939147252725,0.532763200165228,0.4681161661145466
0.25146702983311986,0.4426401039011713,0.3890561695492182
0.2890816254661976,0.4703051647718323,0.39309983093338857
0.36567626895114774,0.6057412165978765,0.47383543432061803
0.3112832815635238,0.50670200517362,0.46943433731639594
0.28243317997821765,0.48466632609601035,0.41369096739933775
0.3201880518443942,0.5257220815925253,0.39380193481506215
0.3216306921326924,0.5541382007131269,0.4629907987105073
0.3131912962954475,0.49748059280585166,0.42711894661335037
0.35293240304502155,0.5604368917705407,0.5153855032436142
0.3003099655268718,0.4902933635687518,0.443431842655715
0.3603615518500351,0.5770130443505442,0.5217578523924553
0.2579916285744277,0.44744080474915726,0.37248505766216966
0.26654088715542573,0.44714857026405347,0.36514931975919984
0.2730652812103602,0.48728868503521133,0.35837813886249453
0.2832364479545072,0.43840520410492095,0.3370132025760303
0.32329856076438734,0.5578001487434567,0.46016816125097376
0.32580614361388355,0.5206802393624336,0.48322913321322286
0.265019072278403,0.43553196330673644,0.3666533749219237
0.330384923670332,0.5057787429324606,0.4163545149185747
0.3364982634580047,0.5910198338777912,0.5127700011149713
0.30649007939790746,0.4989534285423769,0.4428955289482728
0.3256440306578975,0.5125865480386114,0.4762374733177831
0.3370321808767259,0.5883556054943568,0.4766489721018588
0.2525481067795682,0.4258094119267435,0.3671539717174529
0.32835992761628097,0.5212947780973812,0.4815970420664932
0.2578373204007248,0.44379277908745773,0.35179198345201224
0.31287007360678865,0.5218215658252033,0.4767849957467539
0.2910637165651169,0.45186485420459205,0.4017563482876758
0.29204226299147124,0.5087280772027097,0.4023201845566812
0.3069952805499843,0.45107343747822154,0.43567666133628313
0.3349291272690856,0.6114966419307142,0.46317501369679537
0.3198212789583442,0.5685707562001316,0.4367529090274592
0.23704194155783784,0.38567488829573154,0.3642334964125204
0.3267827275420967,0.5760910834898998,0.44773980715230877
0.31064215550719426,0.49588704937087885,0.4501370637905837
0.3079900368296556,0.5179725296549271,0.4257393960246267
0.2521353547344687,0.4001713035815458,0.38741451835070095
0.24754879571721775,0.40458481727856366,0.34754570723577755
0.2562784452647237,0.46130212844380225,0.3813204253172579
0.307229667854528,0.44706553329355553,0.4079883983177419
0.275930565391959,0.4707340401651103,0.3944185707552815
0.3051450404224141,0.4997610364216165,0.4003111594857912
0.3070350308200537,0.5189796445619871,0.4673783465237555
0.3265938748700498,0.5453959384739903,0.4824117377030665
0.32347596683012597,0.5064628258922357,0.4429647293464117
0.28993007805337573,0.49507583573226566,0.43289313961386716
0.30657589950628916,0.49690308553726237,0.45995256860130795
0.2708394829621075,0.43103624718402456,0.4036439814841751
0.28176923734687553,0.5111477362353817,0.3785055057129743
0.29795524883366376,0.5040553831983186,0.3985506993857964
0.3018535384813937,0.47629896868076205,0.4675501020376749
0.2656265334596377,0.42855289869827723,0.3873056450512145
0.3012492055781604,0.505192992526223,0.4328516708513783
0.3311634696447015,0.5271230211664026,0.48676065602828145
0.25131134986335424,0.43366693265160033,0.3924870767979643
0.30231151941106965,0.4677108163522632,0.37835138557130055
0.2815314695389435,0.46483325298265443,0.4517210669243616
0.3143688052675027,0.49448642997558584,0.36556042844432873
0.31709529813342024,0.52423378224518,0.50273864845664
0.34600928315758717,0.5883656406207003,0.45233162545908545
0.3434680269183428,0.5347272885634138,0.4940150919731609
0.29689174824326364,0.5116814814272382,0.41284165340479606
0.29927568856651937,0.4292695791995965,0.43187603136802094
0.36542182777283905,0.5206543912449679,0.48271590859007496
0.33090645893196474,0.5782274766521358,0.48101201542544797
0.3684818288139386,0.5506200641413912,0.45631156773556253
0.2744256346043872,0.4323054211610185,0.3629591250837292
0.3080803011330488,0.5317183739116641,0.4575622426567938
0.2631494066046359,0.4500758941743928,0.3746684222554652
0.3447239659518547,0.5504051743915211,0.4540680180737342
0.2726646971278328,0.4365224489668945,0.3646158601562403
0.3292342962519254,0.533506429564236,0.4882580785520481
0.34423643858217723,0.5561741282286407,0.503077238395785
0.33032724621599613,0.5343377424823765,0.45248814029842604
0.2698398498650652,0.4019659649036319,0.3726447794737977
0.33675423511177077,0.6070815669234442,0.4808449913559542
0.312857576205332,0.4655927823210281,0.4392307834361042
0.2872275169619466,0.4169564229021537,0.4032370343234877
0.2668950066614386,0.4660613361529983,0.3877679375808011
0.33093618712881606,0.47978225113240197,0.4785395581516632
0.2694986615369355,0.488210968772937,0.3741747053327029
0.3028835368315259,0.47782572794995093,0.4611605110825702
0.3274855518606133,0.5883685541844599,0.45020606346896747
0.28061861520020587,0.41580930826978196,0.3953072388538506
0.33625797051698814,0.6236604950707987,0.4601128341818894
0.2852089780678121,0.46933223806372754,0.3980608717098449
0.28087973061410193,0.4430812562545715,0.34728052919904034
0.30140923560642946,0.4873970253234043,0.433489972149266
0.227161402221886,0.3576192410081661,0.3331206126146512
0.34189754871574574,0.5820075858645619,0.4264225783453667
0.25223848924310377,0.3926093047656477,0.35849529581271006
0.3087533192985243,0.5017732749450785,0.39530091755384966
0.27623917532913334,0.4773505039349023,0.40352481515741834
0.31160826774010614,0.5059717583262264,0.3930649778884208
0.27493283828986304,0.48921007491625157,0.363728448993413
0.24991354104984712,0.44867728114154903,0.36763245995341665
0.37259357823370987,0.6640078633865212,0.5092106623087412
0.22681754954061878,0.37974361258872463,0.3320830216370717
0.2675835573709846,0.45261085522478633,0.36723876513907777
0.3133823414761096,0.5081248847764817,0.42921771354052346
0.25783124043912253,0.463130085222896,0.39681392998177056
0.3482575609411721,0.54789914957542,0.4903828808088284
0.2668297225094451,0.45777570662480904,0.40214407648146117
0.28712614646390083,0.4778036386194563,0.39016709151786405
0.3225899229200934,0.5306831348087508,0.4642252922147636
0.30512818199330916,0.5104205485657058,0.43208379695543736
0.2833709202385415,0.47055140922105837,0.4042176656005488
0.2877060100017353,0.4901356711460662,0.40005374334416427
0.3070152807780476,0.5076785457289275,0.4009393914657426
0.285353918948838,0.4897057598781432,0.4236984855122293
0.3044336620109305,0.46817879619514613,0.4104520451060469
0.24995386304594355,0.4015424684036447,0.37655326069552975
0.28578920305512345,0.4974708715722152,0.3593962452851078
0.29223154054847666,0.4762459032409098,0.4409588115118946
0.26629484593664776,0.40959932790025166,0.3696864707475177
0.3085598040450797,0.4511172927544408,0.4159294257842901
0.3089413686449306,0.5457406888467311,0.5037129788809154
0.2752272308646246,0.42222184350861414,0.3545131984247552
0.3440466406509228,0.5394352582478101,0.5348523014087476
0.2731605954041962,0.46883698961660997,0.36805535570778813
0.2579774464619684,0.4401896221072436,0.3957737011515152
0.2655605302386564,0.46849774176663583,0.3828409286385573
0.3143322937166603,0.49882539280382676,0.4653619452639879
0.29234042872655464,0.4920640167967779,0.41167752820875747
0.30631088563810266,0.514861644228353,0.41654680416407813
0.2782847070918009,0.4596552626087816,0.4506838748048441
0.34175544374911443,0.5281208609127411,0.48980529106306114
0.28561636316218525,0.476754561295124,0.41692206164151974
0.2659610265462835,0.43685844781429833,0.38608221003051796
0.3257698176598028,0.5624190211166096,0.4544678367341788
0.2682773895091868,0.42469074193639583,0.37949769785094417
0.29215391272916896,0.49560064898171596,0.3852218883355599
0.2859320266923315,0.47255365530480464,0.41402458025663996
0.29468071474238594,0.500952859093535,0.42866830829552116
0.377409897355511,0.5859058429722637,0.5341215628309705
0.28060205717858505,0.467484131181932,0.4337794868070782
0.23326501311902884,0.41370767771365796,0.3138080636109188
0.25798018233941256,0.4504862095230451,0.3654305110390312
0.3506059638155538,0.5604950674685554,0.5038251643657783
0.2949100806638546,0.478698712652659,0.4711532000713214
0.3663836435294766,0.5754154427431994,0.4715483301825406
0.2684503258596611,0.42847533064914967,0.40563916491179
0.3151436669125013,0.4967387434374437,0.4044867257467652
0.31260448110750644,0.5050136727190608,0.4003580657400033
0.2956700875017925,0.4594030832978484,0.4601052183212673
0.29398653399093827,0.5101939504860183,0.3942418169482306
0.24305658005755137,0.3936382197565314,0.38085313119344355
0.2623944615481242,0.424904869272776,0.3976369454592294
0.28440658684771586,0.46713393968181044,0.4259329013728352
0.27865255135050243,0.46285118300789163,0.4139419406664662
0.291323748444393,0.5006828383880646,0.4093182326565367
0.29504870431734376,0.48873469277193377,0.4411454996502492
0.30669077679006235,0.550089956852419,0.44109189787187136
0.27207359428330746,0.43067017310875194,0.3907603520653502
0.3253897862409228,0.5570368863105877,0.45563157780217345
0.3449746472038167,0.5833520482735463,0.4594574958914575
0.29243494463664693,0.4994620963156165,0.407203731557701
0.28986101812298265,0.4823252344803432,0.44075341693554454
0.2711063735615024,0.510834307623641,0.3451680780291125
0.29601283721022953,0.440403319992392,0.4196412765461572
0.29383153043042115,0.5501115214106326,0.4155480374136473
0.28877149547258424,0.45316131975763996,0.4228501626373269
0.2915432814987697,0.5027207628319583,0.3890549403870361
0.2662856187659181,0.44216719248327885,0.4098385205571565
0.31483513124729157,0.5259047177689492,0.44838325936107765
0.29790134527505563,0.5048344998674242,0.42630607025463757
0.3199175773788646,0.5595601553233847,0.44824740725891354
0.28436002784617476,0.48616371049313034,0.39246711660396644
0.2703541633666416,0.43562678941813937,0.41793314101546186
0.3418756384483744,0.5511569641796418,0.4592964093259196
0.34374275412975636,0.5554759817381097,0.46014123462783413
0.287242965251648,0.4875649404175207,0.395100427784843
0.33696395942386176,0.5405791886438303,0.4759338780452809
0.295975244766601,0.5220281338617568,0.4018155272666894
0.29914583574223436,0.5676649259131643,0.4732702284262388
0.32096961375206223,0.43574070887593847,0.4572310364758984
0.3429546974329905,0.5462071235839123,0.4743399637662966
0.2948943142229091,0.4260822300937755,0.40653577629171767
0.34807354802420715,0.6034060674690842,0.5163774879430317
0.2792402094367074,0.5051148143935108,0.39340813361185706
0.33894845287244646,0.556460934269394,0.4665375049190751
0.2857358192363362,0.47111338908860984,0.3603039512163518
0.30092408861755715,0.4973595541868991,0.5092434671725501
0.2587370927957829,0.4359213836750811,0.33503174819801745
0.30521812014155025,0.48813157599856755,0.45230850747434426
0.3065956315063731,0.5488828583413005,0.42327456917650585
0.33729543251079097,0.5822116281710704,0.4375245819014857
0.2164644055923284,0.37405893212469915,0.3511064615111168
0.37450689685492244,0.5996892423316069,0.47341506467673944
0.2888278856509154,0.5183920441277302,0.4152652384426812
0.2863407587844172,0.5010052740990381,0.4132582156202928
0.26574147893266276,0.42643444252481544,0.44543477979546475
0.2620999304752069,0.44274185024551477,0.36213975424242173
0.27237652787340505,0.45150048099340667,0.36704301287852265
0.3295616094306396,0.5681078418392974,0.5060969975327734
0.2796106082063907,0.4470805689012819,0.3925723117864215
0.33329648633797593,0.547853386312717,0.4747941925437763
0.23910100779805737,0.3941690553579653,0.36893245393926927
0.3254191719724779,0.4845123628626518,0.4310536273343229
0.3254544694929971,0.5922429092430611,0.485365630349813
0.27902565671364243,0.501330098744386,0.4100535855990741
0.32250983814126655,0.5452899182905836,0.46186986570761107
0.29231694267030023,0.47812791533297333,0.38728367653550944
0.26629486628988347,0.4372590263231606,0.38645834186900174
0.2891613816755203,0.4993222122807666,0.3898752273266828
0.2647426853505498,0.4409530823385028,0.3758864083485716
0.3247285663142905,0.49032618078458345,0.4449653709706159
0.321884806579559,0.4778944072641965,0.44627151258636727
0.3498336954091856,0.5195478848012857,0.4674994945505715
0.38287429670187134,0.5971908975615956,0.5268837273459295
0.24223868521294714,0.43949680124865625,0.3840009427517538
0.3078570959813025,0.47115875843006094,0.4304083651385232
0.29678587866575024,0.5023762637783942,0.4172573630494999
0.23207934867074692,0.393327387729668,0.2900330859930394
0.309187303709484,0.5290785433650932,0.45559042608960526
0.34259368482410346,0.5575439177742895,0.4698190920585044
0.3131578657418559,0.527763824136972,0.4263985642390677
0.28936578388616635,0.4774613202015005,0.4359795429944099
0.2906894295745543,0.45070751831313177,0.4665792381011426
0.2650503970275895,0.46009953944004145,0.3922318008154549
0.3225008531711144,0.5564702817093072,0.4270075851697418
0.2782927859521747,0.4440445378121431,0.403493961086861
0.26187964446625006,0.45155194868425497,0.3504597438802609
0.3095015336175321,0.5219273299932599,0.45147950466889764
0.2812445840438452,0.4748208736343786,0.45037066066850795
0.35027221497058647,0.574700310107427,0.4465526747578592
0.2503694810719473,0.4119635310333393,0.35495359091157985
0.33421071038768935,0.5497472343890589,0.46878449918257487
0.302853716685218,0.4014337472568138,0.4369836171946071
0.28409211012281765,0.4857256113401995,0.39584159328603274
0.26823421220411553,0.41612625992528707,0.3981273351103379
0.25628591198766343,0.41952088374340996,0.4082350751913221
0.2910077276699772,0.4695178078607944,0.3540020795085033
0.2994700395678605,0.5346943771476081,0.47586213152560786
0.28510923838884916,0.5296066305829994,0.42465792212472975
0.3668415169618303,0.573002666712766,0.5180059859119283
0.2580433141267195,0.4535078041617191,0.3540002873505054
0.2934622180502044,0.46166081958602223,0.43738620978531373
0.35291877371724917,0.5836229643942978,0.43946716505111966
0.24441379400087015,0.4110970510942034,0.39534241910510864
0.30517412393151616,0.5068439042677789,0.42026611046306583
0.3477379843688062,0.5835185875798543,0.45285427718202714
0.3906346142353496,0.637669062266561,0.5397217603874741
0.2689398067390005,0.4571862554237378,0.3965198510099453
0.2821893321953832,0.4723095182567869,0.4202771226866201
0.2720098843113821,0.4738613201865807,0.4022937435067315
0.28297399785597466,0.50179487770455,0.4146659254550911
0.33348314507326765,0.5044907965439254,0.42170305180604006
0.2541421868722231,0.44027861077688046,0.3979402868703057
0.33273833941349557,0.5258115393330619,0.4328109265101057
0.26501103660334696,0.44756799545950243,0.42197977509899137
0.3365120903569366,0.5456702755595029,0.4298946658168612
0.328258257115994,0.5629314820740944,0.5004667586063877
0.3666469299275037,0.5767213646265185,0.4737871083861181
0.2571334495678751,0.44984032082548225,0.35119216598554875
0.3568092090458216,0.516459838389916,0.530430274985419
0.283052526354922,0.4972084378793672,0.3913470781627
0.28870119880948913,0.5049598948709163,0.3868516607050305
0.34888308934529905,0.4783060941869504,0.4936140955706546
0.3376766575499614,0.5147200056392752,0.4499018637573636
0.3387096571333767,0.5358657974174743,0.4795540488769201
0.31468622457191064,0.5352053865689927,0.4596541607850406
0.3079405849732198,0.498963568174365,0.4303447738602057
0.27802682065216666,0.46415812048429617,0.38671653473371187
0.28253863341995705,0.45541861920971644,0.39928577965007417
0.3319652624947489,0.5639095899517568,0.4288674970936175
0.31594508338389665,0.546890446198994,0.4986366056105243
0.32531807740019997,0.5071909060826443,0.4206762034102349
0.276628118477652,0.47450824599133506,0.4429773965260105
0.2641536429608205,0.4449498981043494,0.40988713031012575
0.3301149444983094,0.505526433830643,0.45180027913485915
0.2311730035761926,0.4049856866538841,0.36692493630514245
0.3475601142491466,0.5466868778554442,0.4640802702631876
0.26037006985821703,0.46048194503982476,0.3829516306538105
0.26903858539145864,0.44941450790411397,0.40261843604581804
0.28213885950170775,0.45679603090324866,0.4663017593700612
0.2801468300626728,0.5170563700526528,0.4673120203900036
0.2725535382277883,0.42290954975426914,0.38729339383371764
0.35763668930082204,0.5601691939425282,0.48943999139785527
0.2690641709344034,0.47271775736727223,0.4307855054311886
0.26346403017611797,0.46973332102882326,0.3563383968132856
0.2851552442411264,0.4722179907682584,0.41396662115599936
0.34318604724997037,0.5532571691080523,0.4701816879558936
0.35364557513274736,0.5298792055852145,0.48395228156791553
0.24400787263156457,0.41709845212894003,0.3415816872920984
0.30042165718415514,0.5249740392117241,0.46236135227237213
0.30128546178962323,0.4847279286422385,0.3841962072259134
0.2845504269046189,0.4638342535225042,0.39310434660894267
0.260678093079327,0.44272204440821045,0.3546298833324139
0.3123041950470179,0.554806546210799,0.4137607043399828
0.27027905737980623,0.421069287154883,0.38872162743411653
0.3162711885873578,0.5741461486520042,0.4864821884956735
0.29753907191149914,0.4565687279681686,0.4072972888548183
0.30086559304300736,0.5396674764188382,0.49568900360189694
0.28805334452373804,0.4556123421136926,0.37623290646003915
0.2753437316216647,0.45208257416336944,0.3756359796572018
0.32911214497264135,0.5555317748324735,0.48585998973692057
0.3184338458830358,0.5104131734749768,0.4469152170417166
0.2543292133351776,0.4854557827048891,0.3702730623615088
0.3200038889899649,0.4963243886449504,0.41294018724370074
0.2310061873826369,0.4129074289845447,0.3432813774658748
0.3008363002839022,0.47677415342723783,0.38484795857850246
0.2908910123218476,0.4596695315969356,0.44404619037052284
0.28761369138657567,0.49738101291557146,0.43622275321876214
0.34018694580934195,0.5266007485959164,0.49546246887699585
0.34491368955389917,0.5335300534120702,0.4962091618798316
0.2829286980694732,0.49622571839255214,0.3990132681660616
0.33846178246167197,0.5366689353123723,0.5168726348320641
0.31554247290299864,0.5188858523250264,0.4018504441176877
0.25724515751575877,0.4506888239794621,0.37980273496095185
0.29237257460426797,0.48273815442132234,0.42911943943695285
0.2753922106296861,0.44524770398047003,0.4050250291884274
0.347399669428434,0.6138557575464558,0.433021057687466
0.2822277809705629,0.45661757674258613,0.4139546042604427
0.2841413972947282,0.4362032179843266,0.39978044918410294
0.3093902326803822,0.5249242327299114,0.45658621782044917
0.24786222476349812,0.3851319608422592,0.38627275014538864
0.2805997650732231,0.4743728474601283,0.38392764469089163
0.29620321812008915,0.4662343539239645,0.424932443584571
0.35354924800564985,0.6111679097727001,0.48063312554005927
0.2777093465633489,0.4337116984602798,0.3808817300358016
0.3204732858790766,0.5721225413948998,0.45006627156358603
0.2655174745720754,0.47038813795495965,0.36518354586464696
0.3404593038800887,0.5329695548596153,0.4682531482530419
0.2521872271494309,0.43892842203904464,0.3830644564992078
0.341957867897065,0.5390192403355051,0.46421904872009057
0.24104373824188297,0.3883337663864255,0.35982701683335494
0.3241730234582685,0.5578354223741971,0.455672817013915
0.2826712015482235,0.43827424105691176,0.371238936481139
0.3207636558580733,0.5595081638303678,0.4842863079148259
0.30268455080248646,0.4910318818584425,0.4543710620058658
0.25901801813191555,0.45316695987891625,0.38250926933582347
0.34010350098430736,0.5373106244511,0.47610112637316915
0.33352279623906494,0.5939315765358756,0.45389090518023756
0.25788569467252453,0.40583251233737005,0.374442652467512
0.3544705528647885,0.6119127941396983,0.45117476077185004
0.3518931617798705,0.5780601663170458,0.5040230049247767
0.3172749050222933,0.4970637584992961,0.48653885317370127
0.2572528569585473,0.4130092509856042,0.37435524043185764
0.30230270431636913,0.5233355832362141,0.4135545400787632
0.26895705753556554,0.4367424451146332,0.37123752198545457
0.3674302343600979,0.6244882690887467,0.5139727931734673
0.33308227709594806,0.49015432772203466,0.48939873952718943
0.31587071077674483,0.45606205077837786,0.44262437900608403
0.3190186267786111,0.5355095098987233,0.4215527501454668
0.2465772170389799,0.4168995015766115,0.2989202939954296
0.25819546163715335,0.4410293682860199,0.3471706080860551
0.3175316653422812,0.48850293282665713,0.45476739897800633
0.3744972555814944,0.6317666016678642,0.5637693758992969
0.2645490469969441,0.41656828728503337,0.39380063957899053
0.25769548940165,0.41989532496960935,0.3666615914922313
0.3518688266684718,0.5720632115926182,0.5158720488731168
0.25248509085247745,0.4075794401435817,0.3468947413122907
0.3066910721970986,0.49885838687099293,0.4264424034638199
0.35505971787858487,0.563550160483811,0.4618176655553563
0.2684190682990047,0.4466707058612861,0.4060262537026565
0.2745215885622724,0.46339543207263645,0.3747529917777895
0.28551797146705243,0.48384975525647456,0.3819711071414533
0.3224515056231188,0.5408790699298968,0.41717224770437056
0.30153200991441614,0.5271616630482816,0.4447787912882472
0.32303236855146295,0.48343079798510763,0.44808293314965564
0.3013567934835835,0.44225328289078936,0.4058568306308769
0.2984898389722555,0.43637001195701225,0.43237728958611055
0.32182027110440753,0.5025098252161674,0.45767952346807256
0.29324869423994054,0.4841629709458155,0.4156138203938701
0.3202997118841876,0.5254111590517848,0.46217506457333474
0.2938630964566547,0.5012807335933152,0.41382065537096974
0.29725184446031133,0.47739782810198594,0.4207760940321063
0.3559386673034796,0.5199635477446867,0.4881113069973454
0.2248427157408602,0.3915704397404914,0.333463281670248
0.2787521159713469,0.4919817813396535,0.40488434072131485
0.2657910786925068,0.4459418272823113,0.3649883690288198
0.3199805698198448,0.5169770985187877,0.4294888917746249
0.2753018522571336,0.49565057012051483,0.3949106098489061
0.2652006807917456,0.4522761256523369,0.3949689928276565
0.3117692975364802,0.48783931527102836,0.4581526679514306
0.26457361988102457,0.4470613468348394,0.3520971038495956
0.311819409408757,0.528453086537981,0.4658089941118753
0.28546946092372727,0.47828651707510356,0.4325258785218624
0.3141775826278764,0.535105904121183,0.4808113636613896
0.25915921119489715,0.424273168771367,0.3440150621273391
0.2872586202624492,0.4660392046719258,0.42035943176575796
0.31005821145814993,0.5033099117051592,0.44184070736052344
0.24677567634937406,0.40109179070567613,0.31541749889471565
0.33011931504215514,0.5472950162291141,0.45098117681225197
0.24709976019838678,0.3817368538170494,0.355059342662274
0.2786261116188585,0.4904275726162582,0.4055988336872419
0.2694884976727435,0.4085610305252001,0.35510115509253737
0.23881810972869022,0.42351833247904075,0.36181761413285096
0.3434787132774931,0.523553738177339,0.42999572742410763
0.3003071323897428,0.519400719142349,0.4493926918094687
0.33450816806936895,0.5597323747853529,0.4641032709066465
0.2878074742234999,0.4797552553099356,0.38852145710530733
0.3175150103148314,0.5099058747976193,0.4777597326362767
0.3030040037834797,0.5145886498846965,0.41893446338213935
0.2837191390866498,0.46457300921203676,0.41574689742526955
0.2604571353072879,0.43738012017562705,0.37947095845936085
0.32186905151812273,0.5037847580163929,0.42018920194552983
0.27950369057706864,0.4994054685446299,0.43561324513481914
0.2784816563439279,0.42811955578723065,0.424858391023138
0.28726653007143443,0.4424112667176194,0.4424236115966641
0.2752089371259539,0.4802245667986951,0.4108306025588167
0.293276597495382,0.5084508227107135,0.4298648455208231
0.3073683842983665,0.47572685583970253,0.39345873003083787
0.2747509252812113,0.455579249005754,0.4380458442709337
0.3167735175880196,0.5210424433138484,0.4558114102208714
0.3478790874950809,0.5542554842208423,0.4332895048575345
0.2461920318815462,0.4397882347972241,0.36502368753033726
0.268374962350218,0.44388650885627173,0.35967530680614235
0.3179064223588951,0.5478337197438558,0.44872538637829046
0.3172761539001936,0.533328616325542,0.4415846467975883
0.25912853030572464,0.4057839088829627,0.3868123237042006
0.33398205171878326,0.5506116227910159,0.5023528402515707
0.31350298521072856,0.5211907430063698,0.41046620311856546
0.31028574064891234,0.5114911408734513,0.4650049222024889
0.2800866665904656,0.4696867243086789,0.4233482815597531
0.2986338546875946,0.5076320886180178,0.3978064980767173
0.32099459610388004,0.5185806819453375,0.4896352837732881
0.2870741061074293,0.4823345260133506,0.377932083031735
0.28370831927084134,0.4921066729776836,0.39294160197868105
0.3133460167504067,0.5151809682421826,0.42665517604719805
0.2699528654942089,0.4221310589625846,0.38895647372847925
0.3409865630455851,0.5922109745510689,0.48211533578093263
0.2866565448584281,0.43921378764033303,0.3987614752039353
0.363764604316137,0.6174034015076536,0.512128273043885
0.2632490909928139,0.41494276743646435,0.34359773358819373
0.3076592124276174,0.47918863964896646,0.42751724453882095
0.3426217182782189,0.544138255238952,0.4772449065809983
0.24632329571838793,0.4016111919718811,0.34461472258780196
0.34755638702610586,0.563068067052368,0.4896935898512266
0.2759573357095696,0.4406423710349137,0.37499674327282034
0.27761204289957786,0.4694416514641856,0.3947993967007512
0.31291106484463366,0.4711995506371509,0.4583062602167883
0.24013177144907577,0.4179396215415193,0.3545291980887467
0.2594381180389985,0.4018138484138029,0.39000205586663467
0.2521074877817251,0.46665233669749745,0.35387674170939853
0.2794082873432641,0.40939632179381585,0.4278795986416183
0.3377333905959159,0.6022418473860537,0.4477861678627741
0.3642674839020075,0.5369272813017596,0.5090194598099947
0.2869194507541904,0.46783732613533274,0.4327095309812913
0.2790451309251407,0.4909037004983121,0.3638358622622773
0.25372435494691414,0.41321871563430096,0.3586096009470195
0.28179531200715596,0.46873865794033953,0.3579787909232841
0.30248106700790633,0.514641672878626,0.41923633863629767
0.27914221210661033,0.4785452127153521,0.40536348251408844
0.3170577341462989,0.5176596455527765,0.4263473132091076
0.26532016950322157,0.4514571743327451,0.3709250080242479
0.3468304952435109,0.5911205076526953,0.47759667221315566
0.35742459157225276,0.5793778015022947,0.4539837031363282
0.33677626920644604,0.5667696679251306,0.4997029290928075
0.3218116998237,0.527105591796534,0.4601077926530202
0.3120984754247844,0.5158595324107027,0.43028032269433186
0.2538898690086328,0.4203661407537382,0.3652748945920939
0.3587888635501789,0.5965540392166097,0.4741455191743856
0.32027818168231104,0.5156649691833822,0.4996783107342292
0.3846107674511752,0.6302148565457145,0.6122002888368108
0.3545039438104146,0.5827669920963089,0.4290983614190036
0.2741206973263692,0.4541983524550147,0.4781918379153529
0.31347309629598935,0.5364592635111314,0.41529536873831013
0.3463074998742603,0.5689777231677422,0.47861597341165185
0.3177746943336316,0.5302162706681075,0.44353245621800097
0.25626032209486793,0.4130920344154369,0.37427973420395555
0.30782944990576455,0.46722727136719816,0.42167114100294256
0.28799076676573704,0.5044484731310416,0.3831204064595512
0.2961016963331533,0.49774015707330227,0.40041954938780794
0.3119605882497072,0.5370698199158797,0.44475292604715855
0.3274780317871337,0.539282510412407,0.44909905903468356
0.2767902773075506,0.45633000276618535,0.39713093141060296
0.2674121511717346,0.4381800540136785,0.3832419760383977
0.3409519190412258,0.58465515498459,0.46445797975085656
0.3104674493164469,0.5176204746987924,0.46061106412799024
0.2975247830776913,0.5225521905604581,0.3751445190580145
0.30543608241578657,0.5061558300857161,0.43026522075015283
0.282714764603271,0.49723938597486844,0.405356787971216
0.23594381159407224,0.4097939672028969,0.3461096576552407
0.359002322534293,0.5379854967009543,0.45546427126464134
0.28771378703949907,0.49783865697538493,0.40910278838928865
0.32507647019868957,0.5675845130706069,0.43914427643895676
0.2828752382419834,0.4685137960103255,0.41764675644744576
0.30471255247596285,0.49036548927217327,0.4115830128318909
0.25047637846942905,0.4385189498612833,0.3944950075857333
0.27022988465570486,0.4330899007903902,0.39112815988944843
0.3227782758069644,0.5337845830677928,0.409967637166918
0.28344589913214663,0.46946912412058733,0.44097316412696186
0.30305211396120674,0.5203794287706545,0.4302325475280812
0.3515319440076506,0.611594793023067,0.5016703684889094
0.29840365603187213,0.4516759858439133,0.43589850037987726
0.33870506798777056,0.5741387308742243,0.4629106898899532
0.28412211223354106,0.48121501853678644,0.37755752575701773
0.29195688357994354,0.5112582794106031,0.42224090022637045
0.3184662370870701,0.5045505489073591,0.45968899060073154
0.24236104887114196,0.38124690185257126,0.3255863130991824
0.34186270285769066,0.6008909603305087,0.4704695764446702
0.34129073367643586,0.5841208615174388,0.5182665855972141
0.3127464028954112,0.5083987097478062,0.4333181497845646
0.2870125496453049,0.4659506751725807,0.40680348632570845
0.28997233272483697,0.5288227221105831,0.4037775718288032
0.2906385589963346,0.43838391561955703,0.4111466972564936
0.28139926563159434,0.49650079694130045,0.4056380428805373
0.2806474830949357,0.4764274038153497,0.41820046921283455
0.2947106234644803,0.48489357552416884,0.40166061471242864
0.3434277744461289,0.5442352782835296,0.46457204164078886
0.29907599770522186,0.48181170232922527,0.4133714018337551
0.2962099775609937,0.5421643599824939,0.37139654086687085
0.28665484771643707,0.528043765235576,0.3609192832428561
0.33697496492659257,0.5598293778366107,0.4907995902997882
0.2931607490403631,0.5044062485815071,0.4085360160000245
0.32715106261420157,0.52171465796544,0.44004854367151064
0.31019315126656316,0.5489527742821702,0.4653313191456069
0.284218198319042,0.4573462499255433,0.3764813793466951
0.27119067843349753,0.47755259770956976,0.35788722476709284
0.3526517304644282,0.5304049049105715,0.5371161808997335
0.3440594801330118,0.5901011705196251,0.4492762699215528
0.21800972654922193,0.36927028624494185,0.3188768055812201
0.36125836770133546,0.6346674634541947,0.5088983623584388
0.2971206892738894,0.48971048288010316,0.4272905205118771
0.35572113114804693,0.5749391344397012,0.4460554088754768
0.24017887557225295,0.403273266973874,0.34304182413698897
0.2906455482991504,0.5103145040047687,0.4264863442893364
0.30305770777466806,0.5318412351486143,0.4259483037196408
0.3171487470596623,0.5176169959244429,0.3990929074504219
0.2857669069466636,0.49271802558422095,0.44834351278919854
0.33782558676316066,0.5431186416470972,0.4875237875108884
0.30941047518092946,0.5438938147793271,0.4085471382009736
0.2823429344606263,0.45102695660698205,0.42748068700423464
0.2892233217925991,0.5158115913356381,0.3879570860558204
0.29717141604195124,0.5115512251594294,0.431176515474062
0.2598698656036472,0.4299458129342192,0.35804006314412906
0.3005604206728087,0.5109852699751994,0.391604113887318
0.2799200390400403,0.4629243843657312,0.3943495490383978
0.3283326311663618,0.5520300954411735,0.4194992827720314
0.2895906141096275,0.48632527461376285,0.4375692650039656
0.2604927544671919,0.4417032158077171,0.3835053879678999
0.3255305872387187,0.5078353324763207,0.44650853839148746
0.25739598224272864,0.45844100698626367,0.36542108908804716
0.3436875117374523,0.49001055608282473,0.4836456149948763
0.3076431789041757,0.5791268083695884,0.4353829678745486
0.30304468756885367,0.4650423298330553,0.47549649232569396
0.2893794737125824,0.43349820540890244,0.4007330670130847
0.2777500884597793,0.48529554229681143,0.35077823001658215
0.24331331495515454,0.38503467439250766,0.36361138395832177
0.2811995998123641,0.47189029569977364,0.3899400498752225
0.33920427859709684,0.5733603171704391,0.4309028208299359
0.32779524417217404,0.49570070611641076,0.4596780384932111
0.24094517212972963,0.4134589387497734,0.39103622886319717
0.23882439109037365,0.3807350091101338,0.35336089483108735
0.23518460743368397,0.3999883815068414,0.3145970092531225
0.32113151864036016,0.532507637832038,0.5149238704031102
0.24150865203437463,0.40780946859618844,0.32128140603054134
0.3503267334919577,0.5840385696709627,0.5073798596087126
0.27293719557246565,0.4213492541535782,0.37153409474233795
0.3218410855586695,0.5603010993219413,0.4431865390319529
0.34273353937731255,0.5400995768253364,0.47502543931158664
0.33563409810470435,0.5868651946650753,0.46305711043137987
0.3350072148498739,0.5892750188546124,0.4704840665074787
0.2935077065100947,0.4646687693808702,0.43909361611311193
0.31463683366551404,0.5451440054517418,0.44503358090618617
0.3325000999168331,0.5674333986007613,0.5118696108708634
0.25182208656469235,0.39097939089845546,0.3251603921211159
0.2224248648146276,0.35150086029596206,0.3180716560401403
0.2873754575375229,0.48067198088209667,0.3973782343260237
0.2928698553235983,0.4653645467554302,0.43233420030091807
0.27939989319185216,0.5012973723256406,0.3919049907272089
0.3116658440129862,0.5034157519439217,0.4404952261933672
0.2684268631756488,0.47787042951005004,0.37839396315471613
0.27703006227201016,0.4302382783192307,0.3834549816081901
0.3217931190508861,0.5480710437686114,0.46366948989014417
0.29334873217291607,0.4893406922471432,0.4144229957316183
0.27773447441573357,0.4495390991611751,0.4102131479053287
0.3817428405967874,0.6527732492870185,0.5126826758842005
0.3587178129666901,0.6009747772004063,0.5206811725326751
0.27256557065082376,0.44977166309454547,0.3908782133731369
0.34013179016353995,0.577335041057064,0.47271878947187007
0.2815844192385038,0.4332283680821885,0.411874042778709
0.27861677787208133,0.4341954607805123,0.4327066863419768
0.3029480082225695,0.46631924015487863,0.46329961113306783
0.2755629617448318,0.4676275370598919,0.40271209893483806
0.30674607383966174,0.5115219266799512,0.4332591954111029
0.27573222952686505,0.44279486653222866,0.39238672594365387
0.31698711881651914,0.5299956447065638,0.4381735713277859
0.3119881248973736,0.5062621728148491,0.44725574656036843
0.34719239779709077,0.562503006542508,0.49666712721776146
0.26426601789024406,0.441202151231714,0.371931289758841
0.3470750634258454,0.5436858798212031,0.5000518586906791
0.2635498209539525,0.4430225954974048,0.33475928448299636
0.27937881391492086,0.4744902945330316,0.3509645502493438
0.3351080647291669,0.5479415146630793,0.47706748982604597
0.3322449355834499,0.5500246141605237,0.4627751898088984
0.37509097887755755,0.6152123203427003,0.5196845579219069
0.2793784140916897,0.45559075998198506,0.4138032002086351
0.24507142477299632,0.39728432366857636,0.3585780818265434
0.3448588156681084,0.5123122234259876,0.500592695431584
0.26482496882605944,0.43195219034060467,0.37744801423340696
0.32465178929789695,0.5264749566084413,0.49241773650985216
0.2543993943576158,0.4529559069003859,0.3560083569502754
0.32425829470320544,0.509442049914108,0.4329859876435484
0.2908256919495413,0.5265250608598353,0.4208743051879174
0.2994820426068145,0.5047749416438851,0.435834818223624
0.3155529531705804,0.5049571602140972,0.40924294817975054
0.3102904159549494,0.5127411913835066,0.4523633645239367
0.266952082861576,0.4239641068962721,0.3568841399850563
0.3356238446598462,0.5595456045383471,0.4829234220454953
0.28065961508725806,0.44275816628868997,0.3831477378811549
0.27663354755039726,0.471599880095441,0.3761337174694212
0.2950268222762793,0.4836028041874484,0.4165368667594305
0.35517080749243524,0.5793466934327418,0.5001596437098276
0.27547717820834566,0.483790674042911,0.38925064158633316
0.3045950766634386,0.5079557888099692,0.41633044258716123
0.2822339415258107,0.4850450292553547,0.41001924934015804
0.2843060030559436,0.4475242651738548,0.3992685145119337
0.32657972985896133,0.5261233517508364,0.43565625687131176
0.322465167306987,0.5465866323775945,0.4466910292772874
0.3143106325672775,0.56556874802614,0.4113811392046645
0.3020606758816117,0.4919074146047455,0.45801580111303164
0.28996056778957974,0.49832558157007906,0.4111821228372717
0.3065096896435786,0.5337654761917787,0.47182737828186805
0.2578607625975337,0.43760393112100376,0.3409166328252351
0.32440477089318265,0.5234215548136957,0.4478804750692561
0.3526250163825333,0.5556299700570505,0.4908822736533072
0.31458356373396673,0.4921843490363768,0.44679455878297963
0.2878305541054051,0.4815189350315737,0.3772503499026733
0.353720781607712,0.5372494975396663,0.5152376811430273
0.2746511761127431,0.4741945503869773,0.34365080977804113
0.3519654738498303,0.583779256316833,0.44347394152067277
0.25737785714013117,0.41833183752298,0.4480698070512272
0.31437585747094676,0.5422602550983568,0.4071043483613137
0.28386221273487955,0.4788518219573475,0.43434424670489086
0.331588450314251,0.5464388299653976,0.4265979855022779
0.30134210027638575,0.48069100315022023,0.4326392419141685
0.36144254139181076,0.6099331498889319,0.4677699634315774
0.35536512082419097,0.577988355605467,0.5088451653418653
0.32909451975016807,0.5538865434147836,0.47037530456739335
0.28482123599301135,0.4488752825203937,0.41600040725551146
0.3197720809015072,0.5654480593396131,0.4360640824632305
0.31423649956986627,0.4790201780820856,0.4327930269358393
0.28157098470833414,0.5022882934075443,0.3639029826730279
0.31893022981663516,0.5177138092556425,0.4606868843230747
0.3401537538048458,0.5807907460644928,0.4835191255872904
0.31129974464467863,0.5363007295448521,0.46326040457587014
0.27630348013993594,0.4489660192406894,0.3700923007788858
0.3096844305290018,0.4635267683301139,0.4075442657551133
0.3491604710726239,0.6047628547039373,0.48757692253464663
0.24131009272241913,0.3941249530415682,0.3325639448712714
0.35622440499609237,0.6306049126444945,0.5332796653981311
0.26287046976101675,0.4172735781362372,0.37142878786177724
0.25659584363765714,0.3850231459760087,0.36159636317965654
0.28113341151664045,0.5119986332453418,0.376623426602354
0.27367581079803327,0.3994745503277197,0.35544022781442697
0.3399391293023247,0.5811729506119974,0.46625482755751735
0.2696673714255592,0.43335434408899853,0.3577551250825131
0.24199653172847155,0.4250307921846381,0.387279050569194
0.3525150527894983,0.5553477568469085,0.4643836045618377
0.24565989029352306,0.4226524536215989,0.39439381165342885
0.2858005257765303,0.4591793220273685,0.3627133172621481
0.2989905847230438,0.48021656063399,0.39087571197214155
0.2679869328417113,0.47217144269177425,0.38425128972342903
0.31932998257536305,0.5237385238445519,0.5088338841265252
0.31968371732663214,0.534753946415031,0.42043334273052335
0.3053172327097354,0.5358925817376505,0.42093490461715155
0.31256096500813857,0.5110894122353921,0.4365628614045498
0.26720375046497,0.44671607294291454,0.4009882361276303
0.3280301346821189,0.5599723703407574,0.479020511378572
0.2906179858439695,0.4946374722428783,0.36236630627484284
0.3241271124848159,0.5323697564410024,0.4655740093723265
0.36476958926215697,0.5508698699644923,0.49581521752089047
0.28786328839526376,0.4508712308953058,0.34968085604880156
0.2803452576114171,0.45911253237588556,0.456409435614414
0.2960846634700207,0.46794095125633395,0.426932021629185
0.33118837078547547,0.5429577373426349,0.44159793917496104
0.24174237306439045,0.3963508871647873,0.3745361402912082
0.26976433813515194,0.45233007368725836,0.3506530911269408
0.26386636884986137,0.42271951807248204,0.3963197075996337
0.2742987375507845,0.4910385318913876,0.4078268150653884
0.3381874183715147,0.5712503743976189,0.4646917031179925
0.25358206005966255,0.4033785885202546,0.39104215943791193
0.3406189657029819,0.6140243984021378,0.4623112353356792
0.270644177442967,0.4128249625664542,0.3740388118483216
0.28115419430160166,0.5024763179677595,0.4426237900255001
0.2833226318905984,0.48009124090337973,0.3845441846639605
0.30102327955742103,0.4985988268746536,0.4165126474926526
0.2862286839963876,0.47533164624838403,0.3941720827972298
0.29339232013168026,0.49857432188881995,0.42946589432622256
0.3300655011159855,0.5115360866024684,0.42057010170068393
0.24968018625228253,0.4338071243277263,0.35603680675322374
0.31530606239101244,0.5421356172706244,0.45105610002241114
0.36814088426366065,0.5813921901446126,0.48718009819284996
0.3053935485632453,0.5174103953073002,0.4528678418763836
0.36136294448722334,0.6016636491317162,0.5039871195282737
0.24085999775219524,0.39355997019019995,0.338956786362916
0.31309692035566006,0.5347129892992748,0.40116512499378576
0.2917647577464616,0.48783481493487996,0.4701714472449322
0.32517136457467155,0.5551778632618829,0.42340535071170626
0.3142740032440887,0.535628105948105,0.4094527029336903
0.322439828517624,0.5070620480571778,0.46279462962243406
0.29039346232916924,0.5020294717303296,0.4021769236111521
0.3117539385276631,0.5211976984348917,0.4352380197304758
0.2986240518111772,0.4736769049431944,0.42895088500957684
0.3233557093737361,0.5427433157354784,0.4631432587976542
0.33184152569888287,0.5204441652826168,0.4565708772259639
0.26128757342836534,0.4670804017864359,0.38069483466016585
0.3570675512434719,0.5447198949831263,0.5116440771304958
0.2580409212374462,0.47035798094326225,0.38067675620410973
0.32009134753767987,0.4954908983306296,0.4352052853167675
0.29912518363290175,0.5006746326541465,0.43045653954131585
0.27198324243898303,0.43855503116688177,0.3754099389924735
0.28762345487999025,0.5406812354780032,0.4166744588547232
0.3365622730755108,0.5888628257310154,0.44710017144830677
0.2606325425549174,0.4166166495752092,0.39244427538830046
0.2962295251227658,0.47984177133816136,0.4069842816460269
0.24240642025072917,0.3964647610228959,0.3861317221788215
0.25894432521293864,0.44222742834167267,0.3698620018486528
0.32233976923103996,0.503350452459715,0.4148499768430577
0.350082333555726,0.5670678416493391,0.49577845859630026
0.3384551128737368,0.5375905669250914,0.40367357495016953
0.27255506142689545,0.4772516126672175,0.4137204252443452
0.36426532983046234,0.6005471409247746,0.4914840820455652
0.30606487700720997,0.5086017371882955,0.38566369727410393
0.28942639031496453,0.49549239330136785,0.3800937584102225
0.26026655885780764,0.4578001296604234,0.3683819520543295
0.314587424583007,0.5259524412178783,0.45752320508691174
0.30483663516555726,0.510006949313739,0.3992193336590151
0.27276630818877107,0.4528771745135326,0.41554086206772783
0.26773597822039846,0.4465743453401032,0.39336252891066686
0.270941245277311,0.4554931317725162,0.3854674830501886
0.325821123832713,0.5024719208771041,0.40362490468720624
0.2878563455249838,0.4565130841316836,0.482473893792981
0.31812498515113574,0.5419339834906054,0.407499917550346
0.29679082978107624,0.5240242974751668,0.3914695766061063
0.3098631229725737,0.4813766988945062,0.41365128998351103
0.3355378406353385,0.5464294407289775,0.48152985626103
0.2973522957363198,0.45217319172181447,0.3916135584160702
0.2770805737618701,0.49850588039639465,0.431811856787793
0.3109027189051342,0.5931399343758895,0.49958037152660095
0.2881637118593096,0.46910044800145084,0.3755793667730808
0.28883823318378327,0.4809389854406095,0.43461134772149707
0.28511401451302354,0.47285462021557284,0.39027243147327073
0.2619162083436456,0.43195717347231266,0.38313008584249525
0.2804555281621149,0.477290469682357,0.3838380901206497
0.33711281094685047,0.5959133212803016,0.5123088942729035
0.25898375045277666,0.4332049913011471,0.39267329499307074
0.26693443488246393,0.43392762514322686,0.37960326349931206
0.2745924476221508,0.43390735059236574,0.4054437376060783
0.3282020455720668,0.5467753244068269,0.45983756706777085
0.27910994759732866,0.4259540272594569,0.3364337105300087
0.28566690188161264,0.42496197684414216,0.358260334446149
0.2613098472595168,0.49855453808675176,0.4353382830305167
0.35001010158106055,0.5211674090425801,0.4304662756662829
0.345017510514706,0.5967907311775676,0.46396235292146026
0.31959426516314154,0.5400796820765661,0.47094109213133023
0.2414630438670408,0.4226240323197731,0.33445296704605765
0.25174805832433955,0.43351505685000563,0.3554810086384641
0.3472819032534,0.579680218334051,0.49048613501694666
0.2817173133443431,0.4750686479667612,0.37271661350472973
0.2828319396828424,0.470286522298321,0.42036872411349036
0.3028099614201413,0.5163213570905193,0.4152673937156766
0.2869567133988138,0.4814302645057542,0.39807106478241305
0.32537883339523815,0.549238208331015,0.4429714039421194
0.24872121587248103,0.42729162924911324,0.3838052366672696
0.2754776922908661,0.4417630558783185,0.384450008270059
0.29524331324935676,0.4631570517249248,0.4161440549670195
0.35084775944180735,0.5012806451735573,0.4889339186338696
0.26119592967955046,0.49796788273402676,0.3689734972362368
0.3577670881152686,0.4926796710697802,0.5429484385844241
0.27737755302497913,0.5286623103998374,0.3997608925331873
0.3555537659547605,0.4845655236350766,0.4656253287786258
0.3270681470290184,0.4741236480290672,0.43219074396266866
0.34615626300240926,0.5035975343770133,0.4843273821025449
0.3155047977186575,0.4696169056443396,0.4300774853387098
0.3765026931483523,0.5111999264164222,0.49030903573398216
0.3183560960384657,0.5215096886482504,0.4235508106315445
0.2968165870907805,0.5160536879991567,0.41120894695565946
0.27812404004608937,0.4786396198508433,0.3578485937759088
0.26966039408268444,0.4733140795718347,0.4111505433748471
0.2862651381046146,0.48842919721420625,0.44103451007006894
0.3108167337530012,0.5367917201849844,0.4160645393506067
0.260877276785053,0.42482890664058776,0.3792774205816371
0.2912365891232697,0.5214629801991821,0.3973432914865654
0.3011336994994087,0.48974448825871436,0.43672781043628184
0.31798453550501954,0.5582895873074228,0.45046330121728057
0.3124927652871712,0.5162914752528088,0.4381479443191156
0.2834018689309799,0.4782510421307321,0.39396685519292857
0.31974574933875277,0.5253233758336406,0.46097485159852336
0.3267850707406994,0.5293959132816176,0.4600511413514954
0.294531356473944,0.5040276189464489,0.4240876429336762
0.3248223365304223,0.5182972574008164,0.45092836362799354
0.35529636105458556,0.44625371317465085,0.4783401846431095
0.30459753247209015,0.40368761997762986,0.41555345972701574
0.3124668788805185,0.4985546993125785,0.408708922017651
0.2605238498584563,0.41065651619019505,0.36019170601643874
0.3377563654363337,0.5078293577380094,0.4475220717519866
0.25006593805458266,0.39394373498526053,0.3901547008436581
0.2872529906423531,0.5033117461228639,0.3741049193768355
0.22176325852517773,0.35437741313177434,0.33103424450979485
0.34768831448667903,0.5368836925459497,0.4805000645693665
0.21457824295479408,0.35988064829196165,0.30768182449918713
0.3213491260835824,0.5121518513462557,0.4278667006122416
0.25791745088614687,0.4427139282590371,0.37297194942689893
0.3206494164200359,0.521802239218355,0.41968201682193257
0.2802055437986488,0.5334798872422929,0.41012425590643964
0.28475205534112696,0.4291710218114725,0.39551386940908906
0.29864218818358057,0.49817016924555735,0.43284334294033083
0.2873091322540876,0.46379441855828196,0.3704364206959173
0.2957080347864699,0.5009694925446815,0.46400841588153346
0.29896892914202206,0.47166432577703854,0.3942932447880301
0.33648255767752394,0.5203155211235935,0.47019603905383295
0.2616072772926008,0.43641899842885284,0.33952376453607264
0.2937039328626008,0.5201521202811513,0.3875635461568891
0.2980575630406166,0.47922622312032986,0.4418582435012401
0.32066179186477956,0.5693932083014103,0.4204044794860579
0.2954473566236613,0.4680886606145675,0.44492973003680497
0.29998538959757465,0.44553063220866973,0.4129322819231202
0.23078112663857697,0.42444423815714377,0.3002839179547271
0.3283596763463187,0.5631136055074702,0.49101620738016266
0.30849814289626765,0.5151843551580954,0.4805034877224524
0.2801912438812705,0.4415671631490378,0.4094048815467153
0.27910988198889486,0.46386026637760996,0.41607892284899833
0.2943273226055824,0.5065481817037731,0.42522055817802545
0.29509954531652854,0.4911144569033282,0.4481395603618187
0.30892170944773983,0.5531946651042924,0.45957985324057643
0.2857911682818134,0.5200448941774282,0.40471721869471544
0.3161352261853851,0.4759313365907424,0.43330019838681755
0.28630250948842334,0.4728687462032647,0.3926465659526978
0.31643154897242753,0.5300789191287729,0.44227832956927643
0.33030677365811734,0.5522992739660761,0.45402876505330386
0.26518130986286126,0.4370312248839795,0.40836654470782796
0.2687979891368795,0.4387325546023132,0.3519178891303718
0.3037827625511322,0.4579692928336805,0.4310472736425407
0.32499943609957155,0.5659752326601826,0.45162672756839395
0.2487141583258594,0.42867970417617585,0.3317383780095292
0.33563823665326203,0.5407345558643776,0.4469144123032257
0.3312753898849052,0.5330466370267064,0.44885654858195195
0.2742355887879499,0.47826241396322317,0.428559499057948
0.28205412503346033,0.48639525532830324,0.3666956222555933
0.3095107438632129,0.552633435662251,0.46463533415268937
0.3027771980888738,0.46450690577889575,0.4363967878838019
0.3044760898158609,0.4718434650583817,0.4387121702356105
0.2742084964524337,0.4783628139910052,0.348430931019201
0.2941652764008475,0.469396717162024,0.42251798419712894
0.3196471354335954,0.504953574509068,0.4132961859694529
0.30379695153626457,0.500000814792754,0.46047446769451683
0.32443769403784756,0.5375691675849962,0.41072095732461683
0.27510604933606847,0.47050972320744844,0.42688126974788926
0.2919777175960809,0.4588073430445012,0.38478169048771454
0.34919644590533566,0.6041232149806679,0.5337662047840658
0.3416237830203818,0.6140274744815127,0.4467214493703036
0.32968251338610355,0.5395942667042569,0.49373732541944576
0.3330803736830469,0.5368369391282853,0.45319998132879064
0.31065307728097274,0.5161998552063235,0.39102610781706215
0.2572011764906132,0.42193508082354797,0.3962611835544697
0.2808555605305467,0.4658344535768595,0.40333474090656557
0.31981302393251726,0.5319330732443808,0.4378955053150803
0.30658125383776286,0.5022240010498188,0.44938826112536817
0.36306865991445414,0.5849596721462361,0.46390872931943655
0.25149413430826695,0.4408740606799665,0.3800856329505324
0.2756261908258082,0.4815382084294438,0.40895360230671995
0.307974322927764,0.5099314376410224,0.4031828952871878
0.2987531035666259,0.4918872344485716,0.38569828445290394
0.27422188060982766,0.4372259200706384,0.37750720755015765
0.32857729793899654,0.5621992025443412,0.45038731607587207
0.2693257331115944,0.4611948081432086,0.383673243799841
0.3147380760708494,0.555492299443906,0.4700932308843073
0.3112487745052293,0.5046737465460733,0.44924466122881723
0.303828882989578,0.533165226182578,0.4440052122047364
0.29357338662578547,0.4556141350288596,0.41140035337525016
0.28689669431126597,0.5074430242260005,0.41185494225275715
0.27866553086708584,0.4602715148262332,0.37119398790626457
0.3294084952317974,0.5399088599668115,0.4570407130761424
0.2630726955811887,0.4355899129127942,0.3677349133036405
0.2533207349332831,0.41264638385889846,0.34042616551931876
0.2806859468577526,0.5074859921851228,0.42415083175365464
0.3263957271303161,0.4953848402542496,0.42430794743166117
0.3155327579020261,0.5038685564034312,0.4402026606916084
0.2813921040322301,0.4580915397400235,0.40838053006314723
0.3093689033074504,0.5608669827156042,0.4521235824123996
0.2911019170745073,0.4564077390883745,0.40809946168837247
0.325204758267338,0.5760932457890741,0.4781427117391171
0.3537595355241877,0.5484658252711472,0.4893110193395576
0.32972172678642137,0.5772654441734225,0.48772824747589055
0.2526969604530333,0.4173810739795648,0.39195680882533535
0.27967731430726345,0.4443785825775849,0.4091876159739127
0.3270041015146166,0.5550984790823655,0.4292239078550739
0.28163784004771814,0.45865647525606956,0.38156853082576814
0.2885543231153337,0.4957463181742906,0.4049954162419442
0.27632720881928025,0.47602698588422127,0.4091964222132436
0.2947405517216279,0.4677351323743869,0.42028019160621327
0.3449295689945912,0.5953718134487836,0.47702408937253177
0.31411013120043796,0.4523067139077632,0.40536252676584406
0.2947453396778994,0.5092242010963413,0.46155552290235363
0.30936046729936173,0.47937101790357667,0.3984742081781702
0.30170966459532383,0.5247499901668561,0.41092771534713707
0.26797939071936294,0.44604431730675675,0.35059778416069043
0.2883473136130983,0.501724385555611,0.49274692921709573
0.34458424318971836,0.522574763921099,0.4225347573307036
0.3187509088204245,0.5307006912728298,0.44974575731182653
0.2966478628112918,0.48440425444620266,0.4215205305842741
0.3484916082062014,0.6179304645360242,0.45749696236116133
0.25503057183670463,0.41231261540953085,0.37709505434696833
0.30277639620713787,0.4583426920167347,0.40108391859959525
0.3676866649953919,0.5738974396679547,0.4677711296776864
0.3640276497533003,0.5719104733130135,0.4714841987687377
0.3262121664837339,0.46357971436133183,0.4630420374098009
0.3000224895546722,0.4299012726350663,0.37756515662452694
0.28568776116947187,0.45717077078050794,0.4499303681037672
0.27718328471545156,0.4512848776199236,0.4006949172474521
0.3742572832126518,0.6108113470392167,0.5044579709239311
0.3501040639185725,0.576957643662398,0.4710891219826253
0.26764526785479587,0.44573215041914055,0.4159119072964844
0.3181751994019467,0.5270293020327428,0.41590637628840954
0.33642107873591337,0.5285519426188123,0.49572380905951663
0.32671009504868903,0.5570964761745208,0.44599943865455416
0.2892606414465493,0.4479731708353049,0.42092711276729844
0.266586692866875,0.4440694239616685,0.38852445769422694
0.3060364164800553,0.5355066001819465,0.4318159508186116
0.3365599932035721,0.5866933545178815,0.4614347764563882
0.2625364508182646,0.42701025414662996,0.4075997865437379
0.2664414706801582,0.4862217075762867,0.4119230881512958
0.31537865380376,0.48090242511404424,0.40160578644774986
0.3136665027405809,0.4948486552163617,0.45381314266628636
0.2882803284450856,0.5005196540271117,0.4575134445910998
0.3413807756056674,0.5347687615720629,0.46226731559133694
0.2481813645039302,0.43265754906079745,0.34507799043221576
0.33088802096666453,0.543017930139834,0.4729294098978683
0.2429128220779877,0.4406833867484187,0.36891186592212943
0.34215234935586397,0.5214693443834066,0.45275057269807967
0.20887907721289084,0.3851656940452208,0.32947870840351945
0.3726005832592224,0.5609614018052799,0.4554563836956274
0.36053867830501624,0.5463618654003823,0.4351598007161475
0.3504201078497861,0.573011846835539,0.5008231870377177
0.2868518630880017,0.4777295836013848,0.390169097556259
0.26929200414170334,0.46303354336298186,0.4123604535261958
0.30646089872500776,0.47945443402091,0.4238808844612229
0.25391639549409684,0.40796976854494216,0.3563777251758764
0.31981363007650737,0.510118677599297,0.46175970459823146
0.3362073113655075,0.5245646212738331,0.5067801054814463
0.31487108109673295,0.5457281253411248,0.4502855639983444
0.3323163129518079,0.4977840299100944,0.46980564552134013
0.3553774621005466,0.6116727057569437,0.44423309263582067
0.3530926464932926,0.5858075298077213,0.47620207339152687
0.30852512225870604,0.4721980651742727,0.39284319858911465
0.30503174300413577,0.46410135262477054,0.4568705703812186
0.32630701590487143,0.5179962207302995,0.4721020956999356
0.3022460928961835,0.4388304197788437,0.41622502079086615
0.33727207029607364,0.5485411989953743,0.39903097752516953
0.31296571959690594,0.5092924659762821,0.4653281839823151
0.3689807180819098,0.6225316261745651,0.4495031148844903
0.32264543165717113,0.5487822106385449,0.43610360825684813
0.2422370919558493,0.40529235173617995,0.32504150283575545
0.2936461388506598,0.4705081572393228,0.42841405411600675
0.2938247339887242,0.5076709634718256,0.39700198745488885
0.30522555315514077,0.5132968017866898,0.38209993880808907
0.32650576280022275,0.543728270969148,0.45719267725245794
0.27223562540829305,0.43066203561655636,0.3956476153545506
0.3010967209878531,0.4913455745733773,0.3919971681789941
0.28538906902454814,0.5132685322061655,0.3962092570169106
0.3074948718201954,0.5239815951331266,0.4110250819112111
0.2708610061075228,0.4462729225707893,0.3807173487948929
0.29894643863743625,0.5248213908127435,0.39882554754126986
0.2854619378788021,0.4712360146400261,0.4043472536693929
0.2960953602394685,0.47841231878974894,0.44707941714052135
0.25998501878394104,0.4068952407122252,0.3953193781481278
0.3160279968521178,0.5144712235738936,0.42868541910375324
0.28472477778711824,0.5107492268802326,0.42788754898257864
0.3263771244754888,0.5368275475877256,0.4448515185099218
0.282779871486483,0.46897072346191104,0.39713079207201973
0.29537404477614043,0.4975716814759793,0.4082518847309537
0.3180544427172903,0.5136687064159525,0.4634190983048639
0.3040119876510856,0.4788894708088554,0.43854173359371107
0.2829313322898426,0.4844204493801433,0.394220497532708
0.33952404319268376,0.5888225995771421,0.4677269964692311
0.27664673905357473,0.436888923685085,0.41806728040760477
0.2777499478603122,0.45285640433933255,0.390426568845925
0.30273032945895156,0.5017453461987825,0.4482734766978354
0.324204356242236,0.53947230539532,0.468996556156666
0.30725427919007836,0.5207325040118916,0.4122322169666114
0.2885833962885934,0.5032631604339403,0.39218759940188014
0.3086474258223256,0.470241627707558,0.41621956712070735
0.3417037590159916,0.5489749740929728,0.47644386368774644
0.26582579154143676,0.41066900780469423,0.35621658915256366
0.24702421339054684,0.45696959685870375,0.3747973032232697
0.29477318106626665,0.4661472002145424,0.4279351359998777
0.3238807892036351,0.5771355032911342,0.43079462307072464
0.30581537810912085,0.4949263072726435,0.47336436231570117
0.29762407578293043,0.5127911685018622,0.42892101536144367
0.2492238701044897,0.41363738684457185,0.3844997596565434
0.2868776784025169,0.48875771742761,0.3948345528946255
0.246369021574344,0.40909234615872875,0.3911084426098099
0.3090067946251304,0.5404457092089819,0.43238629486671887
0.3397748004151003,0.5443167964930248,0.4902791712020894
0.2607208934966357,0.4502562231995455,0.3545257393707035
0.29285483763991565,0.49936724983382896,0.44488569210224727
0.31385917712733447,0.5314804700653843,0.381241572870052
0.3194589551788535,0.5151346536586345,0.49951162625295575
0.27746429095620967,0.4641406880240914,0.34463700388364044
0.2665225830326538,0.4515550758396565,0.3509416867631777
0.2969022810348446,0.4895255130325772,0.43207162138914157
0.25349909781256014,0.4206231795162021,0.34781169004152895
0.3430096342375844,0.5622022164129619,0.47711690625601294
0.2970566016931753,0.5116164168859206,0.3978591398701691
0.3123056106713791,0.5298624651167061,0.4626856439770668
0.26432769473390244,0.4542241348067485,0.3454261706161951
0.26322486882481066,0.3957559921608605,0.3793659196784347
0.3355894260904738,0.4874982566553823,0.47155791032015715
0.37246122892398675,0.6293133674298067,0.49564383284553165
0.31058499725394123,0.49265796208650103,0.46075233103463237
0.29246857559532974,0.5042547242914579,0.417822435910154
0.27189862948451654,0.43639633464833316,0.40906335734807836
0.31178109036727364,0.5475380107130999,0.42698741850730076
0.26513114831871903,0.44039977471516756,0.39304565733575286
0.3252591028801634,0.5674960726761658,0.4138449766576247
0.30701548422953623,0.5289601869110694,0.43112318679755784
0.3009700576266252,0.49904152848849265,0.40362681235961284
0.2948914415151455,0.506016117936962,0.4456523562160837
0.2579999670670886,0.43242817225855806,0.371050019265058
0.2654263145823988,0.48092432772397475,0.3930601607600404
0.28822436393747974,0.5143426822091298,0.42696000984912663
0.3052363255694094,0.4835988644884621,0.43559005312617455
0.2935707997811282,0.4790395689817751,0.4472238914183633
0.3128159375480757,0.5085470270093951,0.43744167414679896
0.2529632354840178,0.4380171633389973,0.3861550937866375
0.30615483642056074,0.5145626469803757,0.45920896206105427
0.24557430283421242,0.42848691140775685,0.3340566560779608
0.37898391543994975,0.6253416902824968,0.49387682488671486
0.2773862557601265,0.43950221718563454,0.3902464033508641
0.2878799985602416,0.45509138606486205,0.4224644009834816
0.33746766677845097,0.5303626151129244,0.4113766326800398
0.2480364018542491,0.4473370287910448,0.3325733522562235
0.2898545139675857,0.48929737023519543,0.43685127965601667
0.28349812557583925,0.44035885191706786,0.4028480058419165
0.3296474544512788,0.5728956243752332,0.48304319992142
0.3355482501975945,0.5805103469073947,0.4688992100915516
0.24552048582433741,0.40680153998872015,0.34251313307869624
0.31320729972181444,0.5383189866887791,0.4547952723051657
0.2757368058956123,0.4583526392623113,0.41770247893313767
0.2910470382168087,0.4879597880246754,0.39483899847285847
0.32735338160479927,0.573261766484807,0.471408440635526
0.2828089945997453,0.45494696392801903,0.39554842537473184
0.31242220334368415,0.5271396962158702,0.4577457574204204
0.29080843421137764,0.49244278852422774,0.35636603076306994
0.2938800819676083,0.5128476663359186,0.40533797413986483
0.31488885804049366,0.4955776335373549,0.4114718891932194
0.30806291227055066,0.503299734802456,0.4433339405497128
0.31037173126810186,0.5265439603781225,0.43951661350095217
0.2349846004381904,0.3776106349151965,0.33315129949202676
0.2839269472651606,0.46350789179459134,0.4037961056858187
0.25624334022379436,0.41007671505668114,0.4113692736161025
0.3267794318849351,0.5693908072908156,0.47903468326049037
0.304981960677872,0.5049763553635311,0.4258157058135747
0.3070096044759937,0.5285159036971026,0.4078721772871581
0.2639599310898406,0.4414205814067586,0.4454237927462186
0.33761438999249566,0.5685118327012877,0.47245908263163067
0.2842450481499793,0.49487813288212623,0.39530999277975115
0.32644547537697954,0.559168295111352,0.4745859236559199
0.294455212043216,0.41883500019883046,0.4077197133838957
0.28017050794689735,0.5199658595038702,0.4308694292967804
0.299779748040869,0.510900816327441,0.4619049395028916
0.2644329828456588,0.4849904040168918,0.3753182317038413
0.30632477039476114,0.4945087462847108,0.5137485158762842
0.26191637691614383,0.4622311657716872,0.3937722972022483
0.28554620945643044,0.46926327021872094,0.38158178420880423
0.2843304826647774,0.49163904503485245,0.4379003992010746
0.2782537593894763,0.43457374149734046,0.3985184853178875
0.3224174532914388,0.5703525721314744,0.40995112052582355
0.30804476438280975,0.42387215238682563,0.48442695168910327
0.33154005144077864,0.5482621605239419,0.4581450089991966
0.2901425005042829,0.4180932419431677,0.4105913006929815
0.3690558900458877,0.6638396994795926,0.5078339952320179
0.2809980312718432,0.49063533518027075,0.35735094333958617
0.3046719714619871,0.49478757822382907,0.4435473670254852
0.30064944034285496,0.48863642640110455,0.42347770506210997
0.29361366029281744,0.4990643198272581,0.4491170939647328
0.32165884902807723,0.5115091066363755,0.4531096633534901
0.2777611247002384,0.4604633711296272,0.40948932133079113
0.3114711768780558,0.5285261937815124,0.44516698130692617
0.3092458871027205,0.5215366527111227,0.43451024188449827
0.3218469510693579,0.5381314979110048,0.4149292969149973
0.358242056698693,0.6068416617790482,0.4749769667288339
0.2656138635312158,0.4624815104195653,0.4084162454873956
0.29825332828721096,0.5222559363659924,0.41964541886568685
0.2978085416828838,0.5026863904964864,0.42405002082640897
0.2695899650579148,0.47037018531419406,0.36619791802843893
0.277180975043034,0.4660934209655068,0.441965846752034
0.32297068267322504,0.5051391763061378,0.4208689127076043
0.3501176568468156,0.5390638964947047,0.4601083128242592
0.2582767350652239,0.46560588676000514,0.3596389126727318
0.3256715642074049,0.5488820646330898,0.4608838727591008
0.2971436806083257,0.4995976445901298,0.36081066966591563
0.3437192606372238,0.5637870014249067,0.43874597611692323
0.305543488621232,0.5122032458059685,0.4253885393559377
0.3486665397304682,0.5346361376590988,0.4777238548852546
0.36304266922261175,0.5545393272590619,0.48466010651822405
0.3188696612881553,0.5442957940947871,0.41341506457410615
0.2684202364253229,0.4476523746134845,0.377173133950479
0.31286980930993596,0.47599163025073726,0.3883344015668387
0.25789163383991,0.4369973532185207,0.39563216152464514
0.31741201038241745,0.4950352953716104,0.46994428261650184
0.3099676480157457,0.5018567126825155,0.4035244893652215
0.30149409155014073,0.47937587415542526,0.37586770038341083
0.25768457165824266,0.47298944659812775,0.4063967884821285
0.31804090307678334,0.5157921923986245,0.4362463240028066
0.33517374945471073,0.5098044564115518,0.4872823711239616
0.3654796850184419,0.6377722311585138,0.5082628811414335
0.2706943295529664,0.5029525121177084,0.34287153068443715
0.2953970673537803,0.4901470483805944,0.44932295348322143
0.2910308077281411,0.4750669592247534,0.3602572511102083
0.303228170515955,0.5351854559766009,0.4491101280609252
0.28178130049057193,0.44168915624450367,0.41033504171499546
0.3173276126720814,0.5522110460390244,0.44693126085540674
0.290193354711852,0.5388696166357492,0.38819006582203136
0.332375560091132,0.49789930905763435,0.4667003852821878
0.25850238180682683,0.46282420402401775,0.3712530504671196
0.33234136836337086,0.5696143744237162,0.5043816284249953
0.3450011624615452,0.5897072530818317,0.5204642635465428
0.30477810613832146,0.4668731633256697,0.3990960721979158
0.30053058693630674,0.5356636774736001,0.47244316910024
0.267389221656574,0.441382373991758,0.35772968100629
0.3043846515634906,0.49894294320228594,0.408345124213004
0.28029099810078945,0.48413548257557415,0.40632713517752295
0.3101141799565144,0.5101220201566113,0.44937120268389535
0.29317106867858755,0.5059372205295917,0.43655500701836164
0.2943325186745443,0.5020732308011274,0.42239280330924306
0.301800554619025,0.4886166358603862,0.42105777647517767
0.35534237743486746,0.6062108493276269,0.48779019933527074
0.31253092136569255,0.5040606997207195,0.43314671319013187
0.2830045213501463,0.4489686679230164,0.40220217850518664
0.27216603544359586,0.46554252505285737,0.38616446333866217
0.3197395787053863,0.5146575902697028,0.4584748132892122
0.3399953987023581,0.557504212127352,0.4519957755892151
0.29528586043628263,0.49701278923165054,0.43726916294320806
0.28614618003633563,0.46547545360982934,0.3655376915931367
0.31767680567084705,0.5338882518860321,0.46888738119603557
0.29438042399523395,0.5026394614960541,0.4495560410857296
0.28991627852136803,0.4596223124456173,0.4105813017945203
0.3042183494323792,0.4910572312223059,0.4223009811674132
0.3151828609859288,0.48516285407763043,0.44060966548170083
0.32673182209248575,0.5049391728119705,0.42416186003599493
0.36138739211465254,0.5921150070557621,0.4949721462895327
0.3262464444732644,0.4350439989059313,0.4223804178044565
0.32079300827237395,0.4201490388236047,0.4345345235468018
0.37214214903453224,0.47281806524849457,0.5010142412685012
0.3038967609888307,0.4436962386159858,0.38957528850519596
0.33963432228086493,0.6025399216781805,0.4329689177738739
0.2997181326108549,0.4791580171423107,0.4568632855116741
0.32784017146383987,0.5569108964522865,0.4556101447501136
0.3132284701311043,0.4572590263017827,0.4782449921099829
0.34735493390155703,0.5936929948171573,0.459750586020563
0.2869936591080164,0.4824803202464403,0.41430086419850404
0.30446746983436196,0.5005080804366728,0.41153062956304176
0.3059274839425894,0.5211520179371313,0.44395949815281716
0.2731588199084473,0.39893238462745734,0.42776429608976413
0.29990108763030926,0.5641261497069885,0.4239680464978258
0.2636879148027191,0.42796061063779406,0.3641307927530711
0.3473677891305626,0.5572319186008067,0.47513832857197896
0.2910753476538713,0.4783983502432789,0.4633862700296225
0.2746129321570492,0.4536200408070257,0.42638244658943636
0.3656105158809017,0.5813191490441072,0.45731487886920263
0.2770283701659965,0.4913175990008242,0.37813892783913233
0.2576713594637064,0.41366429831118484,0.38968460750738443
0.3050370906754429,0.4795753575346706,0.4050455240679493
0.2664655019581228,0.4680774208745743,0.4314184814859989
0.3299848855885317,0.5066820489087753,0.45023259330750776
0.288556111800162,0.5096387293419778,0.42559919321845635
0.28049850526726877,0.4181241090560385,0.3839755914331454
0.2684281232162381,0.4989914741841253,0.37536825909078675
0.30152547475002034,0.4640159514836687,0.4027650988432566
0.3292697369204272,0.5413430355734242,0.45208394983195943
0.2943981834267386,0.5176771685172853,0.44061696240619913
0.2477185823416407,0.45165451473480944,0.38619592944475517
0.2991749838216418,0.4856156857401922,0.4039899778476399
0.25951250230656375,0.46343849483308824,0.40260718288165886
0.304701972214781,0.4873202042087802,0.4596265264426665
0.27690684632600926,0.4713395491932818,0.4111048256102215
0.32138564946841686,0.5048216573928694,0.4332102971264526
0.31742019074104233,0.5177145790103247,0.44849258799625513
0.32117668151634365,0.5219502798367452,0.4534896312804952
0.2732301345130043,0.4249132078907086,0.36268131245594826
0.287277843009848,0.46115432266518824,0.40161607197860544
0.3328755348986878,0.5657121651593099,0.4502084241376982
0.3163527007356923,0.5397054741736663,0.3948250412548769
0.2892586709236438,0.4814177914200592,0.4125922905245706
0.2918949092590293,0.49958690709994175,0.3959787726907159
0.22255287554195388,0.37367529380638914,0.3567035245252068
0.37759831514193076,0.5886490845966296,0.5124318750969646
0.3329182407513392,0.51930206543702,0.45073048242903957
0.29820865829693927,0.5094588662981626,0.42044310132458235
0.30138091553775725,0.48904041344683696,0.4345247739574562
0.28599759121503043,0.470201282012211,0.42154770327774693
0.32664175939687595,0.5518676200638937,0.4082717552452678
0.29504645277611996,0.500774269239008,0.49032844524553415
0.3372960586629502,0.5592768756357095,0.4274138350064023
0.2951219392117594,0.4647327344968819,0.4125600622264049
0.2959657844985143,0.5098808390382361,0.3974331718963708
0.29773810085795527,0.510446464173033,0.3674478348359336
0.2991649025987965,0.4976220786606426,0.4448278197642151
0.3100549066222689,0.5096312240521949,0.485791440040321
0.3123504985301166,0.5178189893511115,0.42985876960360636
0.30502323876435744,0.4937969476149361,0.4516030864291596
0.2948409350313191,0.5202732713979075,0.38681105395640153
0.3042826573286691,0.4723217192543315,0.41061696850277596
0.30425972038496296,0.5313596596414127,0.47642650985747476
0.31064709829440756,0.5160877167009672,0.4124701833603638
0.24133170679889374,0.4038184546247321,0.3658673013864575
0.2487170069237193,0.39261337772813854,0.3439519780614933
0.338110994578163,0.5846727023573033,0.46180562198970154
0.3333897289590323,0.5714402489821403,0.4785681097059286
0.2679951856194522,0.4201710971773124,0.40237048314666735
0.3281747387152674,0.5363971232348854,0.4432387287463704
0.27333824423210024,0.4293332604327285,0.397324006871297
0.3429501170514684,0.5795225007037488,0.4985838850923152
0.29158636858455583,0.4930130484525859,0.38308671389501636
0.28583822055772834,0.47941961839515623,0.3864113808984005
0.27256518581585665,0.4181405512053964,0.42062288098356665
0.3104841071536685,0.5271211367001486,0.3909507957431422
0.303569249019778,0.5038703243106868,0.4418456104873817
0.30789246517874863,0.49968058222155765,0.4077523836276634
0.3042377192280462,0.49093680231155595,0.3999541827571486
0.2699146754719801,0.44275527590144687,0.3650122821169371
0.2934331462011359,0.5077875062766725,0.4436778095336773
0.30266983266777486,0.480696483038138,0.39360671454831425
0.3457292646554445,0.5344556948321096,0.5000803876941552
0.2923334288673627,0.49591961534574797,0.3871522835948163
0.30326256044361904,0.4244433211379857,0.46143703766196603
0.3265170973209197,0.5430856138703153,0.42723037421044435
0.35351267812417575,0.4939691400303514,0.4861119360252529
0.3046538281780964,0.5057031178442697,0.4396911569322266
0.27098986474324827,0.450177071382007,0.37565227871118195
0.32773644688822423,0.506791646304338,0.44379214213368773
0.3251454676680459,0.542483873056759,0.4355795584507323
0.25903410458317727,0.44993836607956844,0.38577784208780347
0.3051085082424983,0.5160518713000857,0.4302320102250632
0.26073476018931613,0.4026974879176406,0.4021376029047304
0.264743336446471,0.4254680257008107,0.3842780651780914
0.330880508983133,0.5503033753573229,0.4535923949632174
0.30614101259127185,0.5290008984177907,0.4414617943881061
0.31820070788652743,0.5431276521963418,0.40882486413212976
0.2936588519167526,0.5021326464295884,0.42524754407200605
0.299959774491324,0.48729315245501126,0.3700744286823638
0.26990008294921886,0.4664424378026692,0.36118255483074935
0.3257890460963878,0.5532748905072405,0.4628556778470378
0.25643796337696967,0.4152441642353753,0.4002543289015494
0.29013186910551897,0.49718363824345246,0.3689937301687549
0.2675730165416441,0.4682498401057143,0.34680460421752857
0.2939046928549626,0.47229004035518574,0.4162509896154331
0.21554064167820414,0.3434086487289114,0.2895953259377907
0.33547672926458105,0.5534178067401341,0.4574350870443162
0.23743794050177594,0.34763762111063923,0.3384450351597715
0.23358841606896177,0.37584103552562514,0.33575535851239496
0.3082455020120133,0.465568021122916,0.4194873432328397
0.2852292315394222,0.5369021459800924,0.44127167583162147
0.2541892548446109,0.41753160581160814,0.36378092602323064
0.3505268190484793,0.6070034826897905,0.4869322663726163
0.3284815840664778,0.5088627647367621,0.4614596312880359
0.29023451105590486,0.5141955691945905,0.41930353479997934
0.364790869295161,0.5736845364621029,0.5000480492477758
0.34074036807757047,0.573976106427621,0.4862617038914743
0.3181056359068238,0.5133208229457558,0.4322287503423648
0.3023355813713272,0.49387769241104845,0.42819818702600454
0.28415693201334036,0.4869945833981648,0.42135853585078215
0.29467797656491507,0.5077789065049265,0.41519424956732254
0.2822494942498,0.4969041451225027,0.3768315061324098
0.31766501118281654,0.5035595515620312,0.4483675509625088
0.23207298661611458,0.4240412528854363,0.3295841802305717
0.3129701254056874,0.5025035464262217,0.3894230628868313
0.2835952058736517,0.5131096317765622,0.44166337186695787
0.29971539668064184,0.43974638679899636,0.3872228144271144
0.2974445139908057,0.4390200331216949,0.3864761214202216
0.3143630453074896,0.5185747296608848,0.43061567136750356
0.2734201006103688,0.46053849992215945,0.3790845025745931
0.2712182412807433,0.4535720942729881,0.365381465071128
0.3497781191279121,0.5746197674216568,0.4707179051795693
0.3199029238572587,0.5487437740492468,0.42971634908936035
0.27761715119913843,0.4578501672507824,0.38067309230023266
0.2967545758815314,0.4741031763225304,0.44020232547921817
0.3384012375952333,0.5605795878287834,0.4833188979016077
0.30884216136437753,0.48770520021778363,0.4435863343717123
0.32646005011892754,0.5753865252656291,0.4383763751134999
0.36407445952941253,0.5936678196117485,0.5056061104049792
0.2801724204150428,0.47145023806708325,0.4157032820946833
0.3658767801891922,0.5407850880881264,0.49965955745548163
0.29911546120336485,0.5177004234816351,0.4440891673036067
0.3343449779011944,0.5184662146050121,0.405666578158765
0.3204049729072966,0.5087345017267743,0.5203330418803884
0.2525982661275303,0.43512355391604796,0.34054952744705835
0.28519791494189617,0.49035598569748223,0.4279599123696422
0.2769070286489123,0.45309260178800786,0.3929488190215358
0.2743570742209686,0.4960394907795419,0.373916664332374
0.30951689197872223,0.47333973497774084,0.4792117036663293
0.3209753858303392,0.5396777486981806,0.44960001235436275
0.29009724913406637,0.4734030634495474,0.4505916451569292
0.3112263800834422,0.4958492851735433,0.4342989878177393
0.29235001898118923,0.48570993490677905,0.3951957288660138
0.3058442062494438,0.5347420985080776,0.4061629320392941
0.2884304029346771,0.4632412824099157,0.43617498506718827
0.3240883867083096,0.5676210571615373,0.459057397336875
0.2875201965899694,0.421818605074069,0.37522329011979844
0.31102755803629933,0.5179920693305753,0.42078750970507645
0.3017654351799571,0.5118507263928889,0.44404572789289004
0.2635397651956149,0.4413133761172531,0.3597880465226903
0.319657071820339,0.4973739762318937,0.40436676826602214
0.3411425336891115,0.5642438752395046,0.488088265611177
0.34104242980117283,0.572250177766398,0.48436769822704007
0.2832897098942394,0.48034644530829973,0.41919864767180876
0.3032485820276766,0.5368402337991723,0.4208033060380009
0.2819630415299834,0.4497410276464428,0.39777098829075813
0.32562320981789555,0.5271365711498031,0.4367859338665995
0.2508429036770117,0.4152853995795765,0.3530267191469733
0.34664333942898146,0.5290739582111934,0.46954178966692034
0.27354282507895,0.420576618558967,0.346740566347276
0.2620185261912742,0.4294528918608445,0.4098144952529852
0.3492854300599117,0.5648314120892362,0.5013061995789503
0.32325095191169,0.5142107326759372,0.3994240974926466
0.3553147393562993,0.5161516388309138,0.46912873015852385
0.27282014788091724,0.47493060211296756,0.43015091882867657
0.33581354642706557,0.5211457458486445,0.4378650987777494
0.273118133990126,0.491056640461411,0.40042055538491195
0.28901142571852634,0.4980112073035688,0.4096010102008835
0.2993228613801243,0.4856525594881835,0.42464831394528646
0.3134669013274644,0.5290432948249174,0.4318759583176916
0.26342848718831385,0.4253396021182257,0.3958501011218802
0.3832350754071012,0.6496607030876286,0.5083093517788678
0.2726806991504544,0.42630011833114073,0.398095791960562
0.33913565126901063,0.6009892321264738,0.4777800845723895
0.2657143579941552,0.466364842250521,0.3780702291405348
0.3271221082613401,0.4890419233788318,0.4479016058514562
0.296208343410905,0.5141009616526835,0.40021246869807175
0.2543300168196061,0.44666516295930053,0.3801407190626065
0.3155934959201365,0.4691970214130816,0.4437928985848106
0.3087358671475076,0.5474967094052039,0.41290529647997404
0.3703600964820608,0.6484689976284036,0.5032828384655572
0.37216745962111064,0.5668738290176383,0.5215820651763895
0.28356339199738767,0.4495322639735298,0.377186509792878
0.2699609704577887,0.4675262494572068,0.33587572212295547
0.2772406011906153,0.4659427010407678,0.44829054114239975
0.33160149739397515,0.5488871516669639,0.447697976356718
0.28947470437527506,0.474655845907179,0.45594061430159827
0.27894115765367705,0.46523319562873927,0.425863151337192
0.2988143544309528,0.4986372834371061,0.3802779008896715
0.25591665291642135,0.4305164851519736,0.37147536442394563
0.34728719117959866,0.5645132998578112,0.4846309857607057
0.3189372533241104,0.5626369461576481,0.4807641525869741
0.290152699226832,0.4370703709841384,0.37567365541695946
0.3543607319620373,0.5968363802962351,0.5060168600644382
0.30231243670034624,0.4937410774285717,0.4173164174707676
0.28351192848477746,0.4591741446983825,0.3761762550925232
0.30868167970760124,0.5427145757665149,0.46539111758398705
0.3112094443443915,0.5326603876007585,0.4345325173238172
0.32700560280420504,0.5210837166048268,0.48004757911504325
0.2694739033538979,0.46376388047752465,0.3779511702078797
0.3252203229153971,0.5396114513227107,0.4945854754128845
0.2834406825707328,0.4885394549051819,0.40488538455735096
0.2818586622617345,0.49422805381710927,0.4046953130374057
0.28399676818601016,0.5069123345156282,0.4423901868943893
0.2667702446133028,0.42118802070612504,0.34351864767389867
0.2995154893792697,0.5164838669160907,0.46587674298264087
0.29331020376101263,0.4704466533042171,0.3795893004614713
0.2967074605638818,0.4852706884230864,0.48388248430329434
0.32954221892655094,0.5503862930143243,0.41137729953048074
0.2763926087179018,0.437836813971451,0.4109405431192793
0.3077563901793899,0.4991953895832079,0.4208972683867004
0.28162743167437243,0.5163649813543032,0.3678213331044657
0.28853834809156076,0.5019524808428159,0.39314226721573037
0.27851053454353086,0.4562694146379009,0.4075808118917633
0.3221906413918976,0.5104545897195583,0.442425510618942
0.275764503379894,0.43883486148208534,0.3619026747195511
0.24518775660662204,0.4119464785676346,0.3204270054114512
0.3384633271781645,0.575001232672191,0.49188419908325254
0.24184630515553543,0.3881018764094905,0.32904492560925763
0.3256540471459486,0.5374345544190763,0.469386290720236
0.3195773141127263,0.5400079682858231,0.4455665457574181
0.2509312645398269,0.3882301348056011,0.3496340974925425
0.3004174091915231,0.526842369226646,0.4288947370779226
0.31822159023729224,0.5132821402688558,0.44982146172006354
0.26144628996328656,0.44717746268316694,0.3726496622991299
0.2874504794947465,0.49157589593977136,0.3996886737338642
0.3011225754708926,0.47428379168907375,0.42296144001248304
0.2694817775660573,0.4976587333270144,0.3880458977852385
0.3675743348027632,0.5118531951255162,0.49955405448918855
0.3444236981155422,0.6224751879219614,0.4927742083664622
0.3572371130181858,0.47772045499395704,0.5094548990965593
0.3320333748288218,0.5920574927110362,0.46488327751374536
0.25673170853273725,0.4033282178613411,0.3712727813955042
0.3764385073621804,0.6761604357390288,0.49357172248907977
0.2831432347090286,0.4260990120351448,0.3723603294649458
0.3508882544291044,0.6212146621229082,0.5266054640120525
0.32947672797249355,0.501182169024096,0.43803712499840414
0.25666246028475254,0.4254933443514774,0.34436679953689325
0.2741298142280907,0.43143970823273464,0.37712784116821657
0.23942410853212906,0.4087011963141155,0.3417359306733845
0.3667959943288092,0.6128727112548177,0.49280270528824627
0.3102066659727759,0.5021786197708946,0.41196716089802465
0.27709364165259515,0.4691094179971648,0.4068553744389897
0.2964821078551297,0.4996150725538046,0.40897557220498326
0.3382021438241166,0.5723474097600333,0.4680449043711924
0.3248115766589641,0.473485989299556,0.4341704514760781
0.29652748221869846,0.54380245077617,0.3914449304145311
0.36658874582933126,0.5161527056984673,0.5118436371446868
0.31115882954101776,0.4729766902579441,0.42170027517151965
0.33222524530196357,0.5120934308433704,0.5019118357504998
0.28033757948001026,0.4412586893498373,0.3796869204321601
0.262095122435958,0.43896342747685035,0.36643490185075317
0.29491180882399015,0.4793432129482713,0.4068782567266385
0.2892271979742321,0.4700461159483056,0.4463273198251477
0.30094937711727043,0.47694791984056106,0.4040223933159356
0.3663266930062449,0.6027081015179917,0.5345590030741931
0.32293241708656595,0.571762272464545,0.4632048530697107
0.3194862290270442,0.46939145875744204,0.4597708923748815
0.37202240679003823,0.5471030297339986,0.5359786668104839
0.37036273223854577,0.6286734741752227,0.4888464711701777
0.26378239674804216,0.429144196807791,0.393891940903207
0.3511738387787008,0.5708025024203398,0.4738321433075476
0.28976449720378933,0.505501309026009,0.43831265136750186
0.30824793212368223,0.5122608202464075,0.4200033430120872
0.32276764874959046,0.5496300800036281,0.496564732012969
0.3065819898264336,0.5128483290015199,0.38093461397068035
0.3444799123548655,0.6064032936755435,0.5401000213563837
0.30454836596030394,0.5528645401145598,0.4601113123790407
0.3037260475271497,0.4481362352555889,0.3951549686488486
0.3472134714721198,0.45644334747292853,0.5073665798202712
0.2868938944069761,0.4571013733395065,0.3941605399228663
0.31279684535167995,0.47362427306188204,0.4503805540231236
0.3105944082182381,0.5294729727756009,0.4400280491378657
0.29275064940532997,0.46561698616037694,0.4295514759284171
0.2558727693775695,0.46161862493862155,0.3609542407708573
0.280093982641938,0.45385245422519876,0.3810026254386643
0.31165894021163343,0.4999772062302202,0.47158650474180375
0.37438023859025504,0.6097826471860007,0.4987375558681475
0.2890947885670642,0.47016927299803923,0.4002556966489232
0.25870564616251196,0.4280293923002623,0.3674168711224512
0.2616214741092709,0.4186348804165029,0.36932768591709636
0.2637899465596416,0.4195647666575832,0.3899203399456743
0.32213633726960644,0.5654547606629367,0.45135184423786096
0.2855639171971058,0.4606772085764326,0.4300144833006533
0.3096818375961193,0.522959673791901,0.41694864690569877
0.3231156603103722,0.5219955391361795,0.4951563727962464
0.2926370644539807,0.4789694268988249,0.41282887696002346
0.28649727123524965,0.49039232537110444,0.39425200179742387
0.2894375069355553,0.5019291721876004,0.42648953589208566
0.30645139435666424,0.5118337326382966,0.4026891526932969
0.26116757940591306,0.44440069234314433,0.3871518754885368
0.33311084166278204,0.5730654546944488,0.41979536978695825
0.3619172896230652,0.5673650312983393,0.5026067939389219
0.3130556137794062,0.5055475931998746,0.45771351132377713
0.3499123393087938,0.5799404384590818,0.4718816427391764
0.2487384377356074,0.39698483711502264,0.41036952160230444
0.290574350990808,0.4897758753032188,0.3904904586497766
0.270454040581616,0.43184491611251724,0.3918700424381266
0.31176949957761807,0.5209974710304643,0.4744996371311867
0.3228088648304931,0.5340095689120717,0.4551858069373616
0.36420772473447444,0.6138707847038605,0.5258451824546388
0.33008131450851824,0.5185412235495026,0.4306273926826446
0.3628546862700265,0.5534991831463322,0.4643077968542511
0.3512953730219744,0.5312574695606842,0.4939015731374637
0.2697268680407674,0.46237571473002703,0.3520881149451867
0.3500907609065628,0.5084515833715447,0.5106826671825655
0.25527565194533797,0.4579319391727146,0.3288794079536454
0.30333236506260197,0.4606846784909455,0.42422774078124664
0.25102797349243383,0.4643987797068177,0.37443220388545023
0.31447155025663187,0.4851859243332866,0.4652755855123957
0.2882222395646466,0.5251296341695931,0.3795836726784814
0.3226338316414186,0.5124166574154135,0.47224441353256097
0.296649602969104,0.5304129309620847,0.45240482199329113
0.31560652012290014,0.45033814085610474,0.4015747975801305
0.3141688201202276,0.5698274205372249,0.4757988192518182
0.3462060092330358,0.4922091413315733,0.4424418370954471
0.2905143176029906,0.5226888540610892,0.4492639952877403
0.2886423195641774,0.493702255247037,0.44153009382347924
0.30598347159860867,0.4883765328677339,0.4357923833397623
0.35472733926127725,0.5927681161583701,0.49129375562344824
0.2891018309243039,0.4783601696801798,0.3738385965371013
0.22456501461018152,0.35345549442837393,0.34654336762134336
0.2781732433486591,0.4781254080738941,0.351202547897476
0.2585333039131732,0.43051973019225104,0.4353889287773825
0.33359313827245646,0.5614372440946158,0.4562545761301823
0.2712303770349183,0.43587549805562326,0.36305931480531595
0.286752487932891,0.5198187916676364,0.38963026962007336
0.3244961936457618,0.49484316656741284,0.4626631475485182
0.28996024787954633,0.43477796220792053,0.4171592737759164
0.28056753033192394,0.48330889799361926,0.37026813022307437
0.2836751532717079,0.45121393278072675,0.42376451299761897
0.3200898917404179,0.514742758490267,0.42153450605024306
0.3316892262607763,0.5212318975042902,0.42075417384049707
0.29591660706618805,0.46087838956078553,0.45722204836124003
0.29804925797738163,0.48399934179987925,0.3887462713086633
0.34774909938803134,0.5962313252563429,0.43472016370609634
0.3029961721865237,0.5132668576789503,0.3645708871884895
0.32235334934811183,0.5512551648125312,0.45434479730337085
0.3039757319546631,0.4754983742147578,0.46609319801874166
0.2654205042036522,0.4348467859046491,0.3953770389666444
0.30571323614714296,0.5179271686813556,0.4126375391072557
0.29032796180703374,0.46428647879478846,0.40349286752728464
0.2917619010651041,0.5381584794878159,0.41483102616098716
0.2988797866321546,0.4682912052630339,0.387044760920671
0.27623800160861006,0.46284127801855673,0.39062282999187187
0.36600854538564465,0.5934529116028464,0.5034509399161063
0.26919751408025927,0.4318396992620696,0.41461753794525513
0.32801157280204174,0.5477299820675706,0.4056653478291848
0.2800114307282047,0.459111016909132,0.4553321561400678
0.30262397533280516,0.5033901409030342,0.3572975880461703
0.3145600881782673,0.4857610623079432,0.44516333744563646
0.29822749417348204,0.5120505705315046,0.45511086248046717
0.3262297331125327,0.5450769299816746,0.4516600861216777
0.3135603452942021,0.49426265217441073,0.4434125226272185
0.2564021106515961,0.42065163744720696,0.38391048912898473
0.3889105790931351,0.641829883864025,0.5029766867989948
0.2512584252743944,0.4222651383922292,0.35499905033431817
0.3351712765472173,0.5551179772211177,0.4808107684852003
0.34467102521332155,0.5722130898222381,0.4249863319223637
0.2747579133924642,0.46185057887926856,0.414633984569908
0.2781417513626092,0.4619659667625079,0.36500897130854626
0.2957060191484248,0.4778277873844286,0.42642977990991787
0.2752571096795835,0.4797753434138514,0.3677274299310629
0.3218018513584965,0.5262809758465253,0.45590218678989114
0.2541307941882998,0.4262034353750647,0.31493515153597207
0.32496848667290157,0.5683070540308196,0.44887026709825184
0.28866514185173575,0.5183021944919374,0.4088445214723507
0.36469274592234574,0.5650370164437323,0.4940537835718487
0.27079387081999856,0.44002602950030967,0.4299029060746821
0.31735841086375277,0.5194224532416206,0.45145614535329026
0.30900617074951714,0.5245852027810964,0.4362395939458079
0.29964091529598735,0.48811459672144264,0.41303958409838776
0.36108679446043845,0.5553699407262414,0.486018869283469
0.35974479325929437,0.5570171357236808,0.48165385425388124
0.34998759000385127,0.5604057684402178,0.48383947035183994
0.282485775086101,0.5059895087526977,0.4164413743996515
0.26287447966540584,0.4625564311923319,0.44992965921316874
0.3073865822153362,0.4835654476921221,0.4111212756508573
0.32317747614881626,0.4929743075606846,0.4249070080389072
0.26131944656879724,0.4634846555666708,0.4223534955103328
0.3041515007154399,0.5255130080734887,0.3997089471894002
0.3270129353791965,0.5330801405422309,0.44658390823292987
0.34102876298627016,0.6027059649724185,0.5039001690926765
0.35170954162788004,0.5609629690398239,0.4998397497362865
0.2725807780748301,0.4539865674803119,0.37044866075478416
0.26244540624306306,0.464381912771917,0.3872100929853794
0.3089170559127297,0.5022198779364307,0.4144523339242032
0.24047717509661518,0.42086756687431065,0.36774314658706986
0.266429195617715,0.4535845451256101,0.38795177355982907
0.41349855263858176,0.6303442565714669,0.5228771661553286
0.33397081380920307,0.5316450646433477,0.42192602587887246
0.375142192909181,0.5758203619162541,0.4820847059530445
0.26859427973922995,0.45444402363035985,0.4275011473984539
0.2620216013027976,0.475764931629137,0.37361009189449246
0.2805316199393984,0.42352379245454075,0.4138261894621925
0.30908110061775557,0.5391486677561842,0.4420724602086283
0.24434316250046803,0.39364120151971643,0.3596279368350027
0.34534262713438346,0.5757435949327386,0.4856884393888623
0.3501224244635996,0.5547949087577293,0.5141837454956898
0.2308502922537314,0.3853455153693651,0.37123533724180363
0.2939356978043194,0.5019906108136677,0.38694242371844306
0.312327416733468,0.5264279400171196,0.46635581044691865
0.28709294235106203,0.45728162103219605,0.3996950539726553
0.33264499458034585,0.5453698857656636,0.4416012271269542
0.31934479519900616,0.5424696864207664,0.42701711812097787
0.2829456345200776,0.4744852424461853,0.364426338119381
0.25029289217180006,0.43123509511234936,0.3620700406194856
0.3212212571932157,0.5312575296149652,0.4218181610412844
0.3124331586762701,0.4962951743592307,0.4437011947998185
0.32438462980283095,0.5491393470986132,0.4646458444308168
0.2667760383614137,0.45382297010178185,0.34846610223324215
0.3142290639688535,0.5184654643102363,0.44366265554711587
0.3153475319689277,0.5495776925005416,0.4511561391189916
0.32658530909004796,0.5566401603586572,0.4381662678413447
0.29046240042118,0.4747376355449118,0.4362320011195049
0.3139545376692025,0.5216576924196319,0.4356316452132056
0.24885914645240506,0.41354807449070474,0.35222415010073993
0.3259537397522337,0.530958646742273,0.4302589269270542
0.2650525181714375,0.43193149514970575,0.391499547213271
0.2596164525387687,0.4230898448322133,0.3695790429045351
0.2633943562595641,0.4177197703748199,0.37640148555261904
0.307651279405191,0.5040211242416481,0.43109657328477635
0.30185599599442,0.5116682465496092,0.42941143209934973
0.28901805624780974,0.4533796367927833,0.3810199165484668
0.31314142883419793,0.5499868258234906,0.4704751283454205
0.3232094264743509,0.4937089369140016,0.4204702080798256
0.33137292015862163,0.49225335164282075,0.4784411588148915
0.26890634320097584,0.47852073613915846,0.4403407857968206
0.29088412990248197,0.5032661076321375,0.3611913100268733
0.27594833198886426,0.48246828287460347,0.39309843205344464
0.3240394277094222,0.567795005586483,0.4936264492335464
0.3394895638863856,0.5159716580200016,0.4679240476714222
0.25785814521899253,0.4588002243754556,0.3535653402600123
0.2914061154526665,0.5036657314361659,0.3816771015500371
0.27526075856175525,0.45054896515959536,0.4153683141288893
0.28361515598197407,0.4727203802014154,0.3455426766234626
0.28334023293187544,0.47681285542773216,0.34508299256947367
0.29401595472916797,0.47831122074768045,0.41333175418353907
0.28901919201382786,0.5086031010252895,0.42426319112394456
0.30641748570125876,0.5010877073687867,0.3729232417284771
0.28853983438294634,0.47527595022515995,0.45599827689309097
0.3253596779841169,0.5670270048630105,0.44986012397172903
0.3050792622492768,0.4832180898102246,0.4583379722459273
0.24277650705527978,0.4280342754170735,0.3295142409571952
0.3688356870479051,0.5487771485258636,0.5078349435542258
0.2985766483681934,0.4696077752254752,0.4379506986841225
0.3352661428240373,0.5282377595392144,0.4425131369836286
0.2803636368293482,0.49594200205055167,0.4664306874340897
0.2422192773784233,0.4134938109184501,0.3790159600271286
0.27140778096555523,0.4539095299742307,0.3589290302592251
0.3225739829475449,0.5114893780916102,0.46033973279198
0.33410538655781846,0.5635736331407346,0.443843184375604
0.2838084941052913,0.47380951820801626,0.36555399101959163
0.290593178511509,0.48668811416341434,0.4433269454933783
0.2836576974309239,0.4887289981656281,0.3958546227882705
0.3248277131273289,0.5154820185398626,0.4193010756227764
0.3138682609029255,0.5350646970478926,0.4899846836674662
0.3215603229362732,0.5166814236100088,0.4451538589579494
0.29085426650596896,0.48027412144187,0.36685790235310417
0.3299569238035783,0.521149251281948,0.4849474941653515
0.32549868948824856,0.4695351093197136,0.4129369401159772
0.26905223287200647,0.46207130867824026,0.3891199809726397
0.36497370039433247,0.5708624438498398,0.5061863949042289
0.28597482052827494,0.5137406402256132,0.37050465260130716
0.3175157432892467,0.5105161935125164,0.489829974456545
0.30229612152430974,0.5234882941900459,0.39388296469307466
0.3468432800284236,0.5801517348818537,0.4610512106271779
0.3210272637460605,0.5354974996670917,0.4603688733334598
0.29245573448797935,0.5159828822193288,0.403556053138129
0.34997418113576695,0.5768003566971568,0.4798510655819355
0.2483814569199623,0.4061840983268079,0.38615219918976823
0.26772682705552686,0.45214126081279854,0.3674681060636317
0.3157312516907358,0.5385723974276198,0.4663634678613353
0.33604873697604004,0.5280767061883788,0.4529967192830651
0.2881210307952,0.4643875233982223,0.3908506402838994
0.30424715269931,0.5143380248126828,0.4442666698536791
0.2839926579621343,0.48558877741902257,0.3960754650248951
0.34139579934313014,0.5593577384701943,0.5024805318501759
0.2874783189839963,0.45668401013859716,0.3669920192914895
0.3288268000790089,0.5131833320096583,0.522204416187029
0.25679957186343305,0.4478979060049434,0.3476684994634119
0.26238224731072535,0.43036044458936873,0.411400376239686
0.3181695893196518,0.4984961362298344,0.44930713891950114
0.25208411678074333,0.41622060067565647,0.3696175073944593
0.3325218787401778,0.5378545479322014,0.4683882506810837
0.27372410038539513,0.44045328136111056,0.40040590830098294
0.2863872980935729,0.4555200529790394,0.4017422719035582
0.32115292921109667,0.5614490133948808,0.433904779995451
0.3407608443790484,0.537689633032793,0.48847816652790743
0.3350952208764343,0.5595176299583479,0.4506398630332535
0.29324214767137746,0.49202265643996523,0.39822152850206183
0.3292768473968038,0.5231060006708719,0.43858679441876336
0.2934858400945525,0.4905195351206731,0.4461945622045697
0.2554816370556325,0.4390025967388598,0.3811326457393769
0.3379375091444163,0.5668526318068179,0.47773903495710035
0.25992628923984246,0.4231431767731508,0.36989619376790883
0.36068234289967566,0.5647140125128016,0.5396065299977105
0.2831598069121913,0.4869294198831491,0.4313349556197561
0.3494050371638297,0.5542994682302499,0.4474546280416398
0.2726446649873612,0.456037746563997,0.4046685698855422
0.35023563208510666,0.5729087654053494,0.44320372189382745
0.3195780006890297,0.528983240897225,0.4859587854614852
0.3028568385526419,0.520636962130071,0.42637051008321064
0.30357659328996545,0.5081569656054246,0.42121330103340293
0.2999155943259833,0.46360802317167604,0.4503699259727659
0.29246784114467356,0.48683256217329235,0.4063242824068096
0.35833710227047133,0.5799318735526041,0.5019020270783306
0.26953416635459165,0.4068986441322383,0.3772139194868392
0.32669426145477487,0.5705062623235474,0.5043312660114471
0.25564673984380015,0.4354710214017112,0.34851623395699954
0.2704624829294778,0.4218574554050828,0.38131808598111433
0.30203499862141614,0.5468065978126233,0.4321088598352878
0.2604411262481636,0.40814586933856967,0.37297412154711834
0.30396674940132173,0.5385021994886893,0.42385914425787974
0.24524422082827832,0.39773781319402407,0.33777316505777605
0.2881466507924297,0.49779271193382907,0.4019592773978777
0.2564509418804048,0.45652514092045504,0.36227607810016754
0.2891504475451463,0.49503572808496993,0.4418257444250384
0.29912367959152364,0.4986989161179146,0.4219316895834977
0.3104856966273236,0.5629858086263299,0.4212966514707364
0.3689241791999334,0.5824565274035168,0.5366209194858969
0.31090669523903053,0.4969324895267935,0.45363708465885894
0.30717944589363394,0.5142057829798083,0.3895305341651397
0.31661960916936854,0.5207057731463296,0.4151337090251386
0.3189792643164536,0.5625317088902925,0.4730432910151347
0.24704775115176494,0.435525281369047,0.3410539475740803
0.2937352528885321,0.4781386080712358,0.4219781339022285
0.30921991214060174,0.5137604671165976,0.46653443759973
0.3350751710496187,0.5558773469178876,0.45162061283663435
0.2969393806329,0.4714038751297475,0.3789932132967826
0.24952786278287184,0.4499483696878672,0.4296550404110814
0.32673706671522534,0.5200813998871174,0.3890854368913086
0.32568728259021423,0.5114402116090637,0.41490649848333266
0.2965105477251517,0.5054554857214485,0.42600227985170247
0.3308504650388996,0.505550998038136,0.4384812989556168
0.3189472742599433,0.5302128726941268,0.4494736481656588
0.2564817558127892,0.41794169517661756,0.35909938978865824
0.26538244714936815,0.4442064489613489,0.36839918050196674
0.31268327610282687,0.520422641167527,0.4293891465894795
0.33709592603043065,0.5582073075931967,0.4730671920136785
0.2859412314296024,0.5181983063862916,0.41992424632116815
0.2821614921018631,0.4619279308087657,0.40900933429861075
0.2942066987709146,0.5444847506914186,0.4202949818463912
0.31184375549827803,0.5866632318880485,0.4309464893559194
0.28949466524243334,0.453659322170398,0.39797888814605675
0.3086258399223875,0.5017115611869747,0.4745287165166657
0.3419929150804188,0.55014418230363,0.48739729894846173
0.24833199709430034,0.43563320529265986,0.3717939275925267
0.2988446306825598,0.5332150465413068,0.3802821923765389
0.2805490359929488,0.42066496765162115,0.44061282189556056
0.2699780016877181,0.4237638834985699,0.38050575668917913
0.38337432641753416,0.5668735292205602,0.5636666396940629
0.3610830360989673,0.5409453671153883,0.5160330852983069
0.29231599175353734,0.5052203127478488,0.3693716394446387
0.28028429209692546,0.43241135522660135,0.4368912495931983
0.3240571231975496,0.5598603889119018,0.43947967104580177
0.31846857717473315,0.5463636602107784,0.441297361265998
0.33732212325542654,0.5360469328532202,0.4890562143164848
0.25127302467157225,0.38824131430630093,0.35075467520075493
0.23610057683128305,0.3879271302613633,0.3228666527142241
0.4052923212304831,0.6533317369309456,0.5559566994207159
0.38820614160803846,0.6543858863710793,0.5087509191747601
0.354333316639598,0.6074136072733936,0.4840910772118953
0.3050657559846239,0.5069364889307731,0.41739204407468733
0.31425313888060724,0.4873397494616792,0.4406519196225935
0.33225786380086103,0.5489107348471836,0.5161260215320332
0.29168708182936215,0.4607893651549408,0.3656866221152756
0.3061922977342756,0.5124295766138561,0.39911439722721076
0.2931766879295626,0.5315898699766306,0.41515041029919486
0.31215310100251664,0.540130776240501,0.44126476469617354
0.2633198298707901,0.438579965760213,0.3344187546481498
0.29568856610108635,0.5151127667411493,0.4110153655098653
0.3200194515649464,0.5188964445680725,0.46225064884652967
0.27004916178115523,0.46201261200855864,0.34705773021112457
0.3545944444497909,0.5805107467508073,0.44636349601958686
0.3263653688007082,0.5329652035478721,0.41731731526106725
0.34034758213005306,0.5727255422529254,0.4515417911701878
0.2571014248150193,0.452703375952972,0.370892416770787
0.2895539096614146,0.48788354308124526,0.41832557637499884
0.2928929434991428,0.5181139299301398,0.4019831114782229
0.27666865614607916,0.4264098638787672,0.36240604447314945
0.34402658762708654,0.5754821081599782,0.4512291517590037
0.31998492533337697,0.5110817723587372,0.4173655949380906
0.26793642788283495,0.4557764936318595,0.3981340436027762
0.3342692147055129,0.5581696568231682,0.4386830125312205
0.31549565083649933,0.49906252759871356,0.4634257557064874
0.3244704768189385,0.5603189982947334,0.4599852732935247
0.2865142564939342,0.45029351635063536,0.42725315822651133
0.3211223956882024,0.5656000662552818,0.43695358362446796
0.2954561526042243,0.47295861811972945,0.38917823731312007
0.308837188141596,0.4938346369465219,0.4146089248962349
0.34619269933252983,0.5486993295652415,0.4748842733845308
0.2986182556045862,0.47029373821531173,0.44387952046578244
0.2862426373675594,0.5221810097986378,0.4110681373333511
0.32565967707779,0.502894333053042,0.45634037089645707
0.30931060313992664,0.5343254042564737,0.44704086411781196
0.30401401731745253,0.42065050073073507,0.4216635212371754
0.27210082073007175,0.3867835554010375,0.39908668615375753
0.3271527652816536,0.5631769562365835,0.4582911722497655
0.24398990199382406,0.40365766054144986,0.356313126581524
0.3066399939531551,0.5210436060810598,0.43843229611032686
0.2609061854290812,0.4181752561847666,0.3744304006666532
0.35303808307155493,0.5182559501732529,0.5279600575781945
0.2581017263936335,0.45146247159691083,0.3765030799171785
0.2847142928991966,0.4190645817966967,0.3905984043765281
0.33714405559416405,0.555870840902965,0.46274961587095087
0.3103563303825451,0.48496799000493623,0.4495247607140678
0.2818207341143999,0.47113913010404307,0.4154917583156935
0.3666925960144696,0.5422073570188436,0.48567109508862044
0.30571405075301905,0.4561213961389113,0.38972199740502633
0.34460486116717676,0.4952889364475786,0.4415174773554308
0.28224209121208854,0.520032446131178,0.3800151942413139
0.274177081553868,0.4336865977230301,0.4098668686913016
0.3718232786552653,0.6037042198716367,0.47709080299074463
0.2439544406381512,0.3898729033812458,0.36153436758636154
0.3697179561907421,0.5099616194007456,0.49960885649772496
0.28243715655245516,0.4247871342934103,0.37418881071809884
0.24835095362528523,0.423388789097207,0.3775758917025356
0.25970545007415097,0.45407224861981277,0.3635869384640958
0.2532932170672256,0.4309857435208519,0.39760301929217345
0.2565470252984969,0.42679196489361354,0.35645074324955955
0.31307566883921356,0.5098416344787581,0.44548667828845007
0.3227561301021236,0.5815223683172105,0.46214785922011314
0.277371552029221,0.4542948806609877,0.35907761171608116
0.32675290426281667,0.5173604374625856,0.44362729654104555
0.3099402462123341,0.4991163891974886,0.43182845299407896
0.27407239203393446,0.4545376047930535,0.3855975475743083
0.33615132305506185,0.5526877935592964,0.45977819850287854
0.33655362199876837,0.5589146095383901,0.4700754874445473
0.341159610702537,0.5142383736557268,0.47412341480235726
0.2338581185655306,0.4147306334082564,0.318326047731801
0.31113410510425044,0.48404927504764766,0.4314933246319583
0.2980484536149682,0.4494080413274337,0.4500883077860329
0.3312503068003208,0.5974469439117859,0.4322704305988556
0.27550685134441744,0.41962519683910693,0.39886124665487427
0.3245817683491872,0.5427845865013923,0.4040807143662222
0.25942578147592216,0.45431247880992026,0.44979972674311297
0.31695897256567984,0.5325571655737903,0.4338128759406084
0.2830973555783918,0.45758180334585336,0.36416023460913005
0.3140236712027945,0.4815928203095933,0.5048730538356923
0.28290447360350274,0.5044232487919053,0.3981935765961826
0.3268544302837226,0.5167421898439972,0.4612608426523226
0.31955320302780027,0.5648318211542454,0.4181998348035831
0.3471419181626764,0.48869347409941616,0.48638225200806634
0.30018299650612223,0.5365358556022858,0.41024706359053226
0.2898300841917459,0.4893536279445668,0.4165209365391881
0.2885391827175194,0.45301275092277965,0.42040443765265173
0.27235463925164344,0.45725945316387434,0.36017405143215125
0.30576882698946434,0.49963135107563794,0.4229863359970527
0.27306931319128325,0.4530008174474939,0.4358698882733505
0.35281292151913735,0.5413879506761062,0.44097091719157805
0.2429662240580572,0.4442348897463628,0.38514139502352085
0.29760714601672955,0.47738504402898563,0.40955504934611436
0.29120871515660074,0.5048133332506051,0.42842684795135433
0.2524545162338792,0.41947858759971934,0.3734386470720002
0.3086101120998242,0.5036622576248476,0.45174429368529845
0.3117412184240974,0.5250743858119985,0.4354972318691285
0.2874543252136776,0.45608269206540913,0.44541467986954214
0.3180287251799298,0.5493159741203257,0.4423726466110347
0.3661688514603583,0.5904324502107506,0.513091616169804
0.24548597938156758,0.394037681633895,0.3863254882271663
0.3277977832752597,0.5579020498585165,0.4164448591545491
0.2380932627437034,0.3914802969439237,0.3756808048392607
0.3349074840174653,0.5209960962707622,0.44999406637620837
0.26959114424868263,0.4672373652345422,0.4070214585216721
0.27054916048529937,0.4408144764051625,0.42510501846506754
0.3501278512268093,0.6059134718937491,0.4871065202412891
0.26885343742210777,0.4406754153023272,0.3543391615476988
0.3005488506176154,0.5191331249147294,0.46259021345860296
0.267848942509782,0.498499200313941,0.37563135204190623
0.2707404242595544,0.4852418372253135,0.38310132887879766
0.27415485587399946,0.4753668813920249,0.3981293392171303
0.38545012682108726,0.598612847930371,0.4947656094057093
0.2912067775233114,0.43968767305787004,0.40642575221892896
0.3294153090192226,0.5255640053956014,0.4181965984547693
0.3484361470334164,0.5559107006423182,0.5286178916706918
0.24104024750645067,0.3993098549889528,0.41475805532779186
0.2902828284706995,0.49736584376712617,0.36928383302825346
0.28498151321902265,0.48309071475875415,0.4353819508766493
0.34660967794898817,0.5619980835130495,0.4771378408887987
0.2623693703197171,0.4589951098841103,0.3760026004701719
0.33723069675448447,0.5193267288153572,0.48092266705222536
0.23356611950733444,0.40132887576322146,0.3182015041603624
0.30751450075467024,0.5042920554915694,0.42275333120914715
0.2858642157702789,0.47679009431065705,0.41710879396819145
0.3022886987578498,0.5148953939510705,0.41455718249694334
0.3049796357552731,0.4924894155574128,0.4470336729701661
0.3039308794564025,0.49800851731972223,0.41830744976105705
0.2910457867745141,0.5329985554680734,0.3850671220311169
0.27697348356294815,0.4755680666618426,0.3742200775077053
0.2643492544066793,0.4585182923522456,0.36000464118097214
0.33803180487998774,0.5472240952394578,0.42451729878095373
0.3428045546617687,0.5633767064910284,0.5322597552186414
0.3762970122397795,0.5921436592261032,0.4712155756930115
0.2884000519330413,0.4587515014164754,0.45752660102750636
0.26859250975891774,0.414265880032939,0.3914012621568441
0.3088218755601233,0.5453532346637574,0.4287610843288375
0.24353642321540675,0.42050701118912465,0.35097581738612965
0.27671454010752095,0.475554347628224,0.417143441520054
0.24239857003546067,0.4117157376390169,0.32065931780106705
0.36992382750340447,0.6229893220819693,0.5370607104992282
0.3072228335730961,0.5296492816164785,0.42252909973211983
0.3120078911934093,0.5194842475284002,0.44672072507076505
0.28053833651164084,0.4922298847051971,0.40244228791916414
0.33912067065293033,0.603259216659198,0.4768709754413612
0.26703256338392267,0.417054721657399,0.37055622279078604
0.2887373921650744,0.4903450382546086,0.4052551874914035
0.2730716149453742,0.44066668243118906,0.3344605076926521
0.32408214295773835,0.5227034605300666,0.5042849999996398
0.24607814899600952,0.39637363117699637,0.361908980467423
0.33507972164498223,0.5568723923155023,0.4724778886614266
0.26129625902612835,0.40786879215337857,0.3981440416367507
0.38484277847191006,0.5481282633635522,0.49526482395691623
0.29138163483437807,0.41892513741202936,0.3981507423200818
0.3373125155928521,0.5681537769662129,0.47288297149235253
0.2822158972926637,0.4672423069720826,0.38331803298865014
0.2692837654625486,0.4664648690081626,0.38285434181302397
0.34591456052037345,0.5547387488698536,0.466361917704117
0.34631920333394367,0.5588633377320988,0.5327140348420492
0.25151481592609126,0.41085819734929524,0.3601630570836084
0.38470855060735376,0.688954819454612,0.4894774803285819
0.3036493962320085,0.4590971026451346,0.4423886217993788
0.3032446250980106,0.5462366395075186,0.394997314867239
0.3347729650535567,0.600712797415764,0.4516137691610812
0.3121454220799412,0.5458743295745634,0.41086906317584176
0.30837317000153047,0.5161774417196219,0.454200657627272
0.29948316175378864,0.48215722564943,0.43779304903006155
0.35275952886852086,0.5868630173757101,0.4775126699075175
0.323266708596964,0.5202361477336073,0.4283166039378813
0.29877919009129184,0.5055718154417975,0.4386004116438535
0.3321903055232368,0.541407549646228,0.43362364160847616
0.31899894412096536,0.5247687744079103,0.4389833437760446
0.30467587076396274,0.522742004267153,0.4490484776758762
0.3138024501561248,0.5431212014202896,0.43703354549071255
0.29341965257965597,0.49465150910680433,0.4056998401707431
0.304205968837169,0.5252226569921443,0.3972571474992706
0.2987495523544078,0.5088519608612696,0.404881488682317
0.27946034928067465,0.4819994453156338,0.41396790625081975
0.31255720215590377,0.5040126940740577,0.4205914569165159
0.3796313535131513,0.5973730011105611,0.48794389370974306
0.2788570578736524,0.4606867182369544,0.3906442864405829
0.270756643769135,0.449822295656652,0.40161527766501354
0.30083748461425813,0.4857616505423441,0.42791394824096
0.27645335634184853,0.4613076248131788,0.38774667984712785
0.2500143034752306,0.4193898881256621,0.337901851652032
0.3089999524005941,0.5080047342670373,0.39028605816944417
0.2775467273171702,0.47481127719396926,0.39778101628758267
0.2827056664423009,0.4794303585623861,0.3957073107934655
0.3323785444046332,0.5385781790649325,0.4160608240452593
0.2263450732132985,0.3950331490886814,0.3211883210191431
0.32942399754401,0.514015882701972,0.4936880360469196
0.34993747333004266,0.5858133302258103,0.45274139529641844
0.28755158802541225,0.47783609920261444,0.42711637520182905
0.27044019151480536,0.47246079918279793,0.3786406096252924
0.36663858345461875,0.5980445147870217,0.4808064536112743
0.37188361021842986,0.6061252482693641,0.5297082935393536
0.2764529059956978,0.4532310964296457,0.40079259759447367
0.29506574741393615,0.4826208427050427,0.40295737453334113
0.2696070763263277,0.46172799918821245,0.4018792705388484
0.3561768963953959,0.46269630666883516,0.4456930839988398
0.26996248049125376,0.4884103872448622,0.40788875654179146
0.32279915816968785,0.5324558984483416,0.4391227458623954
0.2666868638079174,0.45947562236986506,0.3888531983382102
0.3232278317907244,0.5822720551590379,0.43581556918798414
0.34166916778847023,0.6106479053923104,0.45898664988835625
0.2820907569703119,0.4263496492540377,0.37167921863073283
0.3507723913455679,0.5968447503626041,0.4747963718234322
0.31887264440428487,0.5435810905546152,0.4793215989796713
0.36356368315667814,0.574270004899745,0.5193949336763815
0.24917796649250265,0.4403985087685693,0.3249443341164489
0.2842158332910967,0.4690084910538051,0.36480661141309995
0.3063068116061665,0.5383021680265264,0.4761479906148684
0.3236447666247653,0.5117152715348584,0.43000350213426686
0.291265433504787,0.5022339735196305,0.4622725916398741
0.31267371671295807,0.5040260712827759,0.40141347487984497
0.3068506630233013,0.47885883656453354,0.37103086978810856
0.3738585230143267,0.5886992462943521,0.4428252828820042
0.29302239926760537,0.4576157866184049,0.38244674796427564
0.3656523104874866,0.5189148599791246,0.46594805492319435
0.31293709555023375,0.5741761729409939,0.47143541892449264
0.2887112658156178,0.4226723556718141,0.42721536174537716
0.2732921415668461,0.4152491127645265,0.4106201786900975
0.3336809308624047,0.5943798943660482,0.43839865953553536
0.28445948206324334,0.4586995297039049,0.38466630635832627
0.3024475673480103,0.5442982979520118,0.4274498529694134
0.3133401027781576,0.4956900793713847,0.44072535047097877
0.3297885794737519,0.4580702422603261,0.45708207146153224
0.3294246548894853,0.5606346714080604,0.4465409922633057
0.32298802352689243,0.5494581204398197,0.44123989575174594
0.3236314712489823,0.5456025100072284,0.43128991989694776
0.2618347201304617,0.40384092334443733,0.3526499542229021
0.27251656238303396,0.4901262812843247,0.41840425158914957
0.27973117625745664,0.47722669961469966,0.3968666575659974
0.29398381264740675,0.4631610879109495,0.35999526982593105
0.2911218846268662,0.45076612487503176,0.35605137765574546
0.3424173883627656,0.5665855051719746,0.5267700812878242
0.3561419912313406,0.586770296829105,0.48308722104466667
0.2615804698597143,0.45407715625687656,0.43030159010919167
0.3112155121267118,0.5029502550409657,0.4275106800880686
0.3104645630497156,0.5336236776666096,0.4489743666794486
0.3080549517527428,0.5316425943231904,0.4392236802447959
0.31960488249343405,0.5289551943346098,0.43787494099459356
0.2859637918420042,0.4847934371688951,0.4271347134216684
0.2534465900022853,0.43304824144480264,0.3486718275633842
0.30191688251732013,0.5435068816266279,0.4245621188276619
0.3006961997696954,0.5315352177563104,0.4225079737894419
0.28576319521341537,0.4577592815652721,0.41164468647118707
0.3067300232154886,0.5055971864926249,0.44726765077177044
0.30506283465137746,0.490812785101298,0.36740929672400746
0.318902882767609,0.558846800511167,0.43765063336631743
0.34651178246285336,0.5928491111409846,0.4566259656526302
0.30498823983427065,0.504077709144821,0.4254490592475467
0.27105920397732336,0.43310351118868246,0.3551290483898109
0.3065211641875454,0.526826464165716,0.45334197635777546
0.2825370148579223,0.43653312475936046,0.37773068888946687
0.2837331143892549,0.46961198084400324,0.3794324755981092
0.31466848491845206,0.5416244716126853,0.4589634176744697
0.24301011583243853,0.4072936063931985,0.342957713962564
0.3174249851585621,0.5174756499622948,0.45571908406257516
0.29868727928006195,0.5354403713049687,0.4086067128255265
0.35391372994881304,0.5765995089754785,0.4372832619576995
0.23260590591264452,0.3981802491967683,0.33769295398528953
0.30536516030722227,0.48164939195617434,0.4083560592797549
0.31862261741611203,0.5344031224789494,0.4347471457326421
0.2669504611582203,0.46279398287284296,0.41413665212449285
0.3479916137502633,0.5699361769010437,0.46337733355724636
0.25218048607045873,0.43993316863107756,0.3608879209627957
0.32801520644023635,0.5327433838953843,0.504765115544795
0.24941816871515127,0.437505584469318,0.32797892242422416
0.3255879304738003,0.533183246191767,0.4599384119692946
0.28178188575525315,0.5296162196512433,0.44789790414540587
0.3232889466810193,0.49045400396565736,0.412821391554627
0.31251272688690196,0.5442503156856804,0.46926468166105084
0.35642157357734516,0.5542421476896773,0.443514000665411
0.31103014135920265,0.5282287640308335,0.5032842727387842
0.29239866035408274,0.4767843659304399,0.4032844729170604
0.3181420255490744,0.5426475608917126,0.48877730138586145
0.25882768975952686,0.43622127899948276,0.3481326274993641
0.2421988431176454,0.4307191573245723,0.35886309316968196
0.35166867907315064,0.5711977549476871,0.49900531736333165
0.27277731354083373,0.460428907493407,0.3712664165124184
0.28864059419265825,0.4753426078799439,0.426924858780151
0.39034009560499217,0.6204921407399455,0.5528648208176319
0.28056538846747864,0.431634399243459,0.37021845590507263
0.2880470300239243,0.46330236407198544,0.4107347092067076
0.2887054109268903,0.534391060486362,0.43571070915740584
0.30325030008052967,0.4093962604453314,0.4591660172656436
0.28941081946660147,0.4743390504438602,0.35214895086792464
0.32373600452554535,0.5468234051050603,0.462677505559139
0.2951080910329318,0.4727023007805174,0.4204706577209913
0.3025456730957332,0.4689352625511425,0.39828715288874794
0.3046792454344036,0.44569494740776827,0.44452777477561384
0.32321655451127,0.5679133929675115,0.46921283578830075
0.28480620426486963,0.4522560619290941,0.4155318928547379
0.2969261601541274,0.5339089084476792,0.3981127272956872
0.3015682406197225,0.48404213263832385,0.42680441273024905
0.2691335643634522,0.46029878530522805,0.37544496255449566
0.3363810312203303,0.5486938521743304,0.46040846645050604
0.28022331607266304,0.43918475936562157,0.39241556283524803
0.28981496690540076,0.5358667900940031,0.44296203485263774
0.32439030304491234,0.48875664708645794,0.4403823062792575
0.23876280520375362,0.41818015127416225,0.3347748495168521
0.28545786086821195,0.4941258802192342,0.3866614945117251
0.32662640130669257,0.5611074492582501,0.4455056351996561
0.2463767380629658,0.42239587756577124,0.36824051449146955
0.3021836996481965,0.4869438076422407,0.41371781805475155
0.3461962301291396,0.49505275818084843,0.4643926463546224
0.29045768725805365,0.4487639911419981,0.43319848357233204
0.3271378434889518,0.5295442065062895,0.430650555775812
0.2519248515036511,0.41844884355138073,0.3955044127794171
0.38839956716882784,0.664468086812125,0.5141542625774761
0.34053349039722997,0.5432879030187955,0.4602899554743323
0.34417555043898124,0.4992724243257983,0.43480518171189475
0.3123199551181489,0.4442771615197593,0.4338507670021263
0.26900067897604235,0.5105176763085159,0.39600157521993296
0.3058827112861858,0.5225051829569313,0.45519962965877653
0.29768672348654146,0.47482274781081046,0.40592961454121057
0.2854873685706424,0.4513256665057338,0.4164116667065695
0.34820998328274994,0.5506402793434338,0.4506421182600712
0.23521989219931935,0.406686337265417,0.350692707714335
0.28957027394367524,0.4879913478394543,0.40779569022473927
0.31790045739087774,0.5437610747512881,0.39997265694624223
0.2699522423937455,0.4278843846937673,0.3977973820745008
0.31658500806378365,0.5469363711331298,0.4634130692307571
0.2941202216436259,0.5126473496962323,0.44304349225131806
0.2655988682353695,0.43057345775330885,0.356352133338802
0.27415874013974584,0.46080867558146327,0.4332730973298742
0.30066706400618365,0.48600007729813854,0.442411406717096
0.29805014626629417,0.5094772757832913,0.40042803392329235
0.3241985081001666,0.5170784333437886,0.4794182875352628
0.259355645640093,0.45539585547550854,0.37448487065429925
0.3058190951990236,0.5126080273057685,0.41987089892619717
0.32175113801269045,0.5414486714901341,0.4394262991358969
0.2894458362287936,0.46725237023522687,0.4031068771263195
0.3096386646461556,0.5344946360539939,0.4407251323174347
0.22884418071546445,0.36779620880758934,0.31689561817336337
0.357970543022901,0.6048246982415687,0.5144239359814028
0.3195293410542358,0.5846969724692358,0.4253016472277792
0.2727521865299875,0.44022601982534376,0.4169617324277919
0.2728868964591778,0.4926230319319495,0.3828438663943371
0.32747936175897563,0.5936262898116603,0.4730613491002756
0.2929780627153223,0.4345746316606043,0.4129110365547331
0.30249542509508776,0.5268948612513848,0.42314291866085424
0.3165354713557637,0.5016811345706407,0.4252242813600064
0.3282245578999886,0.5562133004413096,0.4849066113631936
0.27018099767668546,0.4466023281340887,0.37413936663853203
0.30876576067168493,0.5121035666969593,0.4414089923015894
0.31891668713962595,0.5275718080585065,0.4326007753647439
0.31956665063532785,0.5178186325697764,0.4749491776194465
0.3564040271007976,0.5733648377274349,0.5056016049301131
0.31685554688282497,0.5157335513351767,0.4563900064458188
0.25368995987570075,0.3923713361383562,0.3929604998086361
0.2733115258851599,0.41274320734114145,0.4135272799585347
0.3370952710914192,0.44058650521890047,0.4694427820104601
0.3163327290899503,0.5760369959985758,0.45092591502442736
0.2896108702484524,0.44681596478979846,0.41381491703981077
0.27404861340087777,0.4531860029833845,0.4044365380404245
0.3209074060090474,0.537531780877713,0.4301582626237139
0.2948181722133008,0.5332873726109499,0.3897209077101993
0.26161260964951105,0.42740973879110233,0.39867667503722987
0.27426259138312725,0.4611874405738996,0.38313767514344466
0.3214298446437097,0.5042464575053544,0.45097904229652797
0.2879595847820833,0.44898339450032104,0.42805764085318637
0.30023690772516093,0.5252698233329681,0.4198949422857165
0.3174101796295685,0.5182145154366802,0.4692022792197712
0.2820526117384689,0.5062432984605738,0.38819564466437384
0.3098091797888114,0.5333640532072633,0.4426326284337724
0.2734184070572604,0.4813239758704685,0.3912552708138971
0.2942649302922778,0.4753412585420716,0.41437516900141314
0.356311713932221,0.6233291034792742,0.48887515031753864
0.2868605733774702,0.43355963660654634,0.4262353202146068
0.29648436211706064,0.5185240633206472,0.37833048074945724
0.3250508822191278,0.5689950245101401,0.44583789144973424
0.29695824090559203,0.5228844385506533,0.40305427638508884
0.34654080336196,0.5514814927007782,0.4312207632106769
0.28074554057620005,0.43058565674045246,0.4566816553533536
0.324203460169395,0.5425880864776527,0.40895414199772295
0.28211162168720166,0.47688956276280914,0.43877056782311097
0.3126414875273113,0.49820021235104783,0.4684710307929609
0.3065625002024328,0.49320412944269465,0.43552944430145135
0.23530639275651977,0.3948201748531991,0.34738212978045213
0.302210414057099,0.5222334150746869,0.4080986570177671
0.299825492079464,0.4820572539075844,0.43786776694631685
0.2839907483251609,0.47049835899026526,0.40129899161751337
0.282317831236929,0.4807804839864006,0.4006014983781699
0.292973562217713,0.5030765962928766,0.41078014451270106
0.2713756032042955,0.47498855602959306,0.39228490136769045
0.30141707210107926,0.5083235896268048,0.4428994309500562
0.3014935426911267,0.5146161550949903,0.4251049386723216
0.2592159048789489,0.42592248418556117,0.32434106552059616
0.2610735263680283,0.44008837466684353,0.4258950743962758
0.30519861772005835,0.5187746291465383,0.39676642748002283
0.2751260340807493,0.4744546280334715,0.4087294804451499
0.3365155019150452,0.5563316955267663,0.47796840494936366
0.2964942982669839,0.4936717820990552,0.4095465997407287
0.29996208477469566,0.49148466564345156,0.41933885382685976
0.3032908046631196,0.5126615966224264,0.4212511897045304
0.30895016038392176,0.4932811223291726,0.40737924813738907
0.2465505329211423,0.43007352650270686,0.33745649353373103
0.25563166565043094,0.4256510203360768,0.34211509603507406
0.3167875165006348,0.5519804598238097,0.45455304527995544
0.33817854633936767,0.5382028946038628,0.47674465997822146
0.2687351174756047,0.4471331970719811,0.3438921203347699
0.34059522178276697,0.5384626018054413,0.48439124662671323
0.3871480393699984,0.6324180298721618,0.5076756164106916
0.28716582083061937,0.4881142628679723,0.363571551086893
0.41311871109455495,0.6670459877835911,0.58673918900092
0.2688434018643013,0.43084872934530266,0.34823217211561025
0.3064229171550057,0.5161293923605604,0.4311009828562057
0.261239778067636,0.42197018796709346,0.373214507252352
0.3441527212021062,0.5668626239882045,0.4678885460493899
0.33603017374038463,0.5389861027011946,0.46588478415541346
0.34761750602463665,0.5584503800479932,0.47217748781928165
0.3238709199602951,0.5198720913432786,0.4440922530897673
0.2889223379748918,0.501560036522053,0.3818185156792496
0.33398437510720497,0.5634134694396934,0.485253205428521
0.31496968244071016,0.5447843174706565,0.4234017861313962
0.3190681244643127,0.5371610308091875,0.4210097094403555
0.3191869763311577,0.5283254374569859,0.44449339800314824
0.27251644157477384,0.46751605263891555,0.3875213933646615
0.2853846211174653,0.48756076443288937,0.3800944665679436
0.2776692951151168,0.5182593921049644,0.39507446016164605
0.2645977621056647,0.4216871653954405,0.3809783124145825
0.26579472721726,0.4161300919543777,0.3871832613473156
0.28718488071867737,0.44969885882078287,0.41562932409173486
0.3051003085948373,0.5251590907641842,0.37408991834977684
0.302105783039432,0.47483922830391684,0.42005188235861296
0.2999468373752169,0.49935651874813103,0.4713059818375407
0.3248851752235596,0.5166588996894644,0.39034047288125023
0.3378914815860691,0.5655531533816491,0.4820553111486596
0.3166261790065512,0.5115784587061648,0.42801758481443036
0.2760345917970589,0.4762262761631803,0.4084282052760035
0.28866219901071904,0.49908668642997983,0.40552980645891573
0.2772015707362536,0.4865500959244771,0.39569107656106944
0.32694833691127256,0.5145720971164877,0.4783563646375945
0.29674320860319964,0.5165691600853046,0.41392082559835663
0.2841608558155889,0.4651677727057732,0.39922511412888556
0.3134997325645897,0.542533714941697,0.45315327524787946
0.2862345323549346,0.46655050753733923,0.42252233523158667
0.4084128525594014,0.659281524608816,0.5671537203826322
0.31856766394452085,0.5603153445328536,0.46490508626851845
0.27672853038027506,0.44122137747613166,0.35905075093190186
0.3150477380113638,0.49461980093853924,0.41484621375120356
0.27437897438870756,0.46725573302952644,0.3908557805046165
0.33117822314519874,0.5321550989504888,0.41598131891515855
0.2994832725632034,0.45681571670148075,0.4407444740822345
0.3021216049571643,0.4625356401693862,0.43118776682658666
0.24200375926034418,0.40550442880784565,0.36597537637565014
0.2300285904989555,0.3926880361636555,0.33745989082841243
0.2610562118918702,0.43952517874078617,0.3487135705738042
0.32977267644014413,0.529812221558245,0.4782456391039237
0.27750916338265086,0.49007573022475476,0.4002493431279103
0.36894992812776656,0.5887977461931356,0.4721543753964663
0.2660271816206404,0.43946248753215067,0.3898210523962362
0.32748694825140334,0.5887351274885484,0.43414078002818324
0.3268870278557556,0.4892544189732651,0.4507670445217983
0.30719076257853595,0.4674732470174935,0.39293963433803014
0.3194328759145057,0.5814744083639563,0.46660447182502296
0.26178857133908695,0.45359846422605943,0.3320789807429852
0.3141000368853655,0.541783855332422,0.38581746260412364
0.2210461877322494,0.40411288516141913,0.3348895556049165
0.30810241944184463,0.5339642674831344,0.41466679119764077
0.32467216487914713,0.5125500582837216,0.4796978896471514
0.31665399380323245,0.49712365516695306,0.4548600569190349
0.2501417103280397,0.4124625530224326,0.35112017557387837
0.31653608851268616,0.5094647304717435,0.4368317580343252
0.30088204169907806,0.48391130765832935,0.44202540006822355
0.29088929678864545,0.5024795573354695,0.4310358474770286
0.32309982889142924,0.500661130623535,0.4269262209378643
0.2843817296823902,0.48960821481457073,0.422682296381512
0.3248799547895296,0.547328077900002,0.4691613866233799
0.3113312791637679,0.49665616886539826,0.4001526889624001
0.27778546609989185,0.45357982667072605,0.3939548962646547
0.26446608303671426,0.4247398257536529,0.3689652341314559
0.2934272201785234,0.4693346725435386,0.4325239745422686
0.316707356364198,0.5163554720299687,0.4383433230424223
0.25901246707359654,0.4352283434251917,0.3953856773652051
0.290599565740356,0.5427148467066341,0.419628700654394
0.28706411855182334,0.4395873687125644,0.36711178141034256
0.29737389532403674,0.560597589323973,0.4201448991209699
0.3197797740101679,0.4844207728736006,0.45208626398499957
0.30774201863259143,0.504335909244565,0.3721015343193051
0.2794455540386431,0.4954002601702302,0.4684162090159564
0.2777577705960632,0.4559361542882979,0.3619247414391816
0.31468294773264915,0.48995700414893,0.452691756746791
0.2672112535030558,0.42938337762079265,0.40594374879052336
0.31691082991737773,0.5285327382581461,0.42829383562606427
0.28763347235472636,0.5201000076460222,0.4026432679102348
0.28829750440785923,0.4587656431779343,0.40384955447749527
0.3969990958475011,0.6244432286373843,0.5703106757491501
0.22911969325620854,0.4028599566552219,0.33607071659036597
0.28159561751183754,0.4770547828385943,0.3467490943160955
0.27609862327320944,0.4752699130957095,0.36786719889955155
0.3510713329882848,0.5696399038030846,0.4798113109723109
0.3342394582050333,0.5374983852804446,0.4848993195432287
0.2851496696053362,0.4620686182377794,0.43551234500916886
0.3674624039525002,0.5972851210775748,0.5369074714732885
0.28988110444502846,0.47276576983704355,0.3782923402492062
0.3503240738393899,0.58772549436564,0.4914035919282339
0.31607915161574024,0.5009878238189938,0.42188768594447434
0.3132351949964302,0.5295964074896585,0.41849191059626917
0.2881602803855332,0.486482519843071,0.39218647623620206
0.32302659691550517,0.5268214607368041,0.4948454059147971
0.2717234977701749,0.4683094605092934,0.37887383848023704
0.24136334598531883,0.4147636803599925,0.35055749302165184
0.3185021066931317,0.5215320019252454,0.4071824523151988
0.2745691778203058,0.4435206909720137,0.40460473419383247
0.2929689459169054,0.4861244626447829,0.3853504470736507
0.2601269736038146,0.4266153151307568,0.37329493425848376
0.3014562024397516,0.4524300342207345,0.41437962204094986
0.2990774426838532,0.49078923188401335,0.39829666686742343
0.32105960932388233,0.5100288069990359,0.43240704987947404
0.32896334498681684,0.5128815849854627,0.457700612322612
0.30053215814853945,0.489736817762508,0.4344150114517154
0.29399390464043584,0.4996647654676983,0.4399959466197293
0.31584175986362184,0.5518045590238723,0.4119754978041582
0.2598545926583657,0.4164004687196282,0.3365194591731529
0.2759237636255563,0.427629549531651,0.3640574778617523
0.29102092452343387,0.4537405064648784,0.39181153251944045
0.23299931985637495,0.37431338472517134,0.34180931519587077
0.31203893355055,0.5273534005493393,0.44737457061513414
0.2881131279852215,0.5107076334116892,0.3853990254462555
0.2917905793678015,0.5077299849442206,0.3818113836997992
0.31793820877843626,0.5088251201890304,0.4717433519166055
0.32865000195928634,0.5340563799539229,0.4007040568911797
0.2799056760618702,0.4642816446786105,0.3993244875955073
0.300719623924022,0.511451125056633,0.4187435127435187
0.28665578537572295,0.4687918503343344,0.4159835556201496
0.3322530367674957,0.5367755141068317,0.4328179938688186
0.27212569036653184,0.43082464074925486,0.4348834680379444
0.3208488933836901,0.5275395591740528,0.4410739330362464
0.31680197298231844,0.5335366639829485,0.45183286828737074
0.30828459862698404,0.5432927992883616,0.4139026523245604
0.26777311425891054,0.4248368992260424,0.3732385457746872
0.28158185114730866,0.4476892430141065,0.4018192465241939
0.35901481555778136,0.6228689021674668,0.48156199563059654
0.36153629180986485,0.6128785333454084,0.4641359036739148
0.2476840239614701,0.3958479466328641,0.39531716703500724
0.29170422821629977,0.4868866236231006,0.37435205316807324
0.2773054264177563,0.4604050135991757,0.36520895846638407
0.2562652403419863,0.45256276173704724,0.3826953876127632
0.3165230591040127,0.5267518076875478,0.4302361751818065
0.35129252608481254,0.5681736205624176,0.49316627789478773
0.2863412185227105,0.4822825668021745,0.4109190380720275
0.30795294507820536,0.5348242749307607,0.39582949119871397
0.32183876224375285,0.45966575171639584,0.49410105936019755
0.33540931514574895,0.5617063721934615,0.5013303312316064
0.3251472570613878,0.5547672997146965,0.4825172136580128
0.3346667428438039,0.5642992526253253,0.4412720642106249
0.2809515016773953,0.4614733817561515,0.3643053695280305
0.30808668113252285,0.5379093755780935,0.3877703146247453
0.2744531144293479,0.44346567412267873,0.4389064406827828
0.3022982803930873,0.534757727135927,0.42617475770177143
0.30658916183589296,0.4626788108377811,0.42057836302306645
0.34433037034990904,0.6222236105109924,0.4616883107899715
0.28529794402279435,0.5004479982960164,0.4046800867355025
0.21334382216643374,0.3592501869757084,0.3154563902302647
0.29641455665108174,0.5040933226478186,0.37741721164794156
0.3006207239710963,0.4540582005354125,0.4782412263733829
0.3199760814063841,0.5440440142445212,0.43783957501970483
0.31638831087495906,0.5183743605155517,0.45474139552117715
0.30248484373512785,0.5320921146537572,0.4286668680618166
0.27974457524081425,0.4597529840445357,0.42858267450398585
0.339054269904169,0.543244321212502,0.5012797251201879
0.26711924360838907,0.48239889677859343,0.3998366565878569
0.312074837575601,0.4847083019038095,0.3957119926601638
0.258869696198523,0.4098413567666682,0.40220724120774276
0.3087147464406945,0.5362609584263421,0.43442423687896686
0.27085497998491953,0.40629316788295755,0.38955197340795183
0.2938807486508248,0.5286091450034512,0.3958983689903796
0.3300565191461012,0.4450571640846556,0.47981748752631526
0.3274263593663027,0.5552724398806652,0.43616753719463125
0.29416130494603454,0.49859849965437225,0.4060827411393458
0.3303341564792682,0.535941763340905,0.4370832923480584
0.2675724349955564,0.4379285880250385,0.3988946312907573
0.3342200153049715,0.5619981927390264,0.44094004603444076
0.2687452685118961,0.4721623744228221,0.36126258216949
0.29376539788380435,0.4707684128118991,0.483165658570459
0.3401600000772553,0.5651248313937363,0.4503203733263946
0.2669781892053002,0.40410723514149294,0.3991189179331431
0.23422052396488852,0.3917383274604179,0.3342934852409442
0.34335251151508295,0.5648473900490228,0.4613282748388871
0.33260348298105025,0.5730521707097845,0.45572986612633687
0.2819157176026499,0.4419881181835667,0.4081325204614063
0.3497283746954108,0.6124430758371171,0.44347385440362264
0.28569096261559107,0.4656947080945688,0.4266242263578506
0.32862016451124787,0.595480407249408,0.4517222825185822
0.24822354345895212,0.3648064886146631,0.37071220372830593
0.33787732177419966,0.6234389267089125,0.4416343592762968
0.3140870676597178,0.5151912608141787,0.4333876587990794
0.24246134649016424,0.3595393330165385,0.37349082165002234
0.30487456914826105,0.5435858858577955,0.4522469502097156
0.3026938066622622,0.5470592790241293,0.4745718986070133
0.2635124243504409,0.44770496830019796,0.367798530157927
0.346139584836003,0.5616051874748962,0.5004861862996132
0.2557776250897681,0.43127871412206953,0.34607631347004353
0.3014171638312273,0.5127686303343522,0.3992908415135024
0.27567394249403254,0.5018707513743456,0.43959549210110976
0.31943654039628516,0.5013130081253263,0.4567473790894395
0.2622414328694862,0.41106334874760975,0.3679094196182421
0.3111665891956227,0.5259659653364336,0.4640090123426637
0.3035310605479466,0.5020966239417144,0.43988660240823474
0.2946408104605767,0.513960290948131,0.44276880525602874
0.31853517037226603,0.5061290849310341,0.4698225687191699
0.32098497797292047,0.5393922615712081,0.4786301471528334
0.25155438215086556,0.41714753124989307,0.3550716784128891
0.30457586976833995,0.528229040377177,0.40348969446929644
0.301026449947195,0.5161525806257428,0.40064806837180517
0.28657734769069404,0.47533927886440885,0.4007713860664311
0.2658934806415506,0.4624199859347214,0.346874527277438
0.3114666435202924,0.5291980888442253,0.4479239569483193
0.3122888199031343,0.5193930864701486,0.4235665589019932
0.3223074650227348,0.5378322497994038,0.4045890862404164
0.2981253579954804,0.4672202035710004,0.4056805631714102
0.2617583929570122,0.4551652229324594,0.3980807516070341
0.27365150759116774,0.4688607096839729,0.41927222833958727
0.2628845960606805,0.4044714919093026,0.34837377942039804
0.32914742135234787,0.536369312187707,0.48201846353622385
0.3252037399263361,0.517564702382437,0.44433637179142504
0.26613219556339035,0.44049749820352274,0.37458286297650917
0.2734891044989211,0.4725154961506917,0.39930455512484664
0.26338732217870536,0.43834611220538794,0.3736881910303075
0.3301849219113546,0.5268789731472787,0.46960809029620004
0.30405528655776204,0.4894532603681391,0.3986051365653239
0.34432666322317507,0.5559155660890401,0.4963819157432562
0.27137922793430064,0.4190985865054097,0.39408379538639843
0.27882972707328313,0.49640211886250646,0.40227583210313644
0.27870717401289596,0.48658355374304124,0.3827983960087046
0.28808962909668784,0.4774387518059933,0.4184643096165623
0.29997989460394997,0.495311466346093,0.4554499774671055
0.37059532389047,0.6335434208860706,0.5060464747676926
0.2574637744592739,0.4177225447781433,0.3518730994422248
0.3161477948028986,0.5087051812806034,0.46899692594352577
0.315082425967566,0.5524184029038457,0.4266145229408033
0.26940388707254576,0.46410936139560155,0.3532424931450292
0.3334134789551063,0.5173451566163609,0.4654256093290008
0.29413736594651607,0.49653734684698375,0.41426632066507957
0.25953752835495186,0.46956473663164,0.3911294557039543
0.30718328705041664,0.4988101823644778,0.4439500382146361
0.3178781243748136,0.5234279152261254,0.44965706397338207
0.3141759260019108,0.453538020469271,0.43982236091760435
0.28454805327052224,0.5142111415512363,0.39373621606835857
0.2999109626479645,0.45317238884391875,0.42367733431275667
0.3111631594221664,0.5284078664050005,0.4126276580752846
0.3160391791089929,0.54008594554582,0.43165449400765066
0.25679324352925414,0.44641551650140715,0.35934221837840497
0.31084966833559174,0.527564770971845,0.41288862981960267
0.2793283674746282,0.44540714974614853,0.4576204603763896
0.30715953474252616,0.4861786387886655,0.42101093910268833
0.32537761482296673,0.5486718052851352,0.46613288255761165
0.2887922713359482,0.4888800174403003,0.40928482166841856
0.318315721498004,0.6063926757641055,0.4662180876234921
0.2771852215783154,0.42570920888922725,0.38266903243293693
0.2500774498153525,0.4055274158241716,0.33501783820436193
0.2961068258640765,0.5262524263716557,0.42317745314704797
0.2695477762704207,0.44613754560830676,0.3655186911038818
0.35046894992140926,0.5206047725040888,0.47302458517880036
0.32468499570469156,0.48328815726841856,0.4640182974697406
0.3236091481547311,0.4568631930245988,0.46170161552207495
0.3014013170242797,0.5270273882386892,0.38995765644329694
0.28699846815372126,0.5099094889265499,0.4125369947083512
0.24229826360704565,0.3879085120495391,0.34953228804595937
0.28184459745690166,0.500656424083479,0.3869523561397508
0.32485989738827703,0.5469477471994274,0.4900918634275971
0.3346546211225279,0.5580947093427692,0.4744257921697335
0.363497296325822,0.5676919629063917,0.5026582584305279
0.36000350364749895,0.5715967346136275,0.5160199073122442
0.34193422567864157,0.4971166961639003,0.47120180540348716
0.34660538752340325,0.5481560228894353,0.44216431862970995
0.2747151485945197,0.42770248338966116,0.38355736660502393
0.2678320012213605,0.4440310462803377,0.37598931995683316
0.3264263775610468,0.5195959731527868,0.4566082829618235
0.3007641826270866,0.5252959738523625,0.4044860704165901
0.3157146472873115,0.555914832607142,0.4955309172307922
0.2924099136385804,0.4664263128302195,0.4101811136814555
0.2949824728858329,0.5246986899923182,0.4800363033358817
0.33275424206278975,0.5408831932908965,0.44341279176720394
0.3442531460726983,0.5537718207196084,0.45338217458055824
0.367742817287158,0.6016676608994298,0.5227322459791924
0.27059435905655094,0.46932674478383185,0.36939805703106643
0.3154090785983695,0.5203757572569311,0.4403486465475349
0.30910926558077284,0.5359799504774179,0.423282828051565
0.3668427048277317,0.546769205240537,0.529241371846058
0.29645519418796307,0.4585939751406096,0.4306917002453633
0.2872812437065639,0.4595145089056645,0.3761118819412952
0.3025806481997879,0.4975521667603632,0.46514317036552805
0.353324374469945,0.5499332637118637,0.47852885042959264
0.31657976044380304,0.45565785415900556,0.4206308352637355
0.29199512910081143,0.5183552804303923,0.4470289739266609
0.2965519845626262,0.46387004763681017,0.40332084459549017
0.3008362024948911,0.471147248622967,0.4173939732754656
0.28625781532364186,0.49552885040512573,0.41817579215430545
0.3159704482262571,0.5215683107919972,0.42833534839139464
0.2724988590341495,0.45734995387329885,0.35598954982678727
0.33440920053301537,0.5299631952182279,0.49763260852897906
0.28619834085011686,0.5062086476137688,0.4427230432236743
0.24997194867398945,0.4348745930098758,0.4008884170524308
0.33233896755242953,0.539481520597141,0.45598828415908865
0.2566257903138536,0.4424915890804689,0.3632861068984254
0.2903643434428796,0.4586474194006213,0.3854009256721541
0.27803106328228805,0.49173070865925544,0.409763767817287
0.3079356161321948,0.529815537416564,0.42750156851633103
0.29105661323701826,0.48585519006643985,0.4330324330219698
0.28974374605514325,0.4541955740432831,0.38932466902382695
0.33228345550745964,0.4992975250520993,0.44617621599197266
0.3024966142156751,0.4933503202009974,0.4251947341352593
0.2788414516225156,0.44496951344562863,0.40503155909563404
0.32134523061139914,0.5111761882275419,0.4479114605739147
0.34227241924830343,0.5648912162941092,0.4963901019403402
0.2764543761908923,0.44818773864607714,0.3959985951918603
0.3253519694427422,0.5172970075279517,0.4667125012006668
0.2598243910049058,0.45643829060050023,0.3737110702342319
0.3355790398485307,0.5441425743743247,0.4625992077693191
0.28010368475435343,0.4788591786131407,0.41516926595630615
0.27478777994877135,0.45306407095312096,0.34396519496058203
0.32044243497210845,0.5403262179953819,0.4706132436852873
0.32769761847586376,0.5563131408685508,0.47397030999281026
0.3075685520772329,0.5282303824720176,0.3985051261811017
0.3182120011888357,0.5511327115782427,0.40160636164865665
0.3588708996586063,0.638387268705553,0.48668078111355645
0.2843198602979914,0.42918580789060945,0.43056257304180473
0.3345083836768848,0.5705433113274454,0.461434233589479
0.2699424824708491,0.45302596501870196,0.3768411677347138
0.2544649510548302,0.43947917112559726,0.35500097671706626
0.30659645368547966,0.4931915015900652,0.44263244194689205
0.3235542189310326,0.5359402630650588,0.43682646073178105
0.2852030202282647,0.49041932936134697,0.4386863420276165
0.3333005986348096,0.5467516368111698,0.4635701678772651
0.27414009960481944,0.4473534505307632,0.4010662230486703
0.31695341162699914,0.49057853538816987,0.4558641802559992
0.2658977113908411,0.4799077983732249,0.36931788611445476
0.2897279336840595,0.42505033002666925,0.44188788905476006
0.2471189066659991,0.45561448951038713,0.30385602392824607
0.33928151701165,0.4868067516651482,0.4819971877414629
0.27328394585145965,0.46941292692987147,0.3417442660710191
0.3212485715316242,0.5310242965856227,0.4662759036439812
0.24483395840351216,0.42630106982184895,0.3635594473787709
0.26389796473145827,0.4536685338180612,0.35563558345234675
0.28892962273357153,0.4732914386044398,0.40262576128693267
0.28421660956008626,0.4694191696157426,0.3665805009358907
0.3447060622490842,0.5084725009371708,0.42659823969905475
0.3393452353559873,0.5403118255759264,0.4873893269904869
0.2930917604777693,0.45153127772727975,0.4537149799081874
0.2681769275933663,0.4677965716492518,0.3783054511809267
0.3112765528156443,0.5276203057899999,0.4295140790318846
0.31601901808362315,0.5615976094263001,0.4359819668115797
0.3371394094802478,0.5592527773916157,0.49267577877084345
0.2978932176142717,0.5313476502419144,0.3898462954579475
0.34444469113326204,0.5761331161380877,0.4571676966463374
0.29010110314918053,0.47589547570270524,0.4187994238872654
0.31903707856140767,0.53979200526598,0.4408076766935524
0.2957506470509189,0.49500705809452267,0.43346773376887493
0.32173146478247705,0.5542055271791206,0.44988766230838867
0.3363445282953074,0.5782730161019741,0.46232312249712737
0.2673086857345327,0.4552512004910599,0.3798250119298632
0.2963829089658282,0.4762845646368596,0.4727147653344441
0.3215354354889152,0.5358086273934358,0.4119166549276414
0.29982507851999635,0.5161401751514326,0.40814824581133635
0.3006147983093413,0.5264778528522708,0.4240454771638368
0.38809193642380574,0.5951635263250759,0.48458302690128047
0.3224326476276429,0.5477633479374402,0.483332907494588
0.2967204940174956,0.49073795004741977,0.40245891866917854
0.2828249261998161,0.4419702937517838,0.40238668337821587
0.3190430810522858,0.48314471656472163,0.4664035542753177
0.2583618748190799,0.42566444052076097,0.36645310069312237
0.3274937248272194,0.5238865803671726,0.4761607753825197
0.28881603028282865,0.5377928873659583,0.3865112084185983
0.31825201894885874,0.43946272035824135,0.43892940681149184
0.33504208459717527,0.4688735394813596,0.48106826622724796
0.3447640270362764,0.5881971549565933,0.4535610902649978
0.3964898107057381,0.6188775057714765,0.5975528282508866
0.2872018816040183,0.47934676027368706,0.3627291704715987
0.314837226506799,0.5007292562275099,0.44023294339443314
0.29106855447135493,0.47031212021747437,0.4428915590795642
0.30610808191447175,0.5023865456253424,0.43677227310534567
0.28069710229355027,0.43175291887503287,0.3927512078359851
0.3139733795081064,0.4683800366659932,0.4747902801566729
0.3152437236724884,0.4391995528271976,0.44175891061567363
0.28159729505754605,0.4769828740303958,0.39574704563053076
0.2796906080366722,0.4434848948854122,0.4318187723737134
0.31821283909669457,0.5651974800299686,0.41076491571415735
0.3283836907228975,0.5461228553164805,0.4830789357874794
0.31917681897636585,0.5569986890612717,0.46295622982975565
0.3047444371863527,0.48341858228062645,0.4210620288140203
0.2926585785362996,0.47198130302565616,0.4033901275722785
0.3037976489901588,0.5166199446589488,0.45588647749143696
0.2739071276497773,0.4393357339290203,0.34727811010173304
0.3081984526954977,0.5370715039414501,0.42862841049992584
0.26541133094851876,0.4091348358840969,0.37425969181018387
0.33959163349150956,0.5834956298926468,0.4838374736302771
0.27275715190148625,0.46429183671807384,0.3849649167069024
0.28853916907622357,0.47645354491945197,0.37244357468098366
0.2995690167412893,0.49441732509076614,0.4007293113756741
0.28965518942599305,0.4626165169450377,0.420687920132143
0.3198814273589402,0.5032494646123321,0.4698011776086183
0.30366898932726244,0.5253530036608662,0.3914968926659623
0.31838853453632254,0.5466034788220375,0.4922259223153932
0.2640373472060425,0.43787276744241516,0.37103128380943223
0.3207642972588603,0.5344945470293538,0.40553532184720337
0.26582202157460755,0.47169592411943284,0.38327026819265386
0.2879606651761171,0.46038902650669417,0.4059069620642851
0.3033755692914797,0.5015039973920338,0.4376170113710457
0.28297772921121367,0.4891153487963735,0.3927593682521008
0.24691687605779666,0.40069406937357527,0.38359602078617505
0.326822389549892,0.505550454713078,0.45519043929672925
0.34139983163257065,0.5513205480560698,0.4183664291223995
0.24987435105768543,0.3982831299266108,0.3609978647389642
0.3221372191315889,0.5281766702062278,0.4393677424913003
0.33593408894793597,0.5428202271508873,0.4852308640333274
0.31835733115049897,0.536983932338792,0.41055944262130756
0.30300261558785324,0.49269203733875966,0.4173007673967844
0.2916627062938587,0.4582730303095307,0.39817990376034357
0.36186038413503174,0.5773610527714281,0.49777291000518104
0.28838684044562396,0.5067899527181272,0.42584925315405264
0.27650928173883216,0.4533728822330588,0.3763005184418177
0.29918593562035734,0.5676473580274106,0.45497648884433234
0.276461100603379,0.4551451485758559,0.38725761927965374
0.3178114990171808,0.4765686596217281,0.4585972229675538
0.2789530658687026,0.4410065319561332,0.3790679866171396
0.323026911227914,0.558748586951389,0.4393076620449772
0.27549075537447626,0.45027322200759173,0.39834849651092
0.24883607144621614,0.42889017796977036,0.33526783772187013
0.31356634712058506,0.5160922368762808,0.47319203805958143
0.31162139117258564,0.49566156378330073,0.42580263619634007
0.34423393583862183,0.5224764297851014,0.467916227035273
0.29603943722280085,0.497574803751747,0.46133495534558666
0.2585395992046206,0.3930477820250693,0.3350383481131596
0.2571831949955199,0.4398440774076478,0.3656405420321234
0.2976319699759755,0.4922298670066838,0.427875916402131
0.2964074271292714,0.5183471392335377,0.4899996787171316
0.36080520005478317,0.5721872519677114,0.4460756768961634
0.27009761177585984,0.4641826078451475,0.41626084392694823
0.32028204034034113,0.55421314757552,0.4114986938087832
0.275664858704904,0.4832978853995842,0.433149685491791
0.2658363546988071,0.45899230195810237,0.33547133419865427
0.2807131605251527,0.4630558036818542,0.43336490875266404
0.3185420107806208,0.5281816161727829,0.45693327211725265
0.33922548708999756,0.568702882997661,0.4738047084852768
0.2975079473055225,0.5056219141981493,0.4067583553630917
0.25070681012330553,0.42541296045307647,0.38162178302758715
0.2892899587417904,0.476538542386092,0.39498565402747243
0.3331298964435961,0.5444469220368442,0.46704535321133667
0.30902961340890345,0.4870940183983147,0.4029674087658537
0.22551611378920827,0.38167564986924163,0.3432366257388716
0.30424898167691244,0.5572653164186079,0.42114890383803677
0.26689518536145734,0.46370595719154434,0.3625208756444171
0.315348989220537,0.5225133296190756,0.4504959694662244
0.2929301774710597,0.4996015555889005,0.41887863645714263
0.31089644343596545,0.4906410328071283,0.4246703096808466
0.32590714502583096,0.5378418305956943,0.44867895069526537
0.288877658342611,0.4873497724271386,0.3606132794650697
0.3318240758602642,0.5536655352716735,0.4508465611970941
0.2560651760691372,0.43057570040239634,0.40108125580920795
0.2680140542140167,0.4796756006672768,0.42732909160451443
0.31026126340382576,0.4489931546450966,0.42098094827366433
0.34592305606720897,0.559765709031456,0.45761727728007134
0.22284407887236826,0.3534126705066006,0.3485581064708609
0.30331132074578665,0.5549910662659848,0.4150976227060405
0.3058741701937882,0.5480011854172505,0.39737065776270547
0.33582888455477716,0.4824360863829685,0.4782667008940294
0.3475666487768318,0.5574746657522627,0.45016657856780246
0.2592747121750713,0.385729546850805,0.39671908157108204
0.34049241778445327,0.5537536319573857,0.4406764107394897
0.24793453295119006,0.3814294826210778,0.33860462019483395
0.31879606734429133,0.48258679669593557,0.4498926699361539
0.23628520173031411,0.41937349482439484,0.3305207043285685
0.3081665416509758,0.5297525789348607,0.4074583950965186
0.28215391473912665,0.41765894829343797,0.4285477016620143
0.304174120417315,0.5675887011325783,0.4717263759703221
0.26686461277668244,0.4119298836882409,0.36064079188881487
0.30700275625637996,0.5375514617683217,0.446959810225126
0.3290510955367958,0.5707698872013396,0.46317934135579025
0.27947334011125413,0.4413929581506146,0.3953424064214328
0.2912607531095746,0.5100994878768554,0.43124529846938126
0.30643308390443885,0.4916270057072757,0.41016482871571736
0.260440196234203,0.3955787725022017,0.38014752414411246
0.3435679073288312,0.6028832259482149,0.5010775231645108
0.2864017128334544,0.4351933515943519,0.3781117167703866
0.2617258776860754,0.4518991001350552,0.38156069750901517
0.3459220272052232,0.536137795111827,0.4657088497760623
0.3036351519529227,0.5049395594496333,0.44297523188296245
0.3509717038398178,0.5244615013690769,0.47952347385129473
0.3426941384903172,0.5225117273747952,0.447755951696546
0.347757680738422,0.5263618947587808,0.454000577562881
0.28294574795113187,0.4656132397647115,0.40904020905093535
0.2991113349188622,0.49947801503401223,0.42576416749750035
0.2793758153491477,0.49066128868707576,0.3985976556279619
0.2674267469553618,0.4607618450958088,0.3485093471144979
0.3054676449476574,0.4770642831565014,0.43362912152563776
0.35612770219933204,0.58737965733532,0.4644807794898627
0.30256858306517226,0.4389223250806506,0.43378195777401973
0.3334971200422239,0.5943705836297171,0.48673950773852037
0.30727615598738806,0.4883614997241425,0.4214803558919725
0.285139496523569,0.45187684627333224,0.39152022900228484
0.2852878955389144,0.48808143991595104,0.439055052090794
0.3635852300450552,0.6203687196939546,0.5243664829482912
0.25851446035836645,0.4317360125295431,0.33090516165891076
0.33125162079915954,0.5503019191064693,0.45762134969174667
0.2770394115164772,0.4879103621622317,0.3983167846000958
0.32230070574363656,0.542430653316848,0.46079682145977835
0.27890590115412217,0.46635560913789564,0.39153059036107607
0.2865457595598173,0.5097816146436446,0.3952612084156084
0.29749947820424305,0.5060737481106887,0.3764415889018058
0.3068794739981787,0.4918410610630406,0.3989197192970097
0.3280396066754486,0.5311472626829895,0.4736149447787641
0.3152455186065077,0.5024781870286938,0.44443749994378773
0.3270622961015172,0.5618159962548633,0.41954968255206326
0.24262257841532459,0.4206949026029715,0.35483639913403164
0.3270551009858752,0.5763629008847113,0.4120408099769882
0.30833753492930827,0.569497203285317,0.4422343701172168
0.3391166938125186,0.500540288853364,0.48937300282291357
0.30427445664721414,0.5305565840976791,0.44714077128430724
0.3023565299136942,0.44327427126247915,0.4277970116813845
0.25652587626754897,0.4701364125454063,0.3655796033898873
0.30688690039296246,0.4808216900492553,0.47563084775135805
0.32540054745526625,0.5758462720980148,0.4710371551741663
0.2785088253713369,0.48033697149875776,0.3811522447275538
0.29492447356692,0.47520850129492664,0.42138625570004784
0.3208686108501446,0.5677448320778689,0.44906089819362327
0.25068773947141965,0.4483843720597031,0.3925971129707417
0.3075853065281312,0.5366146592132762,0.3958517775593419
0.3265890926633363,0.5556145009217613,0.49474167046329026
0.2546700439838924,0.43061278715430246,0.37255942707555106
0.30732638255039896,0.5154314474753418,0.4030471518047782
0.28573749610273713,0.4864341742221873,0.3895015684846645
0.26537278233439454,0.4699632954788425,0.380789921138244
0.3094510533087763,0.5270979667546778,0.41428035161118454
0.2738048693933105,0.4759810654946453,0.3942911861273778
0.32086041223834816,0.5521772303657442,0.43678974789626773
0.2967119898522714,0.4855201159691516,0.44363117889607434
0.3083515089604412,0.503299777188794,0.38389673475688296
0.28243672923031476,0.48529730793819076,0.3808481701403231
0.26239660079483723,0.4009696704244974,0.38525538470791515
0.355249311854469,0.6342946891328314,0.4719436307046442
0.2673182581405698,0.44381211564862744,0.42039049830725145
0.30079467172764146,0.5480312626884809,0.41925380126950684
0.3383018213859466,0.4608160070399245,0.4570194115262264
0.3350310880347272,0.4618862376199089,0.4521359391763586
0.2892839541380659,0.44544276726377313,0.38844495327892253
0.2729756296486741,0.4795562079661898,0.42741294723793394
0.301227344838812,0.48703910703758624,0.4198924048673473
0.3500793989275553,0.5262113079964725,0.5081248108942016
0.28328493663996485,0.3640027007207891,0.4093503852447511
0.3128062809135014,0.566986278270456,0.4407721123304062
0.27975529909364605,0.41785794184604075,0.4165242180875185
0.35533717729127445,0.6159094019389811,0.4214766402173255
0.2649653088329853,0.41481299368000973,0.39731166404232743
0.2761762593085094,0.4847781296112752,0.3135874858327617
0.2853164864045434,0.450416208313573,0.5046966580359417
0.27150386501405305,0.4370049782786212,0.3271375537078818
0.28253064992838944,0.45919114042270454,0.4647436715098275
0.35301489329920643,0.5823570065763263,0.43821024803318864
0.2971271507343196,0.4788978100289854,0.45576134080796665
0.29683379439439206,0.472525447451545,0.4039051566425477
0.3145125769640689,0.5907230384876214,0.4517067562331006
0.31534240607250286,0.5347358215565378,0.41525875761139946
0.3032430356754578,0.5108162367343614,0.44518253264944513
0.3695152405285641,0.5821298536092583,0.46156877289106174
0.21501660971144246,0.38936609006892725,0.31606345231238875
0.23296049319607362,0.3719000072371296,0.30474386233508793
0.30373284065533956,0.5250567990303951,0.4743375654323679
0.25847425474848623,0.4255298128043873,0.35712799745152796
0.2750516346183465,0.46824384338464675,0.43167281632698373
0.36157118028386076,0.5865547912160954,0.564783858052101
0.22491989759652453,0.3624785554511667,0.30936645114289224
0.31310092742350315,0.5247244988919434,0.4944525601060125
0.2823911319258615,0.4523476866128891,0.39267277838987485
0.271263736038568,0.47238247671546607,0.3642949928586745
0.3444694473709793,0.5636967559079066,0.4589377138331833
0.33420763818575544,0.5487823656823045,0.4719718257263439
0.28034399195334886,0.4535661275011703,0.40233699981964727
0.3410833037640662,0.5901694252210642,0.4655426475801979
0.26735556006750394,0.4128140747908332,0.38988646321345577
0.2795647375876071,0.5121519014459188,0.36468799417237685
0.2817065415993435,0.43043354333775324,0.425543458443133
0.2799297619468651,0.47231617414383764,0.3694251449692967
0.25444989606330876,0.41016166791818287,0.39103393381133894
0.33480689941325475,0.5158389652363965,0.4648417985938177
0.24986544820612558,0.40705765646999326,0.36397950730510936
0.2726456775375046,0.46406138124342217,0.432424837217969
0.27328791546733255,0.441228142203394,0.3950140150365407
0.2799019300865758,0.48254272802801407,0.40433940755323444
0.3291294054603846,0.5160502147625382,0.47692836996027516
0.3162078588816439,0.4770123529915476,0.44498638113881667
0.31665219766458064,0.4807786203121975,0.4220135633533625
0.2528332195955402,0.41462124350530066,0.35548160354689
0.3253252861637494,0.5516502047366965,0.4419478710824159
0.280166733754252,0.44958528901902145,0.3904033017345712
0.28045979722219366,0.528839863812493,0.40616849178870756
0.28836440695937193,0.43730527046583667,0.3974050464862895
0.31180580278861497,0.5738079562979744,0.4933190515661309
0.27732033119342314,0.43309813877374087,0.3911496665561323
0.2679099039431785,0.439527874543484,0.4009082502059441
0.2829221291098861,0.4929935340908897,0.3786799445511668
0.2669976004667828,0.45530046537646324,0.3398709857653436
0.2655519595120738,0.43266359151813444,0.4047578013847676
0.314628409301431,0.5196645697534057,0.40852364703802857
0.296212129616473,0.4606064687332236,0.46693291917473223
0.3133672446459653,0.5032698972090432,0.4014906263941057
0.2666516465637971,0.4146775544736366,0.3923307482780675
0.3387039887920544,0.5316271125497031,0.47778797946902757
0.276062812832223,0.45756828627569174,0.3776247009532252
0.2844005504154513,0.4658244067309535,0.4339665756544276
0.2847780540404511,0.49677608706336013,0.3979304969449704
0.3080151010521207,0.5000429229361751,0.42388907571563283
0.25478016679594273,0.42895593734126064,0.3374939952800819
0.33311639195783804,0.528697464197276,0.4649639970934629
0.26843195264246655,0.4417205012801871,0.39986676370191354
0.31447934365396846,0.526118913642078,0.49599142818558717
0.30848081058100607,0.5370932126636864,0.47685848649244644
0.2970241072320503,0.515254054511647,0.41854162985370547
0.3480381180283414,0.5411020315567201,0.4812700802308067
0.2637026119533916,0.4307773545741602,0.36902397892018546
0.2640686312323998,0.40955931098772114,0.40335122407458457
0.3292802852122879,0.540143907792127,0.49068450270013125
0.3171118035822245,0.5277650473984563,0.4273084422695717
0.3036395656202775,0.4992942571373504,0.4501472555460707
0.24861282008076616,0.4152323431761489,0.3755991843074876
0.30556630212120356,0.4985857076335701,0.47232165141716453
0.29478440205253287,0.4794157931821836,0.38870684285047324
0.29804317032634353,0.46747808160733695,0.4270203147994772
0.28458764599589753,0.4452442827563273,0.38889756770161565
0.27500328675989855,0.49655071761424585,0.4122287028587658
0.2736659748363993,0.45104770213809575,0.39770419396792517
0.2834708780219268,0.4765688084514911,0.41444020736366055
0.2785546577325296,0.462349065793648,0.39786372524401176
0.3064158876892499,0.5121235258684557,0.45087835346019844
0.30268537931611017,0.5153782307307475,0.4444109071163524
0.2970159275426425,0.4729288910737707,0.4072928355529902
0.31377453981321135,0.5030028146182836,0.43959744550634894
0.33376122707468986,0.5484789566485323,0.4824969859564392
0.28028480224232283,0.45767364496469726,0.4306617353318633
0.34067022714744805,0.5514871017995545,0.4428066258459837
0.32009348492855644,0.5131311363330404,0.4899508321046826
0.28426475305376037,0.5026661403786618,0.37106204491579386
0.3323547805487925,0.5325842544908481,0.4956093613441761
0.3685450141038665,0.6216084910848677,0.4856382000796589
0.3491684524613238,0.5811340316907894,0.4973596218672745
0.270881340641834,0.44309392278916476,0.38643318083832773
0.3033870055088474,0.5270967419791711,0.4332929035195768
0.3256258560168216,0.5515633950300696,0.4547877924855072
0.2595037449656219,0.44241276431880816,0.35733346926941256
0.24178895527837568,0.4072118959602094,0.2988924012292084
0.31654312432579434,0.5590320864779982,0.489863439756907
0.2943053273995369,0.47070145696161514,0.37336800697354905
0.3377650177032587,0.5512554281882411,0.43842917526668024
0.2487884053800438,0.3991852868983349,0.39484077021302505
0.35109411480857067,0.6509339721614513,0.4375008760552505
0.283255342232624,0.4097990327748289,0.3958270454197837
0.2864037686771244,0.48118674956720897,0.3951199919679602
0.30352449069643306,0.5117835033661815,0.41730738512190746
0.3362282456633435,0.5379794614297959,0.48309781674759844
0.2877315679890979,0.5027667019944786,0.39543586338080977
0.27154801849217747,0.462791651747583,0.3533358635292752
0.32168339141364855,0.5267377967662195,0.46584937868890686
0.30600395027534477,0.4605720431882223,0.41142391952956425
0.2774468314090552,0.4764846250625916,0.4004822219008941
0.31298494670987553,0.5454286694987521,0.4414471692298009
0.2768109915156861,0.45393181927722376,0.4053251773624742
0.3171362088006618,0.5112846474800559,0.4317167297324549
0.303156407561793,0.5440013516474487,0.42907636291775586
0.3077142374561601,0.531893150338158,0.4198756287123341
0.2604054154155039,0.43201642096744003,0.38749453395281985
0.26771251408226143,0.45204235359065714,0.39177703027390626
0.27753117500981833,0.46626521532391607,0.39780460881023594
0.35725508706317516,0.632610202897985,0.49164733114301523
0.2669159376229196,0.4192268417600709,0.37884232252027467
0.277075465721665,0.45395356975172324,0.3986418737118913
0.31065880906207977,0.5057508700718515,0.3869388261330815
0.32951295788959667,0.5738728022605228,0.45352870380881094
0.35127475338733416,0.5890141243213318,0.5036358988499593
0.3262589816431342,0.5841205298082978,0.49094904905716763
0.2627143056666666,0.40470489545330557,0.4013319609888225
0.3406092879916459,0.5382002326229887,0.46897335201485674
0.3291703388411313,0.48793290579632903,0.4721012511371508
0.2871959930743402,0.49913393873224415,0.4076658379188973
0.3252798923070909,0.48769015176697667,0.4484717394909079
0.3268216710350886,0.5642605228927766,0.4773457820449958
0.28456035497441645,0.46313218409158313,0.42180428988396285
0.2976644665773933,0.5005837256464325,0.4339361193318883
0.28276831352563386,0.4683757613779689,0.3771322248567267
0.3066443441141928,0.5152268688045574,0.4418284453591383
0.3364389519882353,0.5373227629343282,0.47227670260716
0.3366850903348708,0.5771971614008741,0.4666861124969358
0.3223685199154698,0.5041751416356983,0.4005315507815091
0.2541293416078153,0.44103793565937294,0.44823072876491127
0.31999493666534284,0.5629914792923736,0.43238516506945407
0.25589407845054474,0.45218286299577687,0.37712120534708543
0.29094757007062766,0.5255512709900177,0.4139617786286092
0.28707720172630147,0.5038422485976433,0.38195342313442815
0.24975261948156852,0.3746465786047619,0.3432878660145012
0.3498839317797488,0.6159519083445454,0.4857735847237947
0.3092856867487809,0.5128058665175749,0.40290483254248033
0.25444967508472094,0.4602186906429616,0.38121054941836585
0.3107509678916238,0.5063128200497995,0.4182574695941576
0.2341066833966988,0.4227041578454195,0.3264571045197819
0.31254616931263013,0.4495991076377367,0.42941090699505263
0.28388074326075113,0.4738907654029162,0.4014603309368107
0.28458353173594897,0.4771292159926751,0.4321610286961634
0.33721435944244443,0.5611436330688395,0.43862512907054496
0.25490539134020984,0.44324985125433813,0.3831958353520311
0.24975334113312486,0.4142835482620488,0.38709746740809553
0.25773762002453343,0.4257277396060704,0.4239275784786615
0.33709372514841074,0.5708151209751546,0.44156692086899557
0.3451774566203398,0.5895679776626549,0.4996879528991848
0.29818324216061337,0.4598012583384072,0.3925996984233281
0.3518754226551826,0.5871081300630041,0.47845846584247725
0.23902670435052337,0.38831475071778604,0.34253677855664133
0.32431041713204795,0.5232863127492279,0.48112030357356445
0.30915792450697616,0.4828462712265759,0.4637966012774194
0.2940156366826815,0.4992997223327087,0.3871172458317883
0.30687065784031026,0.4815223241857901,0.4218304015072754
0.3070588323933839,0.5124731750593223,0.4525937878659095
0.2668889112374928,0.4188298894578796,0.3543726409578238
0.2679419316357135,0.46769764327153973,0.3681092394877564
0.3085441023523513,0.5271927172192734,0.42510602410333825
0.2712703775774555,0.47199883812222526,0.3796426057376584
0.35677762236512645,0.5271620070054273,0.4800560447504903
0.25673620621997134,0.44742879742118885,0.36086902310893865
0.3053107326927791,0.47994163836252557,0.45486547961945856
0.27874176151202584,0.48950242319070664,0.40931845638582354
0.32926593977729807,0.517212756112775,0.4479521968581143
0.25671757742106566,0.4574043103390084,0.3571636597134042
0.3621459032146569,0.6370735789547853,0.5146898152507716
0.29960995879099794,0.4999292379996986,0.4033494118341869
0.29424577810976715,0.45643724532496877,0.43042822980161155
0.2807779052511389,0.44126082391759863,0.3945729915174257
0.3086049447163247,0.5246752320563526,0.4678098092217878
0.3021774889230674,0.4700724153510156,0.4314018437662279
0.3385644823114392,0.5531889310457889,0.5072370726318075
0.274575629445414,0.4713866615008402,0.4234266324419854
0.28028246157961634,0.4970469929549734,0.4193107461833673
0.35704461124645265,0.6044165198549958,0.4756990054224714
0.26407991087704213,0.43997582137085867,0.39824222056504005
0.3752332405775099,0.6215705219141937,0.5183649417073146
0.2555493256433328,0.386858951639949,0.3861748125805145
0.3224664423400315,0.5470778272703338,0.4334353902095482
0.30816202195526626,0.4974338457844547,0.4191035789240065
0.37473583397685384,0.6080497750063723,0.4760545005602247
0.21068123789418894,0.3566405332110383,0.3511745886075279
0.34182345058134983,0.5845120055002823,0.43553760147464005
0.22439199897784415,0.3859559023192838,0.3402496926717548
0.33094473159936216,0.5020052214067787,0.46610065731174866
0.2651146604465943,0.4541727708965684,0.3937582461649389
0.2823575379050016,0.46166115451936535,0.4067891961520646
0.2835747822464738,0.42605501089795095,0.3964782427841401
0.24236992207560545,0.4387883065188393,0.3490121365293803
0.3019486671432144,0.47285794652551233,0.40337301675086906
0.2615830814776326,0.47235705137154704,0.3948153874460342
0.3003825465360482,0.4596886996608256,0.4056250697577245
0.3118001806193078,0.47574962121748504,0.4260977764759384
0.28677144589586606,0.5241908402512744,0.37592648315265276
0.28672389675691706,0.48902099410026734,0.40767347980155655
0.3153308792051541,0.5526658474216414,0.4509575404888283
0.2652526599420575,0.4330017446540956,0.35168023517609925
0.2554826433504089,0.39927172136796646,0.3878297327164184
0.3511642710441508,0.6256570229814846,0.4869335528469451
0.32272673836343213,0.4633090849859039,0.45448105700164826
0.30875093376526586,0.46833652758439387,0.4353851506301864
0.2705031985304796,0.4006455641673605,0.37478659828526284
0.2644627441757271,0.43208486502930354,0.386460507355144
0.2959959323829266,0.4846336034842708,0.38589000138341867
0.26464292183501015,0.44846099401220035,0.39290099187418775
0.29412037636817745,0.47536831525454604,0.3912202222893104
0.29094396238033465,0.50349182743466,0.4179403697620657
0.24408519605416046,0.43321723423538894,0.35130446190360126
0.3555644759376837,0.57104496678453,0.4598858867443233
0.38611193443216674,0.6182893040419929,0.5305146314872633
0.2375740594473303,0.40035232744036914,0.346240431944189
0.3439618645870478,0.5518569400761242,0.4956724461946615
0.22043088937773253,0.3707076206411249,0.30053035486197527
0.3446947984573848,0.4942905591352566,0.4716306931824061
0.2807763363744599,0.5066787933895254,0.3610541940292476
0.2877152544013249,0.49535535928511165,0.4329193649684252
0.34184858944488755,0.5786075040949799,0.4682686843014749
0.3284714133342307,0.5554653191183921,0.4873823099920392
0.30241995306699426,0.47504011340172086,0.441384116167885
0.26574518891304033,0.4758860277792502,0.3713742613673426
0.24606020963736225,0.4204821553429137,0.3584029878288076
0.30435517179488863,0.5027619226131163,0.4031772460499927
0.327869680387213,0.5189982090393089,0.4316532020798151
0.3186939236889804,0.47747627910654755,0.46641125033491926
0.2773854813650919,0.48650898107635226,0.3988255454262184
0.2946347474502417,0.4761882239137839,0.39544909524632643
0.2579889143910789,0.4598939512920726,0.38329971689206377
0.2768394776785044,0.5029751685479112,0.4081558241961439
0.31271845156678496,0.5517802373741393,0.4588372482397367
0.2907602267266792,0.440582792294546,0.39398136172821135
0.290933294274977,0.49937148793233305,0.4621065569542533
0.2814609328698389,0.49627370145766164,0.35309966375084895
0.25252365602515076,0.4063254278142115,0.3817629144184531
0.30540158217907776,0.5545499715740887,0.3942925804754639
0.3027620057174973,0.45509047042003276,0.4345384602689346
0.24749479517070974,0.3698250184963235,0.36339288709143863
0.29175391054353206,0.5376613734262604,0.4101713742896484
0.31215885891483763,0.567758365775011,0.4124176972377774
0.268273574136604,0.41066349367925253,0.4179444163986947
0.27137724675530955,0.47321824850421446,0.38358941951168174
0.30751330357834183,0.4981086677282091,0.46447731221760324
0.2856634831850849,0.4613848852776575,0.38939201451882477
0.3140593214497825,0.520156273393374,0.4230501312848929
0.31375790510573054,0.5091288246627595,0.46715418549897225
0.2826378117108662,0.4717632399787775,0.41099760245608147
0.2806723241125258,0.46785311998171253,0.39595378726234165
0.3447102947660398,0.5244232277304767,0.47896078650416996
0.30381759482553,0.492693136143907,0.4010546821263455
0.300250418734721,0.5247767764913887,0.4399636040417057
0.33610690716608377,0.5590908880003456,0.47821222360546406
0.31933123537535346,0.5117244244034095,0.45065846337026794
0.3436301663449447,0.5718815044830725,0.5009884110796835
0.2722298177073661,0.4407350313716801,0.3966452233063724
0.289491371544227,0.46821732370386265,0.42256035389375385
0.30546677628291036,0.522316508998109,0.4450313978374495
0.2816544912695941,0.4444295459444828,0.3795915423516518
0.2783603030796555,0.45676003869478216,0.3791280586780754
0.30218296469899186,0.5282732526697025,0.44415101615974933
0.25645055927620153,0.4610004420438934,0.35849243754478455
0.35942264037935173,0.560889158865215,0.5168616736139912
0.32034517768063764,0.48289970634042395,0.3933479502145114
0.24346718626546715,0.43840689396277815,0.32708836469035624
0.36399898788202045,0.4889275624446124,0.4651774734539385
0.3081771670943055,0.5089118091820048,0.4624664419445266
0.26390042103593964,0.4563548132212877,0.3332865296430813
0.29026907163250165,0.47939994211758735,0.4345390591176417
0.32302296703437033,0.5472825752418325,0.40643511321078885
0.3249867327044741,0.5272362230313062,0.44693237468829305
0.29626094644660805,0.4756536001789293,0.3981217399369515
0.33837177436353666,0.57693106006739,0.4338976143006706
0.33550252111177753,0.5383667285284635,0.43916805444958956
0.2807924358107678,0.4291376370798895,0.4091238002186851
0.27422526070094905,0.4219638433919343,0.3897522786069485
0.24728544019008766,0.4097091089107477,0.37010963544176934
0.36610591403998327,0.5846903454952775,0.5272957982209573
0.2943406883051761,0.5097628533315178,0.43990846166163916
0.31197029749976235,0.5036118561251439,0.4190489284331322
0.29505142715278176,0.5088396198316052,0.452197404749432
0.3683037297637664,0.6277143046854132,0.4425053550847166
0.33868481619422314,0.5537689258856263,0.39297563560079146
0.26576509233495027,0.4534955990675815,0.4440584004250354
0.2944106595510052,0.44404589255668814,0.3808747370263552
0.2410071528737112,0.3938326847973404,0.35530787452344936
0.3342827320307007,0.5367427987868928,0.43550266932011744
0.3040050829651154,0.491969139386283,0.4018358722626554
0.29479706455618926,0.4683668294373382,0.4179977641268697
0.28066699245662546,0.45523064491670495,0.37099513080479307
0.28442329495314767,0.4765144777495069,0.41120846323630095
0.30711060269879487,0.49659836966479537,0.4201815431892856
0.29873161554315425,0.4806446730848135,0.4619955491479701
0.28135810471191935,0.48679459361850463,0.4007644687738442
0.2852511151921004,0.5132333478303598,0.3804308464975019
0.2864755855490437,0.5020988803709302,0.3931288112019289
0.2491571995802965,0.4224507357624474,0.33061146904895633
0.2635748937396444,0.4364586741837612,0.3636584516235156
0.35562538185829135,0.5857216038711239,0.5306439509243165
0.32662096387440415,0.5417342059099912,0.44130330297843057
0.2889474315130511,0.4648297955445978,0.45514140639192524
0.2757675865036184,0.47563968561034137,0.4241307926632954
0.28212450791856336,0.4897578571960206,0.38233557422734854
0.3707316701772287,0.5042301592158601,0.5077457712961907
0.2803654491914701,0.4188909273403563,0.39062628365967333
0.35920277018438135,0.5500006628841901,0.5005435464055282
0.3254394463667578,0.5314211840753875,0.43278270845822236
0.3197566813619418,0.4913745997308289,0.4719261186086556
0.3019666428415596,0.5170805975212325,0.4190685586034322
0.29438662788288317,0.465361392342842,0.4115629484059811
0.32141893425438167,0.5300395145330015,0.4835018631658298
0.2903628934016516,0.44976407564085613,0.38840475747499553
0.3396590578167612,0.5843004236404085,0.5117542950955951
0.31185083494571625,0.511272206366853,0.4226814782574739
0.30935492941040155,0.47842122134857035,0.4062289895447743
0.3289166605902315,0.4942305054095025,0.46052808814083596
0.25872051621617626,0.4342250400404808,0.33164621827276886
0.2817622494605455,0.47023509232130756,0.3432914105463402
0.29251325359821995,0.47772075827638494,0.395174728339764
0.34615682919913404,0.567137717428637,0.5237162479072573
0.310520743450679,0.5185404265293532,0.4001351319074443
0.3027781546420257,0.49745002826545387,0.44159979197379506
0.28538436463317496,0.4815765589286102,0.4574565353925728
0.30049100479420077,0.5100961331863315,0.39128007317513375
0.25699597851511286,0.41882808999090354,0.375620522999728
0.31415958991349163,0.5251418271922298,0.43507323106788937
0.30731937605251375,0.48917249624221865,0.4080925454717956
0.30612598438904115,0.5010575035732131,0.4560902030925862
0.2431843612302748,0.41666675282054705,0.330112443535597
0.27210879943094646,0.45479840422739654,0.4113819937891402
0.28382999584523544,0.49112743819178145,0.38337625016575855
0.2961659587284985,0.4845509702723405,0.4256783860712013
0.31751376382911684,0.5244335331891897,0.44692374028458465
0.26158526123912984,0.4452793046770078,0.359763404950502
0.2674508279735643,0.42208143196454306,0.3784099345138883
0.31189908533257693,0.47774776179556583,0.4588194688806328
0.28062868266668356,0.44346637538922606,0.4012405518630688
0.3003166362865653,0.4929534884773045,0.4160612901688238
0.30693729693959515,0.514722600650392,0.442422750316497
0.26829774807039125,0.42392329566581066,0.3656366755114533
0.3625323541945233,0.6254932336526735,0.487638918807249
0.28797352103912655,0.4744251074360881,0.4027269932638611
0.3739405497721884,0.5981009794416307,0.4973669140323183
0.23350278442105293,0.341853171647914,0.3290452748384158
0.33782179649258315,0.5981916465122645,0.446175884099228
0.28265062180150347,0.43191616790516324,0.4170827313838888
0.3388170120239801,0.5082266826309083,0.5032100914738541
0.24114413148133354,0.3970824626279333,0.2954228846281374
0.32980737556660555,0.5463288877814588,0.44207482614472404
0.29633975229423587,0.4973319734572492,0.4529453448547316
0.32544447667323534,0.5305585262535887,0.46978543808793816
0.31182602367944234,0.4964039635793132,0.4466966670655304
0.28883589777871327,0.47696736979194143,0.38340336882033077
0.34197760267536614,0.6070796413994216,0.47531690118375497
0.28689255353352233,0.4763661560274678,0.4384264838343208
0.2954764185569423,0.486036448320257,0.4281005849887843
0.2859288314723902,0.5147298409142729,0.4288230491005818
0.324999691770018,0.5366031411349185,0.3872772053750722
0.3130015056223729,0.5139316093866242,0.46443973297390667
0.3067689491203375,0.4855490882564757,0.43572965927271334
0.3331431384954677,0.5861754144028374,0.4750884504897334
0.26596005058613903,0.41537796497099116,0.37263757776072315
0.3002436110186244,0.5237089831134006,0.4308745941294643
0.292425372680169,0.5067831151093523,0.41994443164005785
0.3283170427238415,0.5293613335790373,0.4687158631594634
0.34091502720552674,0.5444828514333475,0.47306188824820095
0.2979823764948593,0.48247389457150364,0.3964507909967869
0.3299399215612773,0.5791183891359256,0.4866586612709445
0.3326750190112835,0.4980774234437759,0.48682788204346883
0.32058632295785217,0.5369660985005938,0.4456049032177444
0.2984435382913268,0.4972297535772165,0.40459388879847585
0.28595679819555647,0.4779232949990693,0.3875710423682175
0.2945528852098088,0.4821290911351355,0.4438749528791999
0.3260464419692641,0.5632954641507267,0.43647290064055494
0.2818842651655533,0.43602132680103994,0.36594441395180066
0.35472444881551635,0.6286589266547262,0.5116837110549648
0.2847788149339236,0.4407737976752619,0.38251695582169065
0.3509403373672802,0.5840810861638996,0.5206411536992168
0.26016480608206105,0.409885832738247,0.34703335604807933
0.30845676546208123,0.554602914714119,0.4342026135381128
0.2805661642751611,0.4622302475979958,0.3880360967064729
0.3178378983877693,0.5376577266271446,0.4353887282073181
0.2579445465655195,0.4471309614938018,0.3839315352153663
0.32113652295769324,0.5147837437190003,0.40953581348969265
0.2572545974086269,0.42716556208945033,0.36611551759523653
0.3325319312874512,0.5361729647902707,0.48228539154065303
0.33066661069262654,0.5420686748994573,0.4662519100547129
0.3035842423341602,0.4952966227360901,0.43741654612218733
0.25196321708324865,0.41504782079893343,0.3549342292127366
0.3798808892872674,0.6203629595599041,0.5219785045631928
0.25638358309581744,0.42759400983403534,0.3699804106742792
0.37684303355166404,0.6428189424701499,0.5017578538332171
0.33766354318478176,0.5683669977239996,0.4886817464130051
0.3054799422895067,0.5052302880847035,0.4130915506108432
0.31457085570451604,0.5158728699022194,0.4101986161202778
0.3053693045804605,0.5619288328600079,0.4568748461860941
0.3503887220214104,0.6112005973997453,0.5025295579720938
0.2815485327344048,0.4548087257257483,0.4177682757441073
0.31028904297330134,0.49811754756001386,0.43711596617430265
0.2967585835331266,0.5050467783962951,0.44939571685562096
0.2765993480365444,0.45163940392365454,0.4011475609171028
0.2996653016544866,0.508108553356287,0.4149184307723656
0.2988779475805699,0.4939712852427469,0.40987296114716315
0.29516342636459336,0.5240754822307366,0.40805951759090986
0.3384561530704565,0.557784132874795,0.4639226555950032
0.28691993740170857,0.5183024379830482,0.39547462210275325
0.3165744399374658,0.5662994535465222,0.40185948268931676
0.30471457276231995,0.5003015730633403,0.43748720799788565
0.29942827366638997,0.4951893618400804,0.3884220053760094
0.3408061204653264,0.551457376307184,0.49774988577658097
0.3044556375217234,0.5224325248274285,0.4451033325250558
0.34949892250918496,0.5873425797743034,0.4475322625498226
0.2729215222200606,0.4719944821876368,0.3725244666750993
0.27550902510391084,0.41383184564238257,0.3742176762004437
0.32629268255430566,0.5846403480888845,0.46810677086471275
0.25382745365675097,0.3998790640711367,0.3695128670134772
0.30548454698316785,0.48406265638020396,0.4435033014411642
0.2962362924954554,0.4563795258055892,0.4048456077493838
0.31184220719253647,0.534203525479261,0.4772651391649447
0.2852446177151484,0.4413562460273919,0.404034600294232
0.28914679808840504,0.4839415369402858,0.4221420797874993
0.3639579709760677,0.6038134990906747,0.45733312143820254
0.30764593785861455,0.509296710140555,0.4238727626914351
0.3117070459038105,0.5242046778302495,0.41039859945136653
0.29604157682888205,0.48481018360272926,0.47581988325548347
0.2280453529149583,0.37216412674611393,0.332607753910955
0.2956592083781975,0.5179936402917215,0.41963667730165494
0.25522596432408046,0.44302970946419873,0.3873022673817651
0.31089001051791704,0.5329138190100688,0.4272482323225025
0.31168683102294303,0.5238728791088306,0.4544475437973709
0.2762084107646051,0.4697057307959331,0.3993681067316241
0.28509612214592733,0.4925957269870429,0.4310024904968241
0.336065102332743,0.5011033613833187,0.45133767198375385
0.265761159108543,0.4643986886981304,0.3931275008397631
0.31735002824814723,0.5155741608478148,0.48416245592128965
0.25042100636041054,0.4238812074202709,0.34263436894142163
0.2733116072253212,0.44488099652280444,0.3781511583417593
0.28916991601295705,0.48321207761801943,0.39530681260509387
0.29928661897632136,0.5162717580106444,0.4296359103465542
0.2891255865781194,0.45441122624032027,0.3913283334383033
0.32272270385365126,0.5050329861299863,0.4220492774599472
0.31206868599763493,0.49870966250003584,0.4842244751256353
0.30391919050227667,0.46222726179447665,0.411000232299084
0.32665600651159016,0.5600234266214569,0.4493852334728781
0.27576844190415967,0.4633058650790717,0.3880482937894149
0.302249752145532,0.5170303679165802,0.42473788192394185
0.29043525912343676,0.5005848831235851,0.4011752934025843
0.30062387864899326,0.5137146824245963,0.39250185618576383
0.3160403811554589,0.4958409733516327,0.42480594403293
0.2610336604892521,0.4201902464480648,0.40813103614794616
0.35293134257424413,0.5775733666517576,0.48825906888639553
0.22992226643573183,0.35931825523119354,0.3488029514685461
0.30585059754896976,0.5736629198989266,0.41036067456861747
0.30487212366704425,0.46456038312234654,0.43198415035872295
0.3084981130932619,0.5520444601210717,0.3985678948362549
0.30356121329244407,0.4743683407468396,0.43058949684698095
0.30548125337629417,0.48239966414378416,0.40142890183751756
0.3065298935293774,0.5085975946956104,0.45187210463233396
0.3194005112452255,0.5134379982660863,0.4023367100224026
0.2365102100009901,0.43364131031343595,0.3531307653772393
0.38549374360066474,0.5716567570605259,0.4882213257440314
0.3440318659162465,0.5395796689097407,0.4607528491295226
0.2948477282736001,0.5265888186430939,0.4374350026305038
0.2959884341725443,0.4777522781119389,0.3995479987885586
0.33757479878444635,0.5008574632809586,0.46484842457550585
0.24737157690840794,0.38559577527838496,0.35215927740525604
0.2951687239620277,0.49190534167376315,0.3843008127171906
0.27985248606268015,0.4767643430423074,0.42392643499793137
0.32227008318564904,0.5461113810391952,0.44496529786317335
0.31438029855713184,0.5388456539255978,0.4497034898126456
0.29386680694790007,0.5173985040954948,0.4214022163238063
0.32917568996247776,0.5031425110726294,0.45921568998359985
0.2891128389435991,0.5110393669875862,0.40755184907557973
0.3270844501256898,0.5711607935496336,0.49197606228119556
0.2749357985778496,0.44744884276959856,0.40099399425652266
0.2974713419161284,0.5168300173426786,0.4121972919084007
0.3059782017460221,0.533607670392505,0.42165075261089696
0.324069917760927,0.47444216779177373,0.4388591729337259
0.25127725660346456,0.44129409692441934,0.3811187836080211
0.28896677226241624,0.5107071050359913,0.45570699744283416
0.3234567974691553,0.4844123399510048,0.41906436820048415
0.25492713007797935,0.44535098899072145,0.38904984128412345
0.3068944237518644,0.5177898884577282,0.4224765380343191
0.27651191248572055,0.452758539426292,0.3979194831430696
0.3003988024874956,0.5051923411556841,0.4364316191839339
0.3331501643751163,0.5549682330993703,0.48443099767794817
0.3050965789935578,0.5420522050501738,0.411670355584347
0.297175570353194,0.5309373382033977,0.4028179789440069
0.31176288739054564,0.5364834422823519,0.4843411164386751
0.28003532291109656,0.42602028066109676,0.3744671477786999
0.2583433097498201,0.41422625829028054,0.3316223609654574
0.2472328955169989,0.40997404476877275,0.3087123133547636
0.2916534511575205,0.5160225548717717,0.43969059540353367
0.3494776753972544,0.5961007687235438,0.5237251674432917
0.2960809521825955,0.5250334139232519,0.42378795088698606
0.3352784870257998,0.5800641718053442,0.4374103528377021
0.27607103159092294,0.44339348703887277,0.39759307375021136
0.3561292198132686,0.5839975388461497,0.5193336622382281
0.31769794301052356,0.5436154418565066,0.443835846406979
0.2547037025741173,0.44238312894077547,0.37613230897692235
0.3487000901375503,0.5722148041256163,0.47693550946540963
0.33861673749409993,0.5585118559367883,0.4711254734917246
0.3134701487860509,0.53118015997177,0.43995132293474803
0.2766477612362451,0.4468728323131707,0.37760368141549605
0.3080732522041761,0.5200869314217951,0.4304707786406897
0.3028972676490409,0.4877228817461411,0.40719543632956723
0.29520817409027356,0.4995585505998217,0.4343860967848861
0.27389772811308294,0.451332790227981,0.37397291086445844
0.2854779859085668,0.4693738074860125,0.4246985575711756
0.30894807482412545,0.5158638091928852,0.412239645074028
0.31044672721749417,0.4995518329553569,0.4693648038627947
0.2947315537327304,0.48660439076198203,0.42218052746072354
0.2934149982657303,0.5112846381699964,0.40548979120398565
0.32021340402107906,0.5148994818989008,0.44054883354598867
0.2700103801022116,0.472016831771618,0.4087805983126816
0.29332908575185423,0.48760454126592423,0.4242024211913852
0.3562864463275828,0.5448139507022334,0.46833873999042996
0.29889642825322277,0.48611973416232024,0.4442867116648573
0.30739476076789707,0.5059628958058059,0.4119761901078307
0.2546337198791169,0.43471880900235177,0.37071604183371965
0.3631806637722545,0.5992781542376338,0.49021258256617267
0.26963649061988204,0.4496257275110256,0.38637342044380485
0.2870463337372163,0.4900624417203142,0.367706285770523
0.2895139797939717,0.4848601255552454,0.4547052872421579
0.2828203629522459,0.4836928963620774,0.34698001755080904
0.24971076454723437,0.4083348688318988,0.39631361123248326
0.2474531442056721,0.39412155145886957,0.37114852878792887
0.41325921917496633,0.6813717159274661,0.540899582288874
0.24215921664878953,0.4056663746663855,0.3661370095186925
0.32755871117354196,0.5804668030116228,0.40168180010045784
0.37960164937857693,0.6054158077328106,0.4971648076849757
0.34671568913722317,0.599207648178897,0.4773910615945888
0.21876500412050706,0.35404951645068544,0.31421949132004834
0.34676738489015696,0.5383203782986115,0.4493365658982701
0.2582981705018743,0.4586016266274412,0.37273352784181807
0.26980775690958525,0.4426784736085003,0.4471150962418039
0.27949509034589376,0.4443177341287657,0.38419216524049854
0.2816296444343837,0.44297545922731685,0.3753772376121807
0.37146330373954173,0.6343509215185932,0.5197000739525601
0.3044264328272245,0.48759161049732036,0.41939572575027834
0.34004509431138974,0.5417178709371142,0.4809381762860806
0.2625899129634449,0.4496700819100969,0.3466907331113047
0.3268651718551883,0.5646263113277992,0.4572707468444279
0.32198885466346916,0.5423054122045889,0.4144555763412357
0.26793853956735786,0.4255823598507061,0.38143536677680395
0.25675086773797606,0.3935252076390032,0.34878631914470604
0.24007427865108286,0.3775035202781383,0.3290929742392401
0.29159257934474586,0.4673395316997301,0.39729457921120986
0.31167003755304495,0.4973525165744947,0.40939991233988043
0.3435351435272171,0.5591181843622405,0.5113684124823357
0.28947408409033276,0.4965980813824777,0.3823181208346304
0.31627499226730144,0.5276467567124419,0.4817222617842136
0.2944233646614182,0.5123555040774748,0.40375125242495646
0.279629545845332,0.4974557444443486,0.3770782703624376
0.2945553839006879,0.5127901145524341,0.39669116453442327
0.29414490116679426,0.47578471676369394,0.4214661217044805
0.26252761410653613,0.4380564848013093,0.34827611236998335
0.3280958637633522,0.5247168539661468,0.4672565113556634
0.297415666959192,0.5132767607081784,0.4556239853613641
0.23511972684492383,0.39791304167967606,0.3568291259643802
0.3697825510472389,0.6175070418450188,0.49697153124625404
0.24147655358278522,0.38015187800370664,0.36383546230487807
0.3188108675041684,0.5638421273891938,0.4608547283803078
0.281358380442685,0.45271888433016877,0.368695731765292
0.33338897328924,0.5589559422547749,0.4621446972254752
0.2697636181829615,0.44235466274364904,0.369531314949148
0.2914632998209226,0.4750708035822191,0.40115433949944473
0.30854706772843005,0.5025479495512174,0.3957021353942286
0.28130781535450056,0.44275241454784336,0.3541367029129146
0.28541367419465496,0.47554678903600583,0.3845799452353439
0.31729347878976616,0.5450994526205856,0.45756288416792446
0.26786966491555486,0.4485499461767388,0.3530320022550588
0.2766647579941438,0.3959666995208204,0.41115644319422606
0.3001197237439017,0.5460239527000416,0.4160164472934999
0.2526172372986731,0.3957275000114863,0.36738159813971877
0.3135394749197519,0.5724134472317605,0.40493918564141373
0.3541496575172319,0.6185197178336577,0.46431926636045906
0.3083235155958263,0.5440762863841404,0.40171038837476325
0.3152818789029773,0.48554321638399256,0.45432338344291834
0.33701211689289434,0.5615483685837312,0.42537831762293327
0.25945683094942706,0.4233404443044517,0.3963407859223323
0.324903799853959,0.5341493295739893,0.43749351156560795
0.2981794128678448,0.4796280139749682,0.3877014837389917
0.25385972820275243,0.4116315600123899,0.3939333787911827
0.2743910675782958,0.42636180574457144,0.36058877524025384
0.27916506282695597,0.4290514609004011,0.3728052666322955
0.3399702234912454,0.5669166448944076,0.48104984168940623
0.34806800504215885,0.6107902062383749,0.45417610920776336
0.3326693244088312,0.5883664797347704,0.4435001110327543
0.30875357777903706,0.5112575861043115,0.4123168838824651
0.31531658860681216,0.5202597889485953,0.42171531803713364
0.2530589539084208,0.4126020149721134,0.3595152560685773
0.29561716254523185,0.47379613658520203,0.4254437627834303
0.3598179719527126,0.6256316011580145,0.4951606596535711
0.24553819227589482,0.4176895633863484,0.3991041336946157
0.31869415824775393,0.5361193054470684,0.4347758071103607
0.3322873254170754,0.5567036009985412,0.4682411197700042
0.3119176346822718,0.508262950245609,0.447228479145322
0.28984045805399017,0.4925608430587858,0.3629572532424301
0.22642545554140936,0.37241220649646334,0.3454961127417934
0.33782638731541037,0.5183971798708942,0.43794901135570646
0.25602183320734656,0.4637822105684191,0.4135851757858166
0.27781345955553316,0.46987323712534174,0.37656443006810303
0.2956516717136665,0.4433359175244579,0.4179711678837119
0.31572853189096356,0.5295336615702115,0.3894773832612628
0.3216389900928421,0.44129229920656204,0.43436053863127716
0.2780077276381627,0.3732119370681055,0.36493673121704634
0.3077323522296196,0.4650174006042011,0.4625077410742465
0.2652401643463498,0.46940074619759964,0.37258381999444273
0.2733798615957594,0.4402389769997623,0.39065532271626385
0.31109909026599913,0.5705448652141607,0.4134163730201386
0.27806763147213426,0.48084510738176933,0.42509635638788873
0.30788370138639637,0.5010229600056675,0.4009151647201292
0.31700873536056595,0.5030906895656737,0.40380123187715633
0.32446663222072464,0.562985562896728,0.4213280575201278
0.31521210187214027,0.5306216864026956,0.49594889673988213
0.277858474505752,0.456027714667898,0.4108981362019531
0.2599196737606149,0.4340594457834738,0.3314689978426323
0.3080398408041642,0.5308469389806482,0.45133627552408434
0.28206092695163726,0.44718735080232014,0.39404540778879615
0.3130741334733597,0.5361360229957683,0.4071428554646018
0.24622198296089665,0.37421877269998405,0.3397080488043821
0.30852269028761775,0.5278278375498336,0.42292409448953455
0.3051763522944487,0.5076908786996831,0.42921047719326544
0.2677238769175313,0.43928982958470264,0.36447774233197877
0.30206432850939396,0.559431871738951,0.452555155045064
0.2884915827901672,0.42698607644594233,0.44523277005969736
0.24797752916733232,0.42677294838969554,0.3336481977942502
0.2674018101492333,0.38509585745831876,0.39406848522746435
0.3256889530913809,0.5886134206388708,0.4536735222725449
0.28248795356457174,0.46795467932433227,0.42278675090857204
0.26614978322735744,0.4431159791830265,0.397849388800991
0.2745767634742074,0.4579088445173894,0.3819861935901813
0.3246958872967239,0.5551889512918339,0.4342981100557195
0.3578189455679913,0.5663330547656771,0.5060267871412961
0.30466573089956733,0.4782595032081687,0.42521095079799603
0.3006536346120271,0.48349221984987084,0.4358766261088636
0.3093328292159048,0.5203632852846065,0.41269155231631816
0.2704789739249888,0.4641362076307276,0.3992215374366671
0.31941858840460774,0.5213099315488039,0.40777734187839765
0.33290612600695574,0.5548660224346565,0.5032188572618118
0.3347267150869612,0.5436913265028643,0.4275245285406063
0.29244892124222166,0.49930508918641553,0.44371042271761213
0.31702933939859024,0.5642040052828599,0.3884012829291932
0.2985390885401178,0.5392534635088481,0.47218846732591413
0.2965492231629567,0.5239657305222214,0.42818139665894384
0.25474220028251127,0.41263246136595116,0.3539089383243296
0.30316119499131905,0.5050223867077751,0.4365070145139677
0.30130762474961653,0.5187491084217453,0.43579264855992633
0.28170066117292913,0.46037090432621686,0.3591004056755779
0.3388249264170088,0.5369013852624157,0.5005291454130322
0.2995187140964821,0.48148723631807355,0.3588871791234812
0.2538454194776628,0.4680812147584535,0.40512802912583973
0.2879886079991171,0.453901507670983,0.36244857997681423
0.3318301039923868,0.5203313483654941,0.4610457406629282
0.28004310062499566,0.4765303677776493,0.43596608359228123
0.29451127567816077,0.5122654575429206,0.4032576860351516
0.2747798218996941,0.4983039827790096,0.4356488547476474
0.26082212750422645,0.43500540122948467,0.3729736596524467
0.30086920193020883,0.5344784702011058,0.4324701323083354
0.3056487531137539,0.5126412470785767,0.43320099355205693
0.2835013534897691,0.4872401671858122,0.3982757569047847
0.26463258139640944,0.43064067310404447,0.3894710694437107
0.3139801250072798,0.5484129553442377,0.439389624705767
0.3472732892243943,0.5498905592418258,0.48794614037971573
0.2901769054576408,0.5226087749363759,0.4044108306531388
0.3285080917888159,0.5262705851417893,0.4662238553476612
0.28957475754062484,0.4682876115198072,0.3786812591192129
0.30705503539111423,0.5228149695245914,0.4388638699752685
0.3096798114499041,0.5009601110933428,0.4333088371592298
0.3111448595904317,0.5247586062947007,0.4513991813180235
0.3345858861951886,0.5419939768567396,0.4647435223549748
0.32917468399921335,0.5394441490891536,0.4649002021597533
0.3189093879030606,0.48028604721569296,0.4450721464163628
0.31700402104043973,0.5069971897077784,0.43866209963589947
0.3299350426759138,0.5061030889850374,0.4680755665488842
0.2805799647522239,0.47229071272583306,0.3820418282124805
0.29487361843393844,0.508410181388625,0.4189505079684932
0.30125458492470647,0.49969412534648194,0.4398107915473986
0.3161186539999412,0.5147117816225643,0.40480956894237774
0.30024307622144797,0.5235390414708635,0.4878672073075181
0.3913143004487149,0.6115605849852158,0.4594479538466355
0.3784205579597924,0.5810248480747787,0.4742315144690448
0.3047496790485555,0.5577681634671372,0.4131939271809511
0.27546474154910683,0.47290570754636435,0.403256291818081
0.27676393944565314,0.4596091770064831,0.3500512702931065
0.26602407719443455,0.43606252509370674,0.42165282614180244
0.36902222368384463,0.6678280104490816,0.4651559292458546
0.3683112739116527,0.6668854649485378,0.4610330969068477
0.2658825486020562,0.4441638375512416,0.4083206956723247
0.3036921533424299,0.5160890000492951,0.4481140731529184
0.333659031906058,0.5409998425238268,0.4781490882045495
0.28510253919219875,0.4756196001489705,0.3929186659098477
0.31425260416176176,0.5147241400108095,0.4655084816917069
0.2998830070896852,0.4638424931401464,0.41426683096401573
0.31504672970468767,0.545317687511806,0.44359245718300283
0.27368283781530817,0.46196431075068484,0.3901193754772706
0.26450214457401444,0.4358445864892251,0.38848123873133816
0.2632357069077457,0.4402821138751906,0.37830347418387156
0.35972072545836414,0.5912306555967043,0.5164355886799105
0.315343260927191,0.5534578694802496,0.41225676127969646
0.34321982995180633,0.546258863658134,0.469274764141492
0.3606975488365344,0.6108521936084808,0.44754497195678594
0.3386149052702551,0.5743392176805056,0.41804435922523814
0.2534624528053216,0.42939438137425,0.37786142603235784
0.2594412952515437,0.4145734741307842,0.354039960591579
0.2637280854245134,0.4428989780909151,0.3773801235898222
0.32077041106256765,0.5600671047765414,0.4696213055371707
0.2959542872240343,0.49599574361678656,0.4136072585745489
0.3057219836369037,0.493108782117796,0.4151611916111497
0.27834625014091685,0.4455990171126498,0.3948456108354661
0.31156588734586166,0.5062985134438833,0.4051907413083649
0.28847027490295174,0.46685731807353914,0.4282307316377584
0.2944810090796615,0.5147924728231569,0.4238887021364482
0.25634220199037067,0.4310443106033661,0.3642110218781524
0.2745534777301512,0.4696227427058906,0.38999427356055794
0.3462410508093577,0.5720669307562205,0.46756487247895134
0.3531598072551981,0.5522896645740273,0.49711949262492827
0.32532540675206867,0.5486761771569076,0.4676372888914703
0.28326736038509875,0.46184516072520587,0.4281710643461813
0.3774070513961118,0.6426379689351139,0.5215640059171077
0.35580606732170866,0.6242995289490277,0.5095918965151054
0.24991118553732983,0.4118266376820545,0.3468026973147467
0.30717950506861436,0.5449881651404674,0.44383840209265885
0.29968858087267947,0.5405379838895816,0.41218898258340286
0.3024864826496218,0.49428542866970804,0.41593162910632275
0.28509927179301686,0.4860368639203773,0.41901770438050334
0.32696641347585986,0.5388283736365318,0.43430810165107686
0.260004034178641,0.45106995326856886,0.3706029764441765
0.24446862742815798,0.42410338144047255,0.33974789383362786
0.30404166764869145,0.48954480028257796,0.4129286863448157
0.2766741443062108,0.427931669960837,0.3890431876654062
0.2814610169652435,0.44669995045222477,0.4103650932307336
0.29002958656554717,0.5266071338609455,0.41350715360485835
0.25377132828406984,0.42938294834064084,0.3576982612810855
0.2642522692350867,0.4038647373515505,0.37373474367269033
0.28764725609571135,0.5299115385883529,0.39863539460684977
0.2805035490779676,0.46271276349081064,0.4535539020369314
0.29630612612829504,0.4994510214212082,0.4105269380791415
0.3192872099122393,0.5519950415394136,0.4213280205238298
0.24180905911125644,0.41233972920851264,0.37870331811713404
0.3502556676754075,0.5659912532625863,0.4303843787464672
0.28233001702975025,0.4316768475451658,0.46747837988569935
0.32931255511690205,0.5651185801842431,0.4124043508829358
0.33673406147906154,0.4894910082081211,0.5090291585619989
0.34337763890461387,0.5749989145499278,0.4447945329786147
0.2811415761744295,0.47061687981817213,0.4245171111797459
0.34603392417016837,0.5730260588944455,0.4578949027688066
0.27253337259992455,0.46588327599574375,0.3446487809974799
0.31894334682342884,0.5166426233147415,0.47504968058566055
0.32457730968114046,0.5340125764979083,0.480827505585988
0.3871371708228584,0.5927538661181541,0.5207074502106318
0.3297969910945383,0.4826448285206032,0.431984002146893
0.3033028732323115,0.47825287696228347,0.40145364687737023
0.27260640126640207,0.4496140751174365,0.3886372171601773
0.20378674310804606,0.34002412762737827,0.3410611326105773
0.2818625401184369,0.4772425571227651,0.3659609414849713
0.2838639627430638,0.45913952402072106,0.4395168583341717
0.29112334529974626,0.5228018706685182,0.40394763740435247
0.2988913183575074,0.47489778739177707,0.4357705548569851
0.32507957233790935,0.5486185629013398,0.4205107773562339
0.2629850376252803,0.44428055173573255,0.39005901164504075
0.2943522693669017,0.5157895115486979,0.4022810363153606
0.37209576360156216,0.5899013567685452,0.5332142576755378
0.26184870613784816,0.4593507784278751,0.3736282119951646
0.3321509970448246,0.5134666880003331,0.4669843405050808
0.25347559175492573,0.44750198789712803,0.3550456408503273
0.29202355364267535,0.45637001327248705,0.391013569951976
0.30187256541854957,0.46519120386691265,0.3839920192779094
0.27598104718947897,0.4932208653082146,0.436704183879817
0.3033959483654265,0.47126523790429975,0.3985870705211464
0.2647622588153065,0.5059122038763944,0.3826642668330251
0.2697410196225743,0.4526093254206027,0.40783195814031403
0.3292719375247839,0.5749501978789494,0.4201950830393419
0.32926819240459476,0.5631665091603121,0.46091048692641945
0.25645278151277573,0.42242762948667806,0.37725528873577424
0.36641075449703253,0.5811390722114108,0.4840884765871818
0.2892099606018334,0.47871195010450757,0.42466127656519365
0.29226733924403175,0.5216409778009813,0.43973793048335713
0.294471597053482,0.4944594561377506,0.36647876272029073
0.2767288516063184,0.4545606473774968,0.34693225109053055
0.2914253922772018,0.5000150379690097,0.4053860402525186
0.3034363017430176,0.5234388978592344,0.45337927574963605
0.2705440189899581,0.42624736506907457,0.4263436290870437
0.3067542633671348,0.5223168659701459,0.42715057919902094
0.2828207613993467,0.43278304562271774,0.3711517744492681
0.2900441526112616,0.42253326823826853,0.417568916233697
0.3499245323278645,0.5981222850574455,0.4537259573325987
0.3393257925961097,0.5723402487226237,0.44281958882376615
0.33512505596219133,0.5198779605391468,0.4400197790145339
0.3456591102275627,0.5555871862078601,0.47584976628022835
0.28232899626269,0.46229470189734256,0.3776003234830032
0.32780907062369435,0.5268601723673384,0.4518150715614679
0.23971499466188326,0.4198284490137988,0.3367230872448937
0.3406549170306743,0.5603518559439852,0.45295525316546914
0.361255560422561,0.5358935341791837,0.467551466761446
0.2556336867232353,0.4601086673631752,0.37955447434737744
0.34939198985939063,0.5425946579970087,0.463649718699523
0.3175633968667147,0.561570645277279,0.4555060976299562
0.26495659142917033,0.3986258928070713,0.3840567078585867
0.30274134312117473,0.5016538162389381,0.3906808759389921
0.291522078500179,0.44395815976565633,0.42410764714244603
0.3136602721964331,0.5299802532647155,0.4330124464996918
0.23403273415673237,0.38902943308387167,0.3471104141679764
0.31522997014217113,0.4706448655599145,0.45666951645416076
0.2478571324151031,0.394178768281923,0.3495780850186336
0.27675021481656137,0.45806910379453225,0.38695681392657044
0.31867269913482343,0.549340620165317,0.445529329256031
0.2664881875632385,0.4548094630446885,0.36265661264152876
0.28032657117924115,0.49393809542568085,0.39516202077310597
0.20592733321529585,0.35771967828758683,0.3314193372659611
0.31859202977031703,0.4687957620969299,0.41286680157012634
0.25846143337989474,0.4292580666361022,0.4110563279546239
0.26407388194405146,0.4568175843700399,0.3703054819435463
0.2520888660547319,0.418157483564985,0.3829640014860435
0.3151958347177113,0.5492778611297002,0.4613773177792618
0.3124619757764236,0.46022934110417596,0.3948321218329277
0.27166813552381003,0.5073881389753264,0.4158722444873448
0.33747664887816403,0.6030435871526435,0.4686893958455658
0.26797348471467414,0.44469240890982736,0.3694406844072583
0.34581891253327374,0.5901503702294396,0.4688952896286298
0.2334092394343016,0.39119156346658224,0.35972698337709785
0.3382031508020187,0.5285251442234746,0.45313389660174724
0.27484694617061467,0.435401189107426,0.37243441338705724
0.3350293419759923,0.5764095301715054,0.47244835840796967
0.3037714343159371,0.5190166013780868,0.4210575702874192
0.28457114706672826,0.45507979630886225,0.4151426773655862
0.30098336812589505,0.5259206757157374,0.43501811396510615
0.2771868990711728,0.46035823431240797,0.39121034894612383
0.2818993372289489,0.4825191749062555,0.4134130803300616
0.33990048335236933,0.5819041570664588,0.4410228816595729
0.325276540609495,0.5533947644865681,0.4403208964880612
0.27251811891632155,0.44017396292541733,0.42642852915479806
0.3230040728543082,0.5740076953005137,0.4508857530649272
0.271829140250004,0.46433460728083453,0.41159535115719553
0.34489898836294847,0.57860416849368,0.44503732671975504
0.261292485865569,0.47906235206631226,0.37266038054005574
0.26293107344322214,0.4327835709660755,0.36631631470784454
0.3319297200580882,0.5681247911809642,0.4778945944735037
0.34272732998834293,0.5472855189788136,0.41559019037874895
0.27845974357753944,0.4341207823138022,0.44996924169624886
0.2712997654905156,0.4642645215345271,0.33916054098797216
0.2870402119466708,0.4477756715589118,0.4523638955202296
0.2797115459354903,0.4948961152180649,0.3894617510038474
0.31428131496111966,0.5203295602827352,0.4534048970207627
0.3132333590580284,0.5596358312181839,0.4599758940371942
0.27660516248503325,0.4269185886117293,0.3896291029162294
0.27607536642240815,0.43044048155496456,0.396722587837578
0.2909500342308771,0.4722755204437926,0.4023053910618957
0.29876684014983307,0.48959120754437213,0.4316560953254189
0.26919471971376047,0.4453276991982395,0.4050050521295458
0.22554379835325328,0.3850126256785059,0.3197235096573002
0.36921239681883655,0.5683353453056478,0.5079101777389139
0.3319084360378531,0.5367088609718537,0.45550927370506566
0.30237835888263775,0.4892347107789958,0.46129887514241685
0.29247069729325353,0.4845282383421668,0.3989205484109987
0.3337362746636626,0.5286957112968611,0.4458808343389067
0.318719478871155,0.5212606460291741,0.49517485356998836
0.3119728142090071,0.5097802918366254,0.4830429931251459
0.3323898887325692,0.546518897021337,0.47127658442070436
0.3162331756796534,0.5132635104094695,0.46295844037247164
0.3196445874602168,0.5304828944474236,0.4655932076441369
0.24846767257184807,0.40828728630509586,0.354423921805048
0.28107993481175797,0.49175847263803896,0.3861426466035801
0.2719477178545897,0.38998863075262685,0.41524360111054515
0.32322758358865045,0.5796356371207971,0.42942152193832284
0.2732201695820813,0.38013081741669397,0.41699377165536594
0.2673311624491883,0.5011083372536822,0.38453254998979286
0.3066257087563876,0.5444508741599443,0.4030045388513121
0.283661048446938,0.45068375256421705,0.4153829740005446
0.31101207911619483,0.5407844060116846,0.4176386973887855
0.28605855497801685,0.4575081232931683,0.41352710806326665
0.2821912164873003,0.4717539997007976,0.4518274986905939
0.2757748009849555,0.502447506849037,0.37425155253978054
0.27146654493274885,0.41107924817138264,0.3983447529846754
0.2822522371180869,0.5028737798692524,0.4101383091798754
0.29687623709594385,0.4846558598282113,0.42970667332817514
0.2824089025600192,0.44701046621652424,0.4346929668809825
0.28270090763461725,0.5062749625971973,0.3965996534862638
0.28319031916774734,0.4896319276890142,0.3978587567228878
0.2841692769514479,0.4739635304261462,0.3768621286017389
0.27705676117483774,0.45633619319779856,0.38200946215813764
0.26066630716758726,0.43393423268425213,0.36008484505817623
0.2578571065193473,0.46017116456780666,0.3945178316493615
0.26213362372353427,0.4193991864952645,0.367478742894115
0.3542288376187239,0.6412706365138507,0.4891114565229497
0.2566892964696666,0.45385017972409386,0.37603028312113945
0.255013584600471,0.44125045843560506,0.3555978961666262
0.33895300370053383,0.5746975253222997,0.48510878266689905
0.29203643952439107,0.46442306614108547,0.4286939037973199
0.2757341445332467,0.44602834334825914,0.40165261067818686
0.29788635513327955,0.501473637862549,0.43424541362184604
0.2948381483678036,0.4948864122471696,0.41197264505863335
0.32686236738436225,0.5742474975448615,0.45351531862386346
0.3040832355674532,0.5115703373355077,0.40450978480433863
0.33900478847839105,0.5365516522913196,0.47830344086269777
0.2724094843789308,0.47011965130758615,0.37257768470138797
0.28521187345366567,0.4620001041019451,0.45272836410531636
0.3599569748767783,0.5595963950651464,0.4503607378343469
0.25575740487380827,0.4340401453970257,0.4267066689374575
0.2796316864633343,0.4552597696041513,0.3590192288308241
0.2734681611316428,0.45354525881389124,0.42821667230159705
0.2972370959467255,0.43594390666654065,0.42884723614584574
0.3199064540121887,0.5823451751975693,0.4769800926240777
0.2989866638824963,0.4958277948148795,0.41878416017158415
0.2790181666703041,0.4509276698089948,0.40955525562516104
0.29930087938194877,0.49070272019309275,0.451309756310206
0.32459978199664685,0.5512609992653407,0.4450134929800628
0.2887600270603492,0.5122958945628192,0.4298117385182084
0.3044445659476645,0.5221316899332087,0.46026377391142903
0.3205252085124672,0.5314419437209609,0.4501976178327054
0.29608617941812965,0.4719249424742528,0.43885373783956594
0.33685261676015976,0.6083223969990779,0.4802880281562167
0.24772313117030473,0.43948665505316803,0.34209052605287943
0.3007222890501078,0.4791159285992398,0.4575627730047902
0.36179438692721005,0.5773206218172154,0.4415182293699868
0.2475983388370681,0.3977954815862248,0.3719003630316099
0.31233596224372545,0.5283911430943952,0.47225034557183987
0.2991816240409908,0.48003769986012074,0.3886569868808031
0.33800138501571303,0.527048387529053,0.4289869314517757
0.2932705915637852,0.5293949273950355,0.4562842880442662
0.2747278651762218,0.5104173156083219,0.38073064002539714
0.27870331443875396,0.49623343402228703,0.3817693920333967
0.26048224243381174,0.4610739605718124,0.35372835347924303
0.33309389169263165,0.5438801115621176,0.47051888260219604
0.26564146891323265,0.44246751046967586,0.37815734263567874
0.2999537525924841,0.5118155510388445,0.43282448417993097
0.3228055965931778,0.480779543438223,0.4282182379219021
0.30683040318882104,0.48842588304310675,0.43949103809624523
0.3125587573474646,0.5304991155237119,0.40353464749196266
0.2696281846690555,0.4749030373386747,0.40645824904637834
0.35110152875652184,0.5284897792585714,0.49110362638952343
0.3169770097964151,0.5374967822808173,0.41002129351197364
0.30440571311410874,0.5066106210041301,0.41981359727978373
0.31063484796115093,0.5135223942140453,0.4190534429898712
0.30039595002165603,0.5117132865950489,0.3564097924029472
0.24973864448423116,0.43254453682288424,0.42078663903212205
0.33322310019428003,0.5530491926797666,0.41938252188411984
0.2506521741203634,0.43457682978797074,0.40482458948764183
0.2842861974803508,0.502040670542385,0.3706646616831558
0.3006971021693836,0.5099869793499452,0.4578610883297757
0.2918407310525854,0.5263627015656424,0.39248157947388934
0.3006906767968288,0.510528758110451,0.39578522449081566
0.39450730146514823,0.6308402266342977,0.5575786358310949
0.2534766475909646,0.4063480274683879,0.3554043086780022
0.3193777716355256,0.5429280597332486,0.4364105639912735
0.32236810331171695,0.5241327535071272,0.4250038055958265
0.32398911768255184,0.4846838009716283,0.3866374006999756
0.40537527262183953,0.6536395913839558,0.5718013485362093
0.21405731976330258,0.34083656672075807,0.3143409569858526
0.33066572856355675,0.5792870075296512,0.46394112431554574
0.31260436870595665,0.5328326561404949,0.43423884050036593
0.35662467722297714,0.6114120498722365,0.5113917335262177
0.30999219199363187,0.5148139957636253,0.4051829859481047
0.25159464429331013,0.4215946616206697,0.3666284364044189
0.2894147699422181,0.4051716442984437,0.41347491427036603
0.31850169041048715,0.4592798446457769,0.42782011799904573
0.24991510174762985,0.39635846986417766,0.35568948387986005
0.29118418677927654,0.43286678345134166,0.4270947927690069
0.350655937991611,0.610614200000222,0.4472405900594292
0.30896323384092633,0.5008311664139623,0.4325512252183855
0.31870528507852636,0.5726802791679012,0.44368745880085275
0.31374984795050914,0.5627877254578945,0.45008712989734295
0.35602392807687666,0.6061439137913733,0.47858320330208504
0.25782572604837856,0.37319763851453436,0.3797845720355539
0.2594358502169146,0.39245896162763977,0.374703446704739
0.25593743724148343,0.39166468295876855,0.3640228244409846
0.2981782999041083,0.478557052588221,0.42567964153900895
0.2887820417872952,0.4637700734335255,0.4275834263655407
0.27235847964414256,0.43588659100119304,0.3842841953964108
0.26895860897522883,0.43737036190576006,0.39893435975895253
0.3248396248242224,0.5448477062858431,0.433722019201077
0.2518043251444235,0.4286622407142499,0.3411479330393471
0.3574729998700691,0.595253555853256,0.48322380563895784
0.3276527027304587,0.5663930408046102,0.4396198731132295
0.23711240498695668,0.39641465063715303,0.36888175120630706
0.3043308502459601,0.5022498105986946,0.4240878710494026
0.2954858470092409,0.4864626601613207,0.45376817741816705
0.2630646549727456,0.435514722494869,0.39214740708876056
0.2298122679102287,0.393208702073336,0.3349666902240336
0.25151357564794435,0.4404422580740576,0.3324250845142747
0.32665457429907496,0.5322476201914252,0.49227578450961984
0.2779400302118169,0.45826096887152906,0.4271205327115737
0.29731733454781817,0.48359132394380333,0.40944949783251144
0.3243063433911406,0.505757513569047,0.45111402148030155
0.2689802054853466,0.41330402225289226,0.35647705627495224
0.2989278783818656,0.49167618590395723,0.4098834358197579
0.36825043437483557,0.5696730231135789,0.4921774009057533
0.27373932456303024,0.44008341490975933,0.3970581014422307
0.2967500039490085,0.5187807594653325,0.3944658748409299
0.29916034887383425,0.479591737843276,0.4536635341603455
0.2935262052576965,0.48940879721807357,0.3838663240445407
0.27655000389968143,0.4817034576088663,0.39711965716261655
0.27327739842857085,0.4838762346653369,0.38413829981837744
0.32856205160404445,0.5433910985822088,0.449625807157988
0.3161716051459923,0.5382165201009599,0.43167099764488065
0.2833917229483009,0.4640676716177922,0.36650230196809414
0.31297153294704594,0.5217462845484742,0.42992084922765017
0.29846967404186026,0.49945183788895015,0.37332438560777353
0.32113374020649693,0.5484734992523623,0.4045746468891042
0.26925065760241257,0.45903090639925065,0.3628731928702166
0.2773913977729791,0.4756463743578287,0.3578656599153978
0.24972866004823122,0.38947516721836684,0.34065377549340903
0.3683661393559992,0.6448111466649484,0.48556897586714765
0.3136078477430359,0.5146301118168125,0.3796522297042671
0.28249034249537275,0.4475875683177355,0.4498995583596054
0.339965871234233,0.5736395776904462,0.4657332496010673
0.3070015075968602,0.4903639076857815,0.43162523837727684
0.2613558074510461,0.4364836103013219,0.35864309899900193
0.37928861383834983,0.6029518831823376,0.5502864891576601
0.2718359224759527,0.4634371723325174,0.3808256926639266
0.26293765925078205,0.4587628998122994,0.39119432277464355
0.2915681692556678,0.4411344304419085,0.41038716126352626
0.30123165366836957,0.4743008394024865,0.426419093146026
0.32454860419853854,0.5150408681165303,0.45402523965184394
0.3074830193743371,0.5054499699431081,0.4258878082035901
0.3364764397766356,0.6103706403418626,0.46812874138460486
0.2997810296146489,0.5269841670342293,0.43199716768846674
0.2894620249147118,0.4922202531082738,0.38785041622165184
0.38661746941852604,0.6219996979098722,0.5373042902810019
0.24672620443053503,0.4241178192524177,0.3320424351637722
0.29415332158183094,0.49430399867726166,0.4356102713685991
0.28602710585528734,0.4838005640042331,0.39881438490719046
0.3387638421769679,0.5854654529524487,0.45222368505054195
0.2829952730838996,0.48797961696195574,0.438627476173397
0.3543985171221615,0.628697591789317,0.4539309536759013
0.2597097396057773,0.39263454993605057,0.4033340337986166
0.28652863033196657,0.48489916170693886,0.3932607630632313
0.2916506318703364,0.4880625599081591,0.41697118658401444
0.3168143184743195,0.5341074018465178,0.42483684089141527
0.30624317148375724,0.5111144828030745,0.4453883420667463
0.35934608553064273,0.6228325925946938,0.45725240969808983
0.30142515380967916,0.47996232927095095,0.4324869615068807
0.32923022157434567,0.5153756810538309,0.4142030829658585
0.3361934760799366,0.5565288926156985,0.4871950301614635
0.30716873684926654,0.551107364133205,0.4147241677678412
0.3566753129565556,0.6196756878826456,0.46308012911406504
0.3178209166283849,0.5265187641631506,0.37969989032344587
0.30620850814561973,0.528554799660303,0.4530925071043182
0.2796137919324658,0.4215440014808421,0.3755341014298446
0.32649972383832954,0.5031629543243189,0.44788426610793824
0.29348154608562677,0.44837345439684007,0.40238896705237176
0.27530241129122157,0.5010152158737905,0.432126761090263
0.28445401033900725,0.4832852080697195,0.3897714064342185
0.32599064329870764,0.5129646017978704,0.4519806653433004
0.3138230035598996,0.4868459212863184,0.4378354614912787
0.3233855422254294,0.5520783385366848,0.4458195771110073
0.31532693173716864,0.5005967555193203,0.47784026792450585
0.2890739615654658,0.49337958118715264,0.3989108906044241
0.3216333364098758,0.5389195553726096,0.44804966337205027
0.2840362010801171,0.47772454823156485,0.39036254049123653
0.3151962026869261,0.5038261454897892,0.4582109502112938
0.3554487378476222,0.5791596924904407,0.43521667894129645
0.34871549971218274,0.5587551657822399,0.5073503803051315
0.3471299021853434,0.5786553451686495,0.4367660661511355
0.32462819585539204,0.5714628604778267,0.49265773195521817
0.2858007883821366,0.44701302721165953,0.39047827532591534
0.2687381814962145,0.4712725025469131,0.36219719536368317
0.3104542660168299,0.5023395455643906,0.42425090976555896
0.3357036864585404,0.5092393482323163,0.4430465917142973
0.33836719014042,0.5627903231734724,0.5037882207839082
0.30794350545662524,0.49051371973091973,0.4298234663933827
0.2788843188862293,0.4423103867890625,0.36845209410988317
0.28988176113578695,0.48340004482198407,0.3757712919434836
0.31559596216299524,0.520142683715408,0.44199573074573806
0.3028869369876763,0.49597501370599745,0.4168580958891603
0.3608358033506813,0.5558747600949565,0.4883319992781053
0.286562990061578,0.4788737831296153,0.3923394459595624
0.31832996463226737,0.5044142099200439,0.46424474728061965
0.2568902816218441,0.45279062074135595,0.3379856093739171
0.35164120622246653,0.5382522315589798,0.523020134101006
0.3072688558676019,0.5016360474642154,0.4268283053753975
0.3110504823027227,0.510414007798262,0.44920794439456807
0.32702128486255244,0.5060795793891335,0.4140807935674716
0.28901001666217774,0.5024272962540733,0.41596973626529943
0.3534918587656784,0.5697897777669788,0.4745998538992651
0.2747674547265856,0.461612004927097,0.41036429631946103
0.36027269418532204,0.6239646504443809,0.4864122107684794
0.3224016459440751,0.5212553291277436,0.45221015282127364
0.3164356000783669,0.49460820568514857,0.5249935708953661
0.3117055785309939,0.5336398456966034,0.42235572894087714
0.33142732825640897,0.49139948648271364,0.40848622550081143
0.2935019544859383,0.5228897927452955,0.44144651339194074
0.24045287523879955,0.41096645542877785,0.34026641482257547
0.3600614728598937,0.5472498149428521,0.5043140373619149
0.29418287080967415,0.5107074097616001,0.40030966514235644
0.2945355087707094,0.5012024440911599,0.4262920000508488
0.2990512453193068,0.47767685052549597,0.39783864188706564
0.2889310783035587,0.47736086306379544,0.41634167788584925
0.2943071588482346,0.48297092750531134,0.3925914214753389
0.23274968271638172,0.38917081002844855,0.3845734125276408
0.32276385760602727,0.5337063056667141,0.44874540685733344
0.2983373149247183,0.47133647672304035,0.3998277575913956
0.35375777520404356,0.5219801846263742,0.4841945479514888
0.3113328014818784,0.5558281662032191,0.4071398619762163
0.260236223192298,0.4562938221564051,0.363591878114589
0.30435312696567324,0.5178142107964343,0.44864086515529317
0.26671395863365693,0.41578014090514487,0.35061455200160213
0.29168694817598845,0.5135117087710048,0.44224432431120436
0.312831857897724,0.5030885754531591,0.41215475747475755
0.2690341611545049,0.44750051805053687,0.3957080393430081
0.3111888450365628,0.5223547100400547,0.4453732810099167
0.34696460673817303,0.5484282265619063,0.468326694283748
0.34451411491203887,0.5459578577314524,0.4600568701803201
0.2900087432060651,0.48062620539580386,0.4481517562127151
0.3233088882964785,0.5335092166497613,0.4613370967955924
0.277628577074052,0.46383895262452773,0.41474947953194463
0.32857981673906805,0.5198719922206677,0.44301711702369706
0.3344671449380973,0.515247096697494,0.44949466328190424
0.3221994542520326,0.49753236603117934,0.4605194323929808
0.2863175444517619,0.45968064165708244,0.41345079464270185
0.2709297083178136,0.45952808594463884,0.36948684962510653
0.29369228110079004,0.4862769987700243,0.39324627490318315
0.22979977397004836,0.37560781029021073,0.33049671045445045
0.37458534810570343,0.634211205555598,0.4752975594270959
0.254169299908644,0.4256862952576345,0.31457192125808126
0.33727887507391546,0.5589463218213347,0.5148415328251327
0.32018492862097586,0.5364991819770298,0.3977845072819462
0.2979917566056799,0.48292684527869695,0.44599094951350676
0.31793744883387265,0.522747320201558,0.47487406667693466
0.2834334035286522,0.4650788159073593,0.3743583036695385
0.3737585012986785,0.6914635888288203,0.5606939250515712
0.30746928138556895,0.5325120469002887,0.42935502439067197
0.2844146440592809,0.4817644580911013,0.47841920181208375
0.2971723464458062,0.5134241490032861,0.47655311478245627
0.3265589937616096,0.5168386407704045,0.4398950024253881
0.3159058143306024,0.49224873248074075,0.43745299683835526
0.2824657318522419,0.46672901721869897,0.3857529701278757
0.32095130539596056,0.5497631825659506,0.4779336009187987
0.35626726675465686,0.5780525651909427,0.5158444345392346
0.24927824668605228,0.4290606388141487,0.3668098206793846
0.30457486645526666,0.5016105640545345,0.42205137851950764
0.24610243352924926,0.4242680692931452,0.4140288075988678
0.3185897720873758,0.5547590691120327,0.43931039073687744
0.3046310998925879,0.5116672249454668,0.47909627214390915
0.3021737367382845,0.49437582899058097,0.47699834142643605
0.31346999190101515,0.533576353702537,0.4213494323230183
0.27247452725143023,0.42738065384732754,0.4530979049938234
0.3101805757547737,0.5106825084410094,0.370393326167521
0.2944036605785474,0.526847757234589,0.4441530751084148
0.3046933764790617,0.4537195633243333,0.4058907069735092
0.3366431692396285,0.619503033113026,0.5142725126963955
0.2999503677991602,0.44763795407282014,0.4335540289611794
0.3028424242831432,0.4952388885194895,0.44219395397851263
0.3396671383973479,0.5801242351618149,0.4698247264212658
0.2729747386178384,0.43840366511164675,0.3643771150732932
0.38548022974358936,0.5718465610428843,0.5271636652945171
0.29508924144269116,0.5356877972010072,0.4056748622105353
0.2800943916613717,0.5111505445317052,0.3788628478350933
0.37034197708912864,0.5425603046084807,0.4921217028262526
0.2582622234357513,0.48558247987804853,0.3838954639770328
0.32942149135826765,0.484660025383325,0.47730795566888884
0.305442376819864,0.5611774062334803,0.38100564089681566
0.28492001609678647,0.42783497686534333,0.43130591601831875
0.26942446598907777,0.4504978869145326,0.3676526190788314
0.2850964992195181,0.48310152602468937,0.3937946352985427
0.2962516218869704,0.49358088267216643,0.46401684493710105
0.30248471311947056,0.5007541695103921,0.47190833628109513
0.30586033372234284,0.5373287961922871,0.4414554657567733
0.26390123756177364,0.43378586867623253,0.36326940513113304
0.2988238294478963,0.5241576934628442,0.41654045949370183
0.2625145751872797,0.4289251190790527,0.3443345304795683
0.2979465980928597,0.4781454350340238,0.38862050991463515
0.28911838587898386,0.48313297117936344,0.505866128325454
0.3970461646776978,0.5818809038107193,0.4711039866101518
0.2612271065168417,0.4259278380977047,0.3948543429463027
0.33158242995693327,0.5007320008116501,0.4316388014019645
0.27129860719298343,0.47370256850724224,0.3669955579842618
0.2568142286041001,0.45448150976195156,0.3298979835050031
0.29097903324193003,0.45460058231987144,0.4067325003701967
0.3246260843397807,0.5628409892808101,0.4124356942075206
0.3204295869590987,0.5073718334621277,0.46189686694130866
0.2556198753112716,0.43523994405970684,0.3540891125265774
0.32569537532175785,0.5653357261999311,0.43207424749736717
0.3301075272312731,0.5337881982124998,0.4729343067536733
0.31050227169028727,0.5263397573683717,0.39002450234080943
0.272771913376212,0.4504587868257255,0.43676826223087917
0.27863702834970633,0.4815438589193279,0.360615336353415
0.33677353151290434,0.5456066460332134,0.49609493396531124
0.31891323504845404,0.556674159170139,0.43293315363761165
0.27674564750352365,0.4973874680991124,0.3983380543864129
0.28622324098159624,0.4888604271036661,0.4405490686283474
0.2959538644032089,0.48295484380764403,0.39316887471348944
0.28262528885942173,0.4983775185874148,0.4413887800571316
0.2964258515661851,0.5366056581885577,0.42560930625459004
0.3223688431598413,0.49576078011013297,0.44570986042738997
0.2979728764702455,0.5343157832406542,0.40856473617293626
0.308043153022917,0.4644610921190564,0.4399848962036948
0.2923123566823462,0.44095732198450927,0.4284011483032787
0.2835255576568851,0.42581424508908106,0.42453000352060694
0.28828100970352716,0.5143594117725151,0.4060905522186808
0.25316369227137686,0.4260152081213529,0.38765532368119865
0.3297565498122541,0.5472600146141187,0.47121716400383584
0.2792590929855768,0.46256525948514876,0.3833749494658419
0.2799619068840116,0.5114534991232127,0.37907102476956944
0.2797741107285786,0.4207138194719598,0.4095440969607265
0.3434594879761633,0.5338612025990374,0.4686792398660101
0.3344748809359069,0.544372478344544,0.4474074264058518
0.3242390227195797,0.5406792582992335,0.4636184272853709
0.34263267882855064,0.5784337602083723,0.4898821119421535
0.325356363265873,0.529498932314201,0.453458066367032
0.24177279683866507,0.42180004344494465,0.37675543125659866
0.24280087444871915,0.3957495097155308,0.34000179802098224
0.34431387003709335,0.5710337206739388,0.5128093211968345
0.29517466706733203,0.4750405702829671,0.4086860438021061
0.2987076045696933,0.5050979640658928,0.3820908442968598
0.2849766665590195,0.5302615282340567,0.3886446885359814
0.3072116951957386,0.46389037699093383,0.45323670552386225
0.28345289316211636,0.4533715283373279,0.39052636472012753
0.3328003749098777,0.5212327957096535,0.45368238047106746
0.2825092799864072,0.4785899204682924,0.4371495999378035
0.33367618838962915,0.5151863344565901,0.4420260450228849
0.3006985492719401,0.521400403924298,0.443681122978465
0.26722954821148265,0.4614159167974402,0.3362231163183522
0.2247421220157369,0.3719093472634308,0.3396954057605215
0.30024494159286846,0.5236357686237595,0.3728603329271838
0.30797503054850617,0.5174197909660369,0.4229290688383709
0.2753600055459439,0.49276406311876897,0.367028538578985
0.31516450100259047,0.5033766918391148,0.4411500668508996
0.33341351738239433,0.4970846700752365,0.5184651572816897
0.25378266866110233,0.43326931172348615,0.31942250077557355
0.28711890250882005,0.4932360872879784,0.40176567712127775
0.3193442984633896,0.5444360964433388,0.46312206459592165
0.36148626547752316,0.5892860472345826,0.47918737215340107
0.31125806905515246,0.4972839389218291,0.440369341150124
0.3109886363141894,0.5043448091884375,0.44637701604544217
0.32591417702939635,0.5249536414092736,0.43491512975638785
0.3025575764329022,0.5118659315039052,0.43241747947855297
0.3175025101943688,0.48784970370046954,0.425330619818853
0.3119626247820797,0.5318599230414245,0.5036100508241852
0.31124902742036104,0.47885431595170175,0.4270940235924864
0.25046131601177485,0.42442623997690937,0.3685986555174237
0.2713361498379789,0.44602739636321215,0.3747360401792846
0.3240974219247664,0.5604203800543089,0.4562717624568257
0.27332170115095894,0.4509763959307606,0.3762923937728997
0.30917967539175933,0.4363436124714333,0.41979123113929884
0.30452944298281454,0.5282270010577144,0.4595343836767646
0.3294549111672365,0.5201322170527115,0.4947877464060614
0.32405519378904474,0.5917067967894594,0.4528394792942434
0.28437489788572207,0.443901227797059,0.3793336258341672
0.35210441778401735,0.5831394824507775,0.48227695500167084
0.2790397210817027,0.4987736291422939,0.4124538439393991
0.3173864172284812,0.46526510162340384,0.43622107018455053
0.29382337403171077,0.5372941083178051,0.39053526716483034
0.31253887713151374,0.5313479133188035,0.3934059106338784
0.26701210689348037,0.4081465643850756,0.43941051304317513
0.3366411074678384,0.5807968302297716,0.4069248227246076
0.341602847196761,0.5312693534346611,0.5447213240491324
0.34381285146906737,0.5677433744699983,0.45938022628064623
0.27813651290762403,0.4870995411949382,0.39179096986367834
0.2977443766321566,0.47329451050159904,0.45533264626833164
0.28874326016877194,0.5048695570870602,0.41428239134240313
0.3171848838788211,0.491810466761329,0.41976607025644525
0.28900227020182623,0.4934579413024915,0.4229332435716117
0.3066697808663187,0.509609915255841,0.42170712111456926
0.30416164502363086,0.47830639860562824,0.42994045970220285
0.32032398554713726,0.5046238273697019,0.43338332948075303
0.2542723871643343,0.4581016659518891,0.34450468168175546
0.28077737948563825,0.4659880356344137,0.3785457159421743
0.28959827527899507,0.4859379468915409,0.40075976475551817
0.3120021138753519,0.5038912941996294,0.4700556197663754
0.29844683131722055,0.5083740297404129,0.4160203053640716
0.31831494106074354,0.5428151188939221,0.45712766134655275
0.35015290296645235,0.552042448771134,0.5005866225535329
0.33611878415121615,0.5519149731386976,0.43637636942899766
0.2917483436785635,0.4920244786507775,0.38476064050228037
0.31664758966102874,0.4953119862612988,0.4663450974523602
0.31075862293718476,0.502287951114369,0.42626524919388176
0.31542450738402217,0.47729738750429407,0.40099825942808903
0.2586574557358707,0.4665180453593924,0.3540001460436622
0.2575883576928814,0.4468181856457824,0.3452036692490394
0.24862362565646506,0.42686669909372554,0.38585962869051293
0.33674408228246533,0.5126517463260689,0.458064120018239
0.33848904421369747,0.5725285470355478,0.433648732942345
0.34067743271538986,0.570394110031805,0.46292738467742006
0.258609134545737,0.4118289800650621,0.39332988200117
0.30411808853170574,0.48141138277524936,0.4402750913664243
0.31140129328531035,0.518026519313236,0.4594546506510131
0.30077058611323104,0.5246765843079854,0.3961651885383275
0.28822388899958884,0.4779253777273391,0.43918948824931153
0.2975372830078946,0.47005903200750976,0.40597887572387853
0.30090456037264496,0.4735670963218899,0.4115083571648721
0.3024222752201256,0.5075604943628048,0.4245588892433803
0.34600438608458706,0.5696800444850956,0.520060145955811
0.2942191510621229,0.4461252341396292,0.40072080281028294
0.24998867620348347,0.4085098048967276,0.3541817905194786
0.29870733937378746,0.5294828431834134,0.4640730897133091
0.27924228877469315,0.4269681999611594,0.3674667001319944
0.3279157859804231,0.554748104612375,0.4624012248586411
0.3218439733157537,0.5401265734768582,0.46514818914714035
0.2652741398711022,0.4419527399721319,0.33816531788244586
0.2891041954848551,0.4673043945454827,0.4139792084658819
0.31939016493640165,0.5629438806245362,0.42696297060227584
0.32930075783899254,0.4846039571811155,0.47543299837999964
0.27682132844281815,0.4072854652066676,0.41555577840793484
0.30814661737613247,0.48689592221964534,0.40905101364913193
0.3084531656153548,0.5051205632893443,0.4417050196455871
0.23693147275512624,0.4164594048910469,0.32140051028925676
0.32567069306744045,0.5052917794577385,0.44502738178251544
0.32678548546534836,0.5519187765781287,0.42374244874018085
0.2832097785817134,0.4734256058651693,0.40967722933290546
0.3146661280101623,0.5488281528729915,0.43424583655694077
0.29498418552880107,0.4774307746309761,0.4198586099349341
0.3521528831252334,0.587154125891734,0.5136956236040628
0.26911405204771727,0.436465439162782,0.35395105149974077
0.2596443653999501,0.4131951305371577,0.392745258851282
0.3502454710600288,0.5866721595524271,0.4782686807212981
0.3221078347214589,0.5351225385791591,0.45285651483922096
0.28742121622310635,0.48801441047763705,0.41890948112134313
0.3226451004547213,0.5857528062659603,0.40258685491841745
0.25653220490444384,0.36650029332801154,0.4234783019711844
0.25596054953936775,0.3638200452387796,0.42256857735559306
0.3158215628575132,0.5130853595133229,0.48894060878496165
0.28261929598301466,0.48103722549926176,0.37420418979040715
0.3363258409906886,0.5394703588770225,0.4604740925836939
0.32208432347637794,0.5130355612239542,0.4436505759104826
0.2423630745721197,0.38316337426134023,0.34644412548363523
0.3315118435029945,0.582948003360793,0.43774847184179105
0.24554498603807873,0.4007702098492358,0.37842698478874603
0.3436218368562898,0.5779612582577596,0.47037954890465744
0.2561655928213587,0.4131029278578351,0.35901353699046784
0.2855938699959715,0.5017115310785074,0.39394569159779763
0.27795183454396205,0.46744966012475275,0.4218843609047676
0.3248601782590156,0.5032956044790798,0.40968395399756075
0.3403405875961198,0.573997617803078,0.46145649818431095
0.346208416878441,0.5384506474120283,0.45546999038801383
0.24826876746131205,0.4428404160423497,0.3610748681101401
0.2887113063013307,0.49815847332031093,0.4259713737076019
0.2946363631223744,0.46132099856677883,0.41151816343606207
0.27613189636095165,0.48778707755634965,0.4176483619647403
0.2823362156423441,0.45598164390809554,0.4138697222409863
0.3354854882274299,0.5661082964163735,0.4461823014245519
0.3181173748019268,0.5501973157255547,0.4264329367177349
0.31404269303761806,0.5249832362258134,0.39482935505265576
0.2715397029461471,0.47694748958227956,0.3687592430613084
0.33278150289117175,0.5483635003081188,0.4783074722311498
0.3057807735518943,0.46166615335423505,0.4291971713705509
0.3056795594080546,0.45204272165701775,0.42856530418193134
0.38487247440886596,0.6717494194948352,0.531828117569508
0.22215138375850718,0.3414357779276873,0.3496616668536371
0.2943162348347888,0.4836813490205919,0.41826273972952144
0.31553455576913564,0.46098533924395996,0.4538435349157595
0.2829839207017955,0.470825981032202,0.40256912857329563
0.2886751449043743,0.43739409844421145,0.4054431078241923
0.31786346387474546,0.5573529654789566,0.38361704195829155
0.23673792957528889,0.37085685369198607,0.4240214238858186
0.33836393118588715,0.5684068444803121,0.4283873152280009
0.3325747984930985,0.5831344497545408,0.4719296898760322
0.28902787856003587,0.45712100303466,0.408201369305061
0.3264360851457851,0.5714489959417319,0.42335449136175296
0.2628064394556254,0.41404143078287625,0.3534657041378013
0.33642068683952125,0.5901191227647594,0.44170062749842903
0.30287054448866757,0.5437714342248215,0.42510009986806857
0.300410565730872,0.5402979347836598,0.42777465117334224
0.34262917305894625,0.5918298595104085,0.4850740519425046
0.332052110829931,0.5533623290267737,0.47174410810309086
0.3145331308718,0.5575140652018137,0.4568408099351331
0.29522303755044815,0.464045110926183,0.4078219246025757
0.27973731721262146,0.4852390076785155,0.4264714964416497
0.32036488703039345,0.5250077484987141,0.4084738728599713
0.2758838132403603,0.4437935441298289,0.3967121198474166
0.31587469582347444,0.5307837705315692,0.4375701789668119
0.2641180826252913,0.4503096713214112,0.3915183045239912
0.26074292310857494,0.4567610468224907,0.4105136941413535
0.29410193981696114,0.5060554190680874,0.4235125368562736
0.26697108244536755,0.39759354552461623,0.4081118322305386
0.2851231048177959,0.5140936658560902,0.39827099804282984
0.303636498317063,0.48797321551764117,0.4315758902102976
0.2572963736916017,0.42971139381029344,0.35939637059905966
0.33707508196511815,0.5721688727704927,0.45893159610663076
0.29259146301928957,0.48044342239486554,0.3942471969816329
0.34142817595123237,0.5793894838556415,0.48943686590104185
0.3674163716907662,0.579361106210824,0.4472900669000068
0.2814796386549321,0.46483498287188685,0.374098387820749
0.292664861989068,0.4950174613034267,0.3863460201980367
0.28621852402573156,0.4937063724453688,0.3689259098973622
0.3254099914648352,0.5085414447280808,0.482469737118757
0.24180369301521604,0.42298711303225756,0.33707055217563014
0.3010130787256842,0.5352543913983797,0.38142870064877754
0.24709008570415109,0.4216173221810544,0.40227244182671534
0.268834491652534,0.42992389267464237,0.3362065769957043
0.30010601024586814,0.5183663030524898,0.4083670821133245
0.26019203733376756,0.3946107299963717,0.3298101418729623
0.3729097318253767,0.5973472803359867,0.5386979695796412
0.32350806288517525,0.5210095317282519,0.431428093506736
0.3206908816906843,0.5629390438124707,0.4732515329598854
0.29941785308738394,0.4464532487547271,0.42533939655928493
0.29019017569745276,0.5137841308577982,0.43488621853236337
0.38577251316174943,0.562088577293238,0.5128889851385927
0.29393913370302377,0.5034583689382494,0.40882313248380076
0.31054842509826164,0.4845283969573738,0.4116694231655432
0.258668852948299,0.4583700857950842,0.3591241996608467
0.29146895103995785,0.4893688323326844,0.3901467030156911
0.29688464225779343,0.4761880706886707,0.4137169355447328
0.3020456372906973,0.5096691754707503,0.4009652520158722
0.3183365276425235,0.5261105762396828,0.4282668008853441
0.3320266597594767,0.5498716797845731,0.4645897497540993
0.32300992154035546,0.5079892379755365,0.45145586426318346
0.33883836038878273,0.558364610353225,0.43347809215482863
0.32979952422373887,0.5499636481467551,0.49141554142262006
0.2590611722944487,0.4293337546358627,0.3542982735694139
0.25811623001659345,0.4483406338190084,0.40769478244611135
0.3071470925651631,0.47434618560496095,0.4212264364778222
0.2794482150099003,0.47681272085721477,0.3847518394679846
0.3213867661444057,0.5525594974696071,0.4411494527339425
0.2851765713652667,0.4781768818605009,0.40000410110756063
0.28827935978633284,0.5257847375967329,0.41760317683743076
0.26923171091096626,0.43854754264517204,0.3923183420954561
0.2852677663051788,0.5160194167135429,0.41531981956245656
0.3146237286346298,0.49328645398799587,0.46966087950120594
0.2741190477000238,0.46427512034466834,0.3651529368725907
0.2685041680266375,0.44999592288839285,0.36488463429594215
0.25991757894912637,0.4563036486008298,0.3512616516534536
0.33405551127904476,0.5570615831561958,0.45987426247146124
0.281969947645333,0.4222119146672219,0.412741139264398
0.29107628411583775,0.5091938273473656,0.4322935415950721
0.3421774505959716,0.46302628825724373,0.4524456997589145
0.24785203757526134,0.3971304827263295,0.38771233377487985
0.35037249989806135,0.5170029308985882,0.46494050453857816
0.3023990111655386,0.5238952908410703,0.4189778466838645
0.29555684946845,0.4684261818292926,0.412449736188214
0.3286453802913321,0.503316426905515,0.4557688089766856
0.2743154430904132,0.45980011336402427,0.3979245080180723
0.3200145737332754,0.5896149759015717,0.4250517767971671
0.26839038643755997,0.40163612773890867,0.35937150490356845
0.28310349016459435,0.4492655997420772,0.4003355859067288
0.30451164620086896,0.5163929916762799,0.4430733065729882
0.2808701016760723,0.4869511327043305,0.40678071120457815
0.2298179699818209,0.3980792824694827,0.3473925861718369
0.26392320486617304,0.420756513623566,0.3539740829283357
0.2556564565994367,0.43768888924950655,0.3764104250413737
0.33301638263380645,0.5275394401412576,0.4811467469544608
0.2691040529297293,0.4648465084770354,0.3790342272877198
0.30278099121955454,0.5372882660146971,0.4227965205194249
0.3074070779404821,0.5158756290801328,0.4513754897364951
0.3053259185967206,0.4962342648931585,0.41539288952840897
0.31973270030708706,0.5564006645002947,0.4507471481105252
0.29858054058770966,0.4969436674450331,0.3960027234819465
0.3053080000772488,0.513202279705699,0.42677140070878217
0.3506387306902369,0.5223310085309675,0.45180285337979315
0.27466706081726266,0.45889935840034785,0.3959117981969003
0.36398143794421717,0.5366435477469128,0.5209712678956563
0.2850187984264635,0.45061602859602984,0.4155842921568277
0.3146305492706853,0.5457285874424008,0.4415705911357473
0.31845134466857333,0.53945395216102,0.4418935334350421
0.2310458926437859,0.3849188975955242,0.32977250888056076
0.29877222054346453,0.5387740096556245,0.4078282863903318
0.2909890837753792,0.45624664357725886,0.4160573499845933
0.41585300035895634,0.7049718945402933,0.556921902411362
0.29585713413161296,0.44766003981039726,0.4225333165601564
0.375302498363127,0.6388445844076964,0.5332553985753445
0.2763849951611852,0.4720910742898903,0.36545838284765
0.2844549895910237,0.4884441840173382,0.4355908968824025
0.26832619140831815,0.4344406370004149,0.3880548625218721
0.2924098024656033,0.510857848682042,0.37066405909387057
0.2807462162581906,0.5274624355764996,0.35864257396818555
0.35074031068380684,0.5435306749562373,0.4740501172140327
0.24788850377737784,0.4504500177280222,0.37492365706719555
0.3712626733593961,0.5678207951383482,0.4927301680475055
0.25197473671190973,0.437850041817909,0.33592768461764466
0.33622366862221564,0.547107409725481,0.44006597370565453
0.33532444826703234,0.5483553152967776,0.4446252248178832
0.32193221942486594,0.5048357326222737,0.42785609121456875
0.26241028330562066,0.4467151083840335,0.3455961877359334
0.31759407177864046,0.5413433120831764,0.4272050116099947
0.26422818705518253,0.4477346543703905,0.38355978944248176
0.30603721354275343,0.50820425649287,0.3918963600606026
0.2740953597632483,0.4507250635667613,0.42073785318762263
0.2713542691036559,0.4267401777625912,0.3705664831821237
0.28563105200457434,0.524430248541289,0.42243763404198276
0.28711913777213577,0.5042087971454517,0.3595146098077654
0.25733192843036845,0.4560976829355752,0.3556674152331603
0.32595317151177083,0.4944225877036981,0.5167615719673017
0.2605873808880659,0.46342533534472186,0.3609753607551621
0.3135075645615912,0.4872170128146949,0.43735227643391883
0.290592788594711,0.4867068061051728,0.42732787582505927
0.3155341305677847,0.5069664169453618,0.46328570834201444
0.26873675675187103,0.46035663186760406,0.36743928479572885
0.3302566334545899,0.5358742048634754,0.4739504199019832
0.31858266185055656,0.5373910669266393,0.45135535431399587
0.3001357593863172,0.5012832743669011,0.4129062612065111
0.33572603752309105,0.529094010871573,0.4549946040862681
0.2762142962491119,0.4313948772757684,0.4350072610844159
0.2956267165568299,0.5216769757792196,0.3877107614687411
0.30840864543606766,0.49287054965818566,0.442611291665061
0.3011126170690657,0.5168678348809699,0.40728889967637966
0.3104259954295384,0.532489400276089,0.4659773218986065
0.2732703788257882,0.43019984864607186,0.3902989173356671
0.31240318226149,0.5264739348541765,0.4486956464704781
0.2549904842116512,0.4300323077248902,0.3394370372012814
0.3175614746830197,0.5353217593119428,0.49073897208892153
0.33327770929754547,0.5507550235667701,0.4532578311014688
0.26994928807410906,0.4576205451568199,0.3495111396386606
0.30393291654880256,0.4902222531987132,0.4495391097310473
0.278554489468711,0.4802939293146598,0.3820909337081641
0.30701834961549035,0.505704630844689,0.44979366416611594
0.27915941502101915,0.4712800013237488,0.40328172420084446
0.25331198824138756,0.42506696648411263,0.37586299183648764
0.35247856676713374,0.5339500127503151,0.5103151818841896
0.33473035918874233,0.5129489753118073,0.49441722383285425
0.2811573144291103,0.46659202346154666,0.3878888195075129
0.30912328417852214,0.48224493161372445,0.42390728071160605
0.33313385739285506,0.5423777468414486,0.4311298960619223
0.31044833140830197,0.5295833430564887,0.41747542198077936
0.2648224740018053,0.42629504775921234,0.3788851488003885
0.28918803753224054,0.48447613305559734,0.37188630345077006
0.24232451513681702,0.4190712967385321,0.32324372918340394
0.26224594935841133,0.44538437565973094,0.37838493190946665
0.2787183611605069,0.4574434699241154,0.3730732149131265
0.2453969355967407,0.43939808561967786,0.39376905561458136
0.29252706861585437,0.47320316305169435,0.35948667287175207
0.28933656221028653,0.4539888544185003,0.4162600908105423
0.29093252855658563,0.4594159430233499,0.4040726630902518
0.21390537352616698,0.375818310652738,0.3074464418171208
0.32749771847146586,0.5356078162097235,0.4502095835921072
0.2592046862615866,0.4354226679524568,0.3584937222274268
0.30195178938984146,0.4923490213695306,0.40989326092480244
0.32535136405200366,0.5103944747700074,0.448541785675463
0.32137515393639476,0.4999471418451627,0.4729810982797293
0.31849846801597625,0.49682456047975004,0.42881829475195327
0.2645145045483551,0.41351108230616,0.33973101271739764
0.31801504707091255,0.5650394170502855,0.4719185066995407
0.3074221539667492,0.565620581590655,0.41995034534771397
0.27216484009069747,0.42877189948841776,0.4126544411968532
0.2884061391832158,0.4926351558503522,0.3984558150065636
0.3093729124310401,0.49062310064182196,0.4200976421201062
0.28690566438323695,0.4862445891397679,0.41095334565599495
0.21079724161098823,0.3732591106601174,0.31450955265673514
0.3385738055984656,0.5602173674693621,0.45644986089662176
0.24919578415666893,0.43076518579709233,0.3363592151033035
0.32612484981656614,0.517651131630355,0.4674194384681707
0.35645290502587323,0.5326880738534762,0.46157907842636947
0.25932561741222826,0.47639596556624997,0.3380988913458669
0.3225217446335017,0.4755632942117815,0.46212875177776996
0.2651391356975655,0.4215876559776501,0.4100885250568655
0.3528943825847764,0.6239515460463938,0.5139967290019581
0.3211865249418278,0.5783511270357243,0.4777864574155499
0.3355901164550555,0.5613299798250478,0.44717767197094677
0.3062615926231694,0.505244770422073,0.4274960175987122
0.3486156190862629,0.5277496233826325,0.45750369112973205
0.24647168134580694,0.44054112008077567,0.37166977113447097
0.28667464925480146,0.46924450715266175,0.38266997571889094
0.21683007643050947,0.36564718239967303,0.3440840943667933
0.3515946255620798,0.5963789461540266,0.4574393004440213
0.2747890959765782,0.4725059927637894,0.38521172371913953
0.36419819136072784,0.5496877220781248,0.4914460176647358
0.30418918695023256,0.5190806585468604,0.4424557646723311
0.29907542917383756,0.4926053075333933,0.4201979846518488
0.2768422161633746,0.47043114067085906,0.4156398331771001
0.2663375731279211,0.4110496114192087,0.34981925082614534
0.2417213305245001,0.39089847551445944,0.3112324429712017
0.3791579735736112,0.6598401839985217,0.5268814274971299
0.3095937764503259,0.47245556120326526,0.4447713654010314
0.32252101937176153,0.5698567616862256,0.43653072155455536
0.2920869511571409,0.45534785801219174,0.38584066872487405
0.3287406670155353,0.5669337491842005,0.5003530545079129
0.2946203366956159,0.4754276080644269,0.4252871671021372
0.3253444210124774,0.5400422636769676,0.4503647612840798
0.26753414443764867,0.44302106684108733,0.34510345161455297
0.34073747497854856,0.5382232788264389,0.4944965866171774
0.33488692419017807,0.5584212471263076,0.4647082172881257
0.27427043327070333,0.46258005964977916,0.3554371993872079
0.31177326638419645,0.5153964627400824,0.4262865151812051
0.3526315219518401,0.522789820196731,0.46345551169844457
0.2618636408738779,0.4027833406285112,0.3774458538386865
0.3224779206407935,0.5549869519293426,0.43978668320577824
0.3904555712830086,0.5895520197634808,0.4992981183671169
0.3223795286466113,0.5310120165701615,0.48666428550129875
0.2434268253320438,0.3935143365122342,0.35820931731180816
0.3080249773665548,0.5167895390945642,0.4338353267129942
0.3505806564346822,0.588472204403123,0.46026564395154546
0.30890641804831726,0.5590088845085662,0.47254638915961744
0.3311681694150055,0.5272502499878751,0.4108329352486893
0.264455010514912,0.4223162657884839,0.40099019339345227
0.2975873660481039,0.5506219513777799,0.45151334805404536
0.2887756676970904,0.4458875452564328,0.41380404619201694
0.3198149406343157,0.49951872554274734,0.4631078844525321
0.3302137752658801,0.5384974177567455,0.43219058719431785
0.28534857091143334,0.42299044101250244,0.43516979676369794
0.28583247554040847,0.46429243465710357,0.38500521694945006
0.30045356599149564,0.5155524917331423,0.43916171729877657
0.33638014491933255,0.5350623916295262,0.4400095875061502
0.31562146827245113,0.5227919135836551,0.46372580933995544
0.312191419072557,0.5320394323663045,0.42976356254938286
0.282689727542577,0.4565308824493156,0.3460124611958296
0.2590147174383182,0.4456170812084406,0.4019673351321433
0.26837022785115067,0.45702742987160483,0.3665865309000052
0.32062126621986303,0.5476820370490358,0.4568099107843639
0.298281516926126,0.430551604195297,0.4390035705875855
0.32216151285408484,0.4823441063902534,0.3887770179331776
0.2950285512208581,0.5261967453015151,0.41800051121877346
0.30997070686313166,0.4629782821095229,0.43145131260220193
0.3801016219270939,0.6413203089391101,0.5183698404468446
0.2462735484807775,0.36882431318371817,0.3566789951690089
0.3000524127140935,0.49364130467545,0.41136009872892026
0.30060116658840036,0.5019088102110506,0.40019875037620634
0.2872464861355932,0.47245134903299557,0.4373737763238691
0.2889586290596512,0.47842666140654455,0.36127250976954045
0.2581678142533748,0.46364049617960157,0.38338688859338094
0.3114325050656052,0.4640029495383177,0.49802938664891766
0.2748382602554455,0.47654020594350727,0.3877427161241215
0.25010122183227307,0.4102513151328174,0.3575582245977838
0.2543261713674613,0.4124979235611564,0.3751306047863388
0.2482611881519187,0.44955191019839474,0.362601880927457
0.28208831925474154,0.45771730699906094,0.42690980113997024
0.30288099373722277,0.5459571391210444,0.41208362872068394
0.3022619753672022,0.42963464618531827,0.44384696290389763
0.3216117985138768,0.551343030434852,0.42655551133148245
0.28268671104582055,0.43301724835544164,0.39402009875338284
0.3021311497816873,0.5283028905519653,0.41110255251342537
0.3033437266931021,0.5317679809778697,0.4457273467107221
0.30913006431538576,0.5187489860476451,0.4208944569937385
0.253287035964508,0.42852615660259763,0.35099604004255835
0.2549164391138821,0.4273474399815867,0.3983632328191928
0.27342983831230644,0.4536055511223767,0.36404301517319104
0.2920616992450188,0.5182760590526849,0.45996734480655166
0.272020078637762,0.46245560310776446,0.3514757979035348
0.3278794334164815,0.5103513777540565,0.4349319513607232
0.2991630807475987,0.4967417460803342,0.4228865652192044
0.30211258808416985,0.4967235235768379,0.4031284601082023
0.3454173342672195,0.5304100686836615,0.4818661373940584
0.36530387400968506,0.5699310318457719,0.5291754963053581
0.37401574944637794,0.5646594555490887,0.5447750492400821
0.34578479809864165,0.5979325536368008,0.4893552262464725
0.30801789501733,0.46721485519572226,0.3844652019300696
0.3280025178253743,0.5781624336772205,0.469253300398212
0.24758731943964357,0.39400055894937164,0.32345156717243956
0.33268371731305185,0.5024958936543283,0.4344528030255131
0.3143782553531327,0.5535208025374392,0.4065140021903695
0.33900115503580097,0.5556990320078422,0.5004931076142052
0.26071739273685085,0.4524744374348672,0.37260960366867685
0.27253817620023973,0.4554069828684365,0.4136853894790943
0.2900652803385602,0.5122785555173872,0.3815737440603593
0.2907810690301301,0.4635106812510875,0.45153448277453223
0.2883030728125177,0.4974577986549556,0.39939627435562985
0.3136039856207997,0.4886033483209779,0.4672848084546091
0.3230895348793922,0.5654554375662177,0.42537931030023235
0.3280685712834534,0.5107181753969459,0.40519035574903706
0.29222994003675495,0.4425578543927731,0.3991213886435744
0.2798237236827212,0.48116054196274494,0.433714650726892
0.2923832227024831,0.46919413215643996,0.40198228736314234
0.3027277633307035,0.5094756255296734,0.4432299412362403
0.33910535962320965,0.5349752024569387,0.45651978793024445
0.2256333892936836,0.38290346075345,0.30005650856951915
0.30853077773885557,0.5190489899831972,0.44049911930562485
0.22046485277084235,0.34452447011773213,0.3240424270712387
0.35550500973082105,0.5967543053065777,0.48419900266097043
0.3384197697375127,0.5651182246173462,0.4640415373770211
0.28232886669107665,0.4453005331014914,0.44602549655783263
0.30044762538808906,0.5502738528731064,0.4053310569449353
0.2843266467449057,0.4726842294173182,0.38755469232494155
0.3451554942394133,0.5420459817073802,0.44471478774884277
0.32464985834225585,0.42721823762942235,0.5120460280892881
0.281414082347064,0.43584244980787445,0.36557367717329553
0.353863753476074,0.6101941314876376,0.44683820054720713
0.23015508034758092,0.3724495314902345,0.33872961298583626
0.22568238590419734,0.3478223316121719,0.29759316240043127
0.3300370592200488,0.5671062083767964,0.49328329872462223
0.3003294881809064,0.43474033836122095,0.41124123856726746
0.2895151487785784,0.49242225817975455,0.4293767397977027
0.32379646975669096,0.5228844722920268,0.435291667209185
0.2964191152412218,0.5095085691290506,0.4266147860481998
0.32254702838420984,0.49949452531603683,0.47693476664305523
0.36260551860955265,0.6012712094134836,0.4832137301688268
0.3196599060613234,0.531471051169317,0.4654247343078307
0.309334720233263,0.5087045455210564,0.409658010230067
0.3256228905954802,0.5432110550077306,0.4730219901343995
0.27076062980232357,0.43376036998599765,0.3717352630258502
0.2963227511669451,0.508069084345203,0.3833096327813851
0.2676023825741057,0.452025240597645,0.38422808111843954
0.3095191955132019,0.515674353054562,0.42047022695914366
0.28132394794072424,0.47082564842884905,0.41804498291803766
0.31836459081789426,0.537419147266045,0.43643146265522076
0.3567099693105338,0.5734865137881465,0.48866373734965735
0.3412647542365051,0.5328444092551061,0.4647628274579762
0.34274092293597713,0.5582575784717337,0.4813586405047952
0.29837397534876003,0.4816902555760663,0.42876484772729034
0.24717224022120565,0.4168038306071882,0.32023732401592225
0.3588275399564309,0.6227566636946281,0.4954372092684502
0.3173522519818619,0.4731698353641569,0.46170768913971516
0.28756416730117457,0.4664993267932319,0.37396623994192496
0.31502596430513824,0.5395812069549862,0.47589452638310675
0.31479939651198413,0.5168515189984734,0.41667229112306975
0.2887111976828473,0.4889329732715218,0.401328333782786
0.3416324856510352,0.5316117945698486,0.4244086791513341
0.29621024837151955,0.4696294159259157,0.3920538645654825
0.3002444878388273,0.5047398545830291,0.3884574097143059
0.2792223685341858,0.4635923378046547,0.4410894142653897
0.3086532721991306,0.5293890383478648,0.4134646761527753
0.2878895999370147,0.4483461696884992,0.41488420599387893
0.3250283478867746,0.5235620884646858,0.43960261451945754
0.335798677023224,0.529522026397272,0.4434700605646077
0.28706538815772686,0.4677838684606031,0.383929106686097
0.29062504041634574,0.47612129156878186,0.43489515683613955
0.31470022185243346,0.5273698238126486,0.41803621396409135
0.2636242714363875,0.43874169142314257,0.3997295083750511
0.2936714370264752,0.47507789002071754,0.39517323398239734
0.25371666059750686,0.46236807360603316,0.37951025188408394
0.3114225272085944,0.5038347488270821,0.449301545016199
0.2845035859271201,0.48536036525267345,0.3949011312443312
0.29370319007963797,0.45709053956954027,0.44843843219968027
0.37578905721072936,0.6289529460111941,0.49973278641651475
0.27937703158570576,0.4245441680340294,0.39955677301091713
0.3217199488097139,0.4628424711921855,0.42222213832455113
0.2993529832677906,0.49057197975130473,0.4223445891144071
0.25633159684914547,0.4539026429627935,0.33239312141426525
0.35181189608943825,0.558305782420295,0.47024885592330173
0.3031830871059551,0.5107291706270092,0.40167033857152085
0.2879588451188479,0.5005393000368176,0.360384025780723
0.29739183170661115,0.4947115698873798,0.3710199113823762
0.299466549260659,0.48184053939955296,0.4229889686692001
0.31065317710755713,0.5364196084568038,0.43320166940148874
0.2730273995697691,0.45031138810169613,0.3730972801899567
0.3071811356052006,0.5375187694963653,0.4168833055369207
0.3291583397809706,0.5140241714740377,0.46004087934088406
0.33718130328707496,0.557006280239521,0.4763519929355483
0.3130943388079315,0.5121450507057678,0.4204279311547548
0.2774937842448866,0.4589182589539709,0.38087754119835854
0.3450508478963065,0.5908499148845792,0.4882703215055835
0.293610887138137,0.5085300291795406,0.3581412136298073
0.3326076660838467,0.5381992415092558,0.4723843881908818
0.3347186084130408,0.5136527203212933,0.41206014044206335
0.30904284667621507,0.5690508853653623,0.4546476503599419
0.35387303771389017,0.5600509380077515,0.44826688584689034
0.3274364855124048,0.5491768409334865,0.4729741538803844
0.26424470481511814,0.42942160350008796,0.34208949122521715
0.36128855229485746,0.6018348698580934,0.5330534223735651
0.2991833916803443,0.470930685439928,0.405432392190644
0.2728974471607014,0.48790298804389676,0.32805798452388113
0.32748518891174094,0.5354634918042996,0.4677425506040474
0.27518703539910033,0.48188629943514466,0.3814897839694378
0.30442071935295717,0.47099022971326704,0.43549687894083594
0.29592943952846973,0.5229899325044759,0.4391753392120882
0.29623720284496236,0.5250069337306501,0.441936907788309
0.3321681221323278,0.5255319739215994,0.43835892004509114
0.25017956255690305,0.4383313822479147,0.35977661327577076
0.2954315772115638,0.44847189670047705,0.43897432863959823
0.28278575707117926,0.5149693517254442,0.4065951950319709
0.2795294742416781,0.40651447084174686,0.44490531976141195
0.3169418174232049,0.5600200423796432,0.4366986956646299
0.28787874694348276,0.42879423560276175,0.412234082200825
0.2783974297001479,0.4436386786143499,0.41605397982517534
0.31899400966175023,0.5479785296701064,0.4410049999577542
0.3003201795108525,0.44321073637749514,0.4180762642273959
0.3059603644519776,0.4718082576471957,0.4301942897893668
0.30725629332096377,0.5286656642878056,0.44828095416083275
0.2956655404947782,0.4588497072024818,0.39872606167429775
0.3193330835449826,0.5073953825802721,0.5150826962285663
0.36517799282251445,0.5607896652088893,0.4698534417263516
0.2983195142729317,0.3877466458457828,0.4520689791740929
0.3231085360177656,0.5135592080408103,0.4725296755839266
0.286899243112051,0.4613381777796872,0.39107766674202604
0.40017484307333595,0.6413593747493485,0.5414899370681067
0.23498391962062412,0.38185795883475204,0.3657863377798852
0.3157151999748398,0.5071170547655683,0.47033401632215543
0.31431109744539,0.5215059605952135,0.4282799600889892
0.2980060294833517,0.48306055087733674,0.39750446200726247
0.268902051670104,0.4522254686007326,0.417711325644655
0.28838732009719475,0.49738149088594447,0.4204392894490171
0.3030695618856965,0.4557159653304264,0.41992225059837196
0.3478045813971522,0.6055952114889432,0.5084695483739868
0.27274879608269,0.4340630953584407,0.40112090810095774
0.2891894528560997,0.5111385854486759,0.427031916275736
0.331529199038889,0.5664059864120218,0.4766431564238064
0.31087063377837587,0.4807227840187704,0.42734064641987834
0.32260797510298206,0.49756387056087487,0.46364392360174284
0.27995681023661134,0.5065091779913743,0.44878365684184224
0.286545207188636,0.5251854341763584,0.41890818953840603
0.2808655068832052,0.45435769765830786,0.3705975434616571
0.32231083445541314,0.5170343702583008,0.441654052986824
0.3403414296948976,0.5628712658213922,0.46594995646902915
0.29569873853292544,0.502157054673991,0.41445348096924245
0.29976880913694126,0.5143769922790846,0.44137013528642355
0.3223776945286092,0.520554632355465,0.430067720479795
0.2936228828658291,0.5010752953847879,0.43222300414989046
0.28849205973374936,0.48312318332346743,0.4225311670358597
0.31322232987202514,0.5228857475285855,0.4354175261878239
0.39473354063084437,0.58986122806961,0.4913374657258916
0.29328297442976287,0.5165437156660226,0.444371619176177
0.22590565793638573,0.3948947551864675,0.35157143271991054
0.231677737486415,0.39993326820240493,0.36058541096214
0.3408609877063391,0.5937350112318488,0.46041505423840795
0.33813715209898504,0.5275201902095482,0.48548150922106503
0.29173667372837797,0.4944385279881362,0.3818211862584155
0.24115903613945947,0.42037588883350036,0.35013818549344833
0.3252920449755293,0.49071754553268865,0.44478359560926717
0.305103538434539,0.5600067766090057,0.4590962653913313
0.30740910530255433,0.4695455970391309,0.4215694551215305
0.32140917870187574,0.5514317593128787,0.43264157563033834
0.27717452760834943,0.4743662793920675,0.3940728997980703
0.27916212423909914,0.4569058691940295,0.40182789055000345
0.2208872777997229,0.3830628767053104,0.3550492054161421
0.364999891858156,0.5638158133536387,0.5158760250777676
0.2343694639241938,0.41246370973315505,0.36274822986802935
0.36882705471883975,0.5847501196484731,0.4850173623995972
0.2909409128944078,0.5278467199003153,0.41878749357698486
0.3451387707335644,0.5252860473764511,0.4647012039351182
0.40560663635708905,0.560977712757283,0.5586675679325073
0.2764796639851754,0.45795275590714346,0.3818117082555283
0.28957986050408957,0.4901882034908843,0.3911908089951169
0.28047474770692105,0.4527330625858861,0.40194173878917777
0.281362329925943,0.4666227766939534,0.40558001689418716
0.3392070004635071,0.49167890480493875,0.48910753121046324
0.2869059436557851,0.49758629645872443,0.40386583295891804
0.3338561875784218,0.5171290518570805,0.452948741602571
0.25726122935369583,0.4625538637785498,0.38772709905182257
0.2462728721669002,0.39854042223548175,0.32265152439781875
0.28347826851193914,0.5071419927166037,0.397841731199843
0.2765078533549956,0.46067764104828735,0.4099696640596013
0.28480465807972616,0.4468474103076573,0.3806329897041372
0.26681472569082915,0.4516426340383083,0.41088899083680747
0.3155463291116848,0.4812298798757012,0.4264356880711696
0.2665662916723909,0.43536532005957407,0.4065833725590553
0.2849642742672471,0.4722765943775098,0.3776856494304654
0.3090049572330242,0.4940028800637574,0.4535461619322158
0.31715868086361565,0.5519069859282856,0.38956410915993467
0.2737149743077481,0.42311127889835354,0.43087428642811376
0.31330753210220846,0.5177632927714534,0.37068782736086875
0.2794630353814852,0.4822092915225498,0.4258736637679584
0.28423606423750175,0.4761065312432591,0.35110105335713204
0.2942326210249536,0.4957610104530954,0.4198120988120471
0.31349691764794996,0.5362577643880839,0.4234408086074991
0.2798708881686401,0.45148148445535086,0.3895285123398415
0.2713676615739956,0.4565395335802473,0.38431918005302185
0.3348677536334584,0.5087826336566497,0.46698830738501
0.254853026066554,0.43012824347180145,0.3383267389807838
0.26873464346574927,0.4466038771360169,0.4216606631196292
0.3342767682924508,0.4843226121551921,0.4199171870804896
0.27193079108866675,0.4622331956716871,0.4290282468889457
0.38010122051928913,0.5575369562601522,0.5165967945676015
0.28722039070547384,0.4886249402965258,0.40996477965909
0.345278346055127,0.5258805059496007,0.46505059718384406
0.32181709952804666,0.4933817709378414,0.40983396421953755
0.2786187548046426,0.4921679624184872,0.4209067105412453
0.3400232747539373,0.5366142439842546,0.43593104226496965
0.28891094997354544,0.4872366997916154,0.44550691933404507
0.2897623064871075,0.4524950980224389,0.36417672050417993
0.27481527455237914,0.5260396764366487,0.34901651133311146
0.28187083483653697,0.46363930945728327,0.39201460352491013
0.30989362350967453,0.502361348262797,0.41278281514893655
0.281750054521203,0.4924044969959696,0.3779349138150235
0.3313485119571158,0.5735557084322054,0.4628103819549068
0.2618433813969587,0.3684543628044756,0.3616108252991413
0.26129470591190507,0.4509245707335559,0.3719946534296286
0.29457024132335774,0.48227742099852,0.412453933474112
0.29749969670944093,0.5031581352545798,0.41478165269018685
0.2843228308356616,0.4684692426700932,0.3980828688095289
0.29782464022605376,0.5209157159996477,0.41739053212779614
0.35445819740833195,0.5489560218764851,0.4833013528627078
0.3088722130040248,0.47635011181395526,0.39501402999268503
0.33712112713003634,0.5343731142366859,0.44485534066575494
0.2839910613510102,0.4856584593418471,0.4084257868435737
0.33772608196685006,0.549559739543817,0.4693907738611393
0.3050801661988411,0.4903231417147242,0.40665816401923893
0.3685407788477259,0.6114855720381082,0.4998771136573628
0.24941551766072362,0.39699410014449144,0.38674788834553325
0.299806599201261,0.4900766616859677,0.4103232959165714
0.29557959460837213,0.5090177834048003,0.42010941796716417
0.2862791584609134,0.48688742273464763,0.3859428017606778
0.3152448557335231,0.5122434303323229,0.45280880453172545
0.3080506690059096,0.4781282987713258,0.42107026486854515
0.26711045139583994,0.4443887043336106,0.4045636565502561
0.33686827732801433,0.5921710142974597,0.4637243684829341
0.26433825604966454,0.41057908861457454,0.3791098016947121
0.34318961488802313,0.6131464309938914,0.4608745272784881
0.27071271697742744,0.4531637298328136,0.4424092154550033
0.28111207269811544,0.441251449365251,0.4103807759921013
0.3732421944587945,0.5990994971680579,0.48952086610734746
0.36302830478996995,0.60281796705442,0.4828244363729778
0.27115992691983914,0.4657881286145886,0.3885087374057647
0.3111242972450861,0.5512865437525419,0.4845169080045697
0.2220165993956888,0.3750798181148723,0.3060617502855551
0.35455837896138903,0.5783743061138523,0.48660375083259755
0.22410735526620468,0.37991884244487856,0.3307323005327507
0.26147282231829494,0.41068113670967726,0.3769647014842036
0.34837234226755787,0.5925813973050738,0.4652082487474042
0.2513680358003788,0.4052680673949587,0.38220242233113483
0.2538186182926166,0.42585937693065373,0.36216405405126223
0.3499656580636096,0.5523644828112708,0.48297167406083613
0.281997301971358,0.4855384815920116,0.38544577111588735
0.2942361642812509,0.45233322003554083,0.4283759304823697
0.280002980584546,0.4911800287390574,0.3995167207055615
0.3107778513828113,0.5220675546880347,0.4411247747200548
0.28307322010922925,0.465852140013413,0.4146433326983115
0.29924507951641066,0.5139805760706836,0.4170809923329337
0.20635397137723344,0.33617603394816664,0.2987079410973033
0.3225377914164539,0.5501425251330851,0.46148868611373023
0.31551220653978396,0.5307601479572818,0.4265320218180957
0.3476471870365317,0.5548363691324308,0.5034363853859962
0.29584621051703947,0.514077902812646,0.4498985740234461
0.3168542797582831,0.5262128984110089,0.4525844524174304
0.26506404309538417,0.4512440175592558,0.3656855189157891
0.35574094305258686,0.6295483542820628,0.5098144345032994
0.2936960364695455,0.45082659621107274,0.4030985445155912
0.2941135419328012,0.4827659710112986,0.36967769480056817
0.3215344597452147,0.5274132134095898,0.41522484506813917
0.27843801113441474,0.48573923090461235,0.3844902062119333
0.3335412208917153,0.4697486098262591,0.45626812690594004
0.27824244548181215,0.4624408669880595,0.3769429722096952
0.36529287210342504,0.6164183080488849,0.48249794087107006
0.22577088827736871,0.4028462066825536,0.32611139155310154
0.2957516022067872,0.4765375369437789,0.38572627425537953
0.32674319293032233,0.573378103879638,0.4602241151161915
0.2889480161006911,0.4983824581757367,0.4298390012880466
0.2966102632312762,0.48956905763568714,0.4049895268583271
0.3129223555404727,0.536927680312446,0.41340693597394196
0.30132829590484633,0.5512757813615966,0.44015681506498316
0.2698312223430147,0.4233387252424031,0.3570253271620117
0.3273879519857591,0.5481504610167436,0.47435628670995295
0.2928225570257048,0.4952531234107815,0.4247200482495408
0.277169592577524,0.4280905619291233,0.39984311093845837
0.2974963257237447,0.4621249291930129,0.40899529719682715
0.2944367417160817,0.5063834876345308,0.41477785785541915
0.28824032511444764,0.4345714832538459,0.3961155721054999
0.28113136366282676,0.48705676377856866,0.3849369312580122
0.2813573831196056,0.5306726415093014,0.40158398576558274
0.311605837920169,0.5045945415957405,0.4496248013318467
0.35207771542286975,0.5481862083436976,0.4762785142761883
0.26296788905591123,0.4187002508406237,0.38578575420277617
0.2984501674775545,0.5034240947698951,0.44313331245542165
0.2939329068842347,0.49331090040202064,0.43372534366557347
0.27686676441031205,0.504123314864656,0.38109792780998736
0.3052451017991412,0.5076353976997312,0.4847633050738157
0.2632931703157224,0.4283893484692441,0.3861853262197602
0.3219691452179151,0.5506514062564671,0.45334696858887236
0.32591534235310093,0.5042991564834075,0.46984411839949636
0.38090361735682204,0.6098926258599122,0.5139800068531807
0.25931309307783,0.43878947495807635,0.3771360186363024
0.27261734022081324,0.48173646829040234,0.3794742594937465
0.30090324639780935,0.4695876237939516,0.4192020261865345
0.34352289080297926,0.6077141590833401,0.441904087395124
0.28732806708945413,0.5380925763475563,0.40063896792608594
0.28456293060430476,0.5019884578455496,0.38348254576564883
0.23786747463482139,0.38675646013545056,0.37629662874105546
0.3059773484917105,0.49607199851880207,0.42774417837053436
0.27758307388396963,0.4786321635137714,0.395899806117563
0.31428561534487637,0.5295923678256399,0.44404799913486914
0.3775892796275242,0.6682068556316818,0.4712250772101553
0.24071172738331745,0.37766858022501076,0.35565865827937343
0.31204192025691646,0.5188755084888002,0.4353916082902525
0.2710638003504877,0.4436012407918775,0.37522080608540204
0.27843958606543673,0.43432036754801684,0.4061421053656314
0.27094375773132795,0.4259902272301457,0.3717269143501528
0.31248412652344054,0.5671221501045122,0.42842339200179463
0.2916823374941323,0.5172464360411057,0.4251200999611442
0.2823826450801599,0.46549367203873576,0.40957552200072045
0.2757126710572802,0.4475339834010845,0.4023793466274486
0.3207687832392826,0.5375434192722185,0.46300291641909563
0.3019635637218718,0.5044612055729907,0.43592537338497034
0.3218711177662615,0.5330805373833247,0.47541408094931265
0.23675415884918247,0.43220874558589517,0.3396342064315489
0.3153495356476603,0.4971186841362265,0.45278783743452944
0.3218017500417695,0.5030816528389882,0.43924361028884024
0.3245607783443925,0.5623697112719754,0.4695020663463656
0.3450508637832203,0.5491101688282116,0.43288302089041786
0.28734480380741195,0.477014397028698,0.3781279112977119
0.33316831764118293,0.5264384185638902,0.4726230742876469
0.3178076310333358,0.5317783832279199,0.4362636429939224
0.32682243753164014,0.5678789659450771,0.46483896983294065
0.3397550401999318,0.5399514612068795,0.41997298910801084
0.301456143179906,0.5437334244001729,0.4594641360198795
0.263997692120422,0.46399975239004126,0.38120595645660765
0.2978867128869892,0.47295627882163804,0.4163405355553475
0.2898697091898727,0.48608282391697877,0.39125444547703475
0.2916111036974654,0.48268399996752487,0.4282107544653684
0.255305216802712,0.4528866028298245,0.35725222275712987
0.2557124469983534,0.4276915355070703,0.3651879712439256
0.327203186251172,0.5395264202496627,0.46404571449013465
0.28418501586916756,0.45914407370619187,0.403910441776077
0.29426129799217743,0.5031146411684982,0.4274278440578032
0.2943853859435119,0.5465189597690389,0.4119166458159329
0.25088468012472614,0.38548258432458204,0.37389318909902736
0.29456252042787906,0.5439145722416296,0.4037186271973867
0.25875373137555846,0.4021514682399477,0.3547470370010851
0.33823343243134885,0.5518103734533227,0.5078073484234036
0.23893269862814787,0.4098911055954055,0.31360122099122256
0.28189397677275924,0.48186702769031575,0.44225239323152876
0.3204975573681793,0.51808414035576,0.4414165749862805
0.323473954004136,0.5668548067169795,0.4527995648384152
0.2881327332675697,0.5068881093062864,0.3900982383834431
0.32567587187425984,0.5476613308277922,0.4421887826102568
0.3067903106755007,0.4987881107921635,0.44562654629894416
0.3262923676205741,0.5461764733006375,0.4546314265102137
0.2461981788787417,0.40702411961610774,0.3490058192452234
0.34919739296580976,0.5872947870295108,0.40655740304190674
0.2886853927096853,0.48878302790089406,0.44946451993628894
0.2883119248588321,0.4928056588430393,0.3862504518351399
0.3217234811980303,0.5116853464444076,0.4334624084285954
0.2717705330860152,0.44210435271124926,0.3496929452828555
0.3183829361908231,0.4904420673139646,0.408774481671663
0.2763627112994738,0.4760357072714427,0.4181593162418578
0.34341388966107406,0.5686493699396766,0.4323829120394247
0.3330892593827772,0.5584646117793013,0.5052217777330514
0.32061219243895833,0.5376613621334263,0.49541756980625395
0.2675127703228735,0.43624462591226715,0.3541364212615252
0.2939536707939767,0.5102266554481728,0.43267440006475866
0.3111255963121031,0.49955675531630234,0.408666366373601
0.2819079197896497,0.48015987771611013,0.4475033674557856
0.2562875236387271,0.43111967598078127,0.40624196211115177
0.2571227335114621,0.42833364672913465,0.37417024402963495
0.3438490296802683,0.5561329563295889,0.4813105380201891
0.2725178382954593,0.4806683771828919,0.4106782509602522
0.34343516917878725,0.5267976993956119,0.4683514644867497
0.32701794929053196,0.508327344022401,0.487656574943601
0.34916076268349855,0.5510078178804254,0.4591132238745794
0.2625785228460439,0.4383539039906045,0.40262177821851525
0.327826320744697,0.5105652274772929,0.41614986103293516
0.32922838824009526,0.5216618798517463,0.4718182693592343
0.35300557231540436,0.5378615641318427,0.5111170333311658
0.3336952291597634,0.5438901659199931,0.41596435006490373
0.2781919205875182,0.4766351971653803,0.40419811957214363
0.334904039886271,0.49823120241229374,0.43518631474854325
0.31709036099680304,0.5287592032044685,0.46279290822959446
0.28547212025790436,0.46219356971488845,0.39205586171247103
0.28975432943873647,0.47666362650044675,0.39905430500900585
0.300893978691282,0.48023945147907543,0.42478545954305985
0.2681082103251304,0.5016031830450614,0.3684829459682779
0.27740163816356583,0.4204097772294466,0.40693597937079873
0.29765281117813963,0.5299984341758704,0.41349356870876997
0.29082015418352525,0.4484923414576207,0.4343391742207539
0.33622292247013147,0.5577016649982671,0.4811547076803378
0.3274757920524547,0.5225388515215621,0.48477141389908457
0.29511125660960996,0.4764330556497619,0.4367034804326856
0.3067027657117996,0.533326483560997,0.42122147676649097
0.26430812217119654,0.4267224709059991,0.3954693772785708
0.30077825928031404,0.5254049224543382,0.40583228118157666
0.32641525501274093,0.469613489499999,0.4579573874512697
0.29751148330231286,0.4859979075635742,0.3963335595058563
0.3199698666681341,0.5476771428599623,0.4375290243299395
0.25155042741254924,0.42129100699511346,0.3482014543641703
0.35691613441752323,0.5995680840969371,0.5067306086516479
0.2982468314141557,0.4685443077353393,0.43827043323295967
0.2893870090826909,0.4932156707098428,0.4428793008664931
0.29945397388170525,0.4828174150106917,0.43828390695685626
0.3318148696603689,0.6077883234001363,0.4508932301812025
0.27834404616700537,0.4133525538288757,0.35447015101631196
0.29736935870426867,0.5348658046670196,0.42909906148030197
0.38649472359327697,0.6680823591764293,0.5456072969549774
0.3111811605609588,0.5177689507290114,0.46689798254793596
0.2735268903233003,0.41804393362665937,0.34279184501437054
0.3311975011452518,0.5780736808315364,0.47023177452492215
0.24184738871121278,0.39706853846017875,0.32895443181592765
0.34802206182531203,0.5638275890426596,0.4873472350341493
0.2522823132723194,0.44269292932236864,0.3627246161789324
0.29929799394571166,0.501285024208791,0.3902342188158089
0.29828912596447066,0.5234034224616367,0.4467007137115272
0.31273108660458404,0.5247041076235979,0.40015641356769044
0.35173645894443545,0.5865467195635155,0.49296215963985385
0.28975024430383595,0.48369706299022613,0.3706841186493137
0.34311961743255714,0.5843639180668737,0.46961183639554543
0.3074668341466111,0.4965952479203926,0.43664273333465653
0.25312719260750216,0.44970009603956246,0.3429822525265469
0.2817462891805529,0.4526897783679066,0.36625073115633
0.3337134517386856,0.5825458608851348,0.500039490845013
0.28738868203759294,0.4617237020362839,0.3730904423931548
0.33152502534671086,0.5816418440707538,0.47994026494818465
0.27426464178242066,0.4410515231169232,0.3533359659918377
0.2936881809807416,0.4722178953570458,0.3895320342345469
0.3104678374205655,0.5299044119336546,0.4724004348042938
0.32411364472793897,0.5233865049551251,0.39995844880216763
0.24986678540128043,0.43996274414568165,0.40467185834621583
0.3495812161097618,0.486451334284117,0.44140078785527964
0.2638776030771358,0.4346811625088362,0.43185849144377497
0.32969873496746027,0.5307218501556679,0.38844391340245027
0.30062789897793035,0.48235677079722983,0.42708754649924446
0.2931693757961993,0.49359059801007893,0.3946576674031879
0.2746671232207044,0.4535495209316318,0.35782217204571337
0.32033687105465375,0.5299627145413017,0.47835764645142204
0.27963165558046454,0.45397681904455256,0.4109972091541766
0.2996860448225344,0.4115456193660388,0.45674437214961416
0.26864798434261333,0.48206013822763916,0.36778927149768625
0.29400885727630777,0.4658175319801377,0.41693859974172853
0.316643091735155,0.5628115210513407,0.4305289929029939
0.31635992132260093,0.488580754482692,0.5011337014458619
0.22480725815928285,0.3765257924018014,0.32848420767909325
0.33459741363928586,0.5640985030118906,0.4444625255182425
0.3440411181664943,0.5762007036396025,0.4568160250687231
0.31977039141804287,0.5532466876124557,0.44175732691612263
0.30376153264930233,0.48758951085171853,0.42726122573539765
0.30261136235917446,0.5531240229606439,0.44213691078888273
0.2945132815493221,0.45185933344324725,0.44116386682466535
0.2822911335040145,0.4607026265461,0.36522579890506707
0.2612375387968069,0.4118938096303944,0.39606798213194877
0.2893573283423811,0.4498201319324382,0.4355247055506657
0.27018203549437914,0.48961017193837836,0.3638140906373617
0.3365974204004245,0.5018260185564976,0.5084157122533313
0.27192614805628323,0.5068345966811786,0.38797001419783694
0.36691725068113046,0.6056076134435558,0.5296196970287187
0.3146141771223609,0.5568271118879213,0.4126384527273309
0.24187533345544943,0.3880890115150656,0.3960920659860099
0.33350566144224425,0.5647508527304347,0.4535072253660749
0.3753780052418153,0.6121104484445375,0.46741820664825423
0.2673053475333365,0.4395505124116996,0.3682111880943879
0.30543677953290044,0.5117890062788031,0.4308546665949262
0.3431282975878675,0.5017747110242734,0.4400552968081911
0.3436617619763926,0.5170535100715964,0.44593178497242353
0.319571695321762,0.5333044784316865,0.46345374219024954
0.27771212163639164,0.4536234871427851,0.3754522358979129
0.28529689504000494,0.46182274407036794,0.3809035100537809
0.34885310818684845,0.5668201312466804,0.4629189692700891
0.3422951102912525,0.564666331909557,0.4628933560623555
0.30310868277382813,0.4968267884925888,0.4105767389160294
0.2868523771218332,0.47121245329355116,0.37413872731872977
0.35897357202755253,0.5676934592314836,0.5342440514753672
0.3397352076816734,0.524761871731684,0.4196274864341303
0.31288882266376683,0.5673021326010858,0.45446017184202175
0.3225307784979749,0.4908178686299999,0.430907699707884
0.3007451857780536,0.4697268199773703,0.39680610701300034
0.3073820500596926,0.5078006438637389,0.4751030818521977
0.342865531120722,0.565657347395463,0.45891802436104406
0.2977797432929687,0.5064058361831212,0.4518303975577484
0.30824043705483134,0.5032519005862705,0.38226990037137304
0.30965220164921253,0.5521360274149083,0.4696017957412019
0.290998625101318,0.48593261641497315,0.3941978053425634
0.2827259491643756,0.4682318803883406,0.3711903074799093
0.2969537294435193,0.4901982785464211,0.4626942165758793
0.2709369428846326,0.4497471635141155,0.4665169296814673
0.2804984323149854,0.46694304995279373,0.3605086119632163
0.2712229430838961,0.426493958911599,0.4043247967669083
0.32895039298015233,0.5611143220605805,0.4209019166521343
0.2819656810970202,0.46823583428110177,0.36849414309086426
0.2848135840791942,0.48688913959983404,0.44155339687549194
0.3206534287151608,0.5623411449927801,0.4796032091162519
0.28928053539306625,0.4880144709185936,0.42617802376675656
0.2900102961464615,0.48524343815946536,0.3910247960569027
0.2959254048451232,0.49039188593881483,0.39871015402533166
0.3117320724358487,0.47963068442819257,0.44656939910581933
0.30579854930705724,0.5154609282846331,0.48146452877782686
0.3345848793432083,0.5134044493806598,0.424086131443617
0.22494772188374568,0.3775902149123187,0.284886070918188
0.3040196674801351,0.521134708464788,0.4564804131396459
0.3307687597568031,0.5507838893405553,0.4233604435007679
0.32470921964015054,0.5582313175561011,0.4845379057452724
0.3135817221382772,0.5116513102073937,0.4170077935095911
0.3093393437390193,0.5275806685062988,0.42592304721975677
0.3105899381190822,0.5147283256973927,0.4575191980237996
0.29939546508710413,0.45357510567534737,0.40486240254052497
0.2952587359490882,0.4970872267578045,0.4100768529383795
0.26336309948563447,0.4216815053318013,0.3401145501688429
0.2828749648922811,0.4364473819167161,0.39315816665769354
0.30445125752666985,0.5463277769175815,0.4232167785430198
0.29760734148180196,0.4389087632170723,0.45574384775379445
0.29319573789321324,0.45520141954406107,0.4336043710763176
0.35267982907127887,0.5400980433559981,0.4732289434386949
0.3578547722461537,0.6004732069312891,0.4514583079427638
0.29735414560225426,0.4808511955359563,0.4123325919048998
0.32512696078962666,0.5380179891449993,0.43292628770751923
0.32497471810495726,0.519042488837331,0.45871463087716696
0.3122744207740073,0.4652175894715368,0.45156275036427035
0.3217898266004775,0.515716998838118,0.4277008021073842
0.27129440070618527,0.4530736850100281,0.36928970032013847
0.2507753894143395,0.43544672321712946,0.38222277215459805
0.3449741022604701,0.5334871490424996,0.467995583154483
0.26258660486704927,0.45127898123361854,0.3706210823064618
0.22766140106592403,0.37494598496880555,0.3257973784887898
0.30987942411244773,0.5183565631658262,0.4551808584057433
0.26081001717705804,0.45667993018533964,0.3814348926890905
0.3220812153726799,0.5648281718057139,0.44803169075411875
0.3235332390419822,0.5326690603453619,0.46133931755065066
0.25565525177968196,0.4391133924584789,0.38250391451733334
0.36158873837523553,0.5458095739468449,0.5042429279214491
0.22072797960728763,0.39277474481343705,0.29719097929132987
0.34020401417236706,0.5420060326907414,0.4815527570100955
0.25999534637030497,0.44284322851107055,0.3382191383941006
0.3093651674437998,0.528766687620499,0.43629303780542106
0.28405662264229503,0.47947164277109877,0.38575391866414976
0.30063782338157374,0.4718309675792233,0.4275642033527861
0.2711075616516261,0.43044710468155556,0.39209679571290046
0.38899266644822267,0.6377378740704148,0.47873796330711493
0.26613295000808984,0.44747796917554195,0.3518175581815133
0.30682931006643643,0.5433582291294096,0.48665910820569885
0.2685466989649057,0.45712955707215286,0.3779746869671301
0.26217406093919254,0.4421643117551142,0.39598812065962485
0.31219509752091185,0.5086483702663542,0.4612452132791146
0.2509611927326062,0.4230411996884388,0.3829303656048895
0.29385071897828524,0.48996542208729127,0.4305752746640958
0.2900565511550055,0.5113082774657071,0.4117082600004515
0.28040254893822547,0.4674056244857173,0.41591824149007633
0.3428574340407688,0.5515463341684623,0.44459204420903714
0.24325995802728162,0.43184212639328556,0.37863078881872836
0.3180874512385033,0.5602428354132596,0.4808523530342959
0.26061866543847223,0.4114663921090299,0.3669216882268118
0.29577322199638595,0.5037178006896927,0.41185351034518514
0.3090778345886713,0.5138649515880798,0.41069996635597583
0.31168383411678374,0.5184979842234722,0.4390956518226159
0.2542320666091662,0.41351329738494963,0.34988922553573903
0.3459127457064248,0.5648302975899057,0.5025306913131935
0.3149664540848179,0.5165810356720488,0.4122381389219733
0.30032797683972146,0.536689694856764,0.43210268415433384
0.2501514613270699,0.385344808872677,0.38195274633998716
0.3481199334748541,0.5936368939011324,0.42692610585097807
0.2754289894838433,0.4483281312974053,0.4328613552069858
0.3059904889821698,0.5089382593840776,0.41272358806876214
0.31003684973538437,0.5132464163499916,0.49581442853923036
0.2868027840085778,0.4777125228359373,0.39381833714040615
0.3123391035954669,0.504740426608708,0.4109360034582877
0.30550704719227656,0.5316873430084845,0.47403729620745777
0.2907094279594707,0.5010677390028927,0.41466961005507735
0.32920951993065084,0.5764686579979045,0.49951521587834996
0.26451673467112086,0.4462313367375464,0.391380090164544
0.27553578138224094,0.47027215088557195,0.4098410004935228
0.2804231199497879,0.461198214644098,0.3741935483411934
0.3103099963549516,0.5017619378577153,0.44289053831622566
0.33167312763768086,0.5879813493092411,0.47629775310652317
0.26910525155467546,0.43283240530311884,0.35594405391430917
0.3274901127869762,0.5727964930137203,0.4434580018305251
0.2853795315544572,0.4650436541260302,0.440677949378147
0.2977333261579427,0.5151582363670136,0.4124102452058209
0.31305950535623867,0.5203728636320198,0.47115206822479316
0.3189085199427401,0.5500008840866304,0.4409479844714411
0.3036215008679871,0.4916803368589844,0.4262932577781951
0.2572325275227855,0.4487146438451979,0.3728826128916629
0.2807331345391442,0.47917950254512454,0.35081237983191355
0.30158675711759025,0.5056210268834255,0.3779051352713731
0.2899552179521497,0.4810642330253676,0.42465084115881113
0.2773705263190584,0.46789321887242064,0.3971048597793252
0.32526385097889765,0.5851733668964015,0.44852678048809935
0.2532355318094321,0.4074654235873559,0.40416141564209174
0.2547469202884125,0.39216860660717695,0.33921375895664707
0.26487360524062176,0.49161467673230863,0.3786115757373648
0.29582490848576537,0.4418158848239023,0.37962950842015664
0.27848106483800705,0.4945922047760517,0.41303493067485586
0.29886048530342707,0.5108956179037206,0.413633918375565
0.2806936198376667,0.4736009337006956,0.41271427059101723
0.30078249322817713,0.49215615048856953,0.39799893264076147
0.30036349822654623,0.5261392358610572,0.41998034418578684
0.25925624036573414,0.4322595212200959,0.3397556984229147
0.2812395733433008,0.47370209891438947,0.43649573986528184
0.30565035128109946,0.4969034270564327,0.44083037351256255
0.25402037136947514,0.4211847652704207,0.3400857117431035
0.30142077916443144,0.46453592566626506,0.3878143315858421
0.3512038333363559,0.6224819835834212,0.4820179368808977
0.29365148406897856,0.45593664873076634,0.43872320232285805
0.2993116469942525,0.521461165897635,0.3811948095959519
0.3040255908480749,0.5076402883050302,0.43709435317175793
0.30876109469273294,0.5408517648973593,0.4100176421062816
0.30666186497109355,0.47472696975537404,0.3914304956470532
0.30808492962781414,0.5336216784178387,0.46612090930327443
0.37307725618898524,0.5904188615531799,0.46404819599966846
0.3094174404283832,0.47746995707919393,0.43045504813570407
0.2820621546168753,0.4663308725753476,0.44242354738803435
0.26862648888177304,0.4535663371120083,0.3967797341985685
0.26518780189197005,0.4694170924340086,0.38506777523212044
0.32929271347353933,0.5741794873797269,0.4422599899873274
0.340625103974188,0.604680380242359,0.5163616728631
0.3052228753188663,0.42794441014229095,0.38520267742944564
0.26925003705220646,0.4852782841656538,0.38399985982056
0.2670131775553314,0.4489828046392918,0.3451628688901994
0.33249006435691186,0.5987932335082389,0.4599020649387132
0.2985603856506042,0.45296654783658047,0.5011108901724307
0.3390243204350393,0.6018580604941896,0.4386758855793869
0.2811808386562203,0.4498565301386229,0.47387436501501534
0.329424205055331,0.5258886934665694,0.4595066218984259
0.3010216349840028,0.5466998908264832,0.42933564846081357
0.2879830066944075,0.4928551211067516,0.40114501310054146
0.30569229571389855,0.4826277395955436,0.41899618119364673
0.28780266262767834,0.4991828578390062,0.4037374166768696
0.2999692829152878,0.5195110234045561,0.4224736811449276
0.3069457371159429,0.5128145964898854,0.4319187233684806
0.3111979580469198,0.5345679488643498,0.42707804378859926
0.33890365966143693,0.6114108401014597,0.4661353802719857
0.2418816844678299,0.3693384716906994,0.3578485637605014
0.311306155513987,0.5384499921558211,0.439740618909479
0.30458698762649555,0.49229011371956904,0.4034310959825758
0.2706664345853645,0.45602495641386903,0.4006022834004906
0.3057126152302702,0.4691515225462498,0.40984644776444257
0.24546086253638438,0.38678130528535637,0.3108624470705232
0.29132896779264644,0.448171166310363,0.42132171868413953
0.2430586504703623,0.41575025917278574,0.3012033683824762
0.28208940075159505,0.444868818820594,0.4338539070153359
0.2806975318977843,0.45600485889425674,0.39465512420346477
0.3845222110010221,0.6523245923449311,0.48330233832595043
0.1980937894770568,0.3284263380309817,0.3051258351385685
0.308709720840761,0.5187855884091734,0.4216200062402311
0.3233997353733193,0.5564874610455962,0.463689886457673
0.29271468253392124,0.4372558063894473,0.4089707406686621
0.26160942140281057,0.4544857870958882,0.3757465378166552
0.3546999479004908,0.5463203766941545,0.525853010642742
0.3150355691267917,0.46079731893986825,0.40463283170132824
0.2800174140689868,0.5079964500004663,0.403817221674164
0.31562372065071737,0.4569396564866728,0.421434424224678
0.2794066424996557,0.5081587751439284,0.39292857959554095
0.2964108067057673,0.49347744527057896,0.4566277673254489
0.31823285687276,0.5278471994917281,0.43326126480618965
0.3112118590654904,0.5414082965685664,0.4309717130685688
0.29381365460856684,0.4877582689782265,0.4027918146161743
0.3218293885049822,0.5373281406879719,0.4756412965269518
0.2665152803370185,0.4133887520687167,0.3385838852443968
0.30113539573887577,0.47263403673694443,0.3671082243801915
0.3031801504300897,0.5590117895566591,0.4734196628210737
0.2435941214773347,0.38382279578480905,0.29528769167067154
0.22408592877603664,0.35537419932710457,0.28018373690988735
0.257666146532676,0.453385984007382,0.4173953850997403
0.35912175155160814,0.5405175753449228,0.40449046970675706
0.25544945551693266,0.42749601209948584,0.4023327349187421
0.3043038099788452,0.48215348885380227,0.37379467628671575
0.2813029383119195,0.4680315438007424,0.3992517069241814
0.30805241182566473,0.5202513906093835,0.4497615076723066
0.30922283678331314,0.5041709527575294,0.4283048924417135
0.32374290010003254,0.5057758313690444,0.43163395534559496
0.25220215136359114,0.4274990013928553,0.38982357483238955
0.28873892805253465,0.49676957089568347,0.39391732863614864
0.3298194575945987,0.584657704521986,0.4523367170837974
0.31293323500083153,0.44807216882878753,0.45124531810752405
0.3625292130576969,0.6552630991254249,0.504700665934069
0.2655799845205063,0.4286122178573086,0.3625739112535977
0.3189187296048791,0.5411796737368356,0.46517518686536147
0.24649211000749996,0.4130123401698337,0.3420056627687601
0.33777250345821275,0.5655296499478271,0.48381560852354344
0.26468435111703564,0.40016304482820325,0.37704419738837436
0.33369177983249576,0.5928902157252455,0.43652935146935723
0.2479054387957562,0.39133977189667546,0.3435403137450695
0.31429775308236907,0.5569472054094543,0.4468277194159289
0.20631837638841877,0.35903094933929885,0.3019672643146957
0.34188069709656665,0.5635512033729161,0.4825249364096056
0.2608317007555831,0.44179272347724224,0.3871316582946351
0.2986112992061032,0.526626665733944,0.42230507494135305
0.3375102057045189,0.5867211734096173,0.475275637777674
0.32500330463430266,0.46357658829108084,0.46646037030905424
0.27123656814864494,0.5051226061624958,0.37646705421582816
0.2725028515047288,0.3991931009866977,0.37548520757207193
0.32505240309320943,0.6254684218268904,0.4552939836201372
0.3537466930531824,0.6354820668677201,0.46445415085391284
0.3425545889333322,0.5642411775955901,0.4864504664231917
0.28683328483008347,0.4465999759511865,0.410076045070946
0.264812641663337,0.4727688554885359,0.36316680528993406
0.28149795353930546,0.5057199463717318,0.3864327891884308
0.31352596062749405,0.5303802269771143,0.4250014957959185
0.3488801721972887,0.5621613606412879,0.48461874931584825
0.3155074738313074,0.5020684190582781,0.46227818931202275
0.2938633979783131,0.4723866914300785,0.43113133739295856
0.3239771556291555,0.5634826057382587,0.47046366314427057
0.24247339829887296,0.41659647907984204,0.3570681640173375
0.2702980704258948,0.4670549558935603,0.387910958965777
0.40259320383250735,0.625618181099515,0.5429138223134852
0.2913224153282842,0.4933717976731892,0.3950258363620939
0.293418268442411,0.49970072862825055,0.414226635844085
0.2866004715306286,0.49284907530972666,0.4232939747265864
0.3483121519758419,0.6231419656942613,0.4720832514301636
0.2828801876835378,0.423062698466915,0.3969875267172984
0.2890862920027654,0.4896682457277232,0.4237956207648138
0.3116952426091181,0.47762861699606135,0.4245436279853818
0.2762582410658752,0.4244081896610113,0.3700035927862689
0.31744643316569815,0.5152481353151824,0.4221205874994105
0.31056763810634286,0.5207438873117283,0.4482915219869534
0.30663775218736133,0.5176460925799077,0.4579102457187298
0.30058377366900074,0.4811575504691214,0.41969451559265364
0.3049072060710278,0.4891662373036213,0.4582391713027328
0.2863538103428028,0.5013097425754311,0.4038166441116633
0.2980911764021245,0.4792580948655048,0.4157085210455026
0.25340862264911,0.44382066885864235,0.3817098168260021
0.27514485793223625,0.453969571424675,0.36446945010526327
0.2366847375356293,0.4083612024140038,0.35456203389773633
0.2884500425207899,0.4621106410791563,0.3908986301358929
0.30536756016643396,0.510186660959811,0.4664472537308954
0.26755839235401824,0.447409823216314,0.3882062981852895
0.26100113189018875,0.42703839663395204,0.35859261183906843
0.3169162070467305,0.5001840764756895,0.44073189966580084
0.241357295770495,0.41367351532603935,0.360372172846736
0.2972302720896106,0.4757021854380429,0.40227272313881673
0.26297624055755064,0.446138662039746,0.40049077279261397
0.26092043731087866,0.4210280318456279,0.4036205722813248
0.2654688467111311,0.47116038611469163,0.3810342984122238
0.3174620055787833,0.5013564923377399,0.4435251936277074
0.2991163126039955,0.5149611855126468,0.4422042852240988
0.2909212281490297,0.45355914098590866,0.36504713627237334
0.2857881053246589,0.4884558517436102,0.4049205423880847
0.3041730298343244,0.49572261205530455,0.383143884244875
0.32278327116773187,0.5782529611400032,0.4566530714825905
0.24946428270026366,0.41279263031925434,0.38425432395183423
0.3257970653751371,0.5484024392445458,0.44808239353323953
0.3137355433414274,0.5305911624804102,0.4633535163539111
0.40345464940837644,0.6764010745387677,0.5372730046831125
0.29449208828906126,0.4700650319603256,0.430612289325997
0.2732282704531594,0.4718376724361441,0.4051160172547563
0.3093167080025144,0.4647186325341996,0.4563319051173343
0.3053806728727086,0.5393962122125745,0.4197925051875977
0.28575480807931963,0.4401741391162719,0.42646542186971287
0.3042068836757481,0.4749287312705679,0.4322153098552394
0.31709904343636813,0.4886974189050055,0.4121724430228906
0.2740263135510562,0.4716490033615551,0.37554644810796584
0.25479348473425106,0.4148948876703597,0.3486654308281504
0.3747242127143317,0.5992931183969916,0.5531355684092136
0.27502050349094753,0.43639897149972656,0.38624670215849527
0.34424044803794407,0.5690780712743471,0.4911447339441712
0.2897679789188666,0.4860537837009767,0.39268324827466106
0.29412743143743975,0.5050979333545825,0.4427400638809038
0.30008466002006207,0.503931515210941,0.4085015102615623
0.2834624315008652,0.44436832883316074,0.381460146133836
0.3078003022851138,0.4431667754094558,0.42968479052325415
0.2516541847798195,0.39782245758859436,0.32959639390085815
0.29381829451157876,0.4870759271144929,0.418792055180403
0.33693257417720823,0.5444851391320815,0.48245581062498505
0.3250784873443455,0.5037458896998525,0.4587184746816512
0.27462064298966044,0.49875345212178457,0.38764910473243597
0.33987656587171733,0.49473378763654735,0.46745958159255974
0.29144035408282354,0.5412018374421131,0.3882275615290501
0.300910237648215,0.5154697154186856,0.41924772326439064
0.3291404563277057,0.5916572541456049,0.4618515460933217
0.2445282222752102,0.3828177049742081,0.33283125709014266
0.33676664673907125,0.5700200964773562,0.4718308892237141
0.26447335365868907,0.43685330365553104,0.3315067912948417
0.3779428914562873,0.6059449285707527,0.516017772015959
0.2678051466281245,0.4464507752852978,0.38979988507384605
0.30021020732092357,0.48546490601746844,0.3782692274794484
0.3059558454271677,0.55924707258652,0.4280583086703925
0.2746512785841423,0.4930526874385871,0.4011980122917102
0.37497042748180925,0.5610162829374233,0.4513123610085619
0.25830150554304326,0.4368722870617181,0.36216716300193974
0.26780122870679074,0.45320967095962195,0.36863213047724613
0.322493848434173,0.5308883061023943,0.455296767963994
0.27201860765609337,0.4609776876244151,0.3857901431030304
0.2849079255863814,0.4812349060293172,0.3701935591343948
0.2763457067628582,0.49035349270700507,0.4062785140368337
0.3058606285517548,0.4823045591589177,0.4284319731828289
0.26289159350744956,0.4141604597847048,0.37267710387234154
0.28702007010346725,0.46776591691956537,0.43250674253029286
0.30539286809702787,0.5173856372649457,0.4547735281648874
0.3154907428757686,0.4775620026891406,0.3755445520172424
0.27608491720727524,0.46337359721317745,0.4101294844321076
0.2746282503680104,0.4712225563573298,0.4126467779332701
0.31982026450707757,0.506504016038039,0.4512795674316756
0.3041240863274887,0.5367111155074206,0.4398948688527371
0.3267251264848086,0.5034001540016806,0.4537604370396207
0.24839955117132542,0.44676208182756305,0.35772100676864627
0.3016471352488061,0.5101431026454124,0.4460022445657032
0.3326889377448881,0.5573750493182731,0.4393725253458414
0.3414057253756235,0.5833127568107506,0.4711114783238195
0.37173759395820044,0.556992530071863,0.500546564505072
0.25863356554762945,0.46265781894843316,0.36970063393951663
0.3439233688587528,0.5152982754176839,0.4389387208433126
0.2825987697609423,0.4436533730712455,0.398970897997104
0.31023683690015236,0.49830923564642066,0.37840643008406905
0.3199683785604898,0.5085751844827477,0.4335623183172688
0.2559851588773163,0.44098737002523053,0.3822304416155394
0.34136921039474444,0.5287211319873238,0.45346193717096167
0.23002739571044412,0.40100953941591183,0.3380194931239304
0.2315983923173125,0.39700199550970816,0.36248389993834274
0.3630608755503989,0.5933211928538462,0.4932219226401499
0.2802756050015256,0.4667409064279145,0.4343096613670671
0.329614991780078,0.48864945971652174,0.4613244453286772
0.3289556307556491,0.4998082385953298,0.44802863058123094
0.2913062166394323,0.48508771239482457,0.4088111247828091
0.2847255773608868,0.46119723508200267,0.3816431282073485
0.3121712045176327,0.550942069859488,0.422847291548212
0.31037441673351074,0.5427931732803357,0.43008042251451184
0.2912736128686994,0.4630719925170977,0.4567440441807069
0.3578145293173669,0.5988809343204862,0.4783943056502573
0.29342097865493166,0.48336751273485284,0.4604830153517292
0.29618846948292593,0.45494261862893975,0.406603868238662
0.31575215209953544,0.5575466832825489,0.434908718093102
0.2822890156388907,0.44420330249846085,0.4232689444196272
0.32305118165356456,0.5448235330024395,0.5158811850523696
0.33612368874879733,0.5242954216119925,0.43462572155299783
0.23727748477740074,0.39469305424387585,0.33476490033532125
0.2648060934925805,0.44763593654265693,0.3820711196269225
0.3480808308039701,0.5886774649310489,0.4632142720925914
0.30551570752217244,0.5154821000773754,0.4505537715517005
0.27214795084816645,0.46763314867497624,0.39344605651479936
0.24129829154752738,0.3914464996791261,0.360613202730648
0.3296604943590479,0.5386078526178958,0.4631578862280236
0.29454491395174903,0.5046623197837321,0.4697323879218947
0.3234649828528097,0.5400676379195783,0.40796182880519455
0.25349438327403684,0.4351668288643259,0.3733037074867255
0.233541275558877,0.3898616937211904,0.3469030350900582
0.24069347372838482,0.37946577731139425,0.3688654983283114
0.3776819113161146,0.6501146926306453,0.5019371928920834
0.2544291583698947,0.4028433866832894,0.3567076894755765
0.4093963321468971,0.6858904278918484,0.5342012876572656
0.2980761296451042,0.46841684640264586,0.39931359921053255
0.3096835701811228,0.5074760599350804,0.3756541331199614
0.3269726629765393,0.5198263604444575,0.4377231347413127
0.332842285744098,0.5878640745074639,0.4517435852525098
0.28722453956322475,0.4626383903160455,0.40913325976662257
0.32149410674664936,0.5264545586366095,0.4052137487291009
0.31107413938134987,0.548672481870816,0.45287211182734166
0.29779435234082474,0.4735592489031137,0.41364347405058155
0.34463345032126363,0.5921445171357772,0.45920975276943427
0.2576124983378732,0.4624888522003056,0.40311950916355266
0.27678638052699844,0.5027448902184595,0.4220928046643969
0.2577082697405546,0.3924937107603767,0.34080185855874073
0.30617257017610683,0.5518861115382631,0.48439290497818405
0.33671455491465185,0.4529665605484271,0.45905264262809137
0.29242810345125636,0.5305592350534906,0.4575417632536963
0.30553507291441595,0.5454302755663466,0.45434869671861605
0.29817388190983607,0.44611153140490356,0.3690600990664419
0.33740300097721154,0.5138623121120496,0.4664595938423324
0.2748589330719579,0.47369976521625057,0.4591969747836971
0.2916392358548925,0.4645526682370022,0.37559269492088626
0.3076158310000197,0.5209066313085815,0.4517586666010624
0.31658856781625727,0.5116170282661334,0.45515226447061147
0.32437598491914454,0.5349746070237894,0.44569348897552347
0.33119724240772164,0.5420667894541946,0.45079951928715445
0.2645517822443611,0.4474263565554041,0.41350510539110147
0.3618676302595561,0.5617503200824215,0.504863675583843
0.36616367587905013,0.6565003886243511,0.5241816866445486
0.3196155891638667,0.562899639605124,0.45338189961860953
0.29511635483655213,0.4463236621388696,0.3980034768501703
0.2913692260842659,0.5039719750840873,0.41619690732843545
0.29106519617796583,0.4748762753370785,0.44136264190702823
0.2896537191657241,0.49049718683495186,0.40404043965501707
0.2631170892487741,0.45219928021331146,0.41134129400678937
0.2975269274565647,0.4537123827984596,0.39143031045579846
0.2497460695657874,0.43425774128576883,0.3565100036673667
0.3320666367138961,0.5158376355168538,0.43711552543636817
0.3292420200492631,0.5500952084409172,0.48536527455363965
0.3183518422127319,0.5538558131298932,0.4823547075099431
0.28992583943277955,0.49731266015687176,0.4089353443058439
0.2589298844902308,0.44492470423662295,0.34912446799152624
0.3262004339255634,0.5275567020219957,0.5044228711629053
0.33759556747881264,0.5602523707691587,0.43790358008845426
0.30644969030875413,0.4959101882887001,0.4324687085790323
0.3181341717326725,0.5492095373058286,0.4553801712764581
0.30561646720405505,0.510499397118912,0.42816701028031884
0.27783115637699995,0.44697602368824924,0.34281710048281305
0.32422828849050295,0.5447163929322639,0.4434422473732836
0.2900155443402206,0.48811355102064025,0.4429563181363426
0.2786491493492371,0.47292946062620556,0.41101180490972183
0.2966021614113277,0.4826679040443483,0.45250627494732126
0.3034024290855099,0.4791543870959546,0.4550490718398664
0.30276581661023494,0.4861880287508702,0.45500677472328155
0.2707852108633439,0.4535898564668779,0.376179002377908
0.3008166125947977,0.47729291886983866,0.43574493728223523
0.27312417393080224,0.48250994685447834,0.3866404534037524
0.32688081768824134,0.5145567777900402,0.4281470334057137
0.25885337782657186,0.4538130617163715,0.37858550167723193
0.3013871192621307,0.4690683812401392,0.41461756107745174
0.2992371522386304,0.5234874285649163,0.4448930811328347
0.26108037279206475,0.4398096912290689,0.39338411767222015
0.28667535719579784,0.4469930523253587,0.3561721017301534
0.3086378127577209,0.5551410384870803,0.5001336283315935
0.32765554440770683,0.5064851341850831,0.4428207425320978
0.34426681768222517,0.6047795913071471,0.49711219392860845
0.2985262589986687,0.5217641762697522,0.44703442220037704
0.29299679721757943,0.5004005216941798,0.43358150515463706
0.2525043152285576,0.4177234946988273,0.3838720833735827
0.2827589320046826,0.49421045629715776,0.42741936563376104
0.3003478609963216,0.5059653154426565,0.4195975190912446
0.2597951949958786,0.4486495771068171,0.41198280975895335
0.3096620033803838,0.5120281792665994,0.40921572366245373
0.2994334779991641,0.4992168279479068,0.45309615012781085
0.30056785897657273,0.4921566230394398,0.40879403686134497
0.3046650870741085,0.4744483756832453,0.40489869136783835
0.3109186613241625,0.5316662672910668,0.401847156448189
0.28560893609931864,0.5056266168365359,0.474166066997468
0.30000483302389547,0.5031731764524929,0.40588449842755736
0.3017321317024383,0.5068034163462405,0.4014823579090516
0.3335496135363299,0.4916086798674881,0.44886913332619244
0.29521588019327116,0.5088365454099605,0.44920185712134364
0.281659516170225,0.49700978083499614,0.41689062048460407
0.3415431503309628,0.4798905071069538,0.4386988068774771
0.2807084578684213,0.5005966899946563,0.4152983332217228
0.35496721501321826,0.49833016899250115,0.46983312480569
0.29253499358749785,0.5259650706455548,0.4479078310715629
0.2671271843418086,0.45844736630736654,0.3976341444524411
0.3874855278773062,0.6959780139504252,0.49509458308371146
0.27227231080352016,0.4481153069563644,0.38867365202450543
0.28542345645463907,0.47515486311016814,0.39933753621685747
0.30859912722856736,0.521576426711237,0.42355748543332206
0.2957605465801877,0.4879812148729967,0.40170649854871776
0.30315644001626363,0.49439581851015285,0.44380865435243644
0.3118442134037931,0.5478254272247233,0.43758343635718994
0.29558210285457953,0.48317253076066635,0.40975070025628246
0.31328733770538464,0.45942857514494145,0.4282752729532453
0.2623503571477662,0.4832033611025922,0.3656746442414557
0.2956825500932168,0.4784005172268318,0.4246974716698229
0.31018849730315345,0.5423264701277147,0.37073430003476104
0.33309082689638914,0.5698619460764688,0.4357024158334716
0.32135300783655496,0.5182181675264067,0.44074093092045896
0.29414024345676426,0.5033044625068699,0.3962094991675852
0.275038637935797,0.4429603871355836,0.4140510186862425
0.2850637728648492,0.4803922421848748,0.3816886769478146
0.28601495944593586,0.45726810264133855,0.38332749858586485
0.31707830597438214,0.5291795941614562,0.4607766105164312
0.3040992172192531,0.45941787879362134,0.43641338026275633
0.2684376759697212,0.48424716343779106,0.3951557390591858
0.34023910331283175,0.5480506019519498,0.4860706178722646
0.27224377338189804,0.479529453365957,0.368019000109903
0.256231832043515,0.4585484029050022,0.3551632933299556
0.31517152070611254,0.5177153638560577,0.4270215290303252
0.24001335353802766,0.42039094389353954,0.3536534566341479
0.2843320578761933,0.4758263136654085,0.3841729802016007
0.24641990151643886,0.40771988204280607,0.37717321604618853
0.33646020899727447,0.5458659120421347,0.492319819109845
0.3328735407284871,0.5144279285896994,0.46913857435747125
0.2789349168337721,0.4702828820325101,0.4065040032861496
0.3292037273091298,0.5538354356803066,0.4579674316997555
0.3532026851563251,0.5700114326243393,0.4793733158319836
0.2799319612551525,0.46480674354020046,0.3984799650533074
0.28914723251275065,0.483013465544177,0.4045299060239007
0.30741998276823196,0.5005349864494302,0.42339237225683735
0.2969493532832153,0.5014909949246694,0.42592931862930045
0.2696927879667045,0.44315142533198126,0.4309621445771465
0.29982839542751233,0.4850643135185483,0.39898878536916527
0.35490289563559135,0.6015885536876595,0.4958887425585041
0.3005636032712036,0.470726220065446,0.42386968168206796
0.3078940692679236,0.5039474881647874,0.41640570221640677
0.26097228932718186,0.411797020002852,0.3746292862540561
0.2749566833465605,0.475474352358581,0.3812692353447513
0.36042173477512696,0.5387540591010986,0.48314179613946023
0.24064462202045206,0.40516363107083736,0.3697895541672784
0.2579366839890112,0.4371832560292664,0.4116678974546007
0.3213313128700633,0.4530670301109526,0.4446498060895473
0.2928331716948593,0.49494442179138715,0.3839575633945666
0.324042848572054,0.4835374661820283,0.47819774083193023
0.306965314608697,0.5417498024551198,0.39872722437262914
0.3152094571636527,0.4723121179257186,0.4828030976716126
0.30805045344651566,0.47626121997659093,0.45340972478902003
0.25456169463850464,0.45718897723572927,0.3695978205898991
0.3435522611235559,0.520422081638268,0.45581918792023396
0.23911652091996344,0.4329413196139097,0.3623739238632636
0.29812300709669587,0.46608841312552607,0.4061123556105306
0.281255348884627,0.5149453092580217,0.39400836066618344
0.29864991212378217,0.4483791923719704,0.4191666812084185
0.3004117173122598,0.5431857502829931,0.4392438576740011
0.2832941429116765,0.47224251113207827,0.471220018625547
0.30681405142653884,0.5233908402171312,0.42376502339494254
0.31429692204772836,0.5052009634350162,0.44543795236901457
0.31595601381736815,0.5113754140294067,0.4432828579672959
0.267086614453005,0.41177764333848066,0.39293435106419267
0.3643155452672791,0.64105550570681,0.48746051465882895
0.34619125519768124,0.6076366374782596,0.4564613652375463
0.2564768175224574,0.4056334455099853,0.3805416755547356
0.2527713489754443,0.38709146808099004,0.35877215429013565
0.29617673404038475,0.5464897948227017,0.4342306241948124
0.27184013215520436,0.4049963012539744,0.37562304654295436
0.2718288232815538,0.5139318278519673,0.4261026019065181
0.29153686645017596,0.47614079777762736,0.41124586675812663
0.28519171127429715,0.4464678535065224,0.44863063011834264
0.29599729136192265,0.45361749312755867,0.3793881235431031
0.2979511471110882,0.5203136477663969,0.42202347660196055
0.355297165144763,0.557250170234375,0.45435624768610117
0.32457694373252644,0.5063637145067789,0.47536333056376356
0.31633729605958494,0.532732041781225,0.4000925595698875
0.3398232467085728,0.5568675712760767,0.5275092966782587
0.365077275692268,0.5525290352942421,0.4959473460275037
0.3018357038677062,0.5613712296815896,0.4330875132859084
0.306038500149991,0.474670454108059,0.455870949233126
0.3394437872746854,0.577099143712783,0.40986703166907273
0.273126337614106,0.4696403474766365,0.46500386789421433
0.34978200555144884,0.5607799122727029,0.46215056382608827
0.30889057334735304,0.4786044209229695,0.41764648040624525
0.3061738327349406,0.5347735427062495,0.45937928753925283
0.27929469441058086,0.44867717484213987,0.37840466373470194
0.327321281475035,0.5784702221873694,0.47485462220333213
0.30623056587296327,0.4917182861178993,0.4244058636300424
0.27310945677112175,0.456035082190803,0.396362604429347
0.3142267044870999,0.5306567629838017,0.4285744585059594
0.31190396866996684,0.5100431645757694,0.4597591652525641
0.25701178430684407,0.39098293359538694,0.3388683336567197
0.3198614273869826,0.5500965062374495,0.431233331298129
0.2952198625701951,0.4772564884240796,0.476082304262583
0.30001597191194007,0.5090856838249137,0.4727224741297685
0.29495660144638025,0.4913410695290145,0.34600684669958276
0.2627978760439535,0.46648018144158804,0.38528217293192035
0.33967270043576925,0.5469602742771177,0.49097204363519725
0.30000337003848726,0.5242344660185411,0.4280176801404868
0.3111747689978675,0.5550588429265456,0.4282996124486769
0.2304095264484558,0.4064599841193421,0.3551643995704299
0.305312206027016,0.46232323317700647,0.4715478856753588
0.33906565931546445,0.5573609777954042,0.43843651885912704
0.2750688285194741,0.4436847679420746,0.39639237751261264
0.2920403420822648,0.49541314469778275,0.40130285310957337
0.31224814877610596,0.5164129932331544,0.44686759834950573
0.274387327226975,0.44978045887851087,0.4010777664374254
0.26117868977434455,0.4529800567820505,0.32459957470170897
0.34686876354237867,0.5697230353120047,0.4459334357276989
0.33160131635915663,0.5441775374709162,0.43713874196187397
0.36564991035979877,0.6035233953256021,0.47687865144770414
0.32391840654543436,0.517464061728121,0.46581791235350145
0.35609490529252275,0.5792244874033116,0.4555690492654834
0.2494567234303722,0.41900315114917847,0.3512678717619492
0.29146949711043446,0.4801116894376541,0.37459566678143386
0.2718578435335621,0.4702665049570387,0.4119881011414281
0.28429273100676156,0.48246757912948973,0.4101267844366025
0.3717055783122308,0.6080753165868875,0.4789691192159707
0.2647982818431068,0.459777786583124,0.3388733538913119
0.3064620858620671,0.4980158211923065,0.47829955640239014
0.35178522985639643,0.5445928821501336,0.37895915656602647
0.2754006186753239,0.4370907018967262,0.39653345460814315
0.3193693614687026,0.5362173274445308,0.46506394778425575
0.31912523436850804,0.5134872444948481,0.4498514668718739
0.34375952104289054,0.5570508170034828,0.4667060866769408
0.26756903415711203,0.4722006024774027,0.3584035103485884
0.2719028516465002,0.46195711462149924,0.4312711466399565
0.27752452970879776,0.506030679733229,0.3911527203625433
0.33093144913419476,0.5025149578787145,0.49073632112729426
0.28582340585527466,0.4979435914575534,0.401631541628121
0.30325820451746066,0.5063468654397582,0.4394962316347069
0.26905239362524513,0.464644765290591,0.40281242429835407
0.3349797640294259,0.5200556142667198,0.41274939142546696
0.2946272921069953,0.4501623221370365,0.43227901474456126
0.33381120149822674,0.5294659782664056,0.44980843870911386
0.2896065045672194,0.49458234341108914,0.41621811130425423
0.27826355551326853,0.4727893990416379,0.412019320392872
0.34047022441691527,0.5851541523236905,0.44989979169282845
0.3355429678353679,0.5904292475512056,0.4555606971666143
0.26539390302707877,0.391021150493971,0.38112936912478573
0.2689320714924951,0.4024840718472895,0.36870854165932
0.2905938468472541,0.53222291145118,0.4370137943685057
0.2808748960150357,0.4483229166997722,0.3939771770816599
0.33394497994529676,0.5250671725179861,0.47510920623663694
0.322416328155168,0.5466789102227985,0.44381900305492006
0.2612310143272512,0.4201441212417613,0.38429520430418407
0.3696147271880588,0.5792937865314366,0.4603297006995772
0.3413026486883828,0.5407755740187739,0.46563660376982163
0.2591582493909005,0.4619948601434624,0.3398901877209583
0.2727734137421094,0.4365859621503809,0.3818794666086311
0.304893998327277,0.5141308564838735,0.4147413970349516
0.29194885852470864,0.5054597257538689,0.411298533941729
0.29480211880947915,0.4568740742018336,0.4790427454060709
0.3219067714190252,0.5488902184615789,0.4373299734790539
0.2644219079444561,0.43222097176450786,0.42233874155294965
0.3414173432085933,0.5575338526081487,0.45478701685526474
0.2847877235270494,0.48302001291075936,0.3899260597275544
0.3069229617170219,0.5167035803015321,0.4652812129821211
0.3274096713982538,0.5258937374484006,0.4282536439214297
0.2751054314504019,0.4456734517934182,0.39871067660377046
0.30139029045564797,0.5164746329876997,0.43962179352691944
0.2727023095779124,0.4297838653920014,0.394228584884717
0.3199266672556068,0.5299614701869968,0.49152248012644323
0.33829096042111895,0.5561072854924952,0.47205424698541165
0.30803277703753096,0.5024115872457944,0.4460959143263363
0.33247368195545574,0.48350890438984095,0.48192740517425053
0.2513465849720069,0.409436170892689,0.34160552004030253
0.3279619921248469,0.5572098291903126,0.43519775097751384
0.3011390687188611,0.4383173793770182,0.45762709643261107
0.25941544978347814,0.4487393714928367,0.3755976968889875
0.2610042166860297,0.4219633326648433,0.3529349062290135
0.34181183594789627,0.5296429590051244,0.526094809350648
0.23935049524633573,0.4229759035781192,0.3045649132886401
0.29011574091286446,0.46982523002137483,0.4110653966337099
0.33228570638686905,0.5634575960483659,0.4592679110904923
0.2808912586763451,0.440780873770421,0.37852611446373025
0.28537015418575407,0.5272287019850593,0.4139648936183343
0.32380187216922374,0.5324214762718453,0.4592444363863102
0.33623735072561556,0.5628353926064756,0.4776824233998706
0.2547554746324116,0.4192215386546547,0.37649995396360986
0.332473128276937,0.5841489335707799,0.4458465310463912
0.2591871281538262,0.41551482347627167,0.38743884988829935
0.2833736663479607,0.47949547791067115,0.3908412852039601
0.31454733861497247,0.5063448148000451,0.4420655774405477
0.2895809511769909,0.49396977454956137,0.42184134852367533
0.2694594603812131,0.4738864995450252,0.40756748203875637
0.27997713825715803,0.4971485502874398,0.41811491146358554
0.2826996162295295,0.39176769263813355,0.3856034736709623
0.32975577456113325,0.5785177626040783,0.49069455947695084
0.32338875551766283,0.5248138726130548,0.46031893250440314
0.28944442850726454,0.48420537350058807,0.42687026316717513
0.2824854585661626,0.4944855444181043,0.3876437278703264
0.2630461791004128,0.40346864082677275,0.36011014331636065
0.2640467836001517,0.47493351541608947,0.3305123703576355
0.2745794116450676,0.4419819345465333,0.429584311051482
0.27631040211943203,0.4570185504853631,0.4158776821325031
0.31931147578400443,0.5251612172794755,0.40745747492522616
0.26137024258406416,0.4362506187641919,0.4233746707787156
0.3116629648926835,0.5476071689823557,0.4271935545510036
0.23771707934843983,0.3815348131526792,0.34874267997043795
0.24583021017211673,0.45287546548897745,0.3561116165412577
0.28014099104886075,0.4436571334321391,0.36994972385833136
0.2841690154428892,0.4591923523694157,0.3901819055297528
0.3146183309180058,0.5205202704796831,0.44387497305150225
0.23905048430877224,0.39992120742250803,0.38883569791521666
0.3293626409352332,0.5306816583621857,0.4137840382410036
0.2878463715132748,0.46657712977162163,0.4169070053555871
0.2908128247133553,0.4909656298300829,0.38578159165423964
0.2909983102317706,0.483678507770469,0.4452542802412449
0.27509716121715344,0.4282225475482557,0.33247661256607214
0.34515238174821,0.5233740973369511,0.49618018435488387
0.2994115511328414,0.5668296573935516,0.419294936741282
0.28605236821742863,0.4441746788220254,0.39340151333960477
0.3375524642219657,0.56002875092983,0.448373790155579
0.2814580911082448,0.45402497584972196,0.427311714220293
0.28767214906412686,0.4734164757075474,0.3928639616453785
0.2858366222090505,0.4641980325017869,0.4360259831860066
0.3079588374445763,0.519418573733973,0.38528232310305005
0.3084013340076243,0.4989577290263167,0.4508699108853398
0.2491605990605523,0.4173536013095369,0.31287189412134886
0.3459493123524549,0.5953784787901556,0.4602561922036372
0.2520898879604132,0.4024555736125755,0.34771200984156464
0.2877950809698141,0.4926666444189481,0.42496337322740063
0.3054530462372514,0.4670052972681705,0.4246473395239039
0.2702209667228068,0.4739011115468623,0.4146631531782385
0.34014780211626783,0.483600140747695,0.4847652003530875
0.2987790405750292,0.5256910920745765,0.4382281138233647
0.2784892419101401,0.4411942488573294,0.37788742109125323
0.29218548642182396,0.47331128680349693,0.3953398975191022
0.31911657459688303,0.4780107246680585,0.45054302022320086
0.36230506027799186,0.6102709014659453,0.4859543681592669
0.3024127558722428,0.5012166281576897,0.40599733728755905
0.2859816101274956,0.4290226245063596,0.37957897951526776
0.3109740764288508,0.5489102860696967,0.4554566768963428
0.2568662298467981,0.4072080160812952,0.33211423789775935
0.3082063873562069,0.5186793682827485,0.43604439523606153
0.27627497250167,0.44241981555229404,0.3599820739500596
0.3068783793606995,0.5340862021167219,0.3806674357126347
0.3153083446016122,0.5030355744733703,0.45821626870371246
0.3322822500468798,0.556999055656464,0.4324325963175219
0.28924213530560083,0.4706888034760793,0.38002961996201384
0.28462659761106957,0.4661657605486739,0.40258317303542523
0.2799394251491744,0.4609704336027065,0.40161917143056675
0.3139796397162564,0.5407836765180122,0.4754578726401543
0.2868735111159201,0.5010919912659256,0.47158882710935296
0.3020578544502276,0.4739755689564319,0.42979861528684793
0.31148215885511216,0.5078373974493762,0.3983257892682304
0.26365662434047277,0.4152504155389266,0.3891873539403956
0.37461709265744797,0.5949599995843297,0.48795135033338266
0.23858751936034006,0.3962301174101523,0.3430390585850087
0.3129416638382559,0.527822962889397,0.4292109168083827
0.32162704388920793,0.5516962137509858,0.4287610149385615
0.3272345396058669,0.5432216575153216,0.4192446301794598
0.27552764974130683,0.45148478612452914,0.38948975420379667
0.30067040702180586,0.5067278473801667,0.3926208187361127
0.24374434344791054,0.39103730501814044,0.3831069717554417
0.3595956297121679,0.6399142056921951,0.47421553687268775
0.26323444166286697,0.4036164972540645,0.36441597261530145
0.3375002453494245,0.6202914479080207,0.4557748966314674
0.26964709818009475,0.477988990738099,0.4042643401810723
0.31929498981918036,0.4944717582923446,0.42309725680735005
0.4003896715916807,0.5903103914860475,0.5226786753876357
0.40570300680683624,0.6240924735015289,0.5151831444233018
0.29642642568927574,0.4816863536022178,0.4553743470592536
0.3252882562993587,0.5183903881407206,0.4373412595531588
0.316566014789048,0.522200446590935,0.4065851844779712
0.3593189710872398,0.5860664615785959,0.4803521373042136
0.3236569920692111,0.5603346494352194,0.444342267535731
0.2502315836018187,0.4137002719349875,0.34506686290845895
0.3314441520800591,0.5384303462940441,0.45050262602183444
0.33015085067554767,0.5071825815485336,0.415832641837426
0.27999023489130964,0.506719150502158,0.4395775347766056
0.35034806377755884,0.6025161893468027,0.4864412078292731
0.28687166161145516,0.4664436307249151,0.4225533385332074
0.3061812641372826,0.5033085539049632,0.41862192864917724
0.3523437002575503,0.5599215762476374,0.49567678600675646
0.31161381794181486,0.5051795279637841,0.4627006341891789
0.3561421499195284,0.5055815097440457,0.4681295749482134
0.25886048749746576,0.45642125239206005,0.39588488504704017
0.3375183221306573,0.5480356989866118,0.4936567991586631
0.2607924836953016,0.45381469245630235,0.3615232185582825
0.33006467455771465,0.4960329689278964,0.4639017223907941
0.249683181486191,0.44592977175833515,0.38039652180997674
0.2870562427592613,0.48673453184578375,0.38101222439603233
0.31831787119388716,0.5356420946994835,0.48116162654252737
0.3171031223272449,0.5007131597754131,0.4540945908129436
0.28746563349520127,0.509268035992454,0.35492344407848536
0.2673662236171952,0.4270618661968866,0.3980727234379848
0.265483725867944,0.3813999895650618,0.41134923201915846
0.28721884228543665,0.5115314448414382,0.41026521827350537
0.2699184493564159,0.43212856528744636,0.38956531381253345
0.3203781125877257,0.5592920641798194,0.4675604956593954
0.2268772434561793,0.3521824719795543,0.34221432711258903
0.30243302063852373,0.5652825163221815,0.4300403421602485
0.28956974407970065,0.5463379915694272,0.4203781210262717
0.29206155357453234,0.39748270338724884,0.3857419530461942
0.2837945150565739,0.5356478222146549,0.4253390849895782
0.36300943835610083,0.4880651848798065,0.4620111712603781
0.2877158007117324,0.5561491270228556,0.4230662084531029
0.3631545689745803,0.5207064321338382,0.45435002416466586
0.2777601307338105,0.53420278090991,0.43477719488924177
0.2866269179084973,0.4560863721721478,0.40820681895283206
0.2784674329318733,0.5042237769815064,0.3748797162848571
0.24214460730104054,0.387013537675201,0.36596620413846886
0.3146504150607669,0.5119616549356932,0.41983314191026727
0.2623312461023078,0.4602051031320354,0.3739006466479574
0.3133824604028594,0.4779009690734963,0.4208169530818365
0.29475982684597024,0.533373280877639,0.4308757869143312
0.28952281240662964,0.4838331614202956,0.3654844356434295
0.32072404129116117,0.5016566257248496,0.4518075555097373
0.2657886827324792,0.4751584945272899,0.38403138207344856
0.3271926644028862,0.4993903545225817,0.4561062972934804
0.3255453489829986,0.4738120196284761,0.47215587787649393
0.34143564108487057,0.5297232331795998,0.5243773892674191
0.27663817746586933,0.4231757763615952,0.3943084709109389
0.3213419096245815,0.5747136072500724,0.41607361120288755
0.29003528960938063,0.46353237698223326,0.4506065704740136
0.33563388564436025,0.5611792204745845,0.4598389647523577
0.2887982269780322,0.4524988510314518,0.42122781368716966
0.258072150451253,0.41069540305158636,0.34241060314458377
0.30254124361761003,0.4872939392246119,0.4552103606476173
0.27431691356119475,0.45792179300846686,0.3809804741959421
0.2777669153021164,0.47726789229210825,0.35579708486602746
0.2870034134555767,0.5075697348312072,0.43557835087830477
0.2985092444554783,0.4381188389379032,0.37582315008320116
0.27098331044459145,0.4323388413781404,0.403016832552693
0.2652896914948158,0.40886130567852946,0.38494604335173327
0.2708327610100086,0.4260139814624298,0.3955231947598789
0.3492157519468483,0.6193559321593715,0.5051886726429934
0.2795260258958454,0.4753294771657341,0.37616531797717634
0.33140149333357194,0.5438218997897281,0.4336548195985054
0.2562107431002123,0.4374863027029842,0.40002472730506267
0.2904704616749895,0.48197751789347926,0.38140855826942444
0.27996164127880163,0.4789084606996875,0.40380028930821676
0.2694514406552198,0.4456337561565248,0.38517922898759477
0.2759483736041656,0.4119361081552295,0.4170531542349341
0.25231412551736954,0.44709909452682056,0.34525953166586404
0.28359057841623325,0.46294885291508225,0.41046744512159744
0.2519334768381338,0.4408178898557185,0.37163145952654464
0.34173082880519323,0.5032203452588484,0.5160901589435894
0.28206454945759596,0.48732056339138424,0.4260934481015173
0.35429591197858806,0.54308086797632,0.5046908742537419
0.2776194004797915,0.46588550505100174,0.40647772181589803
0.3147628654662787,0.49530411745126035,0.41912018645884375
0.30267264806425653,0.5352246160096562,0.4114750041972645
0.28515011887001723,0.46951525624678964,0.43254303215166173
0.2998638842156816,0.5161717716847519,0.41714029824838406
0.27350160489927794,0.4582518512392254,0.42310490476671825
0.2935246790448982,0.47816610276920163,0.3695630252723282
0.275118305491186,0.45649580568052917,0.36156063464130245
0.3255115313940318,0.5519479788861108,0.492625800238328
0.29270830917880936,0.47703666055925914,0.36218332447323454
0.30115522696275787,0.503433092942042,0.4576011046825956
0.28891587044123934,0.4578082878183606,0.4259426476014274
0.35392908454950983,0.5935427885841598,0.48627342247649985
0.27804497742059786,0.45439921167103664,0.40343965583876806
0.27653958339654056,0.4740562168065819,0.38309553902475024
0.24481905787197591,0.3999564309526103,0.358866003147693
0.3228127944142054,0.5423788700855579,0.4729120184467538
0.232887169365608,0.38433455504671127,0.3272303724723527
0.2958294892221526,0.48752567230317817,0.43476638730805656
0.3374464231965788,0.5383987290318589,0.46279953890018916
0.3025244423212698,0.512359091307191,0.4545632552322958
0.28398327017924296,0.47551201287837835,0.39224632041250107
0.3015734530854379,0.5164514517349784,0.44671865565606617
0.3315807308120488,0.544708371130135,0.47174191588717684
0.2988597251279941,0.4925467482053843,0.43864738067206177
0.34612421061172677,0.5576007956526159,0.4959466164603312
0.29224573622735983,0.4755368425059887,0.399780330924646
0.3259784234021207,0.5391661306414265,0.47367566013618767
0.3162215617167236,0.49676755200419426,0.4661261861612245
0.29272872136515987,0.47556364252424616,0.4273264443053286
0.2779863154242165,0.46760023107856324,0.3627764788446792
0.30756001996987764,0.5029518758064526,0.5106437719685556
0.28865652141289805,0.45375248675933344,0.3602194430350589
0.28873520142574105,0.4680741947210875,0.3784808789639606
0.2935410848514033,0.5004698522829639,0.42002824882609924
0.3945929769677468,0.617287967818267,0.5140056262053848
0.23783424474841564,0.420989520805122,0.30314945119849274
0.3404380625012163,0.5448728423777792,0.5071367271318168
0.22653666635035818,0.3978816014059512,0.2790110751402439
0.31515933799503154,0.5211425205274979,0.47194534937580473
0.2693648329835496,0.47908195937562464,0.39005248172756957
0.3165494314043571,0.5084426934683064,0.3856705249786367
0.33793980568520376,0.5744636670873731,0.5524917012787661
0.2673212444771804,0.4491544813541166,0.3638331633629235
0.3692860946639818,0.5807249734360465,0.47597794422303175
0.29056572206396014,0.47806960841857793,0.43308777437595336
0.28510962031027753,0.47069750065699456,0.40422984770788023
0.2925571010619575,0.5197817548818081,0.43093331520448663
0.32078381773769254,0.4743335240393082,0.43019049038658075
0.29261086255407276,0.4715230049894336,0.3958871254008203
0.26984871209001854,0.47388681629998197,0.3503421263045059
0.2952064295143963,0.49934873711079947,0.42003582930927724
0.3155352762339303,0.514684724262426,0.43589825509203517
0.2620116192674007,0.4314935098778464,0.36832098822493536
0.28739135336399574,0.5211316521067882,0.4218818466596382
0.2543361120603526,0.41042174948980636,0.3560613223054464
0.2832997935752052,0.4895542566310316,0.4279110731278226
0.3008070300871098,0.5093259129917477,0.4529959723680666
0.3289673003921907,0.5256042306974804,0.4589632198318072
0.29365737122259084,0.4914194365915596,0.460351188172896
0.29009028189929764,0.4651970381047899,0.35566584107503757
0.24162503681590228,0.41522460868466776,0.35380374189245783
0.27862309694602677,0.46377417197303633,0.3770146600943202
0.2711215270470503,0.45447973678334763,0.3541624786794285
0.2990706077184478,0.5033653363028533,0.44521658719829704
0.28466966279632616,0.46552617138506514,0.3871446042775121
0.2660455570570173,0.435997935861945,0.38381979301004926
0.2681266920808832,0.45174636107525473,0.3783532782976554
0.3390315384369989,0.5621438925589928,0.444994293032716
0.24027827966466533,0.400056212353869,0.3541216974881753
0.332818629623479,0.5286812060455132,0.4812795505219869
0.282864171869493,0.4775790410216318,0.3695243703302027
0.31649131033392996,0.5413413595212471,0.48096374529422925
0.3081260277902969,0.46449319198332456,0.415861053540338
0.3028386738264279,0.5124897227994583,0.43270306330113484
0.3052536245458921,0.5211720630783586,0.43580577952750854
0.31779570872317164,0.49469546566896055,0.4570906198655182
0.28621941748399793,0.4784635297820589,0.3964945786433048
0.3172176555052547,0.48992582449458344,0.44391498453215195
0.366084492252787,0.6321221690886781,0.4836297425972263
0.2547483031553076,0.43831887730901153,0.3635240796174608
0.31755068158249866,0.5036593847246712,0.4386096643655736
0.3098607820731291,0.5240751703466101,0.4269722255056035
0.2946707439725936,0.4777599093326748,0.41788524051361764
0.30521505207247895,0.5189620454347997,0.3978466688162771
0.34215402659309047,0.5784914976803345,0.4689907326679528
0.3087126071095506,0.5072649612283746,0.43931677443650635
0.3046679284924819,0.5388887650883234,0.4499164657822815
0.3311019950170969,0.566360151590849,0.43933823559647567
0.29271782536695107,0.4746076566636395,0.42196050926683365
0.27067526324580815,0.48794115355252676,0.36025023577925736
0.3182394971156758,0.5505829447514999,0.39327551408623085
0.2648742729840406,0.45425438913460314,0.429640503127773
0.32653340500232386,0.49358167610983894,0.4175674968367883
0.2957879688828993,0.520867886504726,0.5197194402767891
0.3584146161832855,0.5045470706136365,0.44291861146844835
0.23996839333882428,0.43832143627660597,0.40074709851224355
0.31809265660033087,0.48246538251283255,0.41056812773056856
0.31404313883436563,0.5067052612937123,0.4595884362771977
0.3736320066702447,0.5799690103404809,0.4500544996848736
0.3071046407454561,0.534568603023294,0.4366067128423004
0.3092537750314388,0.4703983086189163,0.3930147498047835
0.22645815781887288,0.391312731325309,0.37353557193982984
0.24126386655715068,0.4007342928141856,0.33301916184514774
0.29823478863417896,0.48030306567038444,0.4006676070743315
0.30320034248578404,0.5165655028170387,0.48245833087323653
0.24281784291433633,0.3715503067447115,0.33160138499952974
0.3520168444817704,0.5747333055411449,0.517242776761499
0.24444802962220816,0.39426093156123804,0.3362835587775353
0.2806540968484179,0.48499095042174756,0.4153841556004123
0.3007962213300288,0.4417123297904212,0.4065775837190681
0.26106560938792694,0.39827943285771755,0.3609709369553138
0.33203581895126244,0.5913310027009993,0.465328456725831
0.2405560081453311,0.4202549540718416,0.3548320761003396
0.31463200335331193,0.5142495082260038,0.43513026314200054
0.26599500677097,0.45468007612125194,0.3634586110268421
0.28803123020987836,0.44739813953069507,0.41599276002525515
0.3116477381747458,0.511404001250448,0.4491157257469289
0.26528599943702597,0.4593457703968736,0.3931577056357453
0.3080564812532965,0.5126162536791711,0.44071122214852476
0.33303232369806085,0.5061045077539287,0.42415772885630953
0.2572849726538629,0.44084207055526137,0.3521786312866686
0.2731120530525639,0.49189999152130437,0.3607626319894964
0.2792803089733728,0.45061036234892937,0.4171406536626513
0.32701491511654457,0.5666198381091203,0.4686203549936238
0.25930880927489997,0.44895028354309846,0.3895592952706406
0.3014446853272822,0.5004641441839789,0.4282108273165736
0.2203987650636826,0.3726231400371769,0.2919275156639083
0.27169740354339583,0.45152719879414616,0.35253160157378627
0.31152734660882897,0.5165399236112609,0.41194237801662326
0.2929182782444392,0.4861755788505017,0.4466901474535865
0.2545253922207461,0.45469020316669984,0.3767365131729393
0.26103129333884106,0.4250065488043847,0.3841204584437668
0.3052202896266717,0.5063790182756575,0.4497605521869666
0.2548874690998051,0.4177213799348947,0.35534847320523905
0.24223796180485438,0.42154884181987146,0.35722822156837747
0.2652102744342776,0.44413142534803896,0.38210285963130153
0.29752290472098597,0.5052655155731766,0.44311258135270293
0.3119392744272733,0.5173202242730943,0.43970761585050766
0.25347327463608404,0.4043358671961649,0.3669109837841508
0.33001281369681135,0.5895083727509105,0.48481662434399275
0.3003248995034112,0.5106239636264682,0.39258174381682265
0.2870803660004604,0.49471876623995553,0.41194421764454525
0.2659513042307617,0.44021862269988155,0.4006099423607384
0.31602572466856815,0.5080872669939025,0.4029423554875211
0.31983698906856695,0.5395749005763376,0.4973519369539168
0.3641375355632008,0.5934931263335234,0.4429549955326621
0.26123392242965676,0.4896562685759847,0.4199296445811358
0.3208445247075642,0.5126951670542093,0.40569218596965506
0.32538693399246066,0.5436183643079155,0.46827689787510013
0.33532306455844096,0.5631916228579733,0.42880908031055337
0.3122462878532049,0.5339777215534411,0.47323759248440506
0.38108917364641476,0.5876362838604198,0.5294624362868071
0.2834970768409664,0.4992283162544317,0.45002664890355143
0.35903985212967987,0.5706124697381263,0.45722519850649246
0.29401947810648066,0.4923231302074249,0.4673204073272993
0.27703833501683817,0.43392918709150224,0.3742285033203157
0.2916694497212473,0.5450525414472848,0.40556125887679767
0.3324074790068296,0.45753315891949115,0.4863187109004641
0.38119665634280003,0.6507286782385179,0.5219292975664594
0.30598103776551855,0.5222881953756071,0.4290506241463192
0.26652250124184323,0.4446580906670427,0.3748101539545097
0.29585359877589323,0.49924043302558174,0.4393216630991389
0.28646595330276425,0.5058460248481528,0.4203728569287832
0.3126453726620964,0.4881207204647326,0.41436232882291196
0.27494490483568745,0.5131528573633516,0.3710704487376002
0.33998541638825525,0.5436568823984634,0.5083992017681815
0.3103094410580673,0.4999848051179747,0.40528808248946957
0.2854540348526193,0.45751351695948445,0.3979810038740939
0.2964229350965502,0.45607463743141496,0.39926336377919697
0.2995060632581307,0.529621418756936,0.4341436016388089
0.3005215946473077,0.4697275501230932,0.42216492309398407
0.3641314063218195,0.6055199589402418,0.47003494880339325
0.35522798659495614,0.6018988700756309,0.4683536737139865
0.27438575487389494,0.41549212760001497,0.3867372884238946
0.2735944889550949,0.419877115807175,0.38918316175284684
0.30901139103740416,0.5177957414432572,0.42649454049547453
0.2492096828929553,0.427368818262835,0.35870376747187704
0.239739127633262,0.407925552662081,0.3446135158325242
0.3354527010648553,0.5547994928883051,0.4433264814892971
0.2762752226316505,0.46350864606731984,0.3749734819350201
0.3392127778193948,0.5685934725167906,0.47335869380269274
0.3165292611100222,0.5530365610800949,0.4326406612287255
0.28605176390813575,0.47630218933410573,0.49522316371910785
0.3310216300910426,0.5486762339337405,0.4044095701439533
0.29820418586272296,0.4537191526539879,0.3927413917486065
0.39315726115550714,0.6170812351861593,0.5591546224246494
0.31431445775717926,0.515198812054935,0.4409437847205283
0.2761212678190098,0.49269684345018167,0.3850090343043644
0.23498608445004668,0.38065156713195875,0.34429759102939655
0.324127804244242,0.5637554786036483,0.4454762918101359
0.2893242665054602,0.4684827646624188,0.40445404052838396
0.3216084816495772,0.5561511981599274,0.4250468813125221
0.2761645152304091,0.4110300909278428,0.36014875984009287
0.3181128603419936,0.5664899416727719,0.48510403230553745
0.2825460410029636,0.4755359269251969,0.3667182382133431
0.3784587892443707,0.5984971288712246,0.48148109145091295
0.24628038700300978,0.41774255423389184,0.35784923209107106
0.3124275009930322,0.4799643018749393,0.41888645853091167
0.3225127481246266,0.5529350865379395,0.47119337140684997
0.2823504410678984,0.46811396621533496,0.3581512858661209
0.31632302808128715,0.5241636343746595,0.47800508007963577
0.2993251817720332,0.4595646663931198,0.46249603662496186
0.31626027610960056,0.545324628697939,0.4410860030392727
0.3231684661224138,0.5388185844472357,0.45834021297249306
0.30035800240760846,0.5016892402417255,0.4270191251124251
0.2887765299360478,0.48542036055652327,0.3746163011328947
0.2982742360142942,0.5167521408929309,0.4171878049870616
0.25311751919494757,0.4153446877449824,0.3724896356262555
0.34519697316779646,0.5593232652724703,0.4734530992158025
0.2453404149408737,0.42019802478430385,0.3096948924708069
0.25002939523988865,0.37192460280705486,0.38194806878629406
0.29326503414907534,0.5252990171849186,0.39177466157122154
0.2799392562498968,0.44719385900652175,0.39489122859205755
0.3226338349584481,0.5602421503774159,0.44784029344339527
0.26656699645377857,0.43822677070604626,0.3813314544943584
0.29067485194109455,0.5145223041780665,0.4169047887365314
0.3018919658494869,0.4875563036669941,0.4028844360115757
0.3009385676658449,0.4809852672314026,0.4107148184955902
0.301659553658423,0.5380997748356321,0.4018735639643647
0.2959453281270859,0.5005595154170827,0.44533575793887226
0.29981379492991134,0.524810528855446,0.42041888100860647
0.321373964132935,0.49122418826057523,0.3965013160151519
0.28493261539720727,0.4756836024831434,0.3801427140016238
0.3039975891779946,0.4988497598138553,0.3994645299175395
0.2878114532176899,0.4988014145981469,0.429968725040064
0.30835084777618366,0.5717245214660972,0.41612482347794105
0.27381515935085193,0.3951723372406821,0.3825530612435184
0.3024907364976462,0.5626068886633002,0.4290702672458863
0.24802349902679496,0.36825638118805204,0.3292150398673335
0.3101497258263894,0.5789188121860049,0.4624585956607648
0.27128597296743057,0.4364224774940527,0.4157370578646391
0.2664106730484036,0.4624540341103133,0.3552337387487825
0.29067717661841713,0.4870978209634839,0.38774931725018796
0.32442337710835156,0.5680435305805183,0.44854475930248944
0.3245724674135979,0.4975797578659543,0.4926900316259982
0.3359295828766093,0.5410228879342374,0.46532775152332945
0.30438971456879443,0.4838050398448007,0.4391663413892305
0.26454977272634345,0.4718195628772235,0.3688290948860789
